repo,sha,date,file,loc,warns_dup,warns_em,churn_14d
aiohttp,010ea92db0160e6a603b37683b3cf2749dfdd6d6,2014-03-31T10:18:11-07:00,tests/http_protocol_test.py,409,0,0,11
aiohttp,010ea92db0160e6a603b37683b3cf2749dfdd6d6,2014-03-31T10:18:11-07:00,aiohttp/test_utils.py,287,0,0,59
aiohttp,010ea92db0160e6a603b37683b3cf2749dfdd6d6,2014-03-31T10:18:11-07:00,tests/http_client_functional_test.py,673,0,0,6
aiohttp,010ea92db0160e6a603b37683b3cf2749dfdd6d6,2014-03-31T10:18:11-07:00,examples/wsclient.py,101,0,0,4
aiohttp,010ea92db0160e6a603b37683b3cf2749dfdd6d6,2014-03-31T10:18:11-07:00,tests/http_parser_test.py,509,0,0,78
aiohttp,010ea92db0160e6a603b37683b3cf2749dfdd6d6,2014-03-31T10:18:11-07:00,examples/crawl.py,104,0,0,8
aiohttp,010ea92db0160e6a603b37683b3cf2749dfdd6d6,2014-03-31T10:18:11-07:00,setup.py,38,0,0,11
aiohttp,010ea92db0160e6a603b37683b3cf2749dfdd6d6,2014-03-31T10:18:11-07:00,tests/test_connector.py,0,0,0,342
aiohttp,010ea92db0160e6a603b37683b3cf2749dfdd6d6,2014-03-31T10:18:11-07:00,examples/srv.py,165,0,0,7
aiohttp,010ea92db0160e6a603b37683b3cf2749dfdd6d6,2014-03-31T10:18:11-07:00,aiohttp/protocol.py,818,6,0,22
aiohttp,010ea92db0160e6a603b37683b3cf2749dfdd6d6,2014-03-31T10:18:11-07:00,tests/parsers_test.py,657,0,0,246
aiohttp,010ea92db0160e6a603b37683b3cf2749dfdd6d6,2014-03-31T10:18:11-07:00,aiohttp/server.py,290,0,1,57
aiohttp,010ea92db0160e6a603b37683b3cf2749dfdd6d6,2014-03-31T10:18:11-07:00,aiohttp/parsers.py,444,9,0,247
aiohttp,010ea92db0160e6a603b37683b3cf2749dfdd6d6,2014-03-31T10:18:11-07:00,examples/wssrv.py,316,0,0,30
aiohttp,010ea92db0160e6a603b37683b3cf2749dfdd6d6,2014-03-31T10:18:11-07:00,tests/http_session_test.py,186,0,0,76
aiohttp,010ea92db0160e6a603b37683b3cf2749dfdd6d6,2014-03-31T10:18:11-07:00,examples/tcp_protocol_parser.py,176,0,0,2
aiohttp,010ea92db0160e6a603b37683b3cf2749dfdd6d6,2014-03-31T10:18:11-07:00,examples/mpsrv.py,296,0,0,9
aiohttp,010ea92db0160e6a603b37683b3cf2749dfdd6d6,2014-03-31T10:18:11-07:00,tests/test_client.py,0,0,0,77
aiohttp,010ea92db0160e6a603b37683b3cf2749dfdd6d6,2014-03-31T10:18:11-07:00,tests/test_parsers.py,0,0,0,9
aiohttp,010ea92db0160e6a603b37683b3cf2749dfdd6d6,2014-03-31T10:18:11-07:00,tests/http_wsgi_test.py,302,0,0,110
aiohttp,010ea92db0160e6a603b37683b3cf2749dfdd6d6,2014-03-31T10:18:11-07:00,tests/test_client_functional.py,0,0,0,68
aiohttp,010ea92db0160e6a603b37683b3cf2749dfdd6d6,2014-03-31T10:18:11-07:00,aiohttp/session.py,116,1,0,202
aiohttp,010ea92db0160e6a603b37683b3cf2749dfdd6d6,2014-03-31T10:18:11-07:00,aiohttp/connector.py,0,0,0,276
aiohttp,010ea92db0160e6a603b37683b3cf2749dfdd6d6,2014-03-31T10:18:11-07:00,tests/http_client_test.py,596,0,0,83
aiohttp,010ea92db0160e6a603b37683b3cf2749dfdd6d6,2014-03-31T10:18:11-07:00,aiohttp/__init__.py,14,0,0,22
aiohttp,010ea92db0160e6a603b37683b3cf2749dfdd6d6,2014-03-31T10:18:11-07:00,aiohttp/client.py,982,5,0,642
aiohttp,010ea92db0160e6a603b37683b3cf2749dfdd6d6,2014-03-31T10:18:11-07:00,aiohttp/wsgi.py,233,0,0,22
aiohttp,010ea92db0160e6a603b37683b3cf2749dfdd6d6,2014-03-31T10:18:11-07:00,tests/http_server_test.py,395,0,0,52
aiohttp,010ea92db0160e6a603b37683b3cf2749dfdd6d6,2014-03-31T10:18:11-07:00,examples/curl.py,24,0,0,10
aiohttp,010ea92db0160e6a603b37683b3cf2749dfdd6d6,2014-03-31T10:18:11-07:00,tests/test_client_session.py,0,0,0,236
aiohttp,010ea92db0160e6a603b37683b3cf2749dfdd6d6,2014-03-31T10:18:11-07:00,tests/http_websocket_test.py,436,0,0,4
aiohttp,010ea92db0160e6a603b37683b3cf2749dfdd6d6,2014-03-31T10:18:11-07:00,aiohttp/websocket.py,231,0,0,6
aiohttp,e978361902b566cb4a97200ad522b0b7f2aa23c4,2014-09-12T14:37:16+02:00,aiohttp/server.py,326,0,1,0
aiohttp,e978361902b566cb4a97200ad522b0b7f2aa23c4,2014-09-12T14:37:16+02:00,tests/test_websocket.py,436,0,0,48
aiohttp,e978361902b566cb4a97200ad522b0b7f2aa23c4,2014-09-12T14:37:16+02:00,aiohttp/client.py,897,3,0,25
aiohttp,e978361902b566cb4a97200ad522b0b7f2aa23c4,2014-09-12T14:37:16+02:00,aiohttp/streams.py,403,10,0,0
aiohttp,e978361902b566cb4a97200ad522b0b7f2aa23c4,2014-09-12T14:37:16+02:00,aiohttp/parsers.py,449,3,0,0
aiohttp,e978361902b566cb4a97200ad522b0b7f2aa23c4,2014-09-12T14:37:16+02:00,tests/test_client.py,897,0,0,19
aiohttp,e978361902b566cb4a97200ad522b0b7f2aa23c4,2014-09-12T14:37:16+02:00,tests/test_client_functional.py,987,0,0,22
aiohttp,e978361902b566cb4a97200ad522b0b7f2aa23c4,2014-09-12T14:37:16+02:00,aiohttp/connector.py,432,1,0,0
aiohttp,e978361902b566cb4a97200ad522b0b7f2aa23c4,2014-09-12T14:37:16+02:00,aiohttp/protocol.py,857,4,0,0
aiohttp,e978361902b566cb4a97200ad522b0b7f2aa23c4,2014-09-12T14:37:16+02:00,aiohttp/websocket.py,253,0,0,45
aiohttp,2f856f59f1ab99989b815ae1b6e84ed68788db1b,2014-10-15T09:45:54-07:00,aiohttp/test_utils.py,307,0,0,8
aiohttp,2f856f59f1ab99989b815ae1b6e84ed68788db1b,2014-10-15T09:45:54-07:00,tests/test_multidict.py,302,0,0,21
aiohttp,2f856f59f1ab99989b815ae1b6e84ed68788db1b,2014-10-15T09:45:54-07:00,tests/test_helpers.py,74,0,0,10
aiohttp,2f856f59f1ab99989b815ae1b6e84ed68788db1b,2014-10-15T09:45:54-07:00,setup.py,47,0,0,3
aiohttp,2f856f59f1ab99989b815ae1b6e84ed68788db1b,2014-10-15T09:45:54-07:00,aiohttp/web/__init__.py,0,0,0,7
aiohttp,2f856f59f1ab99989b815ae1b6e84ed68788db1b,2014-10-15T09:45:54-07:00,tests/test_urldispatch.py,0,0,0,162
aiohttp,2f856f59f1ab99989b815ae1b6e84ed68788db1b,2014-10-15T09:45:54-07:00,tests/test_web_response.py,0,0,0,617
aiohttp,2f856f59f1ab99989b815ae1b6e84ed68788db1b,2014-10-15T09:45:54-07:00,aiohttp/web.py,0,0,0,2366
aiohttp,2f856f59f1ab99989b815ae1b6e84ed68788db1b,2014-10-15T09:45:54-07:00,aiohttp/protocol.py,858,4,0,28
aiohttp,2f856f59f1ab99989b815ae1b6e84ed68788db1b,2014-10-15T09:45:54-07:00,tests/test_http_protocol.py,465,0,0,16
aiohttp,2f856f59f1ab99989b815ae1b6e84ed68788db1b,2014-10-15T09:45:54-07:00,aiohttp/web/application.py,0,0,0,130
aiohttp,2f856f59f1ab99989b815ae1b6e84ed68788db1b,2014-10-15T09:45:54-07:00,aiohttp/web/errors.py,0,0,0,6
aiohttp,2f856f59f1ab99989b815ae1b6e84ed68788db1b,2014-10-15T09:45:54-07:00,tests/test_request.py,0,0,0,7
aiohttp,2f856f59f1ab99989b815ae1b6e84ed68788db1b,2014-10-15T09:45:54-07:00,aiohttp/server.py,326,0,1,0
aiohttp,2f856f59f1ab99989b815ae1b6e84ed68788db1b,2014-10-15T09:45:54-07:00,aiohttp/helpers.py,260,0,0,128
aiohttp,2f856f59f1ab99989b815ae1b6e84ed68788db1b,2014-10-15T09:45:54-07:00,aiohttp/web/urldispatch.py,0,0,0,81
aiohttp,2f856f59f1ab99989b815ae1b6e84ed68788db1b,2014-10-15T09:45:54-07:00,aiohttp/parsers.py,449,3,0,0
aiohttp,2f856f59f1ab99989b815ae1b6e84ed68788db1b,2014-10-15T09:45:54-07:00,aiohttp/multidict.py,240,0,0,31
aiohttp,2f856f59f1ab99989b815ae1b6e84ed68788db1b,2014-10-15T09:45:54-07:00,aiohttp/abc.py,0,0,0,30
aiohttp,2f856f59f1ab99989b815ae1b6e84ed68788db1b,2014-10-15T09:45:54-07:00,aiohttp/web/abc.py,0,0,0,46
aiohttp,2f856f59f1ab99989b815ae1b6e84ed68788db1b,2014-10-15T09:45:54-07:00,aiohttp/streams.py,403,10,0,0
aiohttp,2f856f59f1ab99989b815ae1b6e84ed68788db1b,2014-10-15T09:45:54-07:00,aiohttp/web/request.py,0,0,0,277
aiohttp,2f856f59f1ab99989b815ae1b6e84ed68788db1b,2014-10-15T09:45:54-07:00,aiohttp/connector.py,432,1,0,0
aiohttp,2f856f59f1ab99989b815ae1b6e84ed68788db1b,2014-10-15T09:45:54-07:00,tests/test_client_functional.py,1018,0,0,149
aiohttp,2f856f59f1ab99989b815ae1b6e84ed68788db1b,2014-10-15T09:45:54-07:00,tests/test_web_exceptions.py,0,0,0,189
aiohttp,2f856f59f1ab99989b815ae1b6e84ed68788db1b,2014-10-15T09:45:54-07:00,aiohttp/__init__.py,22,0,0,6
aiohttp,2f856f59f1ab99989b815ae1b6e84ed68788db1b,2014-10-15T09:45:54-07:00,aiohttp/client.py,926,3,0,10
aiohttp,2f856f59f1ab99989b815ae1b6e84ed68788db1b,2014-10-15T09:45:54-07:00,docs/conf.py,282,0,0,4
aiohttp,2f856f59f1ab99989b815ae1b6e84ed68788db1b,2014-10-15T09:45:54-07:00,tests/test_web_functional.py,0,0,0,281
aiohttp,2f856f59f1ab99989b815ae1b6e84ed68788db1b,2014-10-15T09:45:54-07:00,tests/test_web_request.py,0,0,0,190
aiohttp,2f856f59f1ab99989b815ae1b6e84ed68788db1b,2014-10-15T09:45:54-07:00,examples/web_srv.py,0,0,0,56
aiohttp,2f856f59f1ab99989b815ae1b6e84ed68788db1b,2014-10-15T09:45:54-07:00,tests/test_web.py,0,0,0,79
aiohttp,e125893c26289493990627dcc7fdbca35ae57b67,2014-10-16T19:08:07-07:00,aiohttp/test_utils.py,307,0,0,8
aiohttp,e125893c26289493990627dcc7fdbca35ae57b67,2014-10-16T19:08:07-07:00,aiohttp/streams.py,403,10,0,0
aiohttp,e125893c26289493990627dcc7fdbca35ae57b67,2014-10-16T19:08:07-07:00,tests/test_helpers.py,74,0,0,10
aiohttp,e125893c26289493990627dcc7fdbca35ae57b67,2014-10-16T19:08:07-07:00,tests/test_urldispatch.py,0,0,0,162
aiohttp,e125893c26289493990627dcc7fdbca35ae57b67,2014-10-16T19:08:07-07:00,tests/test_web_response.py,186,0,0,425
aiohttp,e125893c26289493990627dcc7fdbca35ae57b67,2014-10-16T19:08:07-07:00,aiohttp/connector.py,432,1,0,0
aiohttp,e125893c26289493990627dcc7fdbca35ae57b67,2014-10-16T19:08:07-07:00,aiohttp/protocol.py,858,4,0,28
aiohttp,e125893c26289493990627dcc7fdbca35ae57b67,2014-10-16T19:08:07-07:00,aiohttp/web.py,639,0,0,2126
aiohttp,e125893c26289493990627dcc7fdbca35ae57b67,2014-10-16T19:08:07-07:00,tests/test_http_protocol.py,465,0,0,16
aiohttp,e125893c26289493990627dcc7fdbca35ae57b67,2014-10-16T19:08:07-07:00,tests/test_client_functional.py,1018,0,0,149
aiohttp,e125893c26289493990627dcc7fdbca35ae57b67,2014-10-16T19:08:07-07:00,tests/test_web_exceptions.py,0,0,0,189
aiohttp,e125893c26289493990627dcc7fdbca35ae57b67,2014-10-16T19:08:07-07:00,aiohttp/__init__.py,22,0,0,2
aiohttp,e125893c26289493990627dcc7fdbca35ae57b67,2014-10-16T19:08:07-07:00,tests/test_request.py,7,0,0,7
aiohttp,e125893c26289493990627dcc7fdbca35ae57b67,2014-10-16T19:08:07-07:00,aiohttp/server.py,326,0,1,8
aiohttp,e125893c26289493990627dcc7fdbca35ae57b67,2014-10-16T19:08:07-07:00,aiohttp/helpers.py,260,0,0,128
aiohttp,e125893c26289493990627dcc7fdbca35ae57b67,2014-10-16T19:08:07-07:00,aiohttp/client.py,926,3,0,21
aiohttp,e125893c26289493990627dcc7fdbca35ae57b67,2014-10-16T19:08:07-07:00,examples/web_srv.py,55,0,0,8
aiohttp,e125893c26289493990627dcc7fdbca35ae57b67,2014-10-16T19:08:07-07:00,aiohttp/parsers.py,449,3,0,0
aiohttp,e125893c26289493990627dcc7fdbca35ae57b67,2014-10-16T19:08:07-07:00,aiohttp/multidict.py,260,0,0,9
aiohttp,e125893c26289493990627dcc7fdbca35ae57b67,2014-10-16T19:08:07-07:00,aiohttp/abc.py,18,0,0,2
aiohttp,e125893c26289493990627dcc7fdbca35ae57b67,2014-10-16T19:08:07-07:00,examples/wssrv.py,318,0,0,2
aiohttp,e125893c26289493990627dcc7fdbca35ae57b67,2014-10-16T19:08:07-07:00,tests/test_web_functional.py,0,0,0,281
aiohttp,e125893c26289493990627dcc7fdbca35ae57b67,2014-10-16T19:08:07-07:00,tests/test_web_request.py,68,0,0,116
aiohttp,e125893c26289493990627dcc7fdbca35ae57b67,2014-10-16T19:08:07-07:00,examples/mpsrv.py,293,0,0,2
aiohttp,e125893c26289493990627dcc7fdbca35ae57b67,2014-10-16T19:08:07-07:00,tests/test_web.py,0,0,0,79
aiohttp,8a0295464c05e2f9159c8985fecf02f92079671a,2014-10-18T07:48:16-07:00,aiohttp/test_utils.py,307,0,0,8
aiohttp,8a0295464c05e2f9159c8985fecf02f92079671a,2014-10-18T07:48:16-07:00,aiohttp/streams.py,403,10,0,0
aiohttp,8a0295464c05e2f9159c8985fecf02f92079671a,2014-10-18T07:48:16-07:00,tests/test_helpers.py,74,0,0,10
aiohttp,8a0295464c05e2f9159c8985fecf02f92079671a,2014-10-18T07:48:16-07:00,tests/test_connector.py,606,0,0,11
aiohttp,8a0295464c05e2f9159c8985fecf02f92079671a,2014-10-18T07:48:16-07:00,tests/test_urldispatch.py,0,0,0,162
aiohttp,8a0295464c05e2f9159c8985fecf02f92079671a,2014-10-18T07:48:16-07:00,aiohttp/web.py,646,0,0,1889
aiohttp,8a0295464c05e2f9159c8985fecf02f92079671a,2014-10-18T07:48:16-07:00,aiohttp/connector.py,432,1,0,0
aiohttp,8a0295464c05e2f9159c8985fecf02f92079671a,2014-10-18T07:48:16-07:00,aiohttp/protocol.py,858,4,0,28
aiohttp,8a0295464c05e2f9159c8985fecf02f92079671a,2014-10-18T07:48:16-07:00,tests/test_web_response.py,305,0,0,198
aiohttp,8a0295464c05e2f9159c8985fecf02f92079671a,2014-10-18T07:48:16-07:00,tests/test_http_protocol.py,465,0,0,16
aiohttp,8a0295464c05e2f9159c8985fecf02f92079671a,2014-10-18T07:48:16-07:00,tests/test_client_functional.py,1018,0,0,149
aiohttp,8a0295464c05e2f9159c8985fecf02f92079671a,2014-10-18T07:48:16-07:00,tests/test_web_exceptions.py,0,0,0,189
aiohttp,8a0295464c05e2f9159c8985fecf02f92079671a,2014-10-18T07:48:16-07:00,aiohttp/__init__.py,22,0,0,16
aiohttp,8a0295464c05e2f9159c8985fecf02f92079671a,2014-10-18T07:48:16-07:00,aiohttp/server.py,326,0,1,8
aiohttp,8a0295464c05e2f9159c8985fecf02f92079671a,2014-10-18T07:48:16-07:00,aiohttp/helpers.py,260,0,0,128
aiohttp,8a0295464c05e2f9159c8985fecf02f92079671a,2014-10-18T07:48:16-07:00,aiohttp/client.py,926,3,0,22
aiohttp,8a0295464c05e2f9159c8985fecf02f92079671a,2014-10-18T07:48:16-07:00,examples/web_srv.py,55,0,0,2
aiohttp,8a0295464c05e2f9159c8985fecf02f92079671a,2014-10-18T07:48:16-07:00,aiohttp/parsers.py,449,3,0,0
aiohttp,8a0295464c05e2f9159c8985fecf02f92079671a,2014-10-18T07:48:16-07:00,aiohttp/abc.py,18,0,0,4
aiohttp,8a0295464c05e2f9159c8985fecf02f92079671a,2014-10-18T07:48:16-07:00,examples/wssrv.py,318,0,0,2
aiohttp,8a0295464c05e2f9159c8985fecf02f92079671a,2014-10-18T07:48:16-07:00,tests/test_web_functional.py,116,0,0,161
aiohttp,8a0295464c05e2f9159c8985fecf02f92079671a,2014-10-18T07:48:16-07:00,tests/test_web_request.py,81,0,0,74
aiohttp,8a0295464c05e2f9159c8985fecf02f92079671a,2014-10-18T07:48:16-07:00,examples/mpsrv.py,293,0,0,2
aiohttp,8a0295464c05e2f9159c8985fecf02f92079671a,2014-10-18T07:48:16-07:00,tests/test_web.py,0,0,0,84
aiohttp,4e2f592b0af3a8f52c2eda4ea6a19cdc8cae550b,2014-12-02T13:12:07-08:00,tests/test_connector.py,619,0,0,35
aiohttp,4e2f592b0af3a8f52c2eda4ea6a19cdc8cae550b,2014-12-02T13:12:07-08:00,examples/srv.py,167,0,0,4
aiohttp,4e2f592b0af3a8f52c2eda4ea6a19cdc8cae550b,2014-12-02T13:12:07-08:00,tests/test_urldispatch.py,251,0,0,60
aiohttp,4e2f592b0af3a8f52c2eda4ea6a19cdc8cae550b,2014-12-02T13:12:07-08:00,tests/test_web_response.py,390,0,0,210
aiohttp,4e2f592b0af3a8f52c2eda4ea6a19cdc8cae550b,2014-12-02T13:12:07-08:00,aiohttp/web.py,1262,0,0,386
aiohttp,4e2f592b0af3a8f52c2eda4ea6a19cdc8cae550b,2014-12-02T13:12:07-08:00,aiohttp/protocol.py,857,6,0,14
aiohttp,4e2f592b0af3a8f52c2eda4ea6a19cdc8cae550b,2014-12-02T13:12:07-08:00,tests/test_websocket.py,492,0,0,2
aiohttp,4e2f592b0af3a8f52c2eda4ea6a19cdc8cae550b,2014-12-02T13:12:07-08:00,tests/test_http_server.py,535,0,0,28
aiohttp,4e2f592b0af3a8f52c2eda4ea6a19cdc8cae550b,2014-12-02T13:12:07-08:00,aiohttp/server.py,347,0,1,38
aiohttp,4e2f592b0af3a8f52c2eda4ea6a19cdc8cae550b,2014-12-02T13:12:07-08:00,aiohttp/helpers.py,309,0,0,24
aiohttp,4e2f592b0af3a8f52c2eda4ea6a19cdc8cae550b,2014-12-02T13:12:07-08:00,aiohttp/parsers.py,451,3,0,2
aiohttp,4e2f592b0af3a8f52c2eda4ea6a19cdc8cae550b,2014-12-02T13:12:07-08:00,examples/wssrv.py,318,0,0,4
aiohttp,4e2f592b0af3a8f52c2eda4ea6a19cdc8cae550b,2014-12-02T13:12:07-08:00,tests/test_client.py,916,0,0,183
aiohttp,4e2f592b0af3a8f52c2eda4ea6a19cdc8cae550b,2014-12-02T13:12:07-08:00,examples/mpsrv.py,293,0,0,4
aiohttp,4e2f592b0af3a8f52c2eda4ea6a19cdc8cae550b,2014-12-02T13:12:07-08:00,aiohttp/worker.py,86,0,1,64
aiohttp,4e2f592b0af3a8f52c2eda4ea6a19cdc8cae550b,2014-12-02T13:12:07-08:00,aiohttp/errors.py,145,0,0,47
aiohttp,4e2f592b0af3a8f52c2eda4ea6a19cdc8cae550b,2014-12-02T13:12:07-08:00,aiohttp/streams.py,403,10,0,4
aiohttp,4e2f592b0af3a8f52c2eda4ea6a19cdc8cae550b,2014-12-02T13:12:07-08:00,aiohttp/connector.py,421,1,0,30
aiohttp,4e2f592b0af3a8f52c2eda4ea6a19cdc8cae550b,2014-12-02T13:12:07-08:00,tests/test_client_functional.py,1217,0,0,80
aiohttp,4e2f592b0af3a8f52c2eda4ea6a19cdc8cae550b,2014-12-02T13:12:07-08:00,tests/test_web_exceptions.py,119,0,0,36
aiohttp,4e2f592b0af3a8f52c2eda4ea6a19cdc8cae550b,2014-12-02T13:12:07-08:00,aiohttp/__init__.py,22,0,0,14
aiohttp,4e2f592b0af3a8f52c2eda4ea6a19cdc8cae550b,2014-12-02T13:12:07-08:00,aiohttp/client.py,927,3,0,189
aiohttp,4e2f592b0af3a8f52c2eda4ea6a19cdc8cae550b,2014-12-02T13:12:07-08:00,tests/test_web_functional.py,291,0,0,48
aiohttp,4e2f592b0af3a8f52c2eda4ea6a19cdc8cae550b,2014-12-02T13:12:07-08:00,tests/test_web_request.py,156,0,0,18
aiohttp,4e2f592b0af3a8f52c2eda4ea6a19cdc8cae550b,2014-12-02T13:12:07-08:00,examples/web_srv.py,60,0,0,15
aiohttp,4e2f592b0af3a8f52c2eda4ea6a19cdc8cae550b,2014-12-02T13:12:07-08:00,tests/test_worker.py,126,0,0,40
aiohttp,4e2f592b0af3a8f52c2eda4ea6a19cdc8cae550b,2014-12-02T13:12:07-08:00,tests/test_web.py,122,0,0,96
aiohttp,4e2f592b0af3a8f52c2eda4ea6a19cdc8cae550b,2014-12-02T13:12:07-08:00,aiohttp/log.py,9,0,0,12
aiohttp,4e2f592b0af3a8f52c2eda4ea6a19cdc8cae550b,2014-12-02T13:12:07-08:00,tests/test_streams.py,691,0,0,6
aiohttp,4e2f592b0af3a8f52c2eda4ea6a19cdc8cae550b,2014-12-02T13:12:07-08:00,aiohttp/websocket.py,260,0,0,4
aiohttp,1450300ee11c6d4df0dfeaa5840c557d15506156,2014-12-09T18:17:00-08:00,aiohttp/streams.py,403,10,0,0
aiohttp,1450300ee11c6d4df0dfeaa5840c557d15506156,2014-12-09T18:17:00-08:00,tests/test_client.py,741,0,0,29
aiohttp,1450300ee11c6d4df0dfeaa5840c557d15506156,2014-12-09T18:17:00-08:00,setup.py,48,0,0,8
aiohttp,1450300ee11c6d4df0dfeaa5840c557d15506156,2014-12-09T18:17:00-08:00,tests/test_urldispatch.py,257,0,0,10
aiohttp,1450300ee11c6d4df0dfeaa5840c557d15506156,2014-12-09T18:17:00-08:00,tests/test_web_response.py,398,0,0,37
aiohttp,1450300ee11c6d4df0dfeaa5840c557d15506156,2014-12-09T18:17:00-08:00,aiohttp/connector.py,427,1,0,10
aiohttp,1450300ee11c6d4df0dfeaa5840c557d15506156,2014-12-09T18:17:00-08:00,aiohttp/protocol.py,857,6,0,0
aiohttp,1450300ee11c6d4df0dfeaa5840c557d15506156,2014-12-09T18:17:00-08:00,aiohttp/web.py,1306,0,0,153
aiohttp,1450300ee11c6d4df0dfeaa5840c557d15506156,2014-12-09T18:17:00-08:00,aiohttp/__init__.py,22,0,0,4
aiohttp,1450300ee11c6d4df0dfeaa5840c557d15506156,2014-12-09T18:17:00-08:00,aiohttp/server.py,351,0,1,0
aiohttp,1450300ee11c6d4df0dfeaa5840c557d15506156,2014-12-09T18:17:00-08:00,tests/test_web.py,144,0,0,57
aiohttp,1450300ee11c6d4df0dfeaa5840c557d15506156,2014-12-09T18:17:00-08:00,aiohttp/client.py,764,3,0,22
aiohttp,1450300ee11c6d4df0dfeaa5840c557d15506156,2014-12-09T18:17:00-08:00,aiohttp/parsers.py,451,3,0,0
aiohttp,1450300ee11c6d4df0dfeaa5840c557d15506156,2014-12-09T18:17:00-08:00,tests/test_web_functional.py,291,0,0,18
aiohttp,1450300ee11c6d4df0dfeaa5840c557d15506156,2014-12-09T18:17:00-08:00,examples/web_srv.py,60,0,0,4
aiohttp,1450300ee11c6d4df0dfeaa5840c557d15506156,2014-12-09T18:17:00-08:00,tests/test_worker.py,146,0,0,21
aiohttp,1450300ee11c6d4df0dfeaa5840c557d15506156,2014-12-09T18:17:00-08:00,aiohttp/worker.py,112,0,1,30
aiohttp,b4fb62b85d3011db2f32408d449930d1dd43bdfa,2015-02-22T23:51:33+03:00,aiohttp/server.py,355,0,1,0
aiohttp,b4fb62b85d3011db2f32408d449930d1dd43bdfa,2015-02-22T23:51:33+03:00,aiohttp/client.py,772,3,0,0
aiohttp,b4fb62b85d3011db2f32408d449930d1dd43bdfa,2015-02-22T23:51:33+03:00,aiohttp/streams.py,403,10,0,0
aiohttp,b4fb62b85d3011db2f32408d449930d1dd43bdfa,2015-02-22T23:51:33+03:00,aiohttp/parsers.py,457,3,0,0
aiohttp,b4fb62b85d3011db2f32408d449930d1dd43bdfa,2015-02-22T23:51:33+03:00,aiohttp/web.py,1662,2,0,0
aiohttp,b4fb62b85d3011db2f32408d449930d1dd43bdfa,2015-02-22T23:51:33+03:00,aiohttp/connector.py,472,3,0,0
aiohttp,b4fb62b85d3011db2f32408d449930d1dd43bdfa,2015-02-22T23:51:33+03:00,aiohttp/protocol.py,843,6,0,0
aiohttp,b4fb62b85d3011db2f32408d449930d1dd43bdfa,2015-02-22T23:51:33+03:00,aiohttp/worker.py,119,0,1,0
aiohttp,14f9b051244bf40fdf77c5b1d73cf411807b1448,2015-03-11T12:02:30-07:00,setup.py,99,0,0,3
aiohttp,14f9b051244bf40fdf77c5b1d73cf411807b1448,2015-03-11T12:02:30-07:00,examples/srv.py,167,0,0,12
aiohttp,14f9b051244bf40fdf77c5b1d73cf411807b1448,2015-03-11T12:02:30-07:00,tests/test_urldispatch.py,421,0,0,153
aiohttp,14f9b051244bf40fdf77c5b1d73cf411807b1448,2015-03-11T12:02:30-07:00,aiohttp/web.py,1694,2,0,2103
aiohttp,14f9b051244bf40fdf77c5b1d73cf411807b1448,2015-03-11T12:02:30-07:00,tests/test_websocket.py,492,0,0,37
aiohttp,14f9b051244bf40fdf77c5b1d73cf411807b1448,2015-03-11T12:02:30-07:00,aiohttp/protocol.py,843,6,0,4
aiohttp,14f9b051244bf40fdf77c5b1d73cf411807b1448,2015-03-11T12:02:30-07:00,tests/test_websocket_client.py,0,0,0,946
aiohttp,14f9b051244bf40fdf77c5b1d73cf411807b1448,2015-03-11T12:02:30-07:00,tests/test_web_response.py,551,0,0,12
aiohttp,14f9b051244bf40fdf77c5b1d73cf411807b1448,2015-03-11T12:02:30-07:00,aiohttp/server.py,355,0,1,2
aiohttp,14f9b051244bf40fdf77c5b1d73cf411807b1448,2015-03-11T12:02:30-07:00,aiohttp/helpers.py,297,0,0,2
aiohttp,14f9b051244bf40fdf77c5b1d73cf411807b1448,2015-03-11T12:02:30-07:00,aiohttp/web_ws.py,0,0,0,196
aiohttp,14f9b051244bf40fdf77c5b1d73cf411807b1448,2015-03-11T12:02:30-07:00,aiohttp/parsers.py,457,3,0,4
aiohttp,14f9b051244bf40fdf77c5b1d73cf411807b1448,2015-03-11T12:02:30-07:00,aiohttp/multidict.py,333,0,0,87
aiohttp,14f9b051244bf40fdf77c5b1d73cf411807b1448,2015-03-11T12:02:30-07:00,aiohttp/web_urldispatcher.py,0,0,0,382
aiohttp,14f9b051244bf40fdf77c5b1d73cf411807b1448,2015-03-11T12:02:30-07:00,examples/mpsrv.py,293,0,0,4
aiohttp,14f9b051244bf40fdf77c5b1d73cf411807b1448,2015-03-11T12:02:30-07:00,tests/test_client.py,798,0,0,3
aiohttp,14f9b051244bf40fdf77c5b1d73cf411807b1448,2015-03-11T12:02:30-07:00,aiohttp/worker.py,119,0,1,2
aiohttp,14f9b051244bf40fdf77c5b1d73cf411807b1448,2015-03-11T12:02:30-07:00,aiohttp/errors.py,176,0,0,53
aiohttp,14f9b051244bf40fdf77c5b1d73cf411807b1448,2015-03-11T12:02:30-07:00,aiohttp/web_app.py,0,0,0,390
aiohttp,14f9b051244bf40fdf77c5b1d73cf411807b1448,2015-03-11T12:02:30-07:00,aiohttp/streams.py,403,10,0,4
aiohttp,14f9b051244bf40fdf77c5b1d73cf411807b1448,2015-03-11T12:02:30-07:00,aiohttp/websocket.py,265,0,0,177
aiohttp,14f9b051244bf40fdf77c5b1d73cf411807b1448,2015-03-11T12:02:30-07:00,aiohttp/multipart.py,843,5,0,4
aiohttp,14f9b051244bf40fdf77c5b1d73cf411807b1448,2015-03-11T12:02:30-07:00,aiohttp/websocket_client.py,0,0,0,449
aiohttp,14f9b051244bf40fdf77c5b1d73cf411807b1448,2015-03-11T12:02:30-07:00,aiohttp/connector.py,473,3,0,7
aiohttp,14f9b051244bf40fdf77c5b1d73cf411807b1448,2015-03-11T12:02:30-07:00,aiohttp/__init__.py,27,0,0,10
aiohttp,14f9b051244bf40fdf77c5b1d73cf411807b1448,2015-03-11T12:02:30-07:00,aiohttp/client.py,781,3,0,2
aiohttp,14f9b051244bf40fdf77c5b1d73cf411807b1448,2015-03-11T12:02:30-07:00,aiohttp/wsgi.py,217,0,0,2
aiohttp,14f9b051244bf40fdf77c5b1d73cf411807b1448,2015-03-11T12:02:30-07:00,aiohttp/web_exceptions.py,0,0,0,292
aiohttp,14f9b051244bf40fdf77c5b1d73cf411807b1448,2015-03-11T12:02:30-07:00,tests/test_web_functional.py,444,0,0,3
aiohttp,14f9b051244bf40fdf77c5b1d73cf411807b1448,2015-03-11T12:02:30-07:00,aiohttp/web_reqrep.py,0,0,0,662
aiohttp,14f9b051244bf40fdf77c5b1d73cf411807b1448,2015-03-11T12:02:30-07:00,aiohttp/hdrs.py,62,0,0,6
aiohttp,14f9b051244bf40fdf77c5b1d73cf411807b1448,2015-03-11T12:02:30-07:00,examples/wsclient.py,105,0,0,84
aiohttp,0a4503215ae7c5fe7772a2927c686bdfad0060bc,2015-04-04T22:36:43+03:00,tests/autobahn/server.py,56,0,0,5
aiohttp,0a4503215ae7c5fe7772a2927c686bdfad0060bc,2015-04-04T22:36:43+03:00,aiohttp/test_utils.py,309,0,0,2
aiohttp,0a4503215ae7c5fe7772a2927c686bdfad0060bc,2015-04-04T22:36:43+03:00,tests/test_helpers.py,82,0,0,19
aiohttp,0a4503215ae7c5fe7772a2927c686bdfad0060bc,2015-04-04T22:36:43+03:00,setup.py,100,0,0,10
aiohttp,0a4503215ae7c5fe7772a2927c686bdfad0060bc,2015-04-04T22:36:43+03:00,tests/test_multipart.py,1509,0,0,18
aiohttp,0a4503215ae7c5fe7772a2927c686bdfad0060bc,2015-04-04T22:36:43+03:00,tests/test_connector.py,705,0,0,26
aiohttp,0a4503215ae7c5fe7772a2927c686bdfad0060bc,2015-04-04T22:36:43+03:00,tests/test_web_response.py,551,0,0,75
aiohttp,0a4503215ae7c5fe7772a2927c686bdfad0060bc,2015-04-04T22:36:43+03:00,aiohttp/web.py,209,0,0,34
aiohttp,0a4503215ae7c5fe7772a2927c686bdfad0060bc,2015-04-04T22:36:43+03:00,aiohttp/protocol.py,843,6,0,95
aiohttp,0a4503215ae7c5fe7772a2927c686bdfad0060bc,2015-04-04T22:36:43+03:00,tests/test_websocket_client.py,666,0,0,6
aiohttp,0a4503215ae7c5fe7772a2927c686bdfad0060bc,2015-04-04T22:36:43+03:00,tests/test_websocket.py,655,0,0,42
aiohttp,0a4503215ae7c5fe7772a2927c686bdfad0060bc,2015-04-04T22:36:43+03:00,tests/test_http_protocol.py,497,0,0,8
aiohttp,0a4503215ae7c5fe7772a2927c686bdfad0060bc,2015-04-04T22:36:43+03:00,tests/test_http_server.py,548,0,0,40
aiohttp,0a4503215ae7c5fe7772a2927c686bdfad0060bc,2015-04-04T22:36:43+03:00,aiohttp/server.py,355,0,1,103
aiohttp,0a4503215ae7c5fe7772a2927c686bdfad0060bc,2015-04-04T22:36:43+03:00,aiohttp/helpers.py,300,0,0,16
aiohttp,0a4503215ae7c5fe7772a2927c686bdfad0060bc,2015-04-04T22:36:43+03:00,aiohttp/web_ws.py,264,10,0,3
aiohttp,0a4503215ae7c5fe7772a2927c686bdfad0060bc,2015-04-04T22:36:43+03:00,aiohttp/parsers.py,458,3,0,74
aiohttp,0a4503215ae7c5fe7772a2927c686bdfad0060bc,2015-04-04T22:36:43+03:00,aiohttp/abc.py,23,0,0,6
aiohttp,0a4503215ae7c5fe7772a2927c686bdfad0060bc,2015-04-04T22:36:43+03:00,aiohttp/web_urldispatcher.py,378,0,0,8
aiohttp,0a4503215ae7c5fe7772a2927c686bdfad0060bc,2015-04-04T22:36:43+03:00,tests/test_http_parser.py,566,0,0,42
aiohttp,0a4503215ae7c5fe7772a2927c686bdfad0060bc,2015-04-04T22:36:43+03:00,tests/test_client.py,768,0,0,138
aiohttp,0a4503215ae7c5fe7772a2927c686bdfad0060bc,2015-04-04T22:36:43+03:00,examples/mpsrv.py,293,0,0,3
aiohttp,0a4503215ae7c5fe7772a2927c686bdfad0060bc,2015-04-04T22:36:43+03:00,aiohttp/worker.py,119,0,1,0
aiohttp,0a4503215ae7c5fe7772a2927c686bdfad0060bc,2015-04-04T22:36:43+03:00,aiohttp/errors.py,172,0,0,2
aiohttp,0a4503215ae7c5fe7772a2927c686bdfad0060bc,2015-04-04T22:36:43+03:00,tests/test_flowcontrol_streams.py,0,0,0,232
aiohttp,0a4503215ae7c5fe7772a2927c686bdfad0060bc,2015-04-04T22:36:43+03:00,aiohttp/streams.py,398,10,0,450
aiohttp,0a4503215ae7c5fe7772a2927c686bdfad0060bc,2015-04-04T22:36:43+03:00,tests/test_parsers.py,631,0,0,76
aiohttp,0a4503215ae7c5fe7772a2927c686bdfad0060bc,2015-04-04T22:36:43+03:00,aiohttp/multipart.py,840,5,0,0
aiohttp,0a4503215ae7c5fe7772a2927c686bdfad0060bc,2015-04-04T22:36:43+03:00,aiohttp/websocket_client.py,234,9,0,0
aiohttp,0a4503215ae7c5fe7772a2927c686bdfad0060bc,2015-04-04T22:36:43+03:00,tests/test_web_middleware.py,118,0,0,10
aiohttp,0a4503215ae7c5fe7772a2927c686bdfad0060bc,2015-04-04T22:36:43+03:00,aiohttp/connector.py,476,3,0,13
aiohttp,0a4503215ae7c5fe7772a2927c686bdfad0060bc,2015-04-04T22:36:43+03:00,tests/test_client_functional.py,1191,0,0,308
aiohttp,0a4503215ae7c5fe7772a2927c686bdfad0060bc,2015-04-04T22:36:43+03:00,aiohttp/__init__.py,29,0,0,4
aiohttp,0a4503215ae7c5fe7772a2927c686bdfad0060bc,2015-04-04T22:36:43+03:00,examples/web_ws.py,72,0,0,5
aiohttp,0a4503215ae7c5fe7772a2927c686bdfad0060bc,2015-04-04T22:36:43+03:00,aiohttp/client.py,787,3,0,382
aiohttp,0a4503215ae7c5fe7772a2927c686bdfad0060bc,2015-04-04T22:36:43+03:00,docs/conf.py,303,0,0,9
aiohttp,0a4503215ae7c5fe7772a2927c686bdfad0060bc,2015-04-04T22:36:43+03:00,tests/test_web_request.py,175,0,0,2
aiohttp,0a4503215ae7c5fe7772a2927c686bdfad0060bc,2015-04-04T22:36:43+03:00,tests/test_client_session.py,0,0,0,235
aiohttp,0a4503215ae7c5fe7772a2927c686bdfad0060bc,2015-04-04T22:36:43+03:00,tests/test_web_functional.py,445,0,0,145
aiohttp,0a4503215ae7c5fe7772a2927c686bdfad0060bc,2015-04-04T22:36:43+03:00,aiohttp/web_reqrep.py,663,1,0,35
aiohttp,0a4503215ae7c5fe7772a2927c686bdfad0060bc,2015-04-04T22:36:43+03:00,tests/test_wsgi.py,282,0,0,4
aiohttp,0a4503215ae7c5fe7772a2927c686bdfad0060bc,2015-04-04T22:36:43+03:00,tests/test_web.py,148,0,0,16
aiohttp,0a4503215ae7c5fe7772a2927c686bdfad0060bc,2015-04-04T22:36:43+03:00,tests/test_streams.py,682,0,0,451
aiohttp,0a4503215ae7c5fe7772a2927c686bdfad0060bc,2015-04-04T22:36:43+03:00,aiohttp/websocket.py,399,1,0,21
aiohttp,ee3f05555d9f34a861978fcbaf4fa9af45736e7e,2015-04-08T10:26:00-07:00,aiohttp/test_utils.py,309,0,0,2
aiohttp,ee3f05555d9f34a861978fcbaf4fa9af45736e7e,2015-04-08T10:26:00-07:00,tests/test_helpers.py,82,0,0,56
aiohttp,ee3f05555d9f34a861978fcbaf4fa9af45736e7e,2015-04-08T10:26:00-07:00,setup.py,100,0,0,10
aiohttp,ee3f05555d9f34a861978fcbaf4fa9af45736e7e,2015-04-08T10:26:00-07:00,tests/test_multipart.py,1509,0,0,18
aiohttp,ee3f05555d9f34a861978fcbaf4fa9af45736e7e,2015-04-08T10:26:00-07:00,tests/test_connector.py,705,0,0,26
aiohttp,ee3f05555d9f34a861978fcbaf4fa9af45736e7e,2015-04-08T10:26:00-07:00,tests/test_urldispatch.py,520,0,0,14
aiohttp,ee3f05555d9f34a861978fcbaf4fa9af45736e7e,2015-04-08T10:26:00-07:00,aiohttp/web.py,209,0,0,41
aiohttp,ee3f05555d9f34a861978fcbaf4fa9af45736e7e,2015-04-08T10:26:00-07:00,tests/test_web_response.py,551,0,0,75
aiohttp,ee3f05555d9f34a861978fcbaf4fa9af45736e7e,2015-04-08T10:26:00-07:00,aiohttp/protocol.py,849,6,0,66
aiohttp,ee3f05555d9f34a861978fcbaf4fa9af45736e7e,2015-04-08T10:26:00-07:00,tests/test_websocket_client.py,666,0,0,6
aiohttp,ee3f05555d9f34a861978fcbaf4fa9af45736e7e,2015-04-08T10:26:00-07:00,tests/test_http_server.py,548,0,0,57
aiohttp,ee3f05555d9f34a861978fcbaf4fa9af45736e7e,2015-04-08T10:26:00-07:00,aiohttp/server.py,355,0,1,122
aiohttp,ee3f05555d9f34a861978fcbaf4fa9af45736e7e,2015-04-08T10:26:00-07:00,aiohttp/helpers.py,300,0,0,25
aiohttp,ee3f05555d9f34a861978fcbaf4fa9af45736e7e,2015-04-08T10:26:00-07:00,aiohttp/web_ws.py,265,10,0,0
aiohttp,ee3f05555d9f34a861978fcbaf4fa9af45736e7e,2015-04-08T10:26:00-07:00,aiohttp/parsers.py,436,5,0,0
aiohttp,ee3f05555d9f34a861978fcbaf4fa9af45736e7e,2015-04-08T10:26:00-07:00,aiohttp/abc.py,23,0,0,6
aiohttp,ee3f05555d9f34a861978fcbaf4fa9af45736e7e,2015-04-08T10:26:00-07:00,aiohttp/web_urldispatcher.py,380,0,0,28
aiohttp,ee3f05555d9f34a861978fcbaf4fa9af45736e7e,2015-04-08T10:26:00-07:00,examples/mpsrv.py,293,0,0,3
aiohttp,ee3f05555d9f34a861978fcbaf4fa9af45736e7e,2015-04-08T10:26:00-07:00,tests/test_client.py,768,0,0,138
aiohttp,ee3f05555d9f34a861978fcbaf4fa9af45736e7e,2015-04-08T10:26:00-07:00,aiohttp/worker.py,119,0,1,3
aiohttp,ee3f05555d9f34a861978fcbaf4fa9af45736e7e,2015-04-08T10:26:00-07:00,aiohttp/errors.py,172,0,0,2
aiohttp,ee3f05555d9f34a861978fcbaf4fa9af45736e7e,2015-04-08T10:26:00-07:00,aiohttp/streams.py,488,18,0,46
aiohttp,ee3f05555d9f34a861978fcbaf4fa9af45736e7e,2015-04-08T10:26:00-07:00,aiohttp/multipart.py,840,5,0,0
aiohttp,ee3f05555d9f34a861978fcbaf4fa9af45736e7e,2015-04-08T10:26:00-07:00,aiohttp/websocket_client.py,234,9,0,0
aiohttp,ee3f05555d9f34a861978fcbaf4fa9af45736e7e,2015-04-08T10:26:00-07:00,tests/test_web_middleware.py,118,0,0,10
aiohttp,ee3f05555d9f34a861978fcbaf4fa9af45736e7e,2015-04-08T10:26:00-07:00,aiohttp/connector.py,476,3,0,13
aiohttp,ee3f05555d9f34a861978fcbaf4fa9af45736e7e,2015-04-08T10:26:00-07:00,tests/test_client_functional.py,1193,0,0,298
aiohttp,ee3f05555d9f34a861978fcbaf4fa9af45736e7e,2015-04-08T10:26:00-07:00,aiohttp/__init__.py,29,0,0,12
aiohttp,ee3f05555d9f34a861978fcbaf4fa9af45736e7e,2015-04-08T10:26:00-07:00,aiohttp/client.py,787,3,0,374
aiohttp,ee3f05555d9f34a861978fcbaf4fa9af45736e7e,2015-04-08T10:26:00-07:00,docs/conf.py,306,0,0,4
aiohttp,ee3f05555d9f34a861978fcbaf4fa9af45736e7e,2015-04-08T10:26:00-07:00,tests/test_client_session.py,0,0,0,373
aiohttp,ee3f05555d9f34a861978fcbaf4fa9af45736e7e,2015-04-08T10:26:00-07:00,tests/test_web_functional.py,469,0,0,169
aiohttp,ee3f05555d9f34a861978fcbaf4fa9af45736e7e,2015-04-08T10:26:00-07:00,aiohttp/web_reqrep.py,662,1,0,22
aiohttp,ee3f05555d9f34a861978fcbaf4fa9af45736e7e,2015-04-08T10:26:00-07:00,tests/test_web_request.py,175,0,0,2
aiohttp,ee3f05555d9f34a861978fcbaf4fa9af45736e7e,2015-04-08T10:26:00-07:00,tests/test_worker.py,146,0,0,2
aiohttp,ee3f05555d9f34a861978fcbaf4fa9af45736e7e,2015-04-08T10:26:00-07:00,tests/test_web.py,148,0,0,20
aiohttp,ee3f05555d9f34a861978fcbaf4fa9af45736e7e,2015-04-08T10:26:00-07:00,tests/test_streams.py,605,0,0,30
aiohttp,ee3f05555d9f34a861978fcbaf4fa9af45736e7e,2015-04-08T10:26:00-07:00,aiohttp/websocket.py,402,1,0,0
aiohttp,bf33810d11bbedbe8a01cde53ae89fcc2b6b04fd,2015-05-06T21:59:50+03:00,tests/test_client_request.py,0,0,0,34
aiohttp,bf33810d11bbedbe8a01cde53ae89fcc2b6b04fd,2015-05-06T21:59:50+03:00,tests/test_helpers.py,124,0,0,4
aiohttp,bf33810d11bbedbe8a01cde53ae89fcc2b6b04fd,2015-05-06T21:59:50+03:00,tests/test_multipart.py,1516,0,0,4
aiohttp,bf33810d11bbedbe8a01cde53ae89fcc2b6b04fd,2015-05-06T21:59:50+03:00,tests/test_connector.py,715,0,0,490
aiohttp,bf33810d11bbedbe8a01cde53ae89fcc2b6b04fd,2015-05-06T21:59:50+03:00,tests/test_urldispatch.py,528,0,0,6
aiohttp,bf33810d11bbedbe8a01cde53ae89fcc2b6b04fd,2015-05-06T21:59:50+03:00,aiohttp/web.py,228,0,0,8
aiohttp,bf33810d11bbedbe8a01cde53ae89fcc2b6b04fd,2015-05-06T21:59:50+03:00,tests/test_http_protocol.py,497,0,0,2
aiohttp,bf33810d11bbedbe8a01cde53ae89fcc2b6b04fd,2015-05-06T21:59:50+03:00,aiohttp/protocol.py,863,6,0,0
aiohttp,bf33810d11bbedbe8a01cde53ae89fcc2b6b04fd,2015-05-06T21:59:50+03:00,tests/test_websocket_client.py,670,0,0,171
aiohttp,bf33810d11bbedbe8a01cde53ae89fcc2b6b04fd,2015-05-06T21:59:50+03:00,tests/test_websocket.py,663,0,0,6
aiohttp,bf33810d11bbedbe8a01cde53ae89fcc2b6b04fd,2015-05-06T21:59:50+03:00,tests/test_http_server.py,539,0,0,2
aiohttp,bf33810d11bbedbe8a01cde53ae89fcc2b6b04fd,2015-05-06T21:59:50+03:00,aiohttp/server.py,393,0,1,9
aiohttp,bf33810d11bbedbe8a01cde53ae89fcc2b6b04fd,2015-05-06T21:59:50+03:00,aiohttp/client_reqrep.py,0,0,0,701
aiohttp,bf33810d11bbedbe8a01cde53ae89fcc2b6b04fd,2015-05-06T21:59:50+03:00,aiohttp/web_ws.py,265,10,0,0
aiohttp,bf33810d11bbedbe8a01cde53ae89fcc2b6b04fd,2015-05-06T21:59:50+03:00,aiohttp/parsers.py,436,5,0,0
aiohttp,bf33810d11bbedbe8a01cde53ae89fcc2b6b04fd,2015-05-06T21:59:50+03:00,aiohttp/web_urldispatcher.py,392,0,0,20
aiohttp,bf33810d11bbedbe8a01cde53ae89fcc2b6b04fd,2015-05-06T21:59:50+03:00,tests/test_http_parser.py,568,0,0,10
aiohttp,bf33810d11bbedbe8a01cde53ae89fcc2b6b04fd,2015-05-06T21:59:50+03:00,tests/test_client.py,776,0,0,252
aiohttp,bf33810d11bbedbe8a01cde53ae89fcc2b6b04fd,2015-05-06T21:59:50+03:00,aiohttp/worker.py,120,0,1,0
aiohttp,bf33810d11bbedbe8a01cde53ae89fcc2b6b04fd,2015-05-06T21:59:50+03:00,aiohttp/errors.py,172,0,0,16
aiohttp,bf33810d11bbedbe8a01cde53ae89fcc2b6b04fd,2015-05-06T21:59:50+03:00,tests/test_flowcontrol_streams.py,232,0,0,45
aiohttp,bf33810d11bbedbe8a01cde53ae89fcc2b6b04fd,2015-05-06T21:59:50+03:00,aiohttp/streams.py,532,18,0,0
aiohttp,bf33810d11bbedbe8a01cde53ae89fcc2b6b04fd,2015-05-06T21:59:50+03:00,tests/test_parsers.py,597,0,0,6
aiohttp,bf33810d11bbedbe8a01cde53ae89fcc2b6b04fd,2015-05-06T21:59:50+03:00,aiohttp/multipart.py,840,5,0,0
aiohttp,bf33810d11bbedbe8a01cde53ae89fcc2b6b04fd,2015-05-06T21:59:50+03:00,aiohttp/websocket_client.py,234,9,0,103
aiohttp,bf33810d11bbedbe8a01cde53ae89fcc2b6b04fd,2015-05-06T21:59:50+03:00,aiohttp/connector.py,491,3,0,429
aiohttp,bf33810d11bbedbe8a01cde53ae89fcc2b6b04fd,2015-05-06T21:59:50+03:00,tests/test_client_functional.py,1343,0,0,44
aiohttp,bf33810d11bbedbe8a01cde53ae89fcc2b6b04fd,2015-05-06T21:59:50+03:00,aiohttp/__init__.py,29,0,0,4
aiohttp,bf33810d11bbedbe8a01cde53ae89fcc2b6b04fd,2015-05-06T21:59:50+03:00,aiohttp/client.py,996,6,0,1104
aiohttp,bf33810d11bbedbe8a01cde53ae89fcc2b6b04fd,2015-05-06T21:59:50+03:00,tests/test_web_request.py,177,0,0,33
aiohttp,bf33810d11bbedbe8a01cde53ae89fcc2b6b04fd,2015-05-06T21:59:50+03:00,aiohttp/wsgi.py,217,0,0,5
aiohttp,bf33810d11bbedbe8a01cde53ae89fcc2b6b04fd,2015-05-06T21:59:50+03:00,tests/test_client_session.py,323,0,0,128
aiohttp,bf33810d11bbedbe8a01cde53ae89fcc2b6b04fd,2015-05-06T21:59:50+03:00,tests/test_web_functional.py,634,0,0,74
aiohttp,bf33810d11bbedbe8a01cde53ae89fcc2b6b04fd,2015-05-06T21:59:50+03:00,aiohttp/web_reqrep.py,658,1,0,22
aiohttp,bf33810d11bbedbe8a01cde53ae89fcc2b6b04fd,2015-05-06T21:59:50+03:00,tests/test_wsgi.py,282,0,0,2
aiohttp,bf33810d11bbedbe8a01cde53ae89fcc2b6b04fd,2015-05-06T21:59:50+03:00,tests/test_client_response.py,0,0,0,279
aiohttp,bf33810d11bbedbe8a01cde53ae89fcc2b6b04fd,2015-05-06T21:59:50+03:00,tests/test_worker.py,146,0,0,6
aiohttp,bf33810d11bbedbe8a01cde53ae89fcc2b6b04fd,2015-05-06T21:59:50+03:00,tests/test_errors.py,16,0,0,2
aiohttp,bf33810d11bbedbe8a01cde53ae89fcc2b6b04fd,2015-05-06T21:59:50+03:00,tests/test_streams.py,635,0,0,37
aiohttp,bf33810d11bbedbe8a01cde53ae89fcc2b6b04fd,2015-05-06T21:59:50+03:00,aiohttp/websocket.py,402,1,0,0
aiohttp,b18fe5449b1cbb596e42fa0269d1cdd696a168ef,2015-05-13T17:36:34+03:00,tests/test_client_request.py,672,0,0,9
aiohttp,b18fe5449b1cbb596e42fa0269d1cdd696a168ef,2015-05-13T17:36:34+03:00,aiohttp/errors.py,172,0,0,16
aiohttp,b18fe5449b1cbb596e42fa0269d1cdd696a168ef,2015-05-13T17:36:34+03:00,aiohttp/streams.py,532,18,0,6
aiohttp,b18fe5449b1cbb596e42fa0269d1cdd696a168ef,2015-05-13T17:36:34+03:00,aiohttp/multipart.py,840,5,0,0
aiohttp,b18fe5449b1cbb596e42fa0269d1cdd696a168ef,2015-05-13T17:36:34+03:00,aiohttp/websocket_client.py,235,8,0,169
aiohttp,b18fe5449b1cbb596e42fa0269d1cdd696a168ef,2015-05-13T17:36:34+03:00,tests/test_connector.py,997,0,0,81
aiohttp,b18fe5449b1cbb596e42fa0269d1cdd696a168ef,2015-05-13T17:36:34+03:00,aiohttp/web.py,228,0,0,30
aiohttp,b18fe5449b1cbb596e42fa0269d1cdd696a168ef,2015-05-13T17:36:34+03:00,aiohttp/connector.py,597,2,0,85
aiohttp,b18fe5449b1cbb596e42fa0269d1cdd696a168ef,2015-05-13T17:36:34+03:00,aiohttp/protocol.py,863,6,0,0
aiohttp,b18fe5449b1cbb596e42fa0269d1cdd696a168ef,2015-05-13T17:36:34+03:00,tests/test_websocket_client.py,670,0,0,171
aiohttp,b18fe5449b1cbb596e42fa0269d1cdd696a168ef,2015-05-13T17:36:34+03:00,aiohttp/__init__.py,29,0,0,4
aiohttp,b18fe5449b1cbb596e42fa0269d1cdd696a168ef,2015-05-13T17:36:34+03:00,aiohttp/server.py,392,0,1,0
aiohttp,b18fe5449b1cbb596e42fa0269d1cdd696a168ef,2015-05-13T17:36:34+03:00,aiohttp/client_reqrep.py,699,4,0,2
aiohttp,b18fe5449b1cbb596e42fa0269d1cdd696a168ef,2015-05-13T17:36:34+03:00,aiohttp/web_ws.py,265,9,0,0
aiohttp,b18fe5449b1cbb596e42fa0269d1cdd696a168ef,2015-05-13T17:36:34+03:00,aiohttp/client.py,377,2,0,123
aiohttp,b18fe5449b1cbb596e42fa0269d1cdd696a168ef,2015-05-13T17:36:34+03:00,aiohttp/parsers.py,436,5,0,0
aiohttp,b18fe5449b1cbb596e42fa0269d1cdd696a168ef,2015-05-13T17:36:34+03:00,tests/test_client_session.py,360,0,0,61
aiohttp,b18fe5449b1cbb596e42fa0269d1cdd696a168ef,2015-05-13T17:36:34+03:00,aiohttp/web_urldispatcher.py,402,0,0,27
aiohttp,b18fe5449b1cbb596e42fa0269d1cdd696a168ef,2015-05-13T17:36:34+03:00,tests/test_web_functional.py,664,0,0,42
aiohttp,b18fe5449b1cbb596e42fa0269d1cdd696a168ef,2015-05-13T17:36:34+03:00,aiohttp/web_reqrep.py,655,1,0,16
aiohttp,b18fe5449b1cbb596e42fa0269d1cdd696a168ef,2015-05-13T17:36:34+03:00,tests/test_web_request.py,177,0,0,4
aiohttp,b18fe5449b1cbb596e42fa0269d1cdd696a168ef,2015-05-13T17:36:34+03:00,aiohttp/worker.py,120,0,1,0
aiohttp,b18fe5449b1cbb596e42fa0269d1cdd696a168ef,2015-05-13T17:36:34+03:00,tests/test_streams.py,642,0,0,6
aiohttp,b18fe5449b1cbb596e42fa0269d1cdd696a168ef,2015-05-13T17:36:34+03:00,aiohttp/websocket.py,402,1,0,0
aiohttp,8930e2015f90098e3f4693b31ab5595a1c9ac833,2015-05-17T22:57:30+03:00,tests/test_client_request.py,672,0,0,13
aiohttp,8930e2015f90098e3f4693b31ab5595a1c9ac833,2015-05-17T22:57:30+03:00,aiohttp/errors.py,172,0,0,16
aiohttp,8930e2015f90098e3f4693b31ab5595a1c9ac833,2015-05-17T22:57:30+03:00,aiohttp/streams.py,532,18,0,6
aiohttp,8930e2015f90098e3f4693b31ab5595a1c9ac833,2015-05-17T22:57:30+03:00,aiohttp/multipart.py,840,5,0,0
aiohttp,8930e2015f90098e3f4693b31ab5595a1c9ac833,2015-05-17T22:57:30+03:00,aiohttp/websocket_client.py,238,8,0,160
aiohttp,8930e2015f90098e3f4693b31ab5595a1c9ac833,2015-05-17T22:57:30+03:00,tests/test_connector.py,997,0,0,117
aiohttp,8930e2015f90098e3f4693b31ab5595a1c9ac833,2015-05-17T22:57:30+03:00,aiohttp/web.py,228,0,0,30
aiohttp,8930e2015f90098e3f4693b31ab5595a1c9ac833,2015-05-17T22:57:30+03:00,aiohttp/connector.py,597,2,0,119
aiohttp,8930e2015f90098e3f4693b31ab5595a1c9ac833,2015-05-17T22:57:30+03:00,aiohttp/protocol.py,863,6,0,0
aiohttp,8930e2015f90098e3f4693b31ab5595a1c9ac833,2015-05-17T22:57:30+03:00,tests/test_websocket_client.py,697,0,0,144
aiohttp,8930e2015f90098e3f4693b31ab5595a1c9ac833,2015-05-17T22:57:30+03:00,aiohttp/__init__.py,29,0,0,10
aiohttp,8930e2015f90098e3f4693b31ab5595a1c9ac833,2015-05-17T22:57:30+03:00,aiohttp/server.py,392,0,1,0
aiohttp,8930e2015f90098e3f4693b31ab5595a1c9ac833,2015-05-17T22:57:30+03:00,aiohttp/client_reqrep.py,699,4,0,16
aiohttp,8930e2015f90098e3f4693b31ab5595a1c9ac833,2015-05-17T22:57:30+03:00,aiohttp/web_ws.py,265,9,0,0
aiohttp,8930e2015f90098e3f4693b31ab5595a1c9ac833,2015-05-17T22:57:30+03:00,aiohttp/client.py,386,2,0,118
aiohttp,8930e2015f90098e3f4693b31ab5595a1c9ac833,2015-05-17T22:57:30+03:00,aiohttp/parsers.py,436,5,0,0
aiohttp,8930e2015f90098e3f4693b31ab5595a1c9ac833,2015-05-17T22:57:30+03:00,tests/test_client_session.py,360,0,0,67
aiohttp,8930e2015f90098e3f4693b31ab5595a1c9ac833,2015-05-17T22:57:30+03:00,aiohttp/web_urldispatcher.py,402,0,0,62
aiohttp,8930e2015f90098e3f4693b31ab5595a1c9ac833,2015-05-17T22:57:30+03:00,tests/test_web_functional.py,700,0,0,119
aiohttp,8930e2015f90098e3f4693b31ab5595a1c9ac833,2015-05-17T22:57:30+03:00,aiohttp/web_reqrep.py,661,1,0,10
aiohttp,8930e2015f90098e3f4693b31ab5595a1c9ac833,2015-05-17T22:57:30+03:00,tests/test_web_request.py,177,0,0,4
aiohttp,8930e2015f90098e3f4693b31ab5595a1c9ac833,2015-05-17T22:57:30+03:00,tests/test_client_response.py,269,0,0,6
aiohttp,8930e2015f90098e3f4693b31ab5595a1c9ac833,2015-05-17T22:57:30+03:00,aiohttp/worker.py,120,0,1,0
aiohttp,8930e2015f90098e3f4693b31ab5595a1c9ac833,2015-05-17T22:57:30+03:00,tests/test_streams.py,642,0,0,6
aiohttp,8930e2015f90098e3f4693b31ab5595a1c9ac833,2015-05-17T22:57:30+03:00,aiohttp/websocket.py,402,1,0,0
aiohttp,5b007a9091e84c8e666e317f08bc85d2a4dced20,2015-05-27T19:56:59+03:00,tests/test_client_request.py,681,0,0,2
aiohttp,5b007a9091e84c8e666e317f08bc85d2a4dced20,2015-05-27T19:56:59+03:00,tests/test_connector.py,1074,0,0,26
aiohttp,5b007a9091e84c8e666e317f08bc85d2a4dced20,2015-05-27T19:56:59+03:00,aiohttp/web.py,240,0,0,2
aiohttp,5b007a9091e84c8e666e317f08bc85d2a4dced20,2015-05-27T19:56:59+03:00,tests/test_http_protocol.py,497,0,0,12
aiohttp,5b007a9091e84c8e666e317f08bc85d2a4dced20,2015-05-27T19:56:59+03:00,aiohttp/protocol.py,863,6,0,3
aiohttp,5b007a9091e84c8e666e317f08bc85d2a4dced20,2015-05-27T19:56:59+03:00,tests/test_web_response.py,580,0,0,37
aiohttp,5b007a9091e84c8e666e317f08bc85d2a4dced20,2015-05-27T19:56:59+03:00,tests/test_http_server.py,539,0,0,11
aiohttp,5b007a9091e84c8e666e317f08bc85d2a4dced20,2015-05-27T19:56:59+03:00,aiohttp/server.py,392,0,1,2
aiohttp,5b007a9091e84c8e666e317f08bc85d2a4dced20,2015-05-27T19:56:59+03:00,aiohttp/client_reqrep.py,701,4,0,10
aiohttp,5b007a9091e84c8e666e317f08bc85d2a4dced20,2015-05-27T19:56:59+03:00,aiohttp/web_ws.py,265,9,0,0
aiohttp,5b007a9091e84c8e666e317f08bc85d2a4dced20,2015-05-27T19:56:59+03:00,aiohttp/parsers.py,436,5,0,0
aiohttp,5b007a9091e84c8e666e317f08bc85d2a4dced20,2015-05-27T19:56:59+03:00,aiohttp/web_urldispatcher.py,405,0,0,42
aiohttp,5b007a9091e84c8e666e317f08bc85d2a4dced20,2015-05-27T19:56:59+03:00,aiohttp/worker.py,120,0,1,0
aiohttp,5b007a9091e84c8e666e317f08bc85d2a4dced20,2015-05-27T19:56:59+03:00,aiohttp/streams.py,536,18,0,0
aiohttp,5b007a9091e84c8e666e317f08bc85d2a4dced20,2015-05-27T19:56:59+03:00,aiohttp/multipart.py,840,5,0,0
aiohttp,5b007a9091e84c8e666e317f08bc85d2a4dced20,2015-05-27T19:56:59+03:00,aiohttp/websocket_client.py,200,8,0,0
aiohttp,5b007a9091e84c8e666e317f08bc85d2a4dced20,2015-05-27T19:56:59+03:00,aiohttp/connector.py,666,2,0,62
aiohttp,5b007a9091e84c8e666e317f08bc85d2a4dced20,2015-05-27T19:56:59+03:00,tests/test_client_functional.py,1369,0,0,22
aiohttp,5b007a9091e84c8e666e317f08bc85d2a4dced20,2015-05-27T19:56:59+03:00,aiohttp/__init__.py,29,0,0,6
aiohttp,5b007a9091e84c8e666e317f08bc85d2a4dced20,2015-05-27T19:56:59+03:00,aiohttp/client.py,456,2,0,4
aiohttp,5b007a9091e84c8e666e317f08bc85d2a4dced20,2015-05-27T19:56:59+03:00,tests/test_client_session.py,419,0,0,2
aiohttp,5b007a9091e84c8e666e317f08bc85d2a4dced20,2015-05-27T19:56:59+03:00,tests/test_web_functional.py,700,0,0,132
aiohttp,5b007a9091e84c8e666e317f08bc85d2a4dced20,2015-05-27T19:56:59+03:00,aiohttp/web_reqrep.py,678,1,0,109
aiohttp,5b007a9091e84c8e666e317f08bc85d2a4dced20,2015-05-27T19:56:59+03:00,aiohttp/hdrs.py,85,0,0,2
aiohttp,5b007a9091e84c8e666e317f08bc85d2a4dced20,2015-05-27T19:56:59+03:00,tests/test_client_response.py,269,0,0,2
aiohttp,5b007a9091e84c8e666e317f08bc85d2a4dced20,2015-05-27T19:56:59+03:00,aiohttp/websocket.py,402,1,0,0
aiohttp,7b44490c720371adbc962ff604b283914b9d3d8c,2015-06-13T09:23:22+03:00,benchmark/async.py,329,0,0,55
aiohttp,7b44490c720371adbc962ff604b283914b9d3d8c,2015-06-13T09:23:22+03:00,tests/test_multidict.py,815,0,0,80
aiohttp,7b44490c720371adbc962ff604b283914b9d3d8c,2015-06-13T09:23:22+03:00,tests/test_client_request.py,683,0,0,21
aiohttp,7b44490c720371adbc962ff604b283914b9d3d8c,2015-06-13T09:23:22+03:00,aiohttp/streams.py,536,18,0,0
aiohttp,7b44490c720371adbc962ff604b283914b9d3d8c,2015-06-13T09:23:22+03:00,aiohttp/multipart.py,840,5,0,0
aiohttp,7b44490c720371adbc962ff604b283914b9d3d8c,2015-06-13T09:23:22+03:00,aiohttp/websocket_client.py,200,8,0,0
aiohttp,7b44490c720371adbc962ff604b283914b9d3d8c,2015-06-13T09:23:22+03:00,setup.py,100,0,0,4
aiohttp,7b44490c720371adbc962ff604b283914b9d3d8c,2015-06-13T09:23:22+03:00,tests/test_connector.py,1094,0,0,74
aiohttp,7b44490c720371adbc962ff604b283914b9d3d8c,2015-06-13T09:23:22+03:00,tests/test_urldispatch.py,530,0,0,17
aiohttp,7b44490c720371adbc962ff604b283914b9d3d8c,2015-06-13T09:23:22+03:00,tests/test_web_response.py,617,0,0,78
aiohttp,7b44490c720371adbc962ff604b283914b9d3d8c,2015-06-13T09:23:22+03:00,aiohttp/connector.py,680,2,0,60
aiohttp,7b44490c720371adbc962ff604b283914b9d3d8c,2015-06-13T09:23:22+03:00,aiohttp/protocol.py,864,6,0,0
aiohttp,7b44490c720371adbc962ff604b283914b9d3d8c,2015-06-13T09:23:22+03:00,tests/test_client_functional.py,1385,0,0,19
aiohttp,7b44490c720371adbc962ff604b283914b9d3d8c,2015-06-13T09:23:22+03:00,aiohttp/__init__.py,29,0,0,2
aiohttp,7b44490c720371adbc962ff604b283914b9d3d8c,2015-06-13T09:23:22+03:00,aiohttp/server.py,394,0,1,0
aiohttp,7b44490c720371adbc962ff604b283914b9d3d8c,2015-06-13T09:23:22+03:00,aiohttp/client_reqrep.py,705,4,0,56
aiohttp,7b44490c720371adbc962ff604b283914b9d3d8c,2015-06-13T09:23:22+03:00,aiohttp/web_ws.py,265,9,0,0
aiohttp,7b44490c720371adbc962ff604b283914b9d3d8c,2015-06-13T09:23:22+03:00,aiohttp/client.py,458,2,0,89
aiohttp,7b44490c720371adbc962ff604b283914b9d3d8c,2015-06-13T09:23:22+03:00,aiohttp/parsers.py,436,5,0,0
aiohttp,7b44490c720371adbc962ff604b283914b9d3d8c,2015-06-13T09:23:22+03:00,aiohttp/multidict.py,364,0,0,3
aiohttp,7b44490c720371adbc962ff604b283914b9d3d8c,2015-06-13T09:23:22+03:00,tests/test_client_session.py,421,0,0,12
aiohttp,7b44490c720371adbc962ff604b283914b9d3d8c,2015-06-13T09:23:22+03:00,aiohttp/web_urldispatcher.py,415,0,0,7
aiohttp,7b44490c720371adbc962ff604b283914b9d3d8c,2015-06-13T09:23:22+03:00,aiohttp/web_reqrep.py,724,3,0,64
aiohttp,7b44490c720371adbc962ff604b283914b9d3d8c,2015-06-13T09:23:22+03:00,aiohttp/worker.py,120,0,1,0
aiohttp,7b44490c720371adbc962ff604b283914b9d3d8c,2015-06-13T09:23:22+03:00,aiohttp/websocket.py,402,1,0,0
aiohttp,15d7c5bb96c1f8f53d39ffd9f7b577b7dcd6f6b3,2015-06-20T14:09:35+03:00,benchmark/async.py,329,0,0,55
aiohttp,15d7c5bb96c1f8f53d39ffd9f7b577b7dcd6f6b3,2015-06-20T14:09:35+03:00,tests/test_client_request.py,683,0,0,21
aiohttp,15d7c5bb96c1f8f53d39ffd9f7b577b7dcd6f6b3,2015-06-20T14:09:35+03:00,aiohttp/streams.py,536,18,0,0
aiohttp,15d7c5bb96c1f8f53d39ffd9f7b577b7dcd6f6b3,2015-06-20T14:09:35+03:00,aiohttp/multipart.py,840,5,0,0
aiohttp,15d7c5bb96c1f8f53d39ffd9f7b577b7dcd6f6b3,2015-06-20T14:09:35+03:00,aiohttp/websocket_client.py,200,8,0,0
aiohttp,15d7c5bb96c1f8f53d39ffd9f7b577b7dcd6f6b3,2015-06-20T14:09:35+03:00,setup.py,100,0,0,2
aiohttp,15d7c5bb96c1f8f53d39ffd9f7b577b7dcd6f6b3,2015-06-20T14:09:35+03:00,tests/test_connector.py,1139,0,0,64
aiohttp,15d7c5bb96c1f8f53d39ffd9f7b577b7dcd6f6b3,2015-06-20T14:09:35+03:00,tests/test_urldispatch.py,530,0,0,27
aiohttp,15d7c5bb96c1f8f53d39ffd9f7b577b7dcd6f6b3,2015-06-20T14:09:35+03:00,tests/test_web_response.py,617,0,0,5
aiohttp,15d7c5bb96c1f8f53d39ffd9f7b577b7dcd6f6b3,2015-06-20T14:09:35+03:00,aiohttp/connector.py,726,2,0,38
aiohttp,15d7c5bb96c1f8f53d39ffd9f7b577b7dcd6f6b3,2015-06-20T14:09:35+03:00,aiohttp/protocol.py,864,6,0,0
aiohttp,15d7c5bb96c1f8f53d39ffd9f7b577b7dcd6f6b3,2015-06-20T14:09:35+03:00,tests/test_client_functional.py,1385,0,0,19
aiohttp,15d7c5bb96c1f8f53d39ffd9f7b577b7dcd6f6b3,2015-06-20T14:09:35+03:00,aiohttp/server.py,394,0,1,10
aiohttp,15d7c5bb96c1f8f53d39ffd9f7b577b7dcd6f6b3,2015-06-20T14:09:35+03:00,aiohttp/client_reqrep.py,705,4,0,56
aiohttp,15d7c5bb96c1f8f53d39ffd9f7b577b7dcd6f6b3,2015-06-20T14:09:35+03:00,aiohttp/web_ws.py,265,9,0,0
aiohttp,15d7c5bb96c1f8f53d39ffd9f7b577b7dcd6f6b3,2015-06-20T14:09:35+03:00,aiohttp/client.py,458,2,0,89
aiohttp,15d7c5bb96c1f8f53d39ffd9f7b577b7dcd6f6b3,2015-06-20T14:09:35+03:00,aiohttp/parsers.py,436,5,0,6
aiohttp,15d7c5bb96c1f8f53d39ffd9f7b577b7dcd6f6b3,2015-06-20T14:09:35+03:00,tests/test_client_session.py,421,0,0,12
aiohttp,15d7c5bb96c1f8f53d39ffd9f7b577b7dcd6f6b3,2015-06-20T14:09:35+03:00,aiohttp/web_urldispatcher.py,415,0,0,18
aiohttp,15d7c5bb96c1f8f53d39ffd9f7b577b7dcd6f6b3,2015-06-20T14:09:35+03:00,aiohttp/web_reqrep.py,724,3,0,18
aiohttp,15d7c5bb96c1f8f53d39ffd9f7b577b7dcd6f6b3,2015-06-20T14:09:35+03:00,aiohttp/worker.py,120,0,1,0
aiohttp,15d7c5bb96c1f8f53d39ffd9f7b577b7dcd6f6b3,2015-06-20T14:09:35+03:00,aiohttp/websocket.py,402,1,0,0
aiohttp,8c404cf3e231bdc4052f05e17292565863231cf1,2015-06-21T10:06:54+03:00,benchmark/async.py,329,0,0,55
aiohttp,8c404cf3e231bdc4052f05e17292565863231cf1,2015-06-21T10:06:54+03:00,tests/test_client_request.py,683,0,0,21
aiohttp,8c404cf3e231bdc4052f05e17292565863231cf1,2015-06-21T10:06:54+03:00,aiohttp/streams.py,536,18,0,0
aiohttp,8c404cf3e231bdc4052f05e17292565863231cf1,2015-06-21T10:06:54+03:00,aiohttp/multipart.py,840,5,0,0
aiohttp,8c404cf3e231bdc4052f05e17292565863231cf1,2015-06-21T10:06:54+03:00,aiohttp/websocket_client.py,200,8,0,0
aiohttp,8c404cf3e231bdc4052f05e17292565863231cf1,2015-06-21T10:06:54+03:00,setup.py,100,0,0,2
aiohttp,8c404cf3e231bdc4052f05e17292565863231cf1,2015-06-21T10:06:54+03:00,tests/test_connector.py,1140,0,0,41
aiohttp,8c404cf3e231bdc4052f05e17292565863231cf1,2015-06-21T10:06:54+03:00,tests/test_urldispatch.py,547,0,0,10
aiohttp,8c404cf3e231bdc4052f05e17292565863231cf1,2015-06-21T10:06:54+03:00,tests/test_web_response.py,682,0,0,5
aiohttp,8c404cf3e231bdc4052f05e17292565863231cf1,2015-06-21T10:06:54+03:00,aiohttp/connector.py,726,2,0,2
aiohttp,8c404cf3e231bdc4052f05e17292565863231cf1,2015-06-21T10:06:54+03:00,aiohttp/protocol.py,864,6,0,0
aiohttp,8c404cf3e231bdc4052f05e17292565863231cf1,2015-06-21T10:06:54+03:00,tests/test_client_functional.py,1385,0,0,19
aiohttp,8c404cf3e231bdc4052f05e17292565863231cf1,2015-06-21T10:06:54+03:00,aiohttp/server.py,394,0,1,10
aiohttp,8c404cf3e231bdc4052f05e17292565863231cf1,2015-06-21T10:06:54+03:00,aiohttp/client_reqrep.py,705,4,0,56
aiohttp,8c404cf3e231bdc4052f05e17292565863231cf1,2015-06-21T10:06:54+03:00,aiohttp/web_ws.py,265,9,0,0
aiohttp,8c404cf3e231bdc4052f05e17292565863231cf1,2015-06-21T10:06:54+03:00,aiohttp/client.py,458,2,0,89
aiohttp,8c404cf3e231bdc4052f05e17292565863231cf1,2015-06-21T10:06:54+03:00,aiohttp/parsers.py,436,5,0,6
aiohttp,8c404cf3e231bdc4052f05e17292565863231cf1,2015-06-21T10:06:54+03:00,tests/test_client_session.py,421,0,0,12
aiohttp,8c404cf3e231bdc4052f05e17292565863231cf1,2015-06-21T10:06:54+03:00,aiohttp/web_urldispatcher.py,418,0,0,11
aiohttp,8c404cf3e231bdc4052f05e17292565863231cf1,2015-06-21T10:06:54+03:00,aiohttp/web_reqrep.py,765,3,0,7
aiohttp,8c404cf3e231bdc4052f05e17292565863231cf1,2015-06-21T10:06:54+03:00,aiohttp/worker.py,120,0,1,0
aiohttp,8c404cf3e231bdc4052f05e17292565863231cf1,2015-06-21T10:06:54+03:00,aiohttp/websocket.py,402,1,0,0
aiohttp,79170e03f6cc59f63204135a8cf32d443ea1faab,2015-08-13T11:19:06-04:00,benchmark/async.py,328,0,0,60
aiohttp,79170e03f6cc59f63204135a8cf32d443ea1faab,2015-08-13T11:19:06-04:00,tests/test_multidict.py,887,0,0,24
aiohttp,79170e03f6cc59f63204135a8cf32d443ea1faab,2015-08-13T11:19:06-04:00,aiohttp/streams.py,536,18,0,0
aiohttp,79170e03f6cc59f63204135a8cf32d443ea1faab,2015-08-13T11:19:06-04:00,aiohttp/multipart.py,850,5,0,0
aiohttp,79170e03f6cc59f63204135a8cf32d443ea1faab,2015-08-13T11:19:06-04:00,aiohttp/websocket_client.py,200,8,0,0
aiohttp,79170e03f6cc59f63204135a8cf32d443ea1faab,2015-08-13T11:19:06-04:00,setup.py,100,0,0,1
aiohttp,79170e03f6cc59f63204135a8cf32d443ea1faab,2015-08-13T11:19:06-04:00,tests/test_connector.py,1179,0,0,32
aiohttp,79170e03f6cc59f63204135a8cf32d443ea1faab,2015-08-13T11:19:06-04:00,aiohttp/connector.py,726,2,0,38
aiohttp,79170e03f6cc59f63204135a8cf32d443ea1faab,2015-08-13T11:19:06-04:00,aiohttp/protocol.py,864,6,0,8
aiohttp,79170e03f6cc59f63204135a8cf32d443ea1faab,2015-08-13T11:19:06-04:00,aiohttp/server.py,398,0,1,2
aiohttp,79170e03f6cc59f63204135a8cf32d443ea1faab,2015-08-13T11:19:06-04:00,aiohttp/client_reqrep.py,715,4,0,0
aiohttp,79170e03f6cc59f63204135a8cf32d443ea1faab,2015-08-13T11:19:06-04:00,aiohttp/web_ws.py,265,9,0,0
aiohttp,79170e03f6cc59f63204135a8cf32d443ea1faab,2015-08-13T11:19:06-04:00,aiohttp/client.py,511,2,0,4
aiohttp,79170e03f6cc59f63204135a8cf32d443ea1faab,2015-08-13T11:19:06-04:00,aiohttp/parsers.py,442,5,0,0
aiohttp,79170e03f6cc59f63204135a8cf32d443ea1faab,2015-08-13T11:19:06-04:00,aiohttp/multidict.py,385,0,0,26
aiohttp,79170e03f6cc59f63204135a8cf32d443ea1faab,2015-08-13T11:19:06-04:00,aiohttp/web_reqrep.py,768,3,0,0
aiohttp,79170e03f6cc59f63204135a8cf32d443ea1faab,2015-08-13T11:19:06-04:00,aiohttp/worker.py,120,0,1,0
aiohttp,79170e03f6cc59f63204135a8cf32d443ea1faab,2015-08-13T11:19:06-04:00,aiohttp/websocket.py,402,1,0,0
aiohttp,dc3c2983db7f79581ad06688adfd969b4180df80,2015-09-28T00:08:28+03:00,tests/test_multidict.py,887,0,0,40
aiohttp,dc3c2983db7f79581ad06688adfd969b4180df80,2015-09-28T00:08:28+03:00,tests/test_client_request.py,874,0,0,22
aiohttp,dc3c2983db7f79581ad06688adfd969b4180df80,2015-09-28T00:08:28+03:00,tests/test_py35/test_streams.py,0,0,0,72
aiohttp,dc3c2983db7f79581ad06688adfd969b4180df80,2015-09-28T00:08:28+03:00,setup.py,123,0,0,33
aiohttp,dc3c2983db7f79581ad06688adfd969b4180df80,2015-09-28T00:08:28+03:00,tests/test_connector.py,1194,0,0,10
aiohttp,dc3c2983db7f79581ad06688adfd969b4180df80,2015-09-28T00:08:28+03:00,examples/srv.py,167,0,0,2
aiohttp,dc3c2983db7f79581ad06688adfd969b4180df80,2015-09-28T00:08:28+03:00,tests/test_web_response.py,724,0,0,18
aiohttp,dc3c2983db7f79581ad06688adfd969b4180df80,2015-09-28T00:08:28+03:00,aiohttp/web.py,241,0,0,10
aiohttp,dc3c2983db7f79581ad06688adfd969b4180df80,2015-09-28T00:08:28+03:00,aiohttp/protocol.py,859,6,0,0
aiohttp,dc3c2983db7f79581ad06688adfd969b4180df80,2015-09-28T00:08:28+03:00,tests/test_http_server.py,552,0,0,9
aiohttp,dc3c2983db7f79581ad06688adfd969b4180df80,2015-09-28T00:08:28+03:00,aiohttp/server.py,398,0,1,0
aiohttp,dc3c2983db7f79581ad06688adfd969b4180df80,2015-09-28T00:08:28+03:00,aiohttp/client_reqrep.py,751,3,0,37
aiohttp,dc3c2983db7f79581ad06688adfd969b4180df80,2015-09-28T00:08:28+03:00,aiohttp/web_ws.py,287,9,0,0
aiohttp,dc3c2983db7f79581ad06688adfd969b4180df80,2015-09-28T00:08:28+03:00,aiohttp/parsers.py,442,5,0,2
aiohttp,dc3c2983db7f79581ad06688adfd969b4180df80,2015-09-28T00:08:28+03:00,aiohttp/web_urldispatcher.py,501,0,0,42
aiohttp,dc3c2983db7f79581ad06688adfd969b4180df80,2015-09-28T00:08:28+03:00,aiohttp/worker.py,120,0,1,0
aiohttp,dc3c2983db7f79581ad06688adfd969b4180df80,2015-09-28T00:08:28+03:00,tests/test_web_websocket_functional.py,439,0,0,2
aiohttp,dc3c2983db7f79581ad06688adfd969b4180df80,2015-09-28T00:08:28+03:00,tests/test_py35/__init__.py,0,0,0,5
aiohttp,dc3c2983db7f79581ad06688adfd969b4180df80,2015-09-28T00:08:28+03:00,aiohttp/streams.py,531,16,0,83
aiohttp,dc3c2983db7f79581ad06688adfd969b4180df80,2015-09-28T00:08:28+03:00,aiohttp/multipart.py,851,5,0,0
aiohttp,dc3c2983db7f79581ad06688adfd969b4180df80,2015-09-28T00:08:28+03:00,aiohttp/websocket_client.py,200,8,0,0
aiohttp,dc3c2983db7f79581ad06688adfd969b4180df80,2015-09-28T00:08:28+03:00,aiohttp/connector.py,723,2,0,81
aiohttp,dc3c2983db7f79581ad06688adfd969b4180df80,2015-09-28T00:08:28+03:00,tests/test_client_functional.py,1376,0,0,99
aiohttp,dc3c2983db7f79581ad06688adfd969b4180df80,2015-09-28T00:08:28+03:00,tests/test_web_exceptions.py,157,0,0,4
aiohttp,dc3c2983db7f79581ad06688adfd969b4180df80,2015-09-28T00:08:28+03:00,tests/test_signals.py,0,0,0,98
aiohttp,dc3c2983db7f79581ad06688adfd969b4180df80,2015-09-28T00:08:28+03:00,aiohttp/__init__.py,29,0,0,2
aiohttp,dc3c2983db7f79581ad06688adfd969b4180df80,2015-09-28T00:08:28+03:00,aiohttp/client.py,522,1,0,82
aiohttp,dc3c2983db7f79581ad06688adfd969b4180df80,2015-09-28T00:08:28+03:00,tests/test_py35/test_resp.py,0,0,0,1
aiohttp,dc3c2983db7f79581ad06688adfd969b4180df80,2015-09-28T00:08:28+03:00,tests/test_client_functional_newstyle.py,121,0,0,44
aiohttp,dc3c2983db7f79581ad06688adfd969b4180df80,2015-09-28T00:08:28+03:00,aiohttp/signals.py,0,0,0,134
aiohttp,dc3c2983db7f79581ad06688adfd969b4180df80,2015-09-28T00:08:28+03:00,tests/test_web_websocket.py,408,0,0,4
aiohttp,dc3c2983db7f79581ad06688adfd969b4180df80,2015-09-28T00:08:28+03:00,tests/test_client_session.py,429,0,0,67
aiohttp,dc3c2983db7f79581ad06688adfd969b4180df80,2015-09-28T00:08:28+03:00,tests/test_web_functional.py,1043,0,0,20
aiohttp,dc3c2983db7f79581ad06688adfd969b4180df80,2015-09-28T00:08:28+03:00,aiohttp/web_reqrep.py,795,3,0,4
aiohttp,dc3c2983db7f79581ad06688adfd969b4180df80,2015-09-28T00:08:28+03:00,tests/test_web_request.py,212,0,0,4
aiohttp,dc3c2983db7f79581ad06688adfd969b4180df80,2015-09-28T00:08:28+03:00,tests/test_client_response.py,274,0,0,4
aiohttp,dc3c2983db7f79581ad06688adfd969b4180df80,2015-09-28T00:08:28+03:00,tests/test_streams.py,662,0,0,37
aiohttp,dc3c2983db7f79581ad06688adfd969b4180df80,2015-09-28T00:08:28+03:00,aiohttp/websocket.py,402,1,0,0
aiohttp,3e68ce9289573c15e8982d77b9b0d9553ae442bb,2015-10-25T15:33:11+03:00,tests/test_client_request.py,915,0,0,40
aiohttp,3e68ce9289573c15e8982d77b9b0d9553ae442bb,2015-10-25T15:33:11+03:00,tests/test_connector.py,1104,0,0,70
aiohttp,3e68ce9289573c15e8982d77b9b0d9553ae442bb,2015-10-25T15:33:11+03:00,tests/test_urldispatch.py,644,0,0,25
aiohttp,3e68ce9289573c15e8982d77b9b0d9553ae442bb,2015-10-25T15:33:11+03:00,tests/test_web_response.py,790,0,0,131
aiohttp,3e68ce9289573c15e8982d77b9b0d9553ae442bb,2015-10-25T15:33:11+03:00,aiohttp/web.py,263,0,0,15
aiohttp,3e68ce9289573c15e8982d77b9b0d9553ae442bb,2015-10-25T15:33:11+03:00,aiohttp/protocol.py,859,6,0,0
aiohttp,3e68ce9289573c15e8982d77b9b0d9553ae442bb,2015-10-25T15:33:11+03:00,tests/test_websocket_client.py,376,0,0,21
aiohttp,3e68ce9289573c15e8982d77b9b0d9553ae442bb,2015-10-25T15:33:11+03:00,aiohttp/server.py,400,0,1,0
aiohttp,3e68ce9289573c15e8982d77b9b0d9553ae442bb,2015-10-25T15:33:11+03:00,aiohttp/helpers.py,373,0,0,74
aiohttp,3e68ce9289573c15e8982d77b9b0d9553ae442bb,2015-10-25T15:33:11+03:00,aiohttp/client_reqrep.py,757,3,0,26
aiohttp,3e68ce9289573c15e8982d77b9b0d9553ae442bb,2015-10-25T15:33:11+03:00,aiohttp/web_ws.py,287,9,0,0
aiohttp,3e68ce9289573c15e8982d77b9b0d9553ae442bb,2015-10-25T15:33:11+03:00,tests/test_py35/test_web_websocket_35.py,0,0,0,2
aiohttp,3e68ce9289573c15e8982d77b9b0d9553ae442bb,2015-10-25T15:33:11+03:00,aiohttp/parsers.py,442,5,0,2
aiohttp,3e68ce9289573c15e8982d77b9b0d9553ae442bb,2015-10-25T15:33:11+03:00,aiohttp/web_urldispatcher.py,531,0,0,4
aiohttp,3e68ce9289573c15e8982d77b9b0d9553ae442bb,2015-10-25T15:33:11+03:00,aiohttp/worker.py,120,0,1,0
aiohttp,3e68ce9289573c15e8982d77b9b0d9553ae442bb,2015-10-25T15:33:11+03:00,tests/test_client_functional_oldstyle.py,1351,0,0,64
aiohttp,3e68ce9289573c15e8982d77b9b0d9553ae442bb,2015-10-25T15:33:11+03:00,tests/test_py35/test_timeout.py,0,0,0,203
aiohttp,3e68ce9289573c15e8982d77b9b0d9553ae442bb,2015-10-25T15:33:11+03:00,aiohttp/streams.py,609,16,0,0
aiohttp,3e68ce9289573c15e8982d77b9b0d9553ae442bb,2015-10-25T15:33:11+03:00,aiohttp/multipart.py,851,5,0,0
aiohttp,3e68ce9289573c15e8982d77b9b0d9553ae442bb,2015-10-25T15:33:11+03:00,aiohttp/websocket_client.py,200,8,0,12
aiohttp,3e68ce9289573c15e8982d77b9b0d9553ae442bb,2015-10-25T15:33:11+03:00,tests/test_client_functional.py,318,0,0,59
aiohttp,3e68ce9289573c15e8982d77b9b0d9553ae442bb,2015-10-25T15:33:11+03:00,aiohttp/connector.py,710,0,0,32
aiohttp,3e68ce9289573c15e8982d77b9b0d9553ae442bb,2015-10-25T15:33:11+03:00,aiohttp/__init__.py,29,0,0,8
aiohttp,3e68ce9289573c15e8982d77b9b0d9553ae442bb,2015-10-25T15:33:11+03:00,aiohttp/client.py,614,1,1,34
aiohttp,3e68ce9289573c15e8982d77b9b0d9553ae442bb,2015-10-25T15:33:11+03:00,tests/test_websocket_client_functional.py,325,0,0,470
aiohttp,3e68ce9289573c15e8982d77b9b0d9553ae442bb,2015-10-25T15:33:11+03:00,tests/test_web_functional.py,1044,0,0,26
aiohttp,3e68ce9289573c15e8982d77b9b0d9553ae442bb,2015-10-25T15:33:11+03:00,aiohttp/web_reqrep.py,796,3,0,90
aiohttp,3e68ce9289573c15e8982d77b9b0d9553ae442bb,2015-10-25T15:33:11+03:00,tests/test_web_request.py,234,0,0,6
aiohttp,3e68ce9289573c15e8982d77b9b0d9553ae442bb,2015-10-25T15:33:11+03:00,tests/test_web_application.py,78,0,0,6
aiohttp,82d9aa3e0823cc9462b36b0bde7e1fe80129e66b,2015-12-22T21:19:07+02:00,setup.py,116,0,0,2
aiohttp,82d9aa3e0823cc9462b36b0bde7e1fe80129e66b,2015-12-22T21:19:07+02:00,tests/test_py35/test_cbv35.py,0,0,0,19
aiohttp,82d9aa3e0823cc9462b36b0bde7e1fe80129e66b,2015-12-22T21:19:07+02:00,tests/test_http_protocol.py,487,0,0,1
aiohttp,82d9aa3e0823cc9462b36b0bde7e1fe80129e66b,2015-12-22T21:19:07+02:00,aiohttp/protocol.py,863,6,0,73
aiohttp,82d9aa3e0823cc9462b36b0bde7e1fe80129e66b,2015-12-22T21:19:07+02:00,tests/test_websocket_client.py,419,0,0,22
aiohttp,82d9aa3e0823cc9462b36b0bde7e1fe80129e66b,2015-12-22T21:19:07+02:00,aiohttp/server.py,390,0,1,2
aiohttp,82d9aa3e0823cc9462b36b0bde7e1fe80129e66b,2015-12-22T21:19:07+02:00,aiohttp/helpers.py,516,0,0,31
aiohttp,82d9aa3e0823cc9462b36b0bde7e1fe80129e66b,2015-12-22T21:19:07+02:00,aiohttp/client_reqrep.py,759,3,0,0
aiohttp,82d9aa3e0823cc9462b36b0bde7e1fe80129e66b,2015-12-22T21:19:07+02:00,tests/test_websocket_parser.py,461,0,0,35
aiohttp,82d9aa3e0823cc9462b36b0bde7e1fe80129e66b,2015-12-22T21:19:07+02:00,aiohttp/web_ws.py,301,9,0,0
aiohttp,82d9aa3e0823cc9462b36b0bde7e1fe80129e66b,2015-12-22T21:19:07+02:00,aiohttp/parsers.py,531,8,0,0
aiohttp,82d9aa3e0823cc9462b36b0bde7e1fe80129e66b,2015-12-22T21:19:07+02:00,aiohttp/abc.py,23,0,0,9
aiohttp,82d9aa3e0823cc9462b36b0bde7e1fe80129e66b,2015-12-22T21:19:07+02:00,aiohttp/web_urldispatcher.py,541,0,0,231
aiohttp,82d9aa3e0823cc9462b36b0bde7e1fe80129e66b,2015-12-22T21:19:07+02:00,aiohttp/worker.py,130,0,1,0
aiohttp,82d9aa3e0823cc9462b36b0bde7e1fe80129e66b,2015-12-22T21:19:07+02:00,aiohttp/errors.py,192,0,0,3
aiohttp,82d9aa3e0823cc9462b36b0bde7e1fe80129e66b,2015-12-22T21:19:07+02:00,tests/test_protocol.py,0,0,0,782
aiohttp,82d9aa3e0823cc9462b36b0bde7e1fe80129e66b,2015-12-22T21:19:07+02:00,tests/test_timeout.py,122,0,0,150
aiohttp,82d9aa3e0823cc9462b36b0bde7e1fe80129e66b,2015-12-22T21:19:07+02:00,aiohttp/streams.py,609,16,0,0
aiohttp,82d9aa3e0823cc9462b36b0bde7e1fe80129e66b,2015-12-22T21:19:07+02:00,aiohttp/multipart.py,882,5,0,0
aiohttp,82d9aa3e0823cc9462b36b0bde7e1fe80129e66b,2015-12-22T21:19:07+02:00,aiohttp/websocket_client.py,187,8,0,7
aiohttp,82d9aa3e0823cc9462b36b0bde7e1fe80129e66b,2015-12-22T21:19:07+02:00,aiohttp/__init__.py,31,0,0,6
aiohttp,82d9aa3e0823cc9462b36b0bde7e1fe80129e66b,2015-12-22T21:19:07+02:00,aiohttp/client.py,685,1,1,125
aiohttp,82d9aa3e0823cc9462b36b0bde7e1fe80129e66b,2015-12-22T21:19:07+02:00,docs/conf.py,319,0,0,2
aiohttp,82d9aa3e0823cc9462b36b0bde7e1fe80129e66b,2015-12-22T21:19:07+02:00,aiohttp/wsgi.py,221,0,0,42
aiohttp,82d9aa3e0823cc9462b36b0bde7e1fe80129e66b,2015-12-22T21:19:07+02:00,aiohttp/web_reqrep.py,868,3,0,14
aiohttp,82d9aa3e0823cc9462b36b0bde7e1fe80129e66b,2015-12-22T21:19:07+02:00,tests/test_wsgi.py,290,0,0,39
aiohttp,82d9aa3e0823cc9462b36b0bde7e1fe80129e66b,2015-12-22T21:19:07+02:00,aiohttp/websocket.py,414,0,0,5
aiohttp,0b8e831fe5f0ff372826d4fc993195285f2aefde,2016-01-06T18:09:41+02:00,demos/polls/{aiohttp_polls => aiohttpdemo_polls}/views.py,0,0,0,0
aiohttp,0b8e831fe5f0ff372826d4fc993195285f2aefde,2016-01-06T18:09:41+02:00,tests/conftest.py,287,0,0,2
aiohttp,0b8e831fe5f0ff372826d4fc993195285f2aefde,2016-01-06T18:09:41+02:00,tests/test_helpers.py,207,0,0,24
aiohttp,0b8e831fe5f0ff372826d4fc993195285f2aefde,2016-01-06T18:09:41+02:00,tests/test_urldispatch.py,667,0,0,201
aiohttp,0b8e831fe5f0ff372826d4fc993195285f2aefde,2016-01-06T18:09:41+02:00,aiohttp/web.py,302,0,0,195
aiohttp,0b8e831fe5f0ff372826d4fc993195285f2aefde,2016-01-06T18:09:41+02:00,demos/polls/setup.py,0,0,0,42
aiohttp,0b8e831fe5f0ff372826d4fc993195285f2aefde,2016-01-06T18:09:41+02:00,aiohttp/protocol.py,906,6,0,79
aiohttp,0b8e831fe5f0ff372826d4fc993195285f2aefde,2016-01-06T18:09:41+02:00,tests/test_web_response.py,962,0,0,9
aiohttp,0b8e831fe5f0ff372826d4fc993195285f2aefde,2016-01-06T18:09:41+02:00,demos/polls/aiohttp_polls/utils.py,0,0,0,22
aiohttp,0b8e831fe5f0ff372826d4fc993195285f2aefde,2016-01-06T18:09:41+02:00,aiohttp/server.py,398,0,1,17
aiohttp,0b8e831fe5f0ff372826d4fc993195285f2aefde,2016-01-06T18:09:41+02:00,aiohttp/web_ws.py,301,9,0,0
aiohttp,0b8e831fe5f0ff372826d4fc993195285f2aefde,2016-01-06T18:09:41+02:00,aiohttp/web_urldispatcher.py,573,0,0,870
aiohttp,0b8e831fe5f0ff372826d4fc993195285f2aefde,2016-01-06T18:09:41+02:00,tests/test_http_parser.py,568,0,0,111
aiohttp,0b8e831fe5f0ff372826d4fc993195285f2aefde,2016-01-06T18:09:41+02:00,tests/test_web_cli.py,0,0,0,121
aiohttp,0b8e831fe5f0ff372826d4fc993195285f2aefde,2016-01-06T18:09:41+02:00,aiohttp/errors.py,189,0,0,2
aiohttp,0b8e831fe5f0ff372826d4fc993195285f2aefde,2016-01-06T18:09:41+02:00,tests/test_protocol.py,516,0,0,31
aiohttp,0b8e831fe5f0ff372826d4fc993195285f2aefde,2016-01-06T18:09:41+02:00,demos/polls/{aiohttp_polls => aiohttpdemo_polls}/main.py,0,0,0,6
aiohttp,0b8e831fe5f0ff372826d4fc993195285f2aefde,2016-01-06T18:09:41+02:00,aiohttp/streams.py,609,16,0,0
aiohttp,0b8e831fe5f0ff372826d4fc993195285f2aefde,2016-01-06T18:09:41+02:00,aiohttp/multipart.py,882,5,0,7
aiohttp,0b8e831fe5f0ff372826d4fc993195285f2aefde,2016-01-06T18:09:41+02:00,aiohttp/websocket_client.py,184,8,0,0
aiohttp,0b8e831fe5f0ff372826d4fc993195285f2aefde,2016-01-06T18:09:41+02:00,tests/test_client_functional.py,401,0,0,33
aiohttp,0b8e831fe5f0ff372826d4fc993195285f2aefde,2016-01-06T18:09:41+02:00,demos/polls/aiohttp_polls/__init__.py,0,0,0,1
aiohttp,0b8e831fe5f0ff372826d4fc993195285f2aefde,2016-01-06T18:09:41+02:00,demos/polls/aiohttpdemo_polls/__main__.py,0,0,0,3
aiohttp,0b8e831fe5f0ff372826d4fc993195285f2aefde,2016-01-06T18:09:41+02:00,tests/test_web_exceptions.py,168,0,0,5
aiohttp,0b8e831fe5f0ff372826d4fc993195285f2aefde,2016-01-06T18:09:41+02:00,tests/test_signals.py,145,0,0,14
aiohttp,0b8e831fe5f0ff372826d4fc993195285f2aefde,2016-01-06T18:09:41+02:00,demos/polls/{aiohttp_polls => aiohttpdemo_polls}/routes.py,0,0,0,0
aiohttp,0b8e831fe5f0ff372826d4fc993195285f2aefde,2016-01-06T18:09:41+02:00,aiohttp/client.py,714,1,1,92
aiohttp,0b8e831fe5f0ff372826d4fc993195285f2aefde,2016-01-06T18:09:41+02:00,demos/polls/aiohttpdemo_polls/db.py,0,0,0,23
aiohttp,0b8e831fe5f0ff372826d4fc993195285f2aefde,2016-01-06T18:09:41+02:00,aiohttp/wsgi.py,233,0,0,3
aiohttp,0b8e831fe5f0ff372826d4fc993195285f2aefde,2016-01-06T18:09:41+02:00,tests/test_web_websocket.py,410,0,0,2
aiohttp,0b8e831fe5f0ff372826d4fc993195285f2aefde,2016-01-06T18:09:41+02:00,tests/test_client_session.py,370,0,0,12
aiohttp,0b8e831fe5f0ff372826d4fc993195285f2aefde,2016-01-06T18:09:41+02:00,tests/test_websocket_handshake.py,146,0,0,2
aiohttp,0b8e831fe5f0ff372826d4fc993195285f2aefde,2016-01-06T18:09:41+02:00,demos/polls/aiohttpdemo_polls/views.py,0,0,0,16
aiohttp,0b8e831fe5f0ff372826d4fc993195285f2aefde,2016-01-06T18:09:41+02:00,aiohttp/web_reqrep.py,870,3,0,83
aiohttp,0b8e831fe5f0ff372826d4fc993195285f2aefde,2016-01-06T18:09:41+02:00,tests/test_wsgi.py,303,0,0,23
aiohttp,0b8e831fe5f0ff372826d4fc993195285f2aefde,2016-01-06T18:09:41+02:00,tests/test_web_functional.py,1051,0,0,37
aiohttp,0b8e831fe5f0ff372826d4fc993195285f2aefde,2016-01-06T18:09:41+02:00,demos/polls/aiohttp_polls/__main__.py,0,0,0,6
aiohttp,0b8e831fe5f0ff372826d4fc993195285f2aefde,2016-01-06T18:09:41+02:00,demos/polls/{aiohttp_polls => aiohttpdemo_polls}/db.py,0,0,0,0
aiohttp,0b8e831fe5f0ff372826d4fc993195285f2aefde,2016-01-06T18:09:41+02:00,aiohttp/helpers.py,491,0,0,55
aiohttp,0b8e831fe5f0ff372826d4fc993195285f2aefde,2016-01-06T18:09:41+02:00,aiohttp/client_reqrep.py,759,3,0,8
aiohttp,0b8e831fe5f0ff372826d4fc993195285f2aefde,2016-01-06T18:09:41+02:00,demos/polls/aiohttpdemo_polls/main.py,0,0,0,32
aiohttp,0b8e831fe5f0ff372826d4fc993195285f2aefde,2016-01-06T18:09:41+02:00,tests/test_run_app.py,0,0,0,190
aiohttp,0b8e831fe5f0ff372826d4fc993195285f2aefde,2016-01-06T18:09:41+02:00,aiohttp/parsers.py,531,8,0,0
aiohttp,0b8e831fe5f0ff372826d4fc993195285f2aefde,2016-01-06T18:09:41+02:00,aiohttp/abc.py,48,0,0,11
aiohttp,0b8e831fe5f0ff372826d4fc993195285f2aefde,2016-01-06T18:09:41+02:00,aiohttp/worker.py,130,0,1,0
aiohttp,0b8e831fe5f0ff372826d4fc993195285f2aefde,2016-01-06T18:09:41+02:00,demos/polls/aiohttp_polls/views.py,0,0,0,67
aiohttp,0b8e831fe5f0ff372826d4fc993195285f2aefde,2016-01-06T18:09:41+02:00,tests/test_timeout.py,148,0,0,10
aiohttp,0b8e831fe5f0ff372826d4fc993195285f2aefde,2016-01-06T18:09:41+02:00,demos/polls/aiohttp_polls/main.py,0,0,0,89
aiohttp,0b8e831fe5f0ff372826d4fc993195285f2aefde,2016-01-06T18:09:41+02:00,examples/web_app.py,0,0,0,66
aiohttp,0b8e831fe5f0ff372826d4fc993195285f2aefde,2016-01-06T18:09:41+02:00,demos/polls/aiohttp_polls/db.py,0,0,0,68
aiohttp,0b8e831fe5f0ff372826d4fc993195285f2aefde,2016-01-06T18:09:41+02:00,aiohttp/__init__.py,31,0,0,6
aiohttp,0b8e831fe5f0ff372826d4fc993195285f2aefde,2016-01-06T18:09:41+02:00,aiohttp/web_main.py,0,0,0,90
aiohttp,0b8e831fe5f0ff372826d4fc993195285f2aefde,2016-01-06T18:09:41+02:00,tests/test_py35/test_resp.py,55,0,0,25
aiohttp,0b8e831fe5f0ff372826d4fc993195285f2aefde,2016-01-06T18:09:41+02:00,demos/polls/{aiohttp_polls => aiohttpdemo_polls}/__init__.py,0,0,0,0
aiohttp,0b8e831fe5f0ff372826d4fc993195285f2aefde,2016-01-06T18:09:41+02:00,demos/polls/{aiohttp_polls => aiohttpdemo_polls}/utils.py,0,0,0,0
aiohttp,0b8e831fe5f0ff372826d4fc993195285f2aefde,2016-01-06T18:09:41+02:00,tests/test_web_request.py,240,0,0,30
aiohttp,0b8e831fe5f0ff372826d4fc993195285f2aefde,2016-01-06T18:09:41+02:00,demos/polls/aiohttp_polls/routes.py,0,0,0,11
aiohttp,0b8e831fe5f0ff372826d4fc993195285f2aefde,2016-01-06T18:09:41+02:00,tests/test_web_application.py,84,0,0,36
aiohttp,78a1a78f79dea5d02394254d21051b7de2f779e9,2016-01-12T18:16:51+02:00,aiohttp/resolver.py,0,0,0,86
aiohttp,78a1a78f79dea5d02394254d21051b7de2f779e9,2016-01-12T18:16:51+02:00,demos/polls/{aiohttp_polls => aiohttpdemo_polls}/views.py,0,0,0,0
aiohttp,78a1a78f79dea5d02394254d21051b7de2f779e9,2016-01-12T18:16:51+02:00,tests/conftest.py,287,0,0,2
aiohttp,78a1a78f79dea5d02394254d21051b7de2f779e9,2016-01-12T18:16:51+02:00,tests/test_helpers.py,207,0,0,28
aiohttp,78a1a78f79dea5d02394254d21051b7de2f779e9,2016-01-12T18:16:51+02:00,tests/test_resolver.py,0,0,0,84
aiohttp,78a1a78f79dea5d02394254d21051b7de2f779e9,2016-01-12T18:16:51+02:00,demos/polls/{aiohttp_polls => aiohttpdemo_polls}/db.py,0,0,0,0
aiohttp,78a1a78f79dea5d02394254d21051b7de2f779e9,2016-01-12T18:16:51+02:00,tests/test_urldispatch.py,667,0,0,163
aiohttp,78a1a78f79dea5d02394254d21051b7de2f779e9,2016-01-12T18:16:51+02:00,aiohttp/web.py,289,0,0,240
aiohttp,78a1a78f79dea5d02394254d21051b7de2f779e9,2016-01-12T18:16:51+02:00,demos/polls/setup.py,34,0,0,8
aiohttp,78a1a78f79dea5d02394254d21051b7de2f779e9,2016-01-12T18:16:51+02:00,aiohttp/protocol.py,909,6,0,14
aiohttp,78a1a78f79dea5d02394254d21051b7de2f779e9,2016-01-12T18:16:51+02:00,tests/test_web_response.py,966,0,0,3
aiohttp,78a1a78f79dea5d02394254d21051b7de2f779e9,2016-01-12T18:16:51+02:00,aiohttp/server.py,397,0,1,4
aiohttp,78a1a78f79dea5d02394254d21051b7de2f779e9,2016-01-12T18:16:51+02:00,aiohttp/helpers.py,493,0,0,43
aiohttp,78a1a78f79dea5d02394254d21051b7de2f779e9,2016-01-12T18:16:51+02:00,aiohttp/client_reqrep.py,759,3,0,8
aiohttp,78a1a78f79dea5d02394254d21051b7de2f779e9,2016-01-12T18:16:51+02:00,aiohttp/web_ws.py,301,9,0,0
aiohttp,78a1a78f79dea5d02394254d21051b7de2f779e9,2016-01-12T18:16:51+02:00,demos/polls/aiohttpdemo_polls/main.py,67,0,0,32
aiohttp,78a1a78f79dea5d02394254d21051b7de2f779e9,2016-01-12T18:16:51+02:00,tests/test_run_app.py,0,0,0,190
aiohttp,78a1a78f79dea5d02394254d21051b7de2f779e9,2016-01-12T18:16:51+02:00,aiohttp/parsers.py,531,8,0,0
aiohttp,78a1a78f79dea5d02394254d21051b7de2f779e9,2016-01-12T18:16:51+02:00,aiohttp/abc.py,48,0,0,29
aiohttp,78a1a78f79dea5d02394254d21051b7de2f779e9,2016-01-12T18:16:51+02:00,aiohttp/web_urldispatcher.py,573,0,0,320
aiohttp,78a1a78f79dea5d02394254d21051b7de2f779e9,2016-01-12T18:16:51+02:00,tests/test_web_cli.py,0,0,0,121
aiohttp,78a1a78f79dea5d02394254d21051b7de2f779e9,2016-01-12T18:16:51+02:00,aiohttp/worker.py,133,0,1,0
aiohttp,78a1a78f79dea5d02394254d21051b7de2f779e9,2016-01-12T18:16:51+02:00,tests/test_protocol.py,516,0,0,31
aiohttp,78a1a78f79dea5d02394254d21051b7de2f779e9,2016-01-12T18:16:51+02:00,tests/test_timeout.py,149,0,0,7
aiohttp,78a1a78f79dea5d02394254d21051b7de2f779e9,2016-01-12T18:16:51+02:00,demos/polls/{aiohttp_polls => aiohttpdemo_polls}/main.py,0,0,0,6
aiohttp,78a1a78f79dea5d02394254d21051b7de2f779e9,2016-01-12T18:16:51+02:00,aiohttp/streams.py,609,16,0,0
aiohttp,78a1a78f79dea5d02394254d21051b7de2f779e9,2016-01-12T18:16:51+02:00,aiohttp/multipart.py,882,5,0,3
aiohttp,78a1a78f79dea5d02394254d21051b7de2f779e9,2016-01-12T18:16:51+02:00,aiohttp/websocket_client.py,184,8,0,0
aiohttp,78a1a78f79dea5d02394254d21051b7de2f779e9,2016-01-12T18:16:51+02:00,examples/web_app.py,0,0,0,66
aiohttp,78a1a78f79dea5d02394254d21051b7de2f779e9,2016-01-12T18:16:51+02:00,aiohttp/connector.py,733,0,0,66
aiohttp,78a1a78f79dea5d02394254d21051b7de2f779e9,2016-01-12T18:16:51+02:00,tests/test_client_functional.py,419,0,0,15
aiohttp,78a1a78f79dea5d02394254d21051b7de2f779e9,2016-01-12T18:16:51+02:00,demos/polls/aiohttpdemo_polls/__main__.py,3,0,0,3
aiohttp,78a1a78f79dea5d02394254d21051b7de2f779e9,2016-01-12T18:16:51+02:00,tests/test_web_exceptions.py,168,0,0,3
aiohttp,78a1a78f79dea5d02394254d21051b7de2f779e9,2016-01-12T18:16:51+02:00,tests/test_signals.py,147,0,0,23
aiohttp,78a1a78f79dea5d02394254d21051b7de2f779e9,2016-01-12T18:16:51+02:00,aiohttp/web_main.py,0,0,0,90
aiohttp,78a1a78f79dea5d02394254d21051b7de2f779e9,2016-01-12T18:16:51+02:00,demos/polls/{aiohttp_polls => aiohttpdemo_polls}/routes.py,0,0,0,0
aiohttp,78a1a78f79dea5d02394254d21051b7de2f779e9,2016-01-12T18:16:51+02:00,aiohttp/client.py,714,1,1,107
aiohttp,78a1a78f79dea5d02394254d21051b7de2f779e9,2016-01-12T18:16:51+02:00,docs/conf.py,319,0,0,1
aiohttp,78a1a78f79dea5d02394254d21051b7de2f779e9,2016-01-12T18:16:51+02:00,tests/test_py35/test_resp.py,55,0,0,25
aiohttp,78a1a78f79dea5d02394254d21051b7de2f779e9,2016-01-12T18:16:51+02:00,demos/polls/aiohttpdemo_polls/db.py,68,0,0,23
aiohttp,78a1a78f79dea5d02394254d21051b7de2f779e9,2016-01-12T18:16:51+02:00,demos/polls/{aiohttp_polls => aiohttpdemo_polls}/__init__.py,0,0,0,0
aiohttp,78a1a78f79dea5d02394254d21051b7de2f779e9,2016-01-12T18:16:51+02:00,tests/test_client_session.py,370,0,0,12
aiohttp,78a1a78f79dea5d02394254d21051b7de2f779e9,2016-01-12T18:16:51+02:00,demos/polls/aiohttpdemo_polls/views.py,67,2,0,16
aiohttp,78a1a78f79dea5d02394254d21051b7de2f779e9,2016-01-12T18:16:51+02:00,aiohttp/web_reqrep.py,867,3,0,34
aiohttp,78a1a78f79dea5d02394254d21051b7de2f779e9,2016-01-12T18:16:51+02:00,tests/test_web_request.py,248,0,0,18
aiohttp,78a1a78f79dea5d02394254d21051b7de2f779e9,2016-01-12T18:16:51+02:00,tests/test_web_functional.py,1051,0,0,37
aiohttp,78a1a78f79dea5d02394254d21051b7de2f779e9,2016-01-12T18:16:51+02:00,demos/polls/{aiohttp_polls => aiohttpdemo_polls}/utils.py,0,0,0,0
aiohttp,78a1a78f79dea5d02394254d21051b7de2f779e9,2016-01-12T18:16:51+02:00,tests/test_web_application.py,101,0,0,36
aiohttp,78a1a78f79dea5d02394254d21051b7de2f779e9,2016-01-12T18:16:51+02:00,demos/polls/aiohttp_polls/__main__.py,0,0,0,3
aiohttp,62536ef78a6f705517c09306fc9cac122cdf6b5f,2016-07-14T18:41:04+03:00,demos/chat/setup.py,32,1,0,0
aiohttp,62536ef78a6f705517c09306fc9cac122cdf6b5f,2016-07-14T18:41:04+03:00,aiohttp/test_utils.py,644,0,0,22
aiohttp,62536ef78a6f705517c09306fc9cac122cdf6b5f,2016-07-14T18:41:04+03:00,tests/test_proxy_connector.py,422,0,0,32
aiohttp,62536ef78a6f705517c09306fc9cac122cdf6b5f,2016-07-14T18:41:04+03:00,tests/test_helpers.py,678,0,0,168
aiohttp,62536ef78a6f705517c09306fc9cac122cdf6b5f,2016-07-14T18:41:04+03:00,setup.py,115,0,0,2
aiohttp,62536ef78a6f705517c09306fc9cac122cdf6b5f,2016-07-14T18:41:04+03:00,examples/{ => legacy}/tcp_protocol_parser.py,0,0,0,0
aiohttp,62536ef78a6f705517c09306fc9cac122cdf6b5f,2016-07-14T18:41:04+03:00,examples/web_cookies.py,57,0,0,19
aiohttp,62536ef78a6f705517c09306fc9cac122cdf6b5f,2016-07-14T18:41:04+03:00,tests/test_connector.py,884,0,0,88
aiohttp,62536ef78a6f705517c09306fc9cac122cdf6b5f,2016-07-14T18:41:04+03:00,tests/test_multipart.py,1691,0,0,2
aiohttp,62536ef78a6f705517c09306fc9cac122cdf6b5f,2016-07-14T18:41:04+03:00,tests/test_web_urldispatcher.py,65,0,0,38
aiohttp,62536ef78a6f705517c09306fc9cac122cdf6b5f,2016-07-14T18:41:04+03:00,demos/polls/setup.py,34,1,0,3
aiohttp,62536ef78a6f705517c09306fc9cac122cdf6b5f,2016-07-14T18:41:04+03:00,tests/test_urldispatch.py,853,0,0,75
aiohttp,62536ef78a6f705517c09306fc9cac122cdf6b5f,2016-07-14T18:41:04+03:00,tests/test_web_websocket_functional_oldstyle.py,439,0,0,118
aiohttp,62536ef78a6f705517c09306fc9cac122cdf6b5f,2016-07-14T18:41:04+03:00,aiohttp/protocol.py,914,6,0,0
aiohttp,62536ef78a6f705517c09306fc9cac122cdf6b5f,2016-07-14T18:41:04+03:00,tests/test_web_response.py,963,0,0,8
aiohttp,62536ef78a6f705517c09306fc9cac122cdf6b5f,2016-07-14T18:41:04+03:00,aiohttp/server.py,416,0,1,0
aiohttp,62536ef78a6f705517c09306fc9cac122cdf6b5f,2016-07-14T18:41:04+03:00,aiohttp/web_ws.py,311,9,0,27
aiohttp,62536ef78a6f705517c09306fc9cac122cdf6b5f,2016-07-14T18:41:04+03:00,examples/client_json.py,26,0,0,27
aiohttp,62536ef78a6f705517c09306fc9cac122cdf6b5f,2016-07-14T18:41:04+03:00,aiohttp/web_urldispatcher.py,740,0,0,30
aiohttp,62536ef78a6f705517c09306fc9cac122cdf6b5f,2016-07-14T18:41:04+03:00,tests/test_http_parser.py,611,0,0,18
aiohttp,62536ef78a6f705517c09306fc9cac122cdf6b5f,2016-07-14T18:41:04+03:00,examples/basic_srv.py,46,0,0,2
aiohttp,62536ef78a6f705517c09306fc9cac122cdf6b5f,2016-07-14T18:41:04+03:00,aiohttp/streams.py,623,16,0,0
aiohttp,62536ef78a6f705517c09306fc9cac122cdf6b5f,2016-07-14T18:41:04+03:00,aiohttp/multipart.py,962,5,0,0
aiohttp,62536ef78a6f705517c09306fc9cac122cdf6b5f,2016-07-14T18:41:04+03:00,aiohttp/websocket_client.py,184,8,0,26
aiohttp,62536ef78a6f705517c09306fc9cac122cdf6b5f,2016-07-14T18:41:04+03:00,aiohttp/file_sender.py,136,0,0,15
aiohttp,62536ef78a6f705517c09306fc9cac122cdf6b5f,2016-07-14T18:41:04+03:00,examples/{ => legacy}/wssrv.py,0,0,0,0
aiohttp,62536ef78a6f705517c09306fc9cac122cdf6b5f,2016-07-14T18:41:04+03:00,aiohttp/connector.py,765,0,0,123
aiohttp,62536ef78a6f705517c09306fc9cac122cdf6b5f,2016-07-14T18:41:04+03:00,examples/web_ws.py,71,0,0,84
aiohttp,62536ef78a6f705517c09306fc9cac122cdf6b5f,2016-07-14T18:41:04+03:00,aiohttp/client.py,758,0,1,26
aiohttp,62536ef78a6f705517c09306fc9cac122cdf6b5f,2016-07-14T18:41:04+03:00,examples/web_classview1.py,67,0,0,21
aiohttp,62536ef78a6f705517c09306fc9cac122cdf6b5f,2016-07-14T18:41:04+03:00,demos/chat/aiohttpdemo_chat/views.py,52,0,0,3
aiohttp,62536ef78a6f705517c09306fc9cac122cdf6b5f,2016-07-14T18:41:04+03:00,tests/test_websocket_client_functional.py,328,0,0,32
aiohttp,62536ef78a6f705517c09306fc9cac122cdf6b5f,2016-07-14T18:41:04+03:00,demos/polls/aiohttpdemo_polls/db.py,65,0,0,64
aiohttp,62536ef78a6f705517c09306fc9cac122cdf6b5f,2016-07-14T18:41:04+03:00,tests/test_web_websocket.py,412,0,0,30
aiohttp,62536ef78a6f705517c09306fc9cac122cdf6b5f,2016-07-14T18:41:04+03:00,demos/polls/aiohttpdemo_polls/views.py,61,2,0,45
aiohttp,62536ef78a6f705517c09306fc9cac122cdf6b5f,2016-07-14T18:41:04+03:00,aiohttp/web_reqrep.py,877,3,0,8
aiohttp,62536ef78a6f705517c09306fc9cac122cdf6b5f,2016-07-14T18:41:04+03:00,tests/test_wsgi.py,311,0,0,22
aiohttp,62536ef78a6f705517c09306fc9cac122cdf6b5f,2016-07-14T18:41:04+03:00,tests/test_web_functional.py,1186,0,0,15
aiohttp,62536ef78a6f705517c09306fc9cac122cdf6b5f,2016-07-14T18:41:04+03:00,tests/test_client_response.py,289,0,0,42
aiohttp,62536ef78a6f705517c09306fc9cac122cdf6b5f,2016-07-14T18:41:04+03:00,examples/web_srv.py,65,0,0,44
aiohttp,62536ef78a6f705517c09306fc9cac122cdf6b5f,2016-07-14T18:41:04+03:00,demos/polls/aiohttpdemo_polls/utils.py,22,0,0,14
aiohttp,62536ef78a6f705517c09306fc9cac122cdf6b5f,2016-07-14T18:41:04+03:00,tests/test_client_request.py,953,0,0,42
aiohttp,62536ef78a6f705517c09306fc9cac122cdf6b5f,2016-07-14T18:41:04+03:00,examples/cli_app.py,54,0,0,2
aiohttp,62536ef78a6f705517c09306fc9cac122cdf6b5f,2016-07-14T18:41:04+03:00,demos/polls/aiohttpdemo_polls/routes.py,11,0,0,25
aiohttp,62536ef78a6f705517c09306fc9cac122cdf6b5f,2016-07-14T18:41:04+03:00,tests/test_websocket_client.py,419,0,0,2
aiohttp,62536ef78a6f705517c09306fc9cac122cdf6b5f,2016-07-14T18:41:04+03:00,examples/{ => legacy}/srv.py,0,0,0,0
aiohttp,62536ef78a6f705517c09306fc9cac122cdf6b5f,2016-07-14T18:41:04+03:00,demos/polls/tests/test_integration.py,0,0,0,24
aiohttp,62536ef78a6f705517c09306fc9cac122cdf6b5f,2016-07-14T18:41:04+03:00,aiohttp/helpers.py,814,1,0,42
aiohttp,62536ef78a6f705517c09306fc9cac122cdf6b5f,2016-07-14T18:41:04+03:00,aiohttp/client_reqrep.py,790,3,0,17
aiohttp,62536ef78a6f705517c09306fc9cac122cdf6b5f,2016-07-14T18:41:04+03:00,demos/polls/aiohttpdemo_polls/main.py,54,0,0,34
aiohttp,62536ef78a6f705517c09306fc9cac122cdf6b5f,2016-07-14T18:41:04+03:00,aiohttp/parsers.py,531,8,0,0
aiohttp,62536ef78a6f705517c09306fc9cac122cdf6b5f,2016-07-14T18:41:04+03:00,examples/web_rewrite_headers_middleware.py,47,0,0,2
aiohttp,62536ef78a6f705517c09306fc9cac122cdf6b5f,2016-07-14T18:41:04+03:00,aiohttp/worker.py,160,0,1,22
aiohttp,62536ef78a6f705517c09306fc9cac122cdf6b5f,2016-07-14T18:41:04+03:00,tests/test_client_functional_oldstyle.py,1262,0,0,14
aiohttp,62536ef78a6f705517c09306fc9cac122cdf6b5f,2016-07-14T18:41:04+03:00,tests/test_flowcontrol_streams.py,243,0,0,12
aiohttp,62536ef78a6f705517c09306fc9cac122cdf6b5f,2016-07-14T18:41:04+03:00,tests/test_websendfile.py,71,0,0,110
aiohttp,62536ef78a6f705517c09306fc9cac122cdf6b5f,2016-07-14T18:41:04+03:00,tests/test_web_websocket_functional.py,87,0,0,109
aiohttp,62536ef78a6f705517c09306fc9cac122cdf6b5f,2016-07-14T18:41:04+03:00,tests/test_timeout.py,167,0,0,10
aiohttp,62536ef78a6f705517c09306fc9cac122cdf6b5f,2016-07-14T18:41:04+03:00,examples/client_auth.py,28,0,0,30
aiohttp,62536ef78a6f705517c09306fc9cac122cdf6b5f,2016-07-14T18:41:04+03:00,demos/polls/tests/conftest.py,0,0,0,43
aiohttp,62536ef78a6f705517c09306fc9cac122cdf6b5f,2016-07-14T18:41:04+03:00,examples/{ => legacy}/crawl.py,0,0,0,0
aiohttp,62536ef78a6f705517c09306fc9cac122cdf6b5f,2016-07-14T18:41:04+03:00,aiohttp/__init__.py,33,0,0,19
aiohttp,62536ef78a6f705517c09306fc9cac122cdf6b5f,2016-07-14T18:41:04+03:00,examples/{ => legacy}/mpsrv.py,0,0,0,0
aiohttp,62536ef78a6f705517c09306fc9cac122cdf6b5f,2016-07-14T18:41:04+03:00,tests/test_web_request.py,229,0,0,10
aiohttp,62536ef78a6f705517c09306fc9cac122cdf6b5f,2016-07-14T18:41:04+03:00,tests/test_worker.py,180,0,0,17
aiohttp,930ac679229f081f768cb2f16919ea3b0a691533,2016-08-02T19:10:28+03:00,demos/chat/setup.py,32,1,0,0
aiohttp,930ac679229f081f768cb2f16919ea3b0a691533,2016-08-02T19:10:28+03:00,tests/autobahn/server.py,62,0,0,6
aiohttp,930ac679229f081f768cb2f16919ea3b0a691533,2016-08-02T19:10:28+03:00,aiohttp/test_utils.py,659,0,0,467
aiohttp,930ac679229f081f768cb2f16919ea3b0a691533,2016-08-02T19:10:28+03:00,examples/client_ws.py,79,0,0,28
aiohttp,930ac679229f081f768cb2f16919ea3b0a691533,2016-08-02T19:10:28+03:00,aiohttp/pytest_plugin.py,67,0,0,20
aiohttp,930ac679229f081f768cb2f16919ea3b0a691533,2016-08-02T19:10:28+03:00,tests/test_web_sendfile_functional.py,0,0,0,728
aiohttp,930ac679229f081f768cb2f16919ea3b0a691533,2016-08-02T19:10:28+03:00,tests/conftest.py,279,0,0,6
aiohttp,930ac679229f081f768cb2f16919ea3b0a691533,2016-08-02T19:10:28+03:00,tests/test_helpers.py,737,0,0,1
aiohttp,930ac679229f081f768cb2f16919ea3b0a691533,2016-08-02T19:10:28+03:00,setup.py,115,0,0,6
aiohttp,930ac679229f081f768cb2f16919ea3b0a691533,2016-08-02T19:10:28+03:00,demos/polls/setup.py,37,1,0,0
aiohttp,930ac679229f081f768cb2f16919ea3b0a691533,2016-08-02T19:10:28+03:00,aiohttp/web.py,370,0,0,22
aiohttp,930ac679229f081f768cb2f16919ea3b0a691533,2016-08-02T19:10:28+03:00,tests/test_web_websocket_functional_oldstyle.py,362,0,0,48
aiohttp,930ac679229f081f768cb2f16919ea3b0a691533,2016-08-02T19:10:28+03:00,aiohttp/protocol.py,916,6,0,0
aiohttp,930ac679229f081f768cb2f16919ea3b0a691533,2016-08-02T19:10:28+03:00,tests/test_client_ws.py,422,0,0,7
aiohttp,930ac679229f081f768cb2f16919ea3b0a691533,2016-08-02T19:10:28+03:00,aiohttp/server.py,415,0,1,101
aiohttp,930ac679229f081f768cb2f16919ea3b0a691533,2016-08-02T19:10:28+03:00,tests/test_websocket_parser.py,499,0,0,118
aiohttp,930ac679229f081f768cb2f16919ea3b0a691533,2016-08-02T19:10:28+03:00,aiohttp/web_ws.py,302,10,0,53
aiohttp,930ac679229f081f768cb2f16919ea3b0a691533,2016-08-02T19:10:28+03:00,tests/test_web_request_handler.py,66,0,0,6
aiohttp,930ac679229f081f768cb2f16919ea3b0a691533,2016-08-02T19:10:28+03:00,aiohttp/web_urldispatcher.py,770,0,0,5
aiohttp,930ac679229f081f768cb2f16919ea3b0a691533,2016-08-02T19:10:28+03:00,examples/fake_server.py,0,0,0,167
aiohttp,930ac679229f081f768cb2f16919ea3b0a691533,2016-08-02T19:10:28+03:00,examples/legacy/mpsrv.py,296,0,0,296
aiohttp,930ac679229f081f768cb2f16919ea3b0a691533,2016-08-02T19:10:28+03:00,tests/test_pytest_plugin.py,99,0,0,53
aiohttp,930ac679229f081f768cb2f16919ea3b0a691533,2016-08-02T19:10:28+03:00,demos/chat/aiohttpdemo_chat/main.py,39,0,0,2
aiohttp,930ac679229f081f768cb2f16919ea3b0a691533,2016-08-02T19:10:28+03:00,aiohttp/streams.py,640,17,0,31
aiohttp,930ac679229f081f768cb2f16919ea3b0a691533,2016-08-02T19:10:28+03:00,aiohttp/multipart.py,956,5,0,33
aiohttp,930ac679229f081f768cb2f16919ea3b0a691533,2016-08-02T19:10:28+03:00,aiohttp/file_sender.py,137,0,0,27
aiohttp,930ac679229f081f768cb2f16919ea3b0a691533,2016-08-02T19:10:28+03:00,tests/test_client_functional.py,510,0,0,989
aiohttp,930ac679229f081f768cb2f16919ea3b0a691533,2016-08-02T19:10:28+03:00,aiohttp/connector.py,788,0,0,53
aiohttp,930ac679229f081f768cb2f16919ea3b0a691533,2016-08-02T19:10:28+03:00,examples/web_ws.py,60,0,0,8
aiohttp,930ac679229f081f768cb2f16919ea3b0a691533,2016-08-02T19:10:28+03:00,aiohttp/client.py,771,0,1,8
aiohttp,930ac679229f081f768cb2f16919ea3b0a691533,2016-08-02T19:10:28+03:00,demos/chat/aiohttpdemo_chat/views.py,50,0,0,3
aiohttp,930ac679229f081f768cb2f16919ea3b0a691533,2016-08-02T19:10:28+03:00,tests/test_client_ws_functional.py,354,0,0,147
aiohttp,930ac679229f081f768cb2f16919ea3b0a691533,2016-08-02T19:10:28+03:00,tests/test_web_websocket.py,471,0,0,14
aiohttp,930ac679229f081f768cb2f16919ea3b0a691533,2016-08-02T19:10:28+03:00,tests/test_client_session.py,415,0,0,5
aiohttp,930ac679229f081f768cb2f16919ea3b0a691533,2016-08-02T19:10:28+03:00,demos/polls/aiohttpdemo_polls/views.py,63,2,0,1
aiohttp,930ac679229f081f768cb2f16919ea3b0a691533,2016-08-02T19:10:28+03:00,aiohttp/web_reqrep.py,878,3,0,11
aiohttp,930ac679229f081f768cb2f16919ea3b0a691533,2016-08-02T19:10:28+03:00,tests/test_web_functional.py,1180,0,0,304
aiohttp,930ac679229f081f768cb2f16919ea3b0a691533,2016-08-02T19:10:28+03:00,tests/test_client_response.py,272,0,0,2
aiohttp,930ac679229f081f768cb2f16919ea3b0a691533,2016-08-02T19:10:28+03:00,tests/test_errors.py,13,0,0,6
aiohttp,930ac679229f081f768cb2f16919ea3b0a691533,2016-08-02T19:10:28+03:00,tests/autobahn/client.py,51,0,0,6
aiohttp,930ac679229f081f768cb2f16919ea3b0a691533,2016-08-02T19:10:28+03:00,aiohttp/resolver.py,75,0,0,2
aiohttp,930ac679229f081f768cb2f16919ea3b0a691533,2016-08-02T19:10:28+03:00,tests/test_client_request.py,951,0,0,2
aiohttp,930ac679229f081f768cb2f16919ea3b0a691533,2016-08-02T19:10:28+03:00,tests/test_server.py,578,0,0,35
aiohttp,930ac679229f081f768cb2f16919ea3b0a691533,2016-08-02T19:10:28+03:00,tests/test_resolver.py,95,0,0,45
aiohttp,930ac679229f081f768cb2f16919ea3b0a691533,2016-08-02T19:10:28+03:00,examples/legacy/tcp_protocol_parser.py,178,0,0,10
aiohttp,930ac679229f081f768cb2f16919ea3b0a691533,2016-08-02T19:10:28+03:00,examples/legacy/wssrv.py,318,0,0,318
aiohttp,930ac679229f081f768cb2f16919ea3b0a691533,2016-08-02T19:10:28+03:00,aiohttp/helpers.py,829,1,0,35
aiohttp,930ac679229f081f768cb2f16919ea3b0a691533,2016-08-02T19:10:28+03:00,aiohttp/client_reqrep.py,796,3,0,12
aiohttp,930ac679229f081f768cb2f16919ea3b0a691533,2016-08-02T19:10:28+03:00,demos/polls/aiohttpdemo_polls/main.py,54,0,0,2
aiohttp,930ac679229f081f768cb2f16919ea3b0a691533,2016-08-02T19:10:28+03:00,tests/test_py35/test_web_websocket_35.py,34,0,0,8
aiohttp,930ac679229f081f768cb2f16919ea3b0a691533,2016-08-02T19:10:28+03:00,aiohttp/parsers.py,532,8,0,7
aiohttp,930ac679229f081f768cb2f16919ea3b0a691533,2016-08-02T19:10:28+03:00,aiohttp/worker.py,181,0,1,8
aiohttp,930ac679229f081f768cb2f16919ea3b0a691533,2016-08-02T19:10:28+03:00,tests/test_client_functional_oldstyle.py,1253,0,0,1138
aiohttp,930ac679229f081f768cb2f16919ea3b0a691533,2016-08-02T19:10:28+03:00,demos/polls/aiohttpdemo_polls/middlewares.py,41,0,0,1
aiohttp,930ac679229f081f768cb2f16919ea3b0a691533,2016-08-02T19:10:28+03:00,tests/test_web_websocket_functional.py,218,0,0,67
aiohttp,930ac679229f081f768cb2f16919ea3b0a691533,2016-08-02T19:10:28+03:00,aiohttp/client_ws.py,190,9,0,48
aiohttp,930ac679229f081f768cb2f16919ea3b0a691533,2016-08-02T19:10:28+03:00,tests/test_py35/test_client.py,0,0,0,11
aiohttp,930ac679229f081f768cb2f16919ea3b0a691533,2016-08-02T19:10:28+03:00,aiohttp/__init__.py,39,0,0,2
aiohttp,930ac679229f081f768cb2f16919ea3b0a691533,2016-08-02T19:10:28+03:00,tests/test_test_utils.py,167,0,0,44
aiohttp,930ac679229f081f768cb2f16919ea3b0a691533,2016-08-02T19:10:28+03:00,aiohttp/web_exceptions.py,350,0,0,7
aiohttp,930ac679229f081f768cb2f16919ea3b0a691533,2016-08-02T19:10:28+03:00,tests/test_worker.py,188,0,0,7
aiohttp,930ac679229f081f768cb2f16919ea3b0a691533,2016-08-02T19:10:28+03:00,aiohttp/_ws_impl.py,426,0,0,126
aiohttp,ce7aade34a5c1f917fab2b9c3410b6544662df57,2016-08-24T07:41:35+03:00,demos/chat/setup.py,32,1,0,0
aiohttp,ce7aade34a5c1f917fab2b9c3410b6544662df57,2016-08-24T07:41:35+03:00,tests/test_py35/test_test_utils_35.py,0,0,0,29
aiohttp,ce7aade34a5c1f917fab2b9c3410b6544662df57,2016-08-24T07:41:35+03:00,aiohttp/test_utils.py,398,0,0,220
aiohttp,ce7aade34a5c1f917fab2b9c3410b6544662df57,2016-08-24T07:41:35+03:00,aiohttp/resolver.py,75,0,0,18
aiohttp,ce7aade34a5c1f917fab2b9c3410b6544662df57,2016-08-24T07:41:35+03:00,tests/test_client_request.py,949,0,0,43
aiohttp,ce7aade34a5c1f917fab2b9c3410b6544662df57,2016-08-24T07:41:35+03:00,tests/test_web_sendfile_functional.py,382,0,0,19
aiohttp,ce7aade34a5c1f917fab2b9c3410b6544662df57,2016-08-24T07:41:35+03:00,aiohttp/pytest_plugin.py,84,0,0,55
aiohttp,ce7aade34a5c1f917fab2b9c3410b6544662df57,2016-08-24T07:41:35+03:00,examples/cli_app.py,55,0,0,0
aiohttp,ce7aade34a5c1f917fab2b9c3410b6544662df57,2016-08-24T07:41:35+03:00,tests/conftest.py,246,0,0,79
aiohttp,ce7aade34a5c1f917fab2b9c3410b6544662df57,2016-08-24T07:41:35+03:00,tests/test_resolver.py,140,0,0,92
aiohttp,ce7aade34a5c1f917fab2b9c3410b6544662df57,2016-08-24T07:41:35+03:00,tests/test_server.py,552,0,0,19
aiohttp,ce7aade34a5c1f917fab2b9c3410b6544662df57,2016-08-24T07:41:35+03:00,demos/polls/setup.py,37,1,0,0
aiohttp,ce7aade34a5c1f917fab2b9c3410b6544662df57,2016-08-24T07:41:35+03:00,aiohttp/web.py,353,0,0,35
aiohttp,ce7aade34a5c1f917fab2b9c3410b6544662df57,2016-08-24T07:41:35+03:00,tests/test_web_response.py,967,0,0,72
aiohttp,ce7aade34a5c1f917fab2b9c3410b6544662df57,2016-08-24T07:41:35+03:00,aiohttp/protocol.py,916,6,0,0
aiohttp,ce7aade34a5c1f917fab2b9c3410b6544662df57,2016-08-24T07:41:35+03:00,tests/test_stream_parser.py,373,0,0,1
aiohttp,ce7aade34a5c1f917fab2b9c3410b6544662df57,2016-08-24T07:41:35+03:00,aiohttp/server.py,376,0,1,0
aiohttp,ce7aade34a5c1f917fab2b9c3410b6544662df57,2016-08-24T07:41:35+03:00,aiohttp/helpers.py,833,1,0,20
aiohttp,ce7aade34a5c1f917fab2b9c3410b6544662df57,2016-08-24T07:41:35+03:00,aiohttp/client_reqrep.py,794,3,0,17
aiohttp,ce7aade34a5c1f917fab2b9c3410b6544662df57,2016-08-24T07:41:35+03:00,aiohttp/web_ws.py,309,10,0,41
aiohttp,ce7aade34a5c1f917fab2b9c3410b6544662df57,2016-08-24T07:41:35+03:00,aiohttp/parsers.py,495,8,0,0
aiohttp,ce7aade34a5c1f917fab2b9c3410b6544662df57,2016-08-24T07:41:35+03:00,aiohttp/web_urldispatcher.py,817,0,0,6
aiohttp,ce7aade34a5c1f917fab2b9c3410b6544662df57,2016-08-24T07:41:35+03:00,examples/background_tasks.py,64,0,0,69
aiohttp,ce7aade34a5c1f917fab2b9c3410b6544662df57,2016-08-24T07:41:35+03:00,examples/fake_server.py,167,0,0,0
aiohttp,ce7aade34a5c1f917fab2b9c3410b6544662df57,2016-08-24T07:41:35+03:00,aiohttp/worker.py,175,0,1,49
aiohttp,ce7aade34a5c1f917fab2b9c3410b6544662df57,2016-08-24T07:41:35+03:00,tests/test_py35/test_streams_35.py,72,0,0,9
aiohttp,ce7aade34a5c1f917fab2b9c3410b6544662df57,2016-08-24T07:41:35+03:00,tests/test_web_websocket_functional.py,259,0,0,25
aiohttp,ce7aade34a5c1f917fab2b9c3410b6544662df57,2016-08-24T07:41:35+03:00,aiohttp/client_ws.py,196,9,0,25
aiohttp,ce7aade34a5c1f917fab2b9c3410b6544662df57,2016-08-24T07:41:35+03:00,aiohttp/middlewares.py,0,0,0,151
aiohttp,ce7aade34a5c1f917fab2b9c3410b6544662df57,2016-08-24T07:41:35+03:00,tests/test_client_connection.py,99,0,0,4
aiohttp,ce7aade34a5c1f917fab2b9c3410b6544662df57,2016-08-24T07:41:35+03:00,aiohttp/streams.py,653,17,0,31
aiohttp,ce7aade34a5c1f917fab2b9c3410b6544662df57,2016-08-24T07:41:35+03:00,aiohttp/multipart.py,971,5,0,35
aiohttp,ce7aade34a5c1f917fab2b9c3410b6544662df57,2016-08-24T07:41:35+03:00,aiohttp/file_sender.py,135,0,0,67
aiohttp,ce7aade34a5c1f917fab2b9c3410b6544662df57,2016-08-24T07:41:35+03:00,tests/test_web_sendfile.py,62,0,0,15
aiohttp,ce7aade34a5c1f917fab2b9c3410b6544662df57,2016-08-24T07:41:35+03:00,aiohttp/connector.py,763,0,0,18
aiohttp,ce7aade34a5c1f917fab2b9c3410b6544662df57,2016-08-24T07:41:35+03:00,tests/test_client_functional.py,1475,0,0,11
aiohttp,ce7aade34a5c1f917fab2b9c3410b6544662df57,2016-08-24T07:41:35+03:00,examples/web_ws.py,60,0,0,2
aiohttp,ce7aade34a5c1f917fab2b9c3410b6544662df57,2016-08-24T07:41:35+03:00,tests/test_test_utils.py,191,0,0,103
aiohttp,ce7aade34a5c1f917fab2b9c3410b6544662df57,2016-08-24T07:41:35+03:00,aiohttp/client.py,771,0,0,17
aiohttp,ce7aade34a5c1f917fab2b9c3410b6544662df57,2016-08-24T07:41:35+03:00,tests/test_web_request.py,237,0,0,2
aiohttp,ce7aade34a5c1f917fab2b9c3410b6544662df57,2016-08-24T07:41:35+03:00,demos/polls/aiohttpdemo_polls/db.py,77,0,0,3
aiohttp,ce7aade34a5c1f917fab2b9c3410b6544662df57,2016-08-24T07:41:35+03:00,tests/test_web_websocket.py,473,0,0,29
aiohttp,ce7aade34a5c1f917fab2b9c3410b6544662df57,2016-08-24T07:41:35+03:00,tests/test_client_session.py,420,0,0,4
aiohttp,ce7aade34a5c1f917fab2b9c3410b6544662df57,2016-08-24T07:41:35+03:00,demos/polls/aiohttpdemo_polls/views.py,63,2,0,0
aiohttp,ce7aade34a5c1f917fab2b9c3410b6544662df57,2016-08-24T07:41:35+03:00,aiohttp/web_reqrep.py,873,3,0,181
aiohttp,ce7aade34a5c1f917fab2b9c3410b6544662df57,2016-08-24T07:41:35+03:00,tests/test_web_functional.py,880,0,0,1515
aiohttp,ce7aade34a5c1f917fab2b9c3410b6544662df57,2016-08-24T07:41:35+03:00,tests/test_worker.py,184,0,0,172
aiohttp,ce7aade34a5c1f917fab2b9c3410b6544662df57,2016-08-24T07:41:35+03:00,tests/test_middlewares.py,0,0,0,114
aiohttp,ce7aade34a5c1f917fab2b9c3410b6544662df57,2016-08-24T07:41:35+03:00,tests/test_web_application.py,147,0,0,28
aiohttp,513fcbecff36c6e21369578160796c7b31252136,2016-09-11T21:33:12+03:00,demos/chat/setup.py,32,1,0,0
aiohttp,513fcbecff36c6e21369578160796c7b31252136,2016-09-11T21:33:12+03:00,aiohttp/test_utils.py,483,0,0,4
aiohttp,513fcbecff36c6e21369578160796c7b31252136,2016-09-11T21:33:12+03:00,tests/test_proxy.py,530,0,0,254
aiohttp,513fcbecff36c6e21369578160796c7b31252136,2016-09-11T21:33:12+03:00,aiohttp/resolver.py,93,0,0,9
aiohttp,513fcbecff36c6e21369578160796c7b31252136,2016-09-11T21:33:12+03:00,aiohttp/pytest_plugin.py,113,2,0,0
aiohttp,513fcbecff36c6e21369578160796c7b31252136,2016-09-11T21:33:12+03:00,tests/test_helpers.py,764,0,0,482
aiohttp,513fcbecff36c6e21369578160796c7b31252136,2016-09-11T21:33:12+03:00,examples/web_cookies.py,51,0,0,7
aiohttp,513fcbecff36c6e21369578160796c7b31252136,2016-09-11T21:33:12+03:00,tests/test_web_urldispatcher.py,219,0,0,36
aiohttp,513fcbecff36c6e21369578160796c7b31252136,2016-09-11T21:33:12+03:00,setup.py,115,0,0,2
aiohttp,513fcbecff36c6e21369578160796c7b31252136,2016-09-11T21:33:12+03:00,tests/test_connector.py,907,0,0,77
aiohttp,513fcbecff36c6e21369578160796c7b31252136,2016-09-11T21:33:12+03:00,tests/test_resolver.py,202,0,0,29
aiohttp,513fcbecff36c6e21369578160796c7b31252136,2016-09-11T21:33:12+03:00,tests/test_multipart.py,1685,0,0,24
aiohttp,513fcbecff36c6e21369578160796c7b31252136,2016-09-11T21:33:12+03:00,demos/polls/setup.py,37,1,0,0
aiohttp,513fcbecff36c6e21369578160796c7b31252136,2016-09-11T21:33:12+03:00,aiohttp/web.py,374,0,0,6
aiohttp,513fcbecff36c6e21369578160796c7b31252136,2016-09-11T21:33:12+03:00,aiohttp/protocol.py,916,6,0,0
aiohttp,513fcbecff36c6e21369578160796c7b31252136,2016-09-11T21:33:12+03:00,examples/static_files.py,0,0,0,8
aiohttp,513fcbecff36c6e21369578160796c7b31252136,2016-09-11T21:33:12+03:00,aiohttp/server.py,376,0,1,0
aiohttp,513fcbecff36c6e21369578160796c7b31252136,2016-09-11T21:33:12+03:00,aiohttp/helpers.py,836,1,0,310
aiohttp,513fcbecff36c6e21369578160796c7b31252136,2016-09-11T21:33:12+03:00,aiohttp/client_reqrep.py,801,3,0,0
aiohttp,513fcbecff36c6e21369578160796c7b31252136,2016-09-11T21:33:12+03:00,aiohttp/web_ws.py,316,10,0,8
aiohttp,513fcbecff36c6e21369578160796c7b31252136,2016-09-11T21:33:12+03:00,aiohttp/parsers.py,495,8,0,0
aiohttp,513fcbecff36c6e21369578160796c7b31252136,2016-09-11T21:33:12+03:00,aiohttp/cookiejar.py,0,0,0,506
aiohttp,513fcbecff36c6e21369578160796c7b31252136,2016-09-11T21:33:12+03:00,aiohttp/abc.py,90,0,0,14
aiohttp,513fcbecff36c6e21369578160796c7b31252136,2016-09-11T21:33:12+03:00,aiohttp/web_urldispatcher.py,824,0,0,5
aiohttp,513fcbecff36c6e21369578160796c7b31252136,2016-09-11T21:33:12+03:00,aiohttp/worker.py,196,0,1,19
aiohttp,513fcbecff36c6e21369578160796c7b31252136,2016-09-11T21:33:12+03:00,tests/test_client_functional_oldstyle.py,825,0,0,2
aiohttp,513fcbecff36c6e21369578160796c7b31252136,2016-09-11T21:33:12+03:00,tests/test_wsgi.py,308,0,0,6
aiohttp,513fcbecff36c6e21369578160796c7b31252136,2016-09-11T21:33:12+03:00,aiohttp/client_ws.py,193,9,0,0
aiohttp,513fcbecff36c6e21369578160796c7b31252136,2016-09-11T21:33:12+03:00,tests/test_timeout.py,178,0,0,178
aiohttp,513fcbecff36c6e21369578160796c7b31252136,2016-09-11T21:33:12+03:00,examples/client_auth.py,22,0,0,6
aiohttp,513fcbecff36c6e21369578160796c7b31252136,2016-09-11T21:33:12+03:00,aiohttp/streams.py,644,17,0,0
aiohttp,513fcbecff36c6e21369578160796c7b31252136,2016-09-11T21:33:12+03:00,aiohttp/multipart.py,969,5,0,6
aiohttp,513fcbecff36c6e21369578160796c7b31252136,2016-09-11T21:33:12+03:00,aiohttp/file_sender.py,154,0,0,26
aiohttp,513fcbecff36c6e21369578160796c7b31252136,2016-09-11T21:33:12+03:00,tests/test_client_functional.py,1499,0,0,59
aiohttp,513fcbecff36c6e21369578160796c7b31252136,2016-09-11T21:33:12+03:00,tests/test_cookiejar.py,0,0,0,628
aiohttp,513fcbecff36c6e21369578160796c7b31252136,2016-09-11T21:33:12+03:00,aiohttp/connector.py,788,0,0,15
aiohttp,513fcbecff36c6e21369578160796c7b31252136,2016-09-11T21:33:12+03:00,aiohttp/__init__.py,39,0,0,10
aiohttp,513fcbecff36c6e21369578160796c7b31252136,2016-09-11T21:33:12+03:00,examples/web_ws.py,60,0,0,4
aiohttp,513fcbecff36c6e21369578160796c7b31252136,2016-09-11T21:33:12+03:00,tests/test_test_utils.py,266,0,0,6
aiohttp,513fcbecff36c6e21369578160796c7b31252136,2016-09-11T21:33:12+03:00,docs/conf.py,327,0,0,8
aiohttp,513fcbecff36c6e21369578160796c7b31252136,2016-09-11T21:33:12+03:00,aiohttp/client.py,779,0,0,13
aiohttp,513fcbecff36c6e21369578160796c7b31252136,2016-09-11T21:33:12+03:00,examples/web_classview1.py,61,0,0,2
aiohttp,513fcbecff36c6e21369578160796c7b31252136,2016-09-11T21:33:12+03:00,aiohttp/wsgi.py,234,0,0,1
aiohttp,513fcbecff36c6e21369578160796c7b31252136,2016-09-11T21:33:12+03:00,demos/polls/aiohttpdemo_polls/db.py,76,0,0,3
aiohttp,513fcbecff36c6e21369578160796c7b31252136,2016-09-11T21:33:12+03:00,examples/curl.py,29,0,0,14
aiohttp,513fcbecff36c6e21369578160796c7b31252136,2016-09-11T21:33:12+03:00,tests/test_web_websocket.py,502,0,0,8
aiohttp,513fcbecff36c6e21369578160796c7b31252136,2016-09-11T21:33:12+03:00,tests/test_client_session.py,420,0,0,24
aiohttp,513fcbecff36c6e21369578160796c7b31252136,2016-09-11T21:33:12+03:00,demos/polls/aiohttpdemo_polls/views.py,63,2,0,0
aiohttp,513fcbecff36c6e21369578160796c7b31252136,2016-09-11T21:33:12+03:00,aiohttp/web_reqrep.py,895,3,0,0
aiohttp,513fcbecff36c6e21369578160796c7b31252136,2016-09-11T21:33:12+03:00,tests/test_web_functional.py,808,0,0,32
aiohttp,513fcbecff36c6e21369578160796c7b31252136,2016-09-11T21:33:12+03:00,examples/web_srv.py,55,0,0,7
aiohttp,513fcbecff36c6e21369578160796c7b31252136,2016-09-11T21:33:12+03:00,tests/test_worker.py,296,0,0,115
aiohttp,ae5dc703e513b87a06bc45ffa01e5e89b26e8cf9,2016-09-20T12:18:31+03:00,demos/chat/setup.py,32,1,0,0
aiohttp,ae5dc703e513b87a06bc45ffa01e5e89b26e8cf9,2016-09-20T12:18:31+03:00,aiohttp/test_utils.py,485,0,0,13
aiohttp,ae5dc703e513b87a06bc45ffa01e5e89b26e8cf9,2016-09-20T12:18:31+03:00,tests/test_proxy.py,504,0,0,137
aiohttp,ae5dc703e513b87a06bc45ffa01e5e89b26e8cf9,2016-09-20T12:18:31+03:00,aiohttp/pytest_plugin.py,113,2,0,0
aiohttp,ae5dc703e513b87a06bc45ffa01e5e89b26e8cf9,2016-09-20T12:18:31+03:00,tests/test_client_request.py,995,0,0,177
aiohttp,ae5dc703e513b87a06bc45ffa01e5e89b26e8cf9,2016-09-20T12:18:31+03:00,tests/test_client_response.py,270,0,0,18
aiohttp,ae5dc703e513b87a06bc45ffa01e5e89b26e8cf9,2016-09-20T12:18:31+03:00,tests/test_helpers.py,342,0,0,17
aiohttp,ae5dc703e513b87a06bc45ffa01e5e89b26e8cf9,2016-09-20T12:18:31+03:00,setup.py,115,0,0,6
aiohttp,ae5dc703e513b87a06bc45ffa01e5e89b26e8cf9,2016-09-20T12:18:31+03:00,examples/web_cookies.py,51,0,0,7
aiohttp,ae5dc703e513b87a06bc45ffa01e5e89b26e8cf9,2016-09-20T12:18:31+03:00,tests/test_connector.py,888,0,0,15
aiohttp,ae5dc703e513b87a06bc45ffa01e5e89b26e8cf9,2016-09-20T12:18:31+03:00,demos/polls/setup.py,37,1,0,0
aiohttp,ae5dc703e513b87a06bc45ffa01e5e89b26e8cf9,2016-09-20T12:18:31+03:00,aiohttp/web.py,376,0,0,10
aiohttp,ae5dc703e513b87a06bc45ffa01e5e89b26e8cf9,2016-09-20T12:18:31+03:00,aiohttp/protocol.py,916,6,0,0
aiohttp,ae5dc703e513b87a06bc45ffa01e5e89b26e8cf9,2016-09-20T12:18:31+03:00,examples/static_files.py,7,0,0,1
aiohttp,ae5dc703e513b87a06bc45ffa01e5e89b26e8cf9,2016-09-20T12:18:31+03:00,aiohttp/server.py,376,0,1,5
aiohttp,ae5dc703e513b87a06bc45ffa01e5e89b26e8cf9,2016-09-20T12:18:31+03:00,aiohttp/helpers.py,534,0,0,53
aiohttp,ae5dc703e513b87a06bc45ffa01e5e89b26e8cf9,2016-09-20T12:18:31+03:00,aiohttp/client_reqrep.py,801,2,0,113
aiohttp,ae5dc703e513b87a06bc45ffa01e5e89b26e8cf9,2016-09-20T12:18:31+03:00,aiohttp/web_ws.py,320,10,0,2
aiohttp,ae5dc703e513b87a06bc45ffa01e5e89b26e8cf9,2016-09-20T12:18:31+03:00,aiohttp/parsers.py,495,8,0,0
aiohttp,ae5dc703e513b87a06bc45ffa01e5e89b26e8cf9,2016-09-20T12:18:31+03:00,aiohttp/cookiejar.py,290,0,0,21
aiohttp,ae5dc703e513b87a06bc45ffa01e5e89b26e8cf9,2016-09-20T12:18:31+03:00,aiohttp/web_urldispatcher.py,825,0,0,13
aiohttp,ae5dc703e513b87a06bc45ffa01e5e89b26e8cf9,2016-09-20T12:18:31+03:00,aiohttp/worker.py,202,0,1,7
aiohttp,ae5dc703e513b87a06bc45ffa01e5e89b26e8cf9,2016-09-20T12:18:31+03:00,aiohttp/errors.py,186,0,0,10
aiohttp,ae5dc703e513b87a06bc45ffa01e5e89b26e8cf9,2016-09-20T12:18:31+03:00,aiohttp/client_ws.py,193,9,0,0
aiohttp,ae5dc703e513b87a06bc45ffa01e5e89b26e8cf9,2016-09-20T12:18:31+03:00,examples/client_auth.py,22,0,0,6
aiohttp,ae5dc703e513b87a06bc45ffa01e5e89b26e8cf9,2016-09-20T12:18:31+03:00,aiohttp/streams.py,644,17,0,0
aiohttp,ae5dc703e513b87a06bc45ffa01e5e89b26e8cf9,2016-09-20T12:18:31+03:00,aiohttp/multipart.py,973,5,0,0
aiohttp,ae5dc703e513b87a06bc45ffa01e5e89b26e8cf9,2016-09-20T12:18:31+03:00,tests/test_client_functional.py,1556,0,0,4
aiohttp,ae5dc703e513b87a06bc45ffa01e5e89b26e8cf9,2016-09-20T12:18:31+03:00,aiohttp/connector.py,783,0,0,7
aiohttp,ae5dc703e513b87a06bc45ffa01e5e89b26e8cf9,2016-09-20T12:18:31+03:00,tests/test_cookiejar.py,514,0,0,33
aiohttp,ae5dc703e513b87a06bc45ffa01e5e89b26e8cf9,2016-09-20T12:18:31+03:00,aiohttp/__init__.py,41,0,0,2
aiohttp,ae5dc703e513b87a06bc45ffa01e5e89b26e8cf9,2016-09-20T12:18:31+03:00,examples/web_ws.py,60,0,0,4
aiohttp,ae5dc703e513b87a06bc45ffa01e5e89b26e8cf9,2016-09-20T12:18:31+03:00,aiohttp/client.py,786,0,0,15
aiohttp,ae5dc703e513b87a06bc45ffa01e5e89b26e8cf9,2016-09-20T12:18:31+03:00,examples/web_classview1.py,61,0,0,2
aiohttp,ae5dc703e513b87a06bc45ffa01e5e89b26e8cf9,2016-09-20T12:18:31+03:00,tests/test_web_request.py,237,0,0,21
aiohttp,ae5dc703e513b87a06bc45ffa01e5e89b26e8cf9,2016-09-20T12:18:31+03:00,aiohttp/wsgi.py,234,0,0,1
aiohttp,ae5dc703e513b87a06bc45ffa01e5e89b26e8cf9,2016-09-20T12:18:31+03:00,examples/curl.py,29,0,0,14
aiohttp,ae5dc703e513b87a06bc45ffa01e5e89b26e8cf9,2016-09-20T12:18:31+03:00,aiohttp/web_exceptions.py,349,0,0,2
aiohttp,ae5dc703e513b87a06bc45ffa01e5e89b26e8cf9,2016-09-20T12:18:31+03:00,tests/test_client_session.py,422,0,0,20
aiohttp,ae5dc703e513b87a06bc45ffa01e5e89b26e8cf9,2016-09-20T12:18:31+03:00,demos/polls/aiohttpdemo_polls/views.py,63,2,0,0
aiohttp,ae5dc703e513b87a06bc45ffa01e5e89b26e8cf9,2016-09-20T12:18:31+03:00,aiohttp/web_reqrep.py,895,3,0,49
aiohttp,ae5dc703e513b87a06bc45ffa01e5e89b26e8cf9,2016-09-20T12:18:31+03:00,tests/test_wsgi.py,308,0,0,7
aiohttp,ae5dc703e513b87a06bc45ffa01e5e89b26e8cf9,2016-09-20T12:18:31+03:00,tests/test_web_functional.py,840,0,0,21
aiohttp,ae5dc703e513b87a06bc45ffa01e5e89b26e8cf9,2016-09-20T12:18:31+03:00,examples/web_srv.py,55,0,0,7
aiohttp,ae5dc703e513b87a06bc45ffa01e5e89b26e8cf9,2016-09-20T12:18:31+03:00,tests/test_worker.py,354,0,0,57
aiohttp,b7ca576939b13640797576e034d777dbf3f94810,2016-09-28T11:14:40+03:00,demos/chat/setup.py,32,1,0,0
aiohttp,b7ca576939b13640797576e034d777dbf3f94810,2016-09-28T11:14:40+03:00,aiohttp/test_utils.py,485,0,0,58
aiohttp,b7ca576939b13640797576e034d777dbf3f94810,2016-09-28T11:14:40+03:00,aiohttp/pytest_plugin.py,113,2,0,6
aiohttp,b7ca576939b13640797576e034d777dbf3f94810,2016-09-28T11:14:40+03:00,tests/test_web_sendfile_functional.py,399,0,0,254
aiohttp,b7ca576939b13640797576e034d777dbf3f94810,2016-09-28T11:14:40+03:00,tests/test_client_request.py,984,0,0,1083
aiohttp,b7ca576939b13640797576e034d777dbf3f94810,2016-09-28T11:14:40+03:00,tests/conftest.py,185,0,0,101
aiohttp,b7ca576939b13640797576e034d777dbf3f94810,2016-09-28T11:14:40+03:00,tests/test_helpers.py,329,0,0,27
aiohttp,b7ca576939b13640797576e034d777dbf3f94810,2016-09-28T11:14:40+03:00,tests/test_web_urldispatcher.py,253,0,0,71
aiohttp,b7ca576939b13640797576e034d777dbf3f94810,2016-09-28T11:14:40+03:00,setup.py,115,0,0,4
aiohttp,b7ca576939b13640797576e034d777dbf3f94810,2016-09-28T11:14:40+03:00,demos/polls/setup.py,37,1,0,0
aiohttp,b7ca576939b13640797576e034d777dbf3f94810,2016-09-28T11:14:40+03:00,tests/test_urldispatch.py,906,0,0,1761
aiohttp,b7ca576939b13640797576e034d777dbf3f94810,2016-09-28T11:14:40+03:00,aiohttp/web.py,375,0,0,9
aiohttp,b7ca576939b13640797576e034d777dbf3f94810,2016-09-28T11:14:40+03:00,aiohttp/protocol.py,916,6,0,0
aiohttp,b7ca576939b13640797576e034d777dbf3f94810,2016-09-28T11:14:40+03:00,tests/test_web_websocket_functional_oldstyle.py,362,0,0,362
aiohttp,b7ca576939b13640797576e034d777dbf3f94810,2016-09-28T11:14:40+03:00,tests/test_client_ws.py,423,0,0,831
aiohttp,b7ca576939b13640797576e034d777dbf3f94810,2016-09-28T11:14:40+03:00,aiohttp/server.py,376,0,1,5
aiohttp,b7ca576939b13640797576e034d777dbf3f94810,2016-09-28T11:14:40+03:00,aiohttp/helpers.py,485,0,0,2
aiohttp,b7ca576939b13640797576e034d777dbf3f94810,2016-09-28T11:14:40+03:00,aiohttp/client_reqrep.py,764,2,0,28
aiohttp,b7ca576939b13640797576e034d777dbf3f94810,2016-09-28T11:14:40+03:00,aiohttp/web_ws.py,320,10,0,0
aiohttp,b7ca576939b13640797576e034d777dbf3f94810,2016-09-28T11:14:40+03:00,tests/test_py35/test_web_websocket_35.py,30,0,0,7
aiohttp,b7ca576939b13640797576e034d777dbf3f94810,2016-09-28T11:14:40+03:00,aiohttp/parsers.py,495,8,0,0
aiohttp,b7ca576939b13640797576e034d777dbf3f94810,2016-09-28T11:14:40+03:00,aiohttp/web_urldispatcher.py,825,0,0,325
aiohttp,b7ca576939b13640797576e034d777dbf3f94810,2016-09-28T11:14:40+03:00,aiohttp/worker.py,195,0,1,0
aiohttp,b7ca576939b13640797576e034d777dbf3f94810,2016-09-28T11:14:40+03:00,tests/test_flowcontrol_streams.py,244,0,0,78
aiohttp,b7ca576939b13640797576e034d777dbf3f94810,2016-09-28T11:14:40+03:00,tests/test_web_websocket_functional.py,264,0,0,335
aiohttp,b7ca576939b13640797576e034d777dbf3f94810,2016-09-28T11:14:40+03:00,aiohttp/client_ws.py,193,9,0,0
aiohttp,b7ca576939b13640797576e034d777dbf3f94810,2016-09-28T11:14:40+03:00,tests/test_pytest_plugin.py,148,0,0,4
aiohttp,b7ca576939b13640797576e034d777dbf3f94810,2016-09-28T11:14:40+03:00,aiohttp/streams.py,644,17,0,84
aiohttp,b7ca576939b13640797576e034d777dbf3f94810,2016-09-28T11:14:40+03:00,aiohttp/multipart.py,973,5,0,0
aiohttp,b7ca576939b13640797576e034d777dbf3f94810,2016-09-28T11:14:40+03:00,tests/test_web_middleware.py,91,0,0,15
aiohttp,b7ca576939b13640797576e034d777dbf3f94810,2016-09-28T11:14:40+03:00,tests/test_client_functional.py,1556,0,0,446
aiohttp,b7ca576939b13640797576e034d777dbf3f94810,2016-09-28T11:14:40+03:00,aiohttp/connector.py,784,0,0,2
aiohttp,b7ca576939b13640797576e034d777dbf3f94810,2016-09-28T11:14:40+03:00,aiohttp/__init__.py,41,0,0,4
aiohttp,b7ca576939b13640797576e034d777dbf3f94810,2016-09-28T11:14:40+03:00,tests/test_py35/test_resp.py,93,0,0,35
aiohttp,b7ca576939b13640797576e034d777dbf3f94810,2016-09-28T11:14:40+03:00,aiohttp/client.py,789,0,0,8
aiohttp,b7ca576939b13640797576e034d777dbf3f94810,2016-09-28T11:14:40+03:00,tests/test_web_request.py,237,0,0,21
aiohttp,b7ca576939b13640797576e034d777dbf3f94810,2016-09-28T11:14:40+03:00,tests/test_client_ws_functional.py,455,0,0,80
aiohttp,b7ca576939b13640797576e034d777dbf3f94810,2016-09-28T11:14:40+03:00,tests/test_client_session.py,436,0,0,13
aiohttp,b7ca576939b13640797576e034d777dbf3f94810,2016-09-28T11:14:40+03:00,aiohttp/web_exceptions.py,349,0,0,2
aiohttp,b7ca576939b13640797576e034d777dbf3f94810,2016-09-28T11:14:40+03:00,tests/test_py35/test_client_websocket_35.py,70,0,0,54
aiohttp,b7ca576939b13640797576e034d777dbf3f94810,2016-09-28T11:14:40+03:00,demos/polls/aiohttpdemo_polls/views.py,63,2,0,0
aiohttp,b7ca576939b13640797576e034d777dbf3f94810,2016-09-28T11:14:40+03:00,aiohttp/web_reqrep.py,895,3,0,49
aiohttp,b7ca576939b13640797576e034d777dbf3f94810,2016-09-28T11:14:40+03:00,tests/test_web_functional.py,840,0,0,21
aiohttp,b7ca576939b13640797576e034d777dbf3f94810,2016-09-28T11:14:40+03:00,tests/test_client_response.py,272,0,0,579
aiohttp,b7ca576939b13640797576e034d777dbf3f94810,2016-09-28T11:14:40+03:00,tests/test_streams.py,814,0,0,22
aiohttp,c326250cd8a181b40264ea2d2711b034d72cdd46,2016-10-02T14:12:57+07:00,demos/chat/setup.py,32,1,0,0
aiohttp,c326250cd8a181b40264ea2d2711b034d72cdd46,2016-10-02T14:12:57+07:00,aiohttp/test_utils.py,494,0,0,45
aiohttp,c326250cd8a181b40264ea2d2711b034d72cdd46,2016-10-02T14:12:57+07:00,aiohttp/pytest_plugin.py,113,2,0,6
aiohttp,c326250cd8a181b40264ea2d2711b034d72cdd46,2016-10-02T14:12:57+07:00,tests/test_client_request.py,984,0,0,1105
aiohttp,c326250cd8a181b40264ea2d2711b034d72cdd46,2016-10-02T14:12:57+07:00,tests/test_web_sendfile_functional.py,399,0,0,254
aiohttp,c326250cd8a181b40264ea2d2711b034d72cdd46,2016-10-02T14:12:57+07:00,tests/conftest.py,185,0,0,101
aiohttp,c326250cd8a181b40264ea2d2711b034d72cdd46,2016-10-02T14:12:57+07:00,tests/test_helpers.py,329,0,0,62
aiohttp,c326250cd8a181b40264ea2d2711b034d72cdd46,2016-10-02T14:12:57+07:00,setup.py,119,0,0,2
aiohttp,c326250cd8a181b40264ea2d2711b034d72cdd46,2016-10-02T14:12:57+07:00,tests/test_web_urldispatcher.py,253,0,0,71
aiohttp,c326250cd8a181b40264ea2d2711b034d72cdd46,2016-10-02T14:12:57+07:00,tests/test_connector.py,891,0,0,1
aiohttp,c326250cd8a181b40264ea2d2711b034d72cdd46,2016-10-02T14:12:57+07:00,demos/polls/setup.py,37,1,0,0
aiohttp,c326250cd8a181b40264ea2d2711b034d72cdd46,2016-10-02T14:12:57+07:00,tests/test_urldispatch.py,906,0,0,1767
aiohttp,c326250cd8a181b40264ea2d2711b034d72cdd46,2016-10-02T14:12:57+07:00,aiohttp/web.py,378,0,0,7
aiohttp,c326250cd8a181b40264ea2d2711b034d72cdd46,2016-10-02T14:12:57+07:00,aiohttp/protocol.py,916,6,0,0
aiohttp,c326250cd8a181b40264ea2d2711b034d72cdd46,2016-10-02T14:12:57+07:00,tests/test_web_websocket_functional_oldstyle.py,362,0,0,362
aiohttp,c326250cd8a181b40264ea2d2711b034d72cdd46,2016-10-02T14:12:57+07:00,tests/test_client_ws.py,423,0,0,831
aiohttp,c326250cd8a181b40264ea2d2711b034d72cdd46,2016-10-02T14:12:57+07:00,aiohttp/server.py,379,0,1,0
aiohttp,c326250cd8a181b40264ea2d2711b034d72cdd46,2016-10-02T14:12:57+07:00,aiohttp/helpers.py,485,0,0,56
aiohttp,c326250cd8a181b40264ea2d2711b034d72cdd46,2016-10-02T14:12:57+07:00,aiohttp/client_reqrep.py,758,2,0,31
aiohttp,c326250cd8a181b40264ea2d2711b034d72cdd46,2016-10-02T14:12:57+07:00,aiohttp/web_ws.py,320,10,0,0
aiohttp,c326250cd8a181b40264ea2d2711b034d72cdd46,2016-10-02T14:12:57+07:00,tests/test_run_app.py,69,0,0,16
aiohttp,c326250cd8a181b40264ea2d2711b034d72cdd46,2016-10-02T14:12:57+07:00,tests/test_py35/test_web_websocket_35.py,30,0,0,7
aiohttp,c326250cd8a181b40264ea2d2711b034d72cdd46,2016-10-02T14:12:57+07:00,aiohttp/parsers.py,495,8,0,0
aiohttp,c326250cd8a181b40264ea2d2711b034d72cdd46,2016-10-02T14:12:57+07:00,aiohttp/web_urldispatcher.py,830,0,0,312
aiohttp,c326250cd8a181b40264ea2d2711b034d72cdd46,2016-10-02T14:12:57+07:00,aiohttp/worker.py,195,0,1,0
aiohttp,c326250cd8a181b40264ea2d2711b034d72cdd46,2016-10-02T14:12:57+07:00,tests/test_flowcontrol_streams.py,244,0,0,78
aiohttp,c326250cd8a181b40264ea2d2711b034d72cdd46,2016-10-02T14:12:57+07:00,tests/test_web_websocket_functional.py,264,0,0,335
aiohttp,c326250cd8a181b40264ea2d2711b034d72cdd46,2016-10-02T14:12:57+07:00,aiohttp/client_ws.py,193,9,0,0
aiohttp,c326250cd8a181b40264ea2d2711b034d72cdd46,2016-10-02T14:12:57+07:00,tests/test_pytest_plugin.py,148,0,0,4
aiohttp,c326250cd8a181b40264ea2d2711b034d72cdd46,2016-10-02T14:12:57+07:00,aiohttp/streams.py,644,17,0,84
aiohttp,c326250cd8a181b40264ea2d2711b034d72cdd46,2016-10-02T14:12:57+07:00,aiohttp/multipart.py,973,5,0,0
aiohttp,c326250cd8a181b40264ea2d2711b034d72cdd46,2016-10-02T14:12:57+07:00,tests/test_web_middleware.py,91,0,0,15
aiohttp,c326250cd8a181b40264ea2d2711b034d72cdd46,2016-10-02T14:12:57+07:00,tests/test_client_functional.py,1556,0,0,446
aiohttp,c326250cd8a181b40264ea2d2711b034d72cdd46,2016-10-02T14:12:57+07:00,tests/test_cookiejar.py,523,0,0,1
aiohttp,c326250cd8a181b40264ea2d2711b034d72cdd46,2016-10-02T14:12:57+07:00,aiohttp/connector.py,784,0,0,2
aiohttp,c326250cd8a181b40264ea2d2711b034d72cdd46,2016-10-02T14:12:57+07:00,aiohttp/__init__.py,41,0,0,4
aiohttp,c326250cd8a181b40264ea2d2711b034d72cdd46,2016-10-02T14:12:57+07:00,tests/test_py35/test_resp.py,93,0,0,35
aiohttp,c326250cd8a181b40264ea2d2711b034d72cdd46,2016-10-02T14:12:57+07:00,aiohttp/client.py,789,0,0,8
aiohttp,c326250cd8a181b40264ea2d2711b034d72cdd46,2016-10-02T14:12:57+07:00,tests/test_client_ws_functional.py,455,0,0,80
aiohttp,c326250cd8a181b40264ea2d2711b034d72cdd46,2016-10-02T14:12:57+07:00,tests/test_client_session.py,436,0,0,13
aiohttp,c326250cd8a181b40264ea2d2711b034d72cdd46,2016-10-02T14:12:57+07:00,tests/test_py35/test_client_websocket_35.py,70,0,0,54
aiohttp,c326250cd8a181b40264ea2d2711b034d72cdd46,2016-10-02T14:12:57+07:00,demos/polls/aiohttpdemo_polls/views.py,63,2,0,0
aiohttp,c326250cd8a181b40264ea2d2711b034d72cdd46,2016-10-02T14:12:57+07:00,aiohttp/web_reqrep.py,924,3,0,0
aiohttp,c326250cd8a181b40264ea2d2711b034d72cdd46,2016-10-02T14:12:57+07:00,tests/test_client_response.py,272,0,0,579
aiohttp,c326250cd8a181b40264ea2d2711b034d72cdd46,2016-10-02T14:12:57+07:00,tests/test_streams.py,814,0,0,22
aiohttp,1117a6140540789d01d8135c095ac968159bff1b,2016-10-23T00:42:29+03:00,demos/chat/setup.py,32,1,0,0
aiohttp,1117a6140540789d01d8135c095ac968159bff1b,2016-10-23T00:42:29+03:00,aiohttp/test_utils.py,520,0,0,14
aiohttp,1117a6140540789d01d8135c095ac968159bff1b,2016-10-23T00:42:29+03:00,benchmark/async.py,330,0,0,4
aiohttp,1117a6140540789d01d8135c095ac968159bff1b,2016-10-23T00:42:29+03:00,aiohttp/resolver.py,100,0,0,5
aiohttp,1117a6140540789d01d8135c095ac968159bff1b,2016-10-23T00:42:29+03:00,aiohttp/pytest_plugin.py,115,2,0,0
aiohttp,1117a6140540789d01d8135c095ac968159bff1b,2016-10-23T00:42:29+03:00,tests/test_helpers.py,381,0,0,109
aiohttp,1117a6140540789d01d8135c095ac968159bff1b,2016-10-23T00:42:29+03:00,setup.py,119,0,0,3
aiohttp,1117a6140540789d01d8135c095ac968159bff1b,2016-10-23T00:42:29+03:00,tests/test_web_urldispatcher.py,242,0,0,30
aiohttp,1117a6140540789d01d8135c095ac968159bff1b,2016-10-23T00:42:29+03:00,tests/test_resolver.py,209,0,0,9
aiohttp,1117a6140540789d01d8135c095ac968159bff1b,2016-10-23T00:42:29+03:00,demos/polls/setup.py,37,1,0,4
aiohttp,1117a6140540789d01d8135c095ac968159bff1b,2016-10-23T00:42:29+03:00,tests/test_urldispatch.py,889,0,0,119
aiohttp,1117a6140540789d01d8135c095ac968159bff1b,2016-10-23T00:42:29+03:00,demos/polls/aiohttpdemo_polls/routes.py,12,0,0,8
aiohttp,1117a6140540789d01d8135c095ac968159bff1b,2016-10-23T00:42:29+03:00,aiohttp/protocol.py,916,6,0,19
aiohttp,1117a6140540789d01d8135c095ac968159bff1b,2016-10-23T00:42:29+03:00,aiohttp/web.py,381,0,0,148
aiohttp,1117a6140540789d01d8135c095ac968159bff1b,2016-10-23T00:42:29+03:00,tests/test_web_response.py,1019,0,0,129
aiohttp,1117a6140540789d01d8135c095ac968159bff1b,2016-10-23T00:42:29+03:00,aiohttp/server.py,379,0,1,1
aiohttp,1117a6140540789d01d8135c095ac968159bff1b,2016-10-23T00:42:29+03:00,aiohttp/helpers.py,530,0,0,151
aiohttp,1117a6140540789d01d8135c095ac968159bff1b,2016-10-23T00:42:29+03:00,aiohttp/client_reqrep.py,781,2,0,57
aiohttp,1117a6140540789d01d8135c095ac968159bff1b,2016-10-23T00:42:29+03:00,benchmark/prof.py,0,0,0,26
aiohttp,1117a6140540789d01d8135c095ac968159bff1b,2016-10-23T00:42:29+03:00,aiohttp/web_ws.py,320,10,0,0
aiohttp,1117a6140540789d01d8135c095ac968159bff1b,2016-10-23T00:42:29+03:00,tests/test_web_request_handler.py,72,0,0,6
aiohttp,1117a6140540789d01d8135c095ac968159bff1b,2016-10-23T00:42:29+03:00,demos/polls/aiohttpdemo_polls/main.py,54,0,0,33
aiohttp,1117a6140540789d01d8135c095ac968159bff1b,2016-10-23T00:42:29+03:00,benchmark/multidict.py,64,0,0,64
aiohttp,1117a6140540789d01d8135c095ac968159bff1b,2016-10-23T00:42:29+03:00,aiohttp/parsers.py,495,8,0,2
aiohttp,1117a6140540789d01d8135c095ac968159bff1b,2016-10-23T00:42:29+03:00,aiohttp/abc.py,88,0,0,34
aiohttp,1117a6140540789d01d8135c095ac968159bff1b,2016-10-23T00:42:29+03:00,aiohttp/web_urldispatcher.py,766,2,0,174
aiohttp,1117a6140540789d01d8135c095ac968159bff1b,2016-10-23T00:42:29+03:00,tests/test_http_parser.py,610,0,0,11
aiohttp,1117a6140540789d01d8135c095ac968159bff1b,2016-10-23T00:42:29+03:00,aiohttp/worker.py,195,0,1,0
aiohttp,1117a6140540789d01d8135c095ac968159bff1b,2016-10-23T00:42:29+03:00,aiohttp/errors.py,178,0,0,2
aiohttp,1117a6140540789d01d8135c095ac968159bff1b,2016-10-23T00:42:29+03:00,aiohttp/client_ws.py,193,9,0,0
aiohttp,1117a6140540789d01d8135c095ac968159bff1b,2016-10-23T00:42:29+03:00,aiohttp/streams.py,672,17,0,19
aiohttp,1117a6140540789d01d8135c095ac968159bff1b,2016-10-23T00:42:29+03:00,aiohttp/multipart.py,973,5,0,0
aiohttp,1117a6140540789d01d8135c095ac968159bff1b,2016-10-23T00:42:29+03:00,aiohttp/file_sender.py,168,0,0,33
aiohttp,1117a6140540789d01d8135c095ac968159bff1b,2016-10-23T00:42:29+03:00,tests/test_client_functional.py,1691,0,0,17
aiohttp,1117a6140540789d01d8135c095ac968159bff1b,2016-10-23T00:42:29+03:00,aiohttp/connector.py,784,0,0,5
aiohttp,1117a6140540789d01d8135c095ac968159bff1b,2016-10-23T00:42:29+03:00,tests/test_py35/test_client.py,60,0,0,37
aiohttp,1117a6140540789d01d8135c095ac968159bff1b,2016-10-23T00:42:29+03:00,tests/test_web_exceptions.py,174,0,0,13
aiohttp,1117a6140540789d01d8135c095ac968159bff1b,2016-10-23T00:42:29+03:00,aiohttp/__init__.py,41,0,0,4
aiohttp,1117a6140540789d01d8135c095ac968159bff1b,2016-10-23T00:42:29+03:00,tests/test_signals.py,152,0,0,135
aiohttp,1117a6140540789d01d8135c095ac968159bff1b,2016-10-23T00:42:29+03:00,aiohttp/client.py,789,0,0,20
aiohttp,1117a6140540789d01d8135c095ac968159bff1b,2016-10-23T00:42:29+03:00,tests/test_py35/test_resp.py,98,0,0,23
aiohttp,1117a6140540789d01d8135c095ac968159bff1b,2016-10-23T00:42:29+03:00,tests/test_web_request.py,254,0,0,90
aiohttp,1117a6140540789d01d8135c095ac968159bff1b,2016-10-23T00:42:29+03:00,demos/polls/aiohttpdemo_polls/db.py,77,0,0,12
aiohttp,1117a6140540789d01d8135c095ac968159bff1b,2016-10-23T00:42:29+03:00,aiohttp/signals.py,71,0,0,81
aiohttp,1117a6140540789d01d8135c095ac968159bff1b,2016-10-23T00:42:29+03:00,demos/polls/aiohttpdemo_polls/views.py,63,2,0,0
aiohttp,1117a6140540789d01d8135c095ac968159bff1b,2016-10-23T00:42:29+03:00,aiohttp/web_reqrep.py,924,3,0,216
aiohttp,1117a6140540789d01d8135c095ac968159bff1b,2016-10-23T00:42:29+03:00,tests/test_web_functional.py,861,0,0,398
aiohttp,1117a6140540789d01d8135c095ac968159bff1b,2016-10-23T00:42:29+03:00,tests/test_client_response.py,337,0,0,60
aiohttp,1117a6140540789d01d8135c095ac968159bff1b,2016-10-23T00:42:29+03:00,tests/test_web_application.py,167,0,0,22
aiohttp,1117a6140540789d01d8135c095ac968159bff1b,2016-10-23T00:42:29+03:00,tests/test_streams.py,836,0,0,27
aiohttp,933680774f9ce40e39f409726d379afa2eba72c5,2016-11-06T09:12:56+02:00,demos/chat/setup.py,32,1,0,0
aiohttp,933680774f9ce40e39f409726d379afa2eba72c5,2016-11-06T09:12:56+02:00,aiohttp/test_utils.py,530,0,0,94
aiohttp,933680774f9ce40e39f409726d379afa2eba72c5,2016-11-06T09:12:56+02:00,benchmark/async.py,330,0,0,1
aiohttp,933680774f9ce40e39f409726d379afa2eba72c5,2016-11-06T09:12:56+02:00,aiohttp/pytest_plugin.py,115,2,0,30
aiohttp,933680774f9ce40e39f409726d379afa2eba72c5,2016-11-06T09:12:56+02:00,tests/test_web_sendfile_functional.py,325,0,0,202
aiohttp,933680774f9ce40e39f409726d379afa2eba72c5,2016-11-06T09:12:56+02:00,tests/test_helpers.py,424,0,0,10
aiohttp,933680774f9ce40e39f409726d379afa2eba72c5,2016-11-06T09:12:56+02:00,examples/web_cookies.py,52,0,0,1
aiohttp,933680774f9ce40e39f409726d379afa2eba72c5,2016-11-06T09:12:56+02:00,demos/polls/setup.py,37,1,0,0
aiohttp,933680774f9ce40e39f409726d379afa2eba72c5,2016-11-06T09:12:56+02:00,tests/test_py35/test_cbv35.py,16,0,0,1
aiohttp,933680774f9ce40e39f409726d379afa2eba72c5,2016-11-06T09:12:56+02:00,aiohttp/web.py,461,0,0,217
aiohttp,933680774f9ce40e39f409726d379afa2eba72c5,2016-11-06T09:12:56+02:00,aiohttp/protocol.py,927,4,0,0
aiohttp,933680774f9ce40e39f409726d379afa2eba72c5,2016-11-06T09:12:56+02:00,tests/test_urldispatch.py,986,0,0,41
aiohttp,933680774f9ce40e39f409726d379afa2eba72c5,2016-11-06T09:12:56+02:00,tests/test_web_server.py,0,0,0,17
aiohttp,933680774f9ce40e39f409726d379afa2eba72c5,2016-11-06T09:12:56+02:00,demos/polls/tests/test_integration.py,24,0,0,1
aiohttp,933680774f9ce40e39f409726d379afa2eba72c5,2016-11-06T09:12:56+02:00,aiohttp/server.py,380,0,1,0
aiohttp,933680774f9ce40e39f409726d379afa2eba72c5,2016-11-06T09:12:56+02:00,aiohttp/helpers.py,669,0,0,92
aiohttp,933680774f9ce40e39f409726d379afa2eba72c5,2016-11-06T09:12:56+02:00,aiohttp/client_reqrep.py,768,2,0,3
aiohttp,933680774f9ce40e39f409726d379afa2eba72c5,2016-11-06T09:12:56+02:00,benchmark/prof.py,24,0,0,2
aiohttp,933680774f9ce40e39f409726d379afa2eba72c5,2016-11-06T09:12:56+02:00,aiohttp/web_ws.py,320,10,0,0
aiohttp,933680774f9ce40e39f409726d379afa2eba72c5,2016-11-06T09:12:56+02:00,tests/test_web_request_handler.py,72,0,0,6
aiohttp,933680774f9ce40e39f409726d379afa2eba72c5,2016-11-06T09:12:56+02:00,demos/polls/aiohttpdemo_polls/main.py,51,0,0,2
aiohttp,933680774f9ce40e39f409726d379afa2eba72c5,2016-11-06T09:12:56+02:00,examples/client_json.py,21,0,0,1
aiohttp,933680774f9ce40e39f409726d379afa2eba72c5,2016-11-06T09:12:56+02:00,tests/test_py35/test_web_websocket_35.py,68,0,0,1
aiohttp,933680774f9ce40e39f409726d379afa2eba72c5,2016-11-06T09:12:56+02:00,aiohttp/parsers.py,495,8,0,0
aiohttp,933680774f9ce40e39f409726d379afa2eba72c5,2016-11-06T09:12:56+02:00,aiohttp/web_urldispatcher.py,888,2,0,67
aiohttp,933680774f9ce40e39f409726d379afa2eba72c5,2016-11-06T09:12:56+02:00,examples/background_tasks.py,65,0,0,1
aiohttp,933680774f9ce40e39f409726d379afa2eba72c5,2016-11-06T09:12:56+02:00,aiohttp/worker.py,195,0,1,22
aiohttp,933680774f9ce40e39f409726d379afa2eba72c5,2016-11-06T09:12:56+02:00,demos/polls/aiohttpdemo_polls/middlewares.py,41,0,0,1
aiohttp,933680774f9ce40e39f409726d379afa2eba72c5,2016-11-06T09:12:56+02:00,aiohttp/client_ws.py,193,9,0,0
aiohttp,933680774f9ce40e39f409726d379afa2eba72c5,2016-11-06T09:12:56+02:00,examples/client_auth.py,22,0,0,1
aiohttp,933680774f9ce40e39f409726d379afa2eba72c5,2016-11-06T09:12:56+02:00,demos/chat/aiohttpdemo_chat/main.py,39,0,0,1
aiohttp,933680774f9ce40e39f409726d379afa2eba72c5,2016-11-06T09:12:56+02:00,aiohttp/streams.py,671,17,0,0
aiohttp,933680774f9ce40e39f409726d379afa2eba72c5,2016-11-06T09:12:56+02:00,aiohttp/multipart.py,973,5,0,0
aiohttp,933680774f9ce40e39f409726d379afa2eba72c5,2016-11-06T09:12:56+02:00,aiohttp/file_sender.py,167,0,0,152
aiohttp,933680774f9ce40e39f409726d379afa2eba72c5,2016-11-06T09:12:56+02:00,aiohttp/web_server.py,0,0,0,153
aiohttp,933680774f9ce40e39f409726d379afa2eba72c5,2016-11-06T09:12:56+02:00,tests/test_client_functional.py,1698,0,0,18
aiohttp,933680774f9ce40e39f409726d379afa2eba72c5,2016-11-06T09:12:56+02:00,tests/test_py35/test_client.py,69,0,0,1
aiohttp,933680774f9ce40e39f409726d379afa2eba72c5,2016-11-06T09:12:56+02:00,aiohttp/__init__.py,41,0,0,8
aiohttp,933680774f9ce40e39f409726d379afa2eba72c5,2016-11-06T09:12:56+02:00,tests/test_test_utils.py,268,0,0,35
aiohttp,933680774f9ce40e39f409726d379afa2eba72c5,2016-11-06T09:12:56+02:00,aiohttp/client.py,779,0,0,91
aiohttp,933680774f9ce40e39f409726d379afa2eba72c5,2016-11-06T09:12:56+02:00,tests/test_py35/test_resp.py,117,0,0,1
aiohttp,933680774f9ce40e39f409726d379afa2eba72c5,2016-11-06T09:12:56+02:00,tests/test_py35/test_client_websocket_35.py,111,0,0,1
aiohttp,933680774f9ce40e39f409726d379afa2eba72c5,2016-11-06T09:12:56+02:00,demos/polls/aiohttpdemo_polls/views.py,63,2,0,0
aiohttp,933680774f9ce40e39f409726d379afa2eba72c5,2016-11-06T09:12:56+02:00,aiohttp/web_reqrep.py,942,3,0,143
aiohttp,933680774f9ce40e39f409726d379afa2eba72c5,2016-11-06T09:12:56+02:00,tests/test_web_functional.py,1187,0,0,23
aiohttp,933680774f9ce40e39f409726d379afa2eba72c5,2016-11-06T09:12:56+02:00,examples/web_srv.py,58,0,0,1
aiohttp,933680774f9ce40e39f409726d379afa2eba72c5,2016-11-06T09:12:56+02:00,tests/test_worker.py,297,0,0,45
aiohttp,933680774f9ce40e39f409726d379afa2eba72c5,2016-11-06T09:12:56+02:00,tests/test_web_application.py,177,0,0,29
aiohttp,4ff21c2e602ef8f67314fffbc66381d50a4e1acf,2016-11-07T13:37:53+02:00,demos/chat/setup.py,32,1,0,0
aiohttp,4ff21c2e602ef8f67314fffbc66381d50a4e1acf,2016-11-07T13:37:53+02:00,aiohttp/test_utils.py,530,0,0,100
aiohttp,4ff21c2e602ef8f67314fffbc66381d50a4e1acf,2016-11-07T13:37:53+02:00,benchmark/async.py,330,0,0,1
aiohttp,4ff21c2e602ef8f67314fffbc66381d50a4e1acf,2016-11-07T13:37:53+02:00,aiohttp/pytest_plugin.py,115,2,0,30
aiohttp,4ff21c2e602ef8f67314fffbc66381d50a4e1acf,2016-11-07T13:37:53+02:00,tests/test_web_sendfile_functional.py,325,0,0,202
aiohttp,4ff21c2e602ef8f67314fffbc66381d50a4e1acf,2016-11-07T13:37:53+02:00,tests/test_helpers.py,424,0,0,10
aiohttp,4ff21c2e602ef8f67314fffbc66381d50a4e1acf,2016-11-07T13:37:53+02:00,examples/web_cookies.py,52,0,0,1
aiohttp,4ff21c2e602ef8f67314fffbc66381d50a4e1acf,2016-11-07T13:37:53+02:00,demos/polls/setup.py,37,1,0,0
aiohttp,4ff21c2e602ef8f67314fffbc66381d50a4e1acf,2016-11-07T13:37:53+02:00,tests/test_py35/test_cbv35.py,16,0,0,1
aiohttp,4ff21c2e602ef8f67314fffbc66381d50a4e1acf,2016-11-07T13:37:53+02:00,aiohttp/web.py,461,0,0,224
aiohttp,4ff21c2e602ef8f67314fffbc66381d50a4e1acf,2016-11-07T13:37:53+02:00,aiohttp/protocol.py,927,4,0,0
aiohttp,4ff21c2e602ef8f67314fffbc66381d50a4e1acf,2016-11-07T13:37:53+02:00,tests/test_urldispatch.py,986,0,0,41
aiohttp,4ff21c2e602ef8f67314fffbc66381d50a4e1acf,2016-11-07T13:37:53+02:00,tests/test_web_server.py,0,0,0,17
aiohttp,4ff21c2e602ef8f67314fffbc66381d50a4e1acf,2016-11-07T13:37:53+02:00,demos/polls/tests/test_integration.py,24,0,0,1
aiohttp,4ff21c2e602ef8f67314fffbc66381d50a4e1acf,2016-11-07T13:37:53+02:00,aiohttp/server.py,380,0,1,0
aiohttp,4ff21c2e602ef8f67314fffbc66381d50a4e1acf,2016-11-07T13:37:53+02:00,aiohttp/helpers.py,669,0,0,92
aiohttp,4ff21c2e602ef8f67314fffbc66381d50a4e1acf,2016-11-07T13:37:53+02:00,aiohttp/client_reqrep.py,768,2,0,3
aiohttp,4ff21c2e602ef8f67314fffbc66381d50a4e1acf,2016-11-07T13:37:53+02:00,benchmark/prof.py,24,0,0,2
aiohttp,4ff21c2e602ef8f67314fffbc66381d50a4e1acf,2016-11-07T13:37:53+02:00,aiohttp/web_ws.py,320,10,0,0
aiohttp,4ff21c2e602ef8f67314fffbc66381d50a4e1acf,2016-11-07T13:37:53+02:00,tests/test_web_request_handler.py,72,0,0,6
aiohttp,4ff21c2e602ef8f67314fffbc66381d50a4e1acf,2016-11-07T13:37:53+02:00,demos/polls/aiohttpdemo_polls/main.py,51,0,0,2
aiohttp,4ff21c2e602ef8f67314fffbc66381d50a4e1acf,2016-11-07T13:37:53+02:00,examples/client_json.py,21,0,0,1
aiohttp,4ff21c2e602ef8f67314fffbc66381d50a4e1acf,2016-11-07T13:37:53+02:00,tests/test_py35/test_web_websocket_35.py,68,0,0,1
aiohttp,4ff21c2e602ef8f67314fffbc66381d50a4e1acf,2016-11-07T13:37:53+02:00,aiohttp/parsers.py,495,8,0,0
aiohttp,4ff21c2e602ef8f67314fffbc66381d50a4e1acf,2016-11-07T13:37:53+02:00,aiohttp/web_urldispatcher.py,888,2,0,67
aiohttp,4ff21c2e602ef8f67314fffbc66381d50a4e1acf,2016-11-07T13:37:53+02:00,examples/background_tasks.py,65,0,0,1
aiohttp,4ff21c2e602ef8f67314fffbc66381d50a4e1acf,2016-11-07T13:37:53+02:00,aiohttp/worker.py,195,0,1,22
aiohttp,4ff21c2e602ef8f67314fffbc66381d50a4e1acf,2016-11-07T13:37:53+02:00,aiohttp/errors.py,178,0,0,5
aiohttp,4ff21c2e602ef8f67314fffbc66381d50a4e1acf,2016-11-07T13:37:53+02:00,demos/polls/aiohttpdemo_polls/middlewares.py,41,0,0,1
aiohttp,4ff21c2e602ef8f67314fffbc66381d50a4e1acf,2016-11-07T13:37:53+02:00,aiohttp/client_ws.py,193,9,0,0
aiohttp,4ff21c2e602ef8f67314fffbc66381d50a4e1acf,2016-11-07T13:37:53+02:00,examples/client_auth.py,22,0,0,1
aiohttp,4ff21c2e602ef8f67314fffbc66381d50a4e1acf,2016-11-07T13:37:53+02:00,demos/chat/aiohttpdemo_chat/main.py,39,0,0,1
aiohttp,4ff21c2e602ef8f67314fffbc66381d50a4e1acf,2016-11-07T13:37:53+02:00,aiohttp/streams.py,671,17,0,0
aiohttp,4ff21c2e602ef8f67314fffbc66381d50a4e1acf,2016-11-07T13:37:53+02:00,aiohttp/multipart.py,973,5,0,0
aiohttp,4ff21c2e602ef8f67314fffbc66381d50a4e1acf,2016-11-07T13:37:53+02:00,aiohttp/file_sender.py,167,0,0,152
aiohttp,4ff21c2e602ef8f67314fffbc66381d50a4e1acf,2016-11-07T13:37:53+02:00,aiohttp/web_server.py,0,0,0,160
aiohttp,4ff21c2e602ef8f67314fffbc66381d50a4e1acf,2016-11-07T13:37:53+02:00,tests/test_client_functional.py,1698,0,0,18
aiohttp,4ff21c2e602ef8f67314fffbc66381d50a4e1acf,2016-11-07T13:37:53+02:00,tests/test_py35/test_client.py,69,0,0,1
aiohttp,4ff21c2e602ef8f67314fffbc66381d50a4e1acf,2016-11-07T13:37:53+02:00,aiohttp/__init__.py,41,0,0,8
aiohttp,4ff21c2e602ef8f67314fffbc66381d50a4e1acf,2016-11-07T13:37:53+02:00,tests/test_test_utils.py,268,0,0,35
aiohttp,4ff21c2e602ef8f67314fffbc66381d50a4e1acf,2016-11-07T13:37:53+02:00,aiohttp/client.py,779,0,0,91
aiohttp,4ff21c2e602ef8f67314fffbc66381d50a4e1acf,2016-11-07T13:37:53+02:00,tests/test_py35/test_resp.py,117,0,0,1
aiohttp,4ff21c2e602ef8f67314fffbc66381d50a4e1acf,2016-11-07T13:37:53+02:00,tests/test_web_request.py,320,0,0,36
aiohttp,4ff21c2e602ef8f67314fffbc66381d50a4e1acf,2016-11-07T13:37:53+02:00,tests/test_py35/test_client_websocket_35.py,111,0,0,1
aiohttp,4ff21c2e602ef8f67314fffbc66381d50a4e1acf,2016-11-07T13:37:53+02:00,demos/polls/aiohttpdemo_polls/views.py,63,2,0,0
aiohttp,4ff21c2e602ef8f67314fffbc66381d50a4e1acf,2016-11-07T13:37:53+02:00,aiohttp/web_reqrep.py,942,3,0,164
aiohttp,4ff21c2e602ef8f67314fffbc66381d50a4e1acf,2016-11-07T13:37:53+02:00,tests/test_web_functional.py,1187,0,0,71
aiohttp,4ff21c2e602ef8f67314fffbc66381d50a4e1acf,2016-11-07T13:37:53+02:00,examples/web_srv.py,58,0,0,1
aiohttp,4ff21c2e602ef8f67314fffbc66381d50a4e1acf,2016-11-07T13:37:53+02:00,tests/test_worker.py,297,0,0,45
aiohttp,4ff21c2e602ef8f67314fffbc66381d50a4e1acf,2016-11-07T13:37:53+02:00,tests/test_web_application.py,177,0,0,29
aiohttp,f33e8df6d06e4bbc67e229c8fd408ddeb750bb3b,2016-12-18T19:26:14+02:00,demos/chat/setup.py,32,1,0,0
aiohttp,f33e8df6d06e4bbc67e229c8fd408ddeb750bb3b,2016-12-18T19:26:14+02:00,tests/test_protocol.py,530,0,0,2
aiohttp,f33e8df6d06e4bbc67e229c8fd408ddeb750bb3b,2016-12-18T19:26:14+02:00,aiohttp/test_utils.py,539,0,0,31
aiohttp,f33e8df6d06e4bbc67e229c8fd408ddeb750bb3b,2016-12-18T19:26:14+02:00,aiohttp/client_ws.py,193,9,0,0
aiohttp,f33e8df6d06e4bbc67e229c8fd408ddeb750bb3b,2016-12-18T19:26:14+02:00,aiohttp/pytest_plugin.py,141,5,0,0
aiohttp,f33e8df6d06e4bbc67e229c8fd408ddeb750bb3b,2016-12-18T19:26:14+02:00,aiohttp/streams.py,671,17,0,0
aiohttp,f33e8df6d06e4bbc67e229c8fd408ddeb750bb3b,2016-12-18T19:26:14+02:00,aiohttp/multipart.py,971,5,0,0
aiohttp,f33e8df6d06e4bbc67e229c8fd408ddeb750bb3b,2016-12-18T19:26:14+02:00,demos/polls/tests/conftest.py,34,0,0,17
aiohttp,f33e8df6d06e4bbc67e229c8fd408ddeb750bb3b,2016-12-18T19:26:14+02:00,demos/polls/setup.py,37,1,0,0
aiohttp,f33e8df6d06e4bbc67e229c8fd408ddeb750bb3b,2016-12-18T19:26:14+02:00,tests/test_web_response.py,1004,0,0,7
aiohttp,f33e8df6d06e4bbc67e229c8fd408ddeb750bb3b,2016-12-18T19:26:14+02:00,tests/test_urldispatch.py,1019,0,0,55
aiohttp,f33e8df6d06e4bbc67e229c8fd408ddeb750bb3b,2016-12-18T19:26:14+02:00,aiohttp/protocol.py,924,4,0,2
aiohttp,f33e8df6d06e4bbc67e229c8fd408ddeb750bb3b,2016-12-18T19:26:14+02:00,aiohttp/web.py,357,0,0,41
aiohttp,f33e8df6d06e4bbc67e229c8fd408ddeb750bb3b,2016-12-18T19:26:14+02:00,demos/polls/tests/test_integration.py,25,0,0,24
aiohttp,f33e8df6d06e4bbc67e229c8fd408ddeb750bb3b,2016-12-18T19:26:14+02:00,tests/test_client_ws.py,462,0,0,26
aiohttp,f33e8df6d06e4bbc67e229c8fd408ddeb750bb3b,2016-12-18T19:26:14+02:00,aiohttp/server.py,392,0,1,0
aiohttp,f33e8df6d06e4bbc67e229c8fd408ddeb750bb3b,2016-12-18T19:26:14+02:00,aiohttp/helpers.py,678,0,0,5
aiohttp,f33e8df6d06e4bbc67e229c8fd408ddeb750bb3b,2016-12-18T19:26:14+02:00,aiohttp/client_reqrep.py,784,2,0,2
aiohttp,f33e8df6d06e4bbc67e229c8fd408ddeb750bb3b,2016-12-18T19:26:14+02:00,aiohttp/__init__.py,41,0,0,4
aiohttp,f33e8df6d06e4bbc67e229c8fd408ddeb750bb3b,2016-12-18T19:26:14+02:00,aiohttp/web_ws.py,320,10,0,0
aiohttp,f33e8df6d06e4bbc67e229c8fd408ddeb750bb3b,2016-12-18T19:26:14+02:00,aiohttp/parsers.py,493,8,0,0
aiohttp,f33e8df6d06e4bbc67e229c8fd408ddeb750bb3b,2016-12-18T19:26:14+02:00,aiohttp/web_urldispatcher.py,910,2,0,67
aiohttp,f33e8df6d06e4bbc67e229c8fd408ddeb750bb3b,2016-12-18T19:26:14+02:00,demos/polls/aiohttpdemo_polls/views.py,63,2,0,0
aiohttp,f33e8df6d06e4bbc67e229c8fd408ddeb750bb3b,2016-12-18T19:26:14+02:00,aiohttp/web_reqrep.py,1018,3,0,2
aiohttp,f33e8df6d06e4bbc67e229c8fd408ddeb750bb3b,2016-12-18T19:26:14+02:00,tests/test_web_functional.py,1210,0,0,38
aiohttp,f33e8df6d06e4bbc67e229c8fd408ddeb750bb3b,2016-12-18T19:26:14+02:00,aiohttp/worker.py,257,0,1,16
aiohttp,e0d0d8b4ff6c07b7fcac35e524e5cea7daadde1d,2017-02-20T21:59:50-08:00,demos/chat/setup.py,32,1,0,0
aiohttp,e0d0d8b4ff6c07b7fcac35e524e5cea7daadde1d,2017-02-20T21:59:50-08:00,aiohttp/web_fileresponse.py,0,0,0,5
aiohttp,e0d0d8b4ff6c07b7fcac35e524e5cea7daadde1d,2017-02-20T21:59:50-08:00,aiohttp/test_utils.py,572,0,0,31
aiohttp,e0d0d8b4ff6c07b7fcac35e524e5cea7daadde1d,2017-02-20T21:59:50-08:00,tests/test_proxy.py,463,0,0,11
aiohttp,e0d0d8b4ff6c07b7fcac35e524e5cea7daadde1d,2017-02-20T21:59:50-08:00,aiohttp/pytest_plugin.py,224,5,0,0
aiohttp,e0d0d8b4ff6c07b7fcac35e524e5cea7daadde1d,2017-02-20T21:59:50-08:00,tests/test_web_sendfile_functional.py,451,0,0,36
aiohttp,e0d0d8b4ff6c07b7fcac35e524e5cea7daadde1d,2017-02-20T21:59:50-08:00,tests/test_helpers.py,549,0,0,170
aiohttp,e0d0d8b4ff6c07b7fcac35e524e5cea7daadde1d,2017-02-20T21:59:50-08:00,tests/test_web_urldispatcher.py,312,0,0,105
aiohttp,e0d0d8b4ff6c07b7fcac35e524e5cea7daadde1d,2017-02-20T21:59:50-08:00,tests/test_multipart.py,1788,0,0,540
aiohttp,e0d0d8b4ff6c07b7fcac35e524e5cea7daadde1d,2017-02-20T21:59:50-08:00,tests/test_connector.py,1245,0,0,607
aiohttp,e0d0d8b4ff6c07b7fcac35e524e5cea7daadde1d,2017-02-20T21:59:50-08:00,demos/polls/setup.py,37,1,0,0
aiohttp,e0d0d8b4ff6c07b7fcac35e524e5cea7daadde1d,2017-02-20T21:59:50-08:00,tests/test_urldispatch.py,1020,0,0,4
aiohttp,e0d0d8b4ff6c07b7fcac35e524e5cea7daadde1d,2017-02-20T21:59:50-08:00,aiohttp/http.py,27,0,0,40
aiohttp,e0d0d8b4ff6c07b7fcac35e524e5cea7daadde1d,2017-02-20T21:59:50-08:00,tests/test_web_response.py,1011,0,0,204
aiohttp,e0d0d8b4ff6c07b7fcac35e524e5cea7daadde1d,2017-02-20T21:59:50-08:00,tests/test_http_message.py,509,0,0,456
aiohttp,e0d0d8b4ff6c07b7fcac35e524e5cea7daadde1d,2017-02-20T21:59:50-08:00,aiohttp/web.py,438,0,0,44
aiohttp,e0d0d8b4ff6c07b7fcac35e524e5cea7daadde1d,2017-02-20T21:59:50-08:00,aiohttp/client_exceptions.py,110,0,0,16
aiohttp,e0d0d8b4ff6c07b7fcac35e524e5cea7daadde1d,2017-02-20T21:59:50-08:00,aiohttp/server.py,523,3,1,377
aiohttp,e0d0d8b4ff6c07b7fcac35e524e5cea7daadde1d,2017-02-20T21:59:50-08:00,aiohttp/web_ws.py,346,16,0,25
aiohttp,e0d0d8b4ff6c07b7fcac35e524e5cea7daadde1d,2017-02-20T21:59:50-08:00,tests/test_web_request_handler.py,66,0,0,3
aiohttp,e0d0d8b4ff6c07b7fcac35e524e5cea7daadde1d,2017-02-20T21:59:50-08:00,aiohttp/web_request.py,485,1,0,140
aiohttp,e0d0d8b4ff6c07b7fcac35e524e5cea7daadde1d,2017-02-20T21:59:50-08:00,aiohttp/web_urldispatcher.py,891,2,0,39
aiohttp,e0d0d8b4ff6c07b7fcac35e524e5cea7daadde1d,2017-02-20T21:59:50-08:00,tests/test_http_parser.py,641,0,0,5
aiohttp,e0d0d8b4ff6c07b7fcac35e524e5cea7daadde1d,2017-02-20T21:59:50-08:00,tests/test_proxy_functional.py,509,0,0,13
aiohttp,e0d0d8b4ff6c07b7fcac35e524e5cea7daadde1d,2017-02-20T21:59:50-08:00,tests/test_stream_writer.py,280,0,0,37
aiohttp,e0d0d8b4ff6c07b7fcac35e524e5cea7daadde1d,2017-02-20T21:59:50-08:00,aiohttp/streams.py,687,10,0,158
aiohttp,e0d0d8b4ff6c07b7fcac35e524e5cea7daadde1d,2017-02-20T21:59:50-08:00,aiohttp/multipart.py,990,5,0,597
aiohttp,e0d0d8b4ff6c07b7fcac35e524e5cea7daadde1d,2017-02-20T21:59:50-08:00,aiohttp/formdata.py,0,0,0,167
aiohttp,e0d0d8b4ff6c07b7fcac35e524e5cea7daadde1d,2017-02-20T21:59:50-08:00,aiohttp/file_sender.py,210,0,0,153
aiohttp,e0d0d8b4ff6c07b7fcac35e524e5cea7daadde1d,2017-02-20T21:59:50-08:00,aiohttp/payload_streamer.py,0,0,0,82
aiohttp,e0d0d8b4ff6c07b7fcac35e524e5cea7daadde1d,2017-02-20T21:59:50-08:00,aiohttp/web_server.py,164,0,0,154
aiohttp,e0d0d8b4ff6c07b7fcac35e524e5cea7daadde1d,2017-02-20T21:59:50-08:00,tests/test_web_sendfile.py,184,0,0,53
aiohttp,e0d0d8b4ff6c07b7fcac35e524e5cea7daadde1d,2017-02-20T21:59:50-08:00,aiohttp/connector.py,789,1,0,281
aiohttp,e0d0d8b4ff6c07b7fcac35e524e5cea7daadde1d,2017-02-20T21:59:50-08:00,tests/test_client_functional.py,1736,0,0,344
aiohttp,e0d0d8b4ff6c07b7fcac35e524e5cea7daadde1d,2017-02-20T21:59:50-08:00,tests/test_web_exceptions.py,170,0,0,23
aiohttp,e0d0d8b4ff6c07b7fcac35e524e5cea7daadde1d,2017-02-20T21:59:50-08:00,aiohttp/client.py,766,0,0,353
aiohttp,e0d0d8b4ff6c07b7fcac35e524e5cea7daadde1d,2017-02-20T21:59:50-08:00,tests/test_client_ws_functional.py,606,0,0,17
aiohttp,e0d0d8b4ff6c07b7fcac35e524e5cea7daadde1d,2017-02-20T21:59:50-08:00,tests/test_web_websocket.py,507,0,0,4
aiohttp,e0d0d8b4ff6c07b7fcac35e524e5cea7daadde1d,2017-02-20T21:59:50-08:00,tests/test_client_session.py,466,0,0,12
aiohttp,e0d0d8b4ff6c07b7fcac35e524e5cea7daadde1d,2017-02-20T21:59:50-08:00,demos/polls/aiohttpdemo_polls/views.py,63,2,0,0
aiohttp,e0d0d8b4ff6c07b7fcac35e524e5cea7daadde1d,2017-02-20T21:59:50-08:00,tests/test_web_functional.py,1272,0,0,274
aiohttp,e0d0d8b4ff6c07b7fcac35e524e5cea7daadde1d,2017-02-20T21:59:50-08:00,tests/test_client_response.py,377,0,0,58
aiohttp,e0d0d8b4ff6c07b7fcac35e524e5cea7daadde1d,2017-02-20T21:59:50-08:00,tests/test_client_request.py,1067,0,0,320
aiohttp,e0d0d8b4ff6c07b7fcac35e524e5cea7daadde1d,2017-02-20T21:59:50-08:00,aiohttp/client_proto.py,151,2,0,56
aiohttp,e0d0d8b4ff6c07b7fcac35e524e5cea7daadde1d,2017-02-20T21:59:50-08:00,tests/test_http_writer.py,0,0,0,100
aiohttp,e0d0d8b4ff6c07b7fcac35e524e5cea7daadde1d,2017-02-20T21:59:50-08:00,tests/test_server.py,713,0,0,634
aiohttp,e0d0d8b4ff6c07b7fcac35e524e5cea7daadde1d,2017-02-20T21:59:50-08:00,aiohttp/web_response.py,564,1,0,139
aiohttp,e0d0d8b4ff6c07b7fcac35e524e5cea7daadde1d,2017-02-20T21:59:50-08:00,tests/test_web_server.py,117,0,0,4
aiohttp,e0d0d8b4ff6c07b7fcac35e524e5cea7daadde1d,2017-02-20T21:59:50-08:00,aiohttp/payload.py,0,0,0,448
aiohttp,e0d0d8b4ff6c07b7fcac35e524e5cea7daadde1d,2017-02-20T21:59:50-08:00,aiohttp/web_protocol.py,0,0,0,5
aiohttp,e0d0d8b4ff6c07b7fcac35e524e5cea7daadde1d,2017-02-20T21:59:50-08:00,aiohttp/client_reqrep.py,772,2,0,453
aiohttp,e0d0d8b4ff6c07b7fcac35e524e5cea7daadde1d,2017-02-20T21:59:50-08:00,aiohttp/helpers.py,818,0,0,326
aiohttp,e0d0d8b4ff6c07b7fcac35e524e5cea7daadde1d,2017-02-20T21:59:50-08:00,aiohttp/abc.py,131,0,0,28
aiohttp,e0d0d8b4ff6c07b7fcac35e524e5cea7daadde1d,2017-02-20T21:59:50-08:00,aiohttp/worker.py,237,0,1,0
aiohttp,e0d0d8b4ff6c07b7fcac35e524e5cea7daadde1d,2017-02-20T21:59:50-08:00,tests/test_client_functional_oldstyle.py,827,0,0,239
aiohttp,e0d0d8b4ff6c07b7fcac35e524e5cea7daadde1d,2017-02-20T21:59:50-08:00,aiohttp/http_writer.py,0,0,0,115
aiohttp,e0d0d8b4ff6c07b7fcac35e524e5cea7daadde1d,2017-02-20T21:59:50-08:00,tests/test_web_websocket_functional.py,735,0,0,20
aiohttp,e0d0d8b4ff6c07b7fcac35e524e5cea7daadde1d,2017-02-20T21:59:50-08:00,aiohttp/client_ws.py,249,14,0,23
aiohttp,e0d0d8b4ff6c07b7fcac35e524e5cea7daadde1d,2017-02-20T21:59:50-08:00,tests/test_formdata.py,0,0,0,92
aiohttp,e0d0d8b4ff6c07b7fcac35e524e5cea7daadde1d,2017-02-20T21:59:50-08:00,tests/test_client_connection.py,125,0,0,181
aiohttp,e0d0d8b4ff6c07b7fcac35e524e5cea7daadde1d,2017-02-20T21:59:50-08:00,aiohttp/http_websocket.py,571,2,0,0
aiohttp,e0d0d8b4ff6c07b7fcac35e524e5cea7daadde1d,2017-02-20T21:59:50-08:00,aiohttp/http_parser.py,582,2,0,2
aiohttp,e0d0d8b4ff6c07b7fcac35e524e5cea7daadde1d,2017-02-20T21:59:50-08:00,tests/test_client_proto.py,0,0,0,71
aiohttp,e0d0d8b4ff6c07b7fcac35e524e5cea7daadde1d,2017-02-20T21:59:50-08:00,tests/test_py35/test_client.py,83,0,0,18
aiohttp,e0d0d8b4ff6c07b7fcac35e524e5cea7daadde1d,2017-02-20T21:59:50-08:00,aiohttp/http_message.py,425,0,0,311
aiohttp,e0d0d8b4ff6c07b7fcac35e524e5cea7daadde1d,2017-02-20T21:59:50-08:00,aiohttp/__init__.py,42,0,0,45
aiohttp,e0d0d8b4ff6c07b7fcac35e524e5cea7daadde1d,2017-02-20T21:59:50-08:00,tests/test_payload.py,0,0,0,58
aiohttp,e0d0d8b4ff6c07b7fcac35e524e5cea7daadde1d,2017-02-20T21:59:50-08:00,tests/test_py35/test_resp.py,121,0,0,36
aiohttp,e0d0d8b4ff6c07b7fcac35e524e5cea7daadde1d,2017-02-20T21:59:50-08:00,tests/test_web_request.py,360,0,0,17
aiohttp,e0d0d8b4ff6c07b7fcac35e524e5cea7daadde1d,2017-02-20T21:59:50-08:00,tests/test_web_application.py,171,0,0,10
aiohttp,e0d0d8b4ff6c07b7fcac35e524e5cea7daadde1d,2017-02-20T21:59:50-08:00,tests/test_streams.py,874,0,0,57
aiohttp,96c819001c2851eeaec4b9a5d798f8b47d0614fe,2017-02-25T11:41:13-08:00,demos/chat/setup.py,32,1,0,0
aiohttp,96c819001c2851eeaec4b9a5d798f8b47d0614fe,2017-02-25T11:41:13-08:00,aiohttp/web_fileresponse.py,0,0,0,5
aiohttp,96c819001c2851eeaec4b9a5d798f8b47d0614fe,2017-02-25T11:41:13-08:00,aiohttp/test_utils.py,572,0,0,31
aiohttp,96c819001c2851eeaec4b9a5d798f8b47d0614fe,2017-02-25T11:41:13-08:00,tests/test_proxy.py,464,0,0,4
aiohttp,96c819001c2851eeaec4b9a5d798f8b47d0614fe,2017-02-25T11:41:13-08:00,aiohttp/pytest_plugin.py,224,5,0,0
aiohttp,96c819001c2851eeaec4b9a5d798f8b47d0614fe,2017-02-25T11:41:13-08:00,tests/test_web_sendfile_functional.py,451,0,0,36
aiohttp,96c819001c2851eeaec4b9a5d798f8b47d0614fe,2017-02-25T11:41:13-08:00,tests/test_helpers.py,529,0,0,84
aiohttp,96c819001c2851eeaec4b9a5d798f8b47d0614fe,2017-02-25T11:41:13-08:00,setup.py,125,0,0,2
aiohttp,96c819001c2851eeaec4b9a5d798f8b47d0614fe,2017-02-25T11:41:13-08:00,tests/test_multipart.py,1692,0,0,17
aiohttp,96c819001c2851eeaec4b9a5d798f8b47d0614fe,2017-02-25T11:41:13-08:00,tests/test_connector.py,1202,0,0,256
aiohttp,96c819001c2851eeaec4b9a5d798f8b47d0614fe,2017-02-25T11:41:13-08:00,demos/polls/setup.py,37,1,0,0
aiohttp,96c819001c2851eeaec4b9a5d798f8b47d0614fe,2017-02-25T11:41:13-08:00,aiohttp/http.py,27,0,0,40
aiohttp,96c819001c2851eeaec4b9a5d798f8b47d0614fe,2017-02-25T11:41:13-08:00,tests/test_web_response.py,1015,0,0,90
aiohttp,96c819001c2851eeaec4b9a5d798f8b47d0614fe,2017-02-25T11:41:13-08:00,tests/test_http_message.py,509,0,0,456
aiohttp,96c819001c2851eeaec4b9a5d798f8b47d0614fe,2017-02-25T11:41:13-08:00,aiohttp/web.py,424,0,0,44
aiohttp,96c819001c2851eeaec4b9a5d798f8b47d0614fe,2017-02-25T11:41:13-08:00,aiohttp/client_exceptions.py,107,0,0,9
aiohttp,96c819001c2851eeaec4b9a5d798f8b47d0614fe,2017-02-25T11:41:13-08:00,aiohttp/server.py,523,3,1,377
aiohttp,96c819001c2851eeaec4b9a5d798f8b47d0614fe,2017-02-25T11:41:13-08:00,aiohttp/web_ws.py,346,16,0,25
aiohttp,96c819001c2851eeaec4b9a5d798f8b47d0614fe,2017-02-25T11:41:13-08:00,tests/test_web_request_handler.py,66,0,0,3
aiohttp,96c819001c2851eeaec4b9a5d798f8b47d0614fe,2017-02-25T11:41:13-08:00,aiohttp/web_request.py,465,1,0,16
aiohttp,96c819001c2851eeaec4b9a5d798f8b47d0614fe,2017-02-25T11:41:13-08:00,aiohttp/web_urldispatcher.py,896,2,0,16
aiohttp,96c819001c2851eeaec4b9a5d798f8b47d0614fe,2017-02-25T11:41:13-08:00,tests/test_http_parser.py,641,0,0,41
aiohttp,96c819001c2851eeaec4b9a5d798f8b47d0614fe,2017-02-25T11:41:13-08:00,tests/test_stream_writer.py,280,0,0,37
aiohttp,96c819001c2851eeaec4b9a5d798f8b47d0614fe,2017-02-25T11:41:13-08:00,aiohttp/streams.py,712,10,0,133
aiohttp,96c819001c2851eeaec4b9a5d798f8b47d0614fe,2017-02-25T11:41:13-08:00,aiohttp/multipart.py,903,5,0,2
aiohttp,96c819001c2851eeaec4b9a5d798f8b47d0614fe,2017-02-25T11:41:13-08:00,aiohttp/file_sender.py,209,1,0,0
aiohttp,96c819001c2851eeaec4b9a5d798f8b47d0614fe,2017-02-25T11:41:13-08:00,aiohttp/formdata.py,131,0,0,2
aiohttp,96c819001c2851eeaec4b9a5d798f8b47d0614fe,2017-02-25T11:41:13-08:00,aiohttp/payload_streamer.py,68,0,0,2
aiohttp,96c819001c2851eeaec4b9a5d798f8b47d0614fe,2017-02-25T11:41:13-08:00,aiohttp/web_server.py,164,0,0,154
aiohttp,96c819001c2851eeaec4b9a5d798f8b47d0614fe,2017-02-25T11:41:13-08:00,tests/test_web_sendfile.py,177,0,0,26
aiohttp,96c819001c2851eeaec4b9a5d798f8b47d0614fe,2017-02-25T11:41:13-08:00,tests/test_web_protocol.py,0,0,0,9
aiohttp,96c819001c2851eeaec4b9a5d798f8b47d0614fe,2017-02-25T11:41:13-08:00,aiohttp/connector.py,793,1,0,119
aiohttp,96c819001c2851eeaec4b9a5d798f8b47d0614fe,2017-02-25T11:41:13-08:00,tests/test_client_functional.py,1896,0,0,86
aiohttp,96c819001c2851eeaec4b9a5d798f8b47d0614fe,2017-02-25T11:41:13-08:00,tests/test_web_exceptions.py,170,0,0,23
aiohttp,96c819001c2851eeaec4b9a5d798f8b47d0614fe,2017-02-25T11:41:13-08:00,aiohttp/client.py,735,0,0,54
aiohttp,96c819001c2851eeaec4b9a5d798f8b47d0614fe,2017-02-25T11:41:13-08:00,tests/test_client_ws_functional.py,606,0,0,17
aiohttp,96c819001c2851eeaec4b9a5d798f8b47d0614fe,2017-02-25T11:41:13-08:00,tests/test_web_websocket.py,507,0,0,4
aiohttp,96c819001c2851eeaec4b9a5d798f8b47d0614fe,2017-02-25T11:41:13-08:00,demos/polls/aiohttpdemo_polls/views.py,63,2,0,0
aiohttp,96c819001c2851eeaec4b9a5d798f8b47d0614fe,2017-02-25T11:41:13-08:00,tests/test_web_functional.py,1507,0,0,1
aiohttp,96c819001c2851eeaec4b9a5d798f8b47d0614fe,2017-02-25T11:41:13-08:00,tests/test_client_response.py,424,0,0,3
aiohttp,96c819001c2851eeaec4b9a5d798f8b47d0614fe,2017-02-25T11:41:13-08:00,tests/test_client_request.py,1070,0,0,293
aiohttp,96c819001c2851eeaec4b9a5d798f8b47d0614fe,2017-02-25T11:41:13-08:00,aiohttp/client_proto.py,166,2,0,39
aiohttp,96c819001c2851eeaec4b9a5d798f8b47d0614fe,2017-02-25T11:41:13-08:00,tests/test_http_writer.py,0,0,0,100
aiohttp,96c819001c2851eeaec4b9a5d798f8b47d0614fe,2017-02-25T11:41:13-08:00,tests/test_server.py,713,0,0,634
aiohttp,96c819001c2851eeaec4b9a5d798f8b47d0614fe,2017-02-25T11:41:13-08:00,aiohttp/web_response.py,599,1,0,37
aiohttp,96c819001c2851eeaec4b9a5d798f8b47d0614fe,2017-02-25T11:41:13-08:00,tests/test_web_server.py,117,0,0,4
aiohttp,96c819001c2851eeaec4b9a5d798f8b47d0614fe,2017-02-25T11:41:13-08:00,aiohttp/payload.py,293,4,0,29
aiohttp,96c819001c2851eeaec4b9a5d798f8b47d0614fe,2017-02-25T11:41:13-08:00,aiohttp/web_protocol.py,0,0,0,5
aiohttp,96c819001c2851eeaec4b9a5d798f8b47d0614fe,2017-02-25T11:41:13-08:00,aiohttp/client_reqrep.py,722,2,0,131
aiohttp,96c819001c2851eeaec4b9a5d798f8b47d0614fe,2017-02-25T11:41:13-08:00,aiohttp/helpers.py,735,0,0,169
aiohttp,96c819001c2851eeaec4b9a5d798f8b47d0614fe,2017-02-25T11:41:13-08:00,aiohttp/worker.py,237,0,1,0
aiohttp,96c819001c2851eeaec4b9a5d798f8b47d0614fe,2017-02-25T11:41:13-08:00,tests/test_client_functional_oldstyle.py,840,0,0,112
aiohttp,96c819001c2851eeaec4b9a5d798f8b47d0614fe,2017-02-25T11:41:13-08:00,aiohttp/http_writer.py,0,0,0,115
aiohttp,96c819001c2851eeaec4b9a5d798f8b47d0614fe,2017-02-25T11:41:13-08:00,tests/test_web_websocket_functional.py,735,0,0,20
aiohttp,96c819001c2851eeaec4b9a5d798f8b47d0614fe,2017-02-25T11:41:13-08:00,aiohttp/client_ws.py,249,14,0,23
aiohttp,96c819001c2851eeaec4b9a5d798f8b47d0614fe,2017-02-25T11:41:13-08:00,tests/test_formdata.py,77,0,0,7
aiohttp,96c819001c2851eeaec4b9a5d798f8b47d0614fe,2017-02-25T11:41:13-08:00,tests/test_client_connection.py,116,0,0,56
aiohttp,96c819001c2851eeaec4b9a5d798f8b47d0614fe,2017-02-25T11:41:13-08:00,aiohttp/http_websocket.py,571,2,0,0
aiohttp,96c819001c2851eeaec4b9a5d798f8b47d0614fe,2017-02-25T11:41:13-08:00,aiohttp/http_parser.py,582,2,0,10
aiohttp,96c819001c2851eeaec4b9a5d798f8b47d0614fe,2017-02-25T11:41:13-08:00,tests/test_client_proto.py,0,0,0,71
aiohttp,96c819001c2851eeaec4b9a5d798f8b47d0614fe,2017-02-25T11:41:13-08:00,aiohttp/http_message.py,426,1,0,300
aiohttp,96c819001c2851eeaec4b9a5d798f8b47d0614fe,2017-02-25T11:41:13-08:00,aiohttp/__init__.py,49,0,0,32
aiohttp,96c819001c2851eeaec4b9a5d798f8b47d0614fe,2017-02-25T11:41:13-08:00,tests/test_payload.py,0,0,0,58
aiohttp,96c819001c2851eeaec4b9a5d798f8b47d0614fe,2017-02-25T11:41:13-08:00,docs/conf.py,331,0,0,10
aiohttp,96c819001c2851eeaec4b9a5d798f8b47d0614fe,2017-02-25T11:41:13-08:00,tests/test_web_application.py,161,0,0,10
aiohttp,9fe1524900ba78befc5caaf3a3de9bedd323bf4a,2017-03-21T12:31:15-07:00,demos/chat/setup.py,32,1,0,0
aiohttp,9fe1524900ba78befc5caaf3a3de9bedd323bf4a,2017-03-21T12:31:15-07:00,benchmark/async.py,0,0,0,331
aiohttp,9fe1524900ba78befc5caaf3a3de9bedd323bf4a,2017-03-21T12:31:15-07:00,tests/test_http_stream_writer.py,318,0,0,17
aiohttp,9fe1524900ba78befc5caaf3a3de9bedd323bf4a,2017-03-21T12:31:15-07:00,aiohttp/pytest_plugin.py,215,5,0,52
aiohttp,9fe1524900ba78befc5caaf3a3de9bedd323bf4a,2017-03-21T12:31:15-07:00,tests/test_client_request.py,1102,0,0,39
aiohttp,9fe1524900ba78befc5caaf3a3de9bedd323bf4a,2017-03-21T12:31:15-07:00,tests/test_helpers.py,510,0,0,43
aiohttp,9fe1524900ba78befc5caaf3a3de9bedd323bf4a,2017-03-21T12:31:15-07:00,aiohttp/client_proto.py,189,4,1,13
aiohttp,9fe1524900ba78befc5caaf3a3de9bedd323bf4a,2017-03-21T12:31:15-07:00,tests/test_connector.py,1151,0,0,36
aiohttp,9fe1524900ba78befc5caaf3a3de9bedd323bf4a,2017-03-21T12:31:15-07:00,demos/polls/setup.py,37,1,0,0
aiohttp,9fe1524900ba78befc5caaf3a3de9bedd323bf4a,2017-03-21T12:31:15-07:00,tests/test_web_response.py,1029,0,0,6
aiohttp,9fe1524900ba78befc5caaf3a3de9bedd323bf4a,2017-03-21T12:31:15-07:00,aiohttp/web.py,478,0,0,12
aiohttp,9fe1524900ba78befc5caaf3a3de9bedd323bf4a,2017-03-21T12:31:15-07:00,aiohttp/web_response.py,599,1,0,0
aiohttp,9fe1524900ba78befc5caaf3a3de9bedd323bf4a,2017-03-21T12:31:15-07:00,aiohttp/payload.py,310,4,0,28
aiohttp,9fe1524900ba78befc5caaf3a3de9bedd323bf4a,2017-03-21T12:31:15-07:00,aiohttp/client_exceptions.py,105,0,0,12
aiohttp,9fe1524900ba78befc5caaf3a3de9bedd323bf4a,2017-03-21T12:31:15-07:00,aiohttp/helpers.py,759,0,1,44
aiohttp,9fe1524900ba78befc5caaf3a3de9bedd323bf4a,2017-03-21T12:31:15-07:00,aiohttp/client_reqrep.py,733,2,0,32
aiohttp,9fe1524900ba78befc5caaf3a3de9bedd323bf4a,2017-03-21T12:31:15-07:00,aiohttp/web_protocol.py,553,2,0,11
aiohttp,9fe1524900ba78befc5caaf3a3de9bedd323bf4a,2017-03-21T12:31:15-07:00,aiohttp/web_ws.py,347,16,0,0
aiohttp,9fe1524900ba78befc5caaf3a3de9bedd323bf4a,2017-03-21T12:31:15-07:00,benchmark/prof.py,0,0,0,26
aiohttp,9fe1524900ba78befc5caaf3a3de9bedd323bf4a,2017-03-21T12:31:15-07:00,aiohttp/web_request.py,471,1,0,4
aiohttp,9fe1524900ba78befc5caaf3a3de9bedd323bf4a,2017-03-21T12:31:15-07:00,aiohttp/web_urldispatcher.py,895,2,0,0
aiohttp,9fe1524900ba78befc5caaf3a3de9bedd323bf4a,2017-03-21T12:31:15-07:00,tests/test_http_parser.py,672,0,0,13
aiohttp,9fe1524900ba78befc5caaf3a3de9bedd323bf4a,2017-03-21T12:31:15-07:00,aiohttp/worker.py,238,0,1,0
aiohttp,9fe1524900ba78befc5caaf3a3de9bedd323bf4a,2017-03-21T12:31:15-07:00,aiohttp/http_writer.py,329,2,0,0
aiohttp,9fe1524900ba78befc5caaf3a3de9bedd323bf4a,2017-03-21T12:31:15-07:00,aiohttp/client_ws.py,258,14,0,0
aiohttp,9fe1524900ba78befc5caaf3a3de9bedd323bf4a,2017-03-21T12:31:15-07:00,tests/test_pytest_plugin.py,152,0,0,30
aiohttp,9fe1524900ba78befc5caaf3a3de9bedd323bf4a,2017-03-21T12:31:15-07:00,tests/test_formdata.py,84,0,0,8
aiohttp,9fe1524900ba78befc5caaf3a3de9bedd323bf4a,2017-03-21T12:31:15-07:00,aiohttp/streams.py,614,8,0,3
aiohttp,9fe1524900ba78befc5caaf3a3de9bedd323bf4a,2017-03-21T12:31:15-07:00,aiohttp/multipart.py,919,5,0,0
aiohttp,9fe1524900ba78befc5caaf3a3de9bedd323bf4a,2017-03-21T12:31:15-07:00,aiohttp/formdata.py,135,0,0,30
aiohttp,9fe1524900ba78befc5caaf3a3de9bedd323bf4a,2017-03-21T12:31:15-07:00,aiohttp/http_websocket.py,571,2,0,0
aiohttp,9fe1524900ba78befc5caaf3a3de9bedd323bf4a,2017-03-21T12:31:15-07:00,aiohttp/http_parser.py,634,2,0,0
aiohttp,9fe1524900ba78befc5caaf3a3de9bedd323bf4a,2017-03-21T12:31:15-07:00,aiohttp/connector.py,786,0,1,37
aiohttp,9fe1524900ba78befc5caaf3a3de9bedd323bf4a,2017-03-21T12:31:15-07:00,tests/test_client_functional.py,2046,0,0,116
aiohttp,9fe1524900ba78befc5caaf3a3de9bedd323bf4a,2017-03-21T12:31:15-07:00,aiohttp/__init__.py,35,0,0,8
aiohttp,9fe1524900ba78befc5caaf3a3de9bedd323bf4a,2017-03-21T12:31:15-07:00,aiohttp/client.py,762,0,0,21
aiohttp,9fe1524900ba78befc5caaf3a3de9bedd323bf4a,2017-03-21T12:31:15-07:00,tests/test_web_websocket.py,509,0,0,3
aiohttp,9fe1524900ba78befc5caaf3a3de9bedd323bf4a,2017-03-21T12:31:15-07:00,aiohttp/signals.py,76,0,0,76
aiohttp,9fe1524900ba78befc5caaf3a3de9bedd323bf4a,2017-03-21T12:31:15-07:00,demos/polls/aiohttpdemo_polls/views.py,63,2,0,0
aiohttp,9fe1524900ba78befc5caaf3a3de9bedd323bf4a,2017-03-21T12:31:15-07:00,tests/test_web_functional.py,1548,0,0,42
aiohttp,9fe1524900ba78befc5caaf3a3de9bedd323bf4a,2017-03-21T12:31:15-07:00,tests/test_web_request.py,349,0,0,26
aiohttp,9fe1524900ba78befc5caaf3a3de9bedd323bf4a,2017-03-21T12:31:15-07:00,tests/test_client_response.py,493,0,0,73
aiohttp,9fe1524900ba78befc5caaf3a3de9bedd323bf4a,2017-03-21T12:31:15-07:00,tests/test_web_application.py,182,0,0,44
aiohttp,9fe1524900ba78befc5caaf3a3de9bedd323bf4a,2017-03-21T12:31:15-07:00,tests/test_streams.py,931,0,0,31
aiohttp,20f833d6e1f3d870397b22059d4a80bc0f9014f8,2017-03-29T10:15:36-07:00,demos/chat/setup.py,32,1,0,0
aiohttp,20f833d6e1f3d870397b22059d4a80bc0f9014f8,2017-03-29T10:15:36-07:00,aiohttp/web_fileresponse.py,234,0,0,5
aiohttp,20f833d6e1f3d870397b22059d4a80bc0f9014f8,2017-03-29T10:15:36-07:00,aiohttp/test_utils.py,573,0,0,6
aiohttp,20f833d6e1f3d870397b22059d4a80bc0f9014f8,2017-03-29T10:15:36-07:00,aiohttp/pytest_plugin.py,215,5,0,0
aiohttp,20f833d6e1f3d870397b22059d4a80bc0f9014f8,2017-03-29T10:15:36-07:00,tests/test_helpers.py,510,0,0,2
aiohttp,20f833d6e1f3d870397b22059d4a80bc0f9014f8,2017-03-29T10:15:36-07:00,aiohttp/client_proto.py,190,4,1,11
aiohttp,20f833d6e1f3d870397b22059d4a80bc0f9014f8,2017-03-29T10:15:36-07:00,tests/test_multipart.py,1695,0,0,24
aiohttp,20f833d6e1f3d870397b22059d4a80bc0f9014f8,2017-03-29T10:15:36-07:00,tests/test_connector.py,1151,0,0,36
aiohttp,20f833d6e1f3d870397b22059d4a80bc0f9014f8,2017-03-29T10:15:36-07:00,demos/polls/setup.py,37,1,0,0
aiohttp,20f833d6e1f3d870397b22059d4a80bc0f9014f8,2017-03-29T10:15:36-07:00,aiohttp/web.py,478,0,0,32
aiohttp,20f833d6e1f3d870397b22059d4a80bc0f9014f8,2017-03-29T10:15:36-07:00,tests/test_web_response.py,1029,0,0,6
aiohttp,20f833d6e1f3d870397b22059d4a80bc0f9014f8,2017-03-29T10:15:36-07:00,aiohttp/web_response.py,599,1,0,6
aiohttp,20f833d6e1f3d870397b22059d4a80bc0f9014f8,2017-03-29T10:15:36-07:00,aiohttp/payload.py,310,4,0,0
aiohttp,20f833d6e1f3d870397b22059d4a80bc0f9014f8,2017-03-29T10:15:36-07:00,aiohttp/helpers.py,763,0,2,0
aiohttp,20f833d6e1f3d870397b22059d4a80bc0f9014f8,2017-03-29T10:15:36-07:00,aiohttp/client_reqrep.py,709,2,0,0
aiohttp,20f833d6e1f3d870397b22059d4a80bc0f9014f8,2017-03-29T10:15:36-07:00,aiohttp/web_protocol.py,553,2,0,13
aiohttp,20f833d6e1f3d870397b22059d4a80bc0f9014f8,2017-03-29T10:15:36-07:00,aiohttp/web_ws.py,347,16,0,14
aiohttp,20f833d6e1f3d870397b22059d4a80bc0f9014f8,2017-03-29T10:15:36-07:00,tests/test_run_app.py,440,0,0,46
aiohttp,20f833d6e1f3d870397b22059d4a80bc0f9014f8,2017-03-29T10:15:36-07:00,aiohttp/web_request.py,472,1,0,2
aiohttp,20f833d6e1f3d870397b22059d4a80bc0f9014f8,2017-03-29T10:15:36-07:00,aiohttp/web_urldispatcher.py,895,2,0,0
aiohttp,20f833d6e1f3d870397b22059d4a80bc0f9014f8,2017-03-29T10:15:36-07:00,aiohttp/worker.py,238,0,1,0
aiohttp,20f833d6e1f3d870397b22059d4a80bc0f9014f8,2017-03-29T10:15:36-07:00,aiohttp/http_writer.py,329,2,0,0
aiohttp,20f833d6e1f3d870397b22059d4a80bc0f9014f8,2017-03-29T10:15:36-07:00,tests/test_flowcontrol_streams.py,194,0,0,23
aiohttp,20f833d6e1f3d870397b22059d4a80bc0f9014f8,2017-03-29T10:15:36-07:00,aiohttp/client_ws.py,258,14,0,13
aiohttp,20f833d6e1f3d870397b22059d4a80bc0f9014f8,2017-03-29T10:15:36-07:00,aiohttp/streams.py,614,8,0,42
aiohttp,20f833d6e1f3d870397b22059d4a80bc0f9014f8,2017-03-29T10:15:36-07:00,aiohttp/multipart.py,903,5,0,8
aiohttp,20f833d6e1f3d870397b22059d4a80bc0f9014f8,2017-03-29T10:15:36-07:00,aiohttp/http_websocket.py,571,2,0,0
aiohttp,20f833d6e1f3d870397b22059d4a80bc0f9014f8,2017-03-29T10:15:36-07:00,aiohttp/http_parser.py,622,2,0,0
aiohttp,20f833d6e1f3d870397b22059d4a80bc0f9014f8,2017-03-29T10:15:36-07:00,tests/test_web_protocol.py,762,0,0,27
aiohttp,20f833d6e1f3d870397b22059d4a80bc0f9014f8,2017-03-29T10:15:36-07:00,aiohttp/connector.py,788,0,1,22
aiohttp,20f833d6e1f3d870397b22059d4a80bc0f9014f8,2017-03-29T10:15:36-07:00,aiohttp/__init__.py,35,0,0,2
aiohttp,20f833d6e1f3d870397b22059d4a80bc0f9014f8,2017-03-29T10:15:36-07:00,demos/polls/aiohttpdemo_polls/views.py,63,2,0,0
aiohttp,20f833d6e1f3d870397b22059d4a80bc0f9014f8,2017-03-29T10:15:36-07:00,tests/test_web_functional.py,1548,0,0,46
aiohttp,20f833d6e1f3d870397b22059d4a80bc0f9014f8,2017-03-29T10:15:36-07:00,tests/test_streams.py,931,0,0,29
aiohttp,2b89766a2b214c166be4df82baa166d9cdbc8966,2017-03-29T10:30:14-07:00,demos/chat/setup.py,32,1,0,0
aiohttp,2b89766a2b214c166be4df82baa166d9cdbc8966,2017-03-29T10:30:14-07:00,aiohttp/web_fileresponse.py,234,0,0,5
aiohttp,2b89766a2b214c166be4df82baa166d9cdbc8966,2017-03-29T10:30:14-07:00,aiohttp/test_utils.py,573,0,0,6
aiohttp,2b89766a2b214c166be4df82baa166d9cdbc8966,2017-03-29T10:30:14-07:00,aiohttp/pytest_plugin.py,215,5,0,0
aiohttp,2b89766a2b214c166be4df82baa166d9cdbc8966,2017-03-29T10:30:14-07:00,tests/test_helpers.py,510,0,0,2
aiohttp,2b89766a2b214c166be4df82baa166d9cdbc8966,2017-03-29T10:30:14-07:00,aiohttp/client_proto.py,190,4,1,11
aiohttp,2b89766a2b214c166be4df82baa166d9cdbc8966,2017-03-29T10:30:14-07:00,tests/test_multipart.py,1695,0,0,24
aiohttp,2b89766a2b214c166be4df82baa166d9cdbc8966,2017-03-29T10:30:14-07:00,tests/test_connector.py,1151,0,0,36
aiohttp,2b89766a2b214c166be4df82baa166d9cdbc8966,2017-03-29T10:30:14-07:00,demos/polls/setup.py,37,1,0,0
aiohttp,2b89766a2b214c166be4df82baa166d9cdbc8966,2017-03-29T10:30:14-07:00,aiohttp/web.py,478,0,0,32
aiohttp,2b89766a2b214c166be4df82baa166d9cdbc8966,2017-03-29T10:30:14-07:00,tests/test_web_response.py,1029,0,0,6
aiohttp,2b89766a2b214c166be4df82baa166d9cdbc8966,2017-03-29T10:30:14-07:00,aiohttp/web_response.py,599,1,0,6
aiohttp,2b89766a2b214c166be4df82baa166d9cdbc8966,2017-03-29T10:30:14-07:00,aiohttp/payload.py,310,4,0,0
aiohttp,2b89766a2b214c166be4df82baa166d9cdbc8966,2017-03-29T10:30:14-07:00,aiohttp/helpers.py,763,0,2,0
aiohttp,2b89766a2b214c166be4df82baa166d9cdbc8966,2017-03-29T10:30:14-07:00,aiohttp/client_reqrep.py,709,2,0,0
aiohttp,2b89766a2b214c166be4df82baa166d9cdbc8966,2017-03-29T10:30:14-07:00,aiohttp/web_protocol.py,553,2,0,13
aiohttp,2b89766a2b214c166be4df82baa166d9cdbc8966,2017-03-29T10:30:14-07:00,aiohttp/web_ws.py,347,16,0,14
aiohttp,2b89766a2b214c166be4df82baa166d9cdbc8966,2017-03-29T10:30:14-07:00,tests/test_run_app.py,440,0,0,46
aiohttp,2b89766a2b214c166be4df82baa166d9cdbc8966,2017-03-29T10:30:14-07:00,aiohttp/web_request.py,472,1,0,2
aiohttp,2b89766a2b214c166be4df82baa166d9cdbc8966,2017-03-29T10:30:14-07:00,aiohttp/web_urldispatcher.py,895,2,0,0
aiohttp,2b89766a2b214c166be4df82baa166d9cdbc8966,2017-03-29T10:30:14-07:00,aiohttp/worker.py,238,0,1,0
aiohttp,2b89766a2b214c166be4df82baa166d9cdbc8966,2017-03-29T10:30:14-07:00,aiohttp/http_writer.py,329,2,0,0
aiohttp,2b89766a2b214c166be4df82baa166d9cdbc8966,2017-03-29T10:30:14-07:00,tests/test_flowcontrol_streams.py,194,0,0,23
aiohttp,2b89766a2b214c166be4df82baa166d9cdbc8966,2017-03-29T10:30:14-07:00,aiohttp/client_ws.py,258,14,0,13
aiohttp,2b89766a2b214c166be4df82baa166d9cdbc8966,2017-03-29T10:30:14-07:00,aiohttp/streams.py,614,8,0,42
aiohttp,2b89766a2b214c166be4df82baa166d9cdbc8966,2017-03-29T10:30:14-07:00,aiohttp/multipart.py,903,5,0,8
aiohttp,2b89766a2b214c166be4df82baa166d9cdbc8966,2017-03-29T10:30:14-07:00,aiohttp/http_websocket.py,571,2,0,0
aiohttp,2b89766a2b214c166be4df82baa166d9cdbc8966,2017-03-29T10:30:14-07:00,aiohttp/http_parser.py,622,2,0,0
aiohttp,2b89766a2b214c166be4df82baa166d9cdbc8966,2017-03-29T10:30:14-07:00,tests/test_web_protocol.py,762,0,0,27
aiohttp,2b89766a2b214c166be4df82baa166d9cdbc8966,2017-03-29T10:30:14-07:00,aiohttp/connector.py,788,0,1,0
aiohttp,2b89766a2b214c166be4df82baa166d9cdbc8966,2017-03-29T10:30:14-07:00,aiohttp/__init__.py,35,0,0,2
aiohttp,2b89766a2b214c166be4df82baa166d9cdbc8966,2017-03-29T10:30:14-07:00,demos/polls/aiohttpdemo_polls/views.py,63,2,0,0
aiohttp,2b89766a2b214c166be4df82baa166d9cdbc8966,2017-03-29T10:30:14-07:00,tests/test_web_functional.py,1548,0,0,46
aiohttp,2b89766a2b214c166be4df82baa166d9cdbc8966,2017-03-29T10:30:14-07:00,tests/test_streams.py,931,0,0,29
aiohttp,aba31f6d3e6d0a9021e59b515d1e361c1008b269,2017-03-29T10:35:05-07:00,demos/chat/setup.py,32,1,0,0
aiohttp,aba31f6d3e6d0a9021e59b515d1e361c1008b269,2017-03-29T10:35:05-07:00,aiohttp/web_fileresponse.py,234,0,0,5
aiohttp,aba31f6d3e6d0a9021e59b515d1e361c1008b269,2017-03-29T10:35:05-07:00,aiohttp/test_utils.py,573,0,0,6
aiohttp,aba31f6d3e6d0a9021e59b515d1e361c1008b269,2017-03-29T10:35:05-07:00,aiohttp/pytest_plugin.py,247,5,0,0
aiohttp,aba31f6d3e6d0a9021e59b515d1e361c1008b269,2017-03-29T10:35:05-07:00,tests/test_helpers.py,535,0,0,2
aiohttp,aba31f6d3e6d0a9021e59b515d1e361c1008b269,2017-03-29T10:35:05-07:00,aiohttp/client_proto.py,190,4,1,11
aiohttp,aba31f6d3e6d0a9021e59b515d1e361c1008b269,2017-03-29T10:35:05-07:00,tests/test_multipart.py,1702,0,0,24
aiohttp,aba31f6d3e6d0a9021e59b515d1e361c1008b269,2017-03-29T10:35:05-07:00,demos/polls/setup.py,37,1,0,0
aiohttp,aba31f6d3e6d0a9021e59b515d1e361c1008b269,2017-03-29T10:35:05-07:00,aiohttp/web.py,478,0,0,32
aiohttp,aba31f6d3e6d0a9021e59b515d1e361c1008b269,2017-03-29T10:35:05-07:00,tests/test_web_response.py,1035,0,0,6
aiohttp,aba31f6d3e6d0a9021e59b515d1e361c1008b269,2017-03-29T10:35:05-07:00,aiohttp/web_response.py,599,1,0,6
aiohttp,aba31f6d3e6d0a9021e59b515d1e361c1008b269,2017-03-29T10:35:05-07:00,aiohttp/payload.py,310,4,0,0
aiohttp,aba31f6d3e6d0a9021e59b515d1e361c1008b269,2017-03-29T10:35:05-07:00,aiohttp/helpers.py,761,0,2,0
aiohttp,aba31f6d3e6d0a9021e59b515d1e361c1008b269,2017-03-29T10:35:05-07:00,aiohttp/client_reqrep.py,737,2,0,0
aiohttp,aba31f6d3e6d0a9021e59b515d1e361c1008b269,2017-03-29T10:35:05-07:00,aiohttp/web_protocol.py,555,2,0,10
aiohttp,aba31f6d3e6d0a9021e59b515d1e361c1008b269,2017-03-29T10:35:05-07:00,aiohttp/web_ws.py,347,16,0,14
aiohttp,aba31f6d3e6d0a9021e59b515d1e361c1008b269,2017-03-29T10:35:05-07:00,tests/test_run_app.py,440,0,0,46
aiohttp,aba31f6d3e6d0a9021e59b515d1e361c1008b269,2017-03-29T10:35:05-07:00,aiohttp/web_request.py,472,1,0,2
aiohttp,aba31f6d3e6d0a9021e59b515d1e361c1008b269,2017-03-29T10:35:05-07:00,aiohttp/web_urldispatcher.py,895,2,0,0
aiohttp,aba31f6d3e6d0a9021e59b515d1e361c1008b269,2017-03-29T10:35:05-07:00,aiohttp/worker.py,238,0,1,0
aiohttp,aba31f6d3e6d0a9021e59b515d1e361c1008b269,2017-03-29T10:35:05-07:00,aiohttp/http_writer.py,329,2,0,0
aiohttp,aba31f6d3e6d0a9021e59b515d1e361c1008b269,2017-03-29T10:35:05-07:00,tests/test_flowcontrol_streams.py,194,0,0,23
aiohttp,aba31f6d3e6d0a9021e59b515d1e361c1008b269,2017-03-29T10:35:05-07:00,aiohttp/client_ws.py,258,14,0,13
aiohttp,aba31f6d3e6d0a9021e59b515d1e361c1008b269,2017-03-29T10:35:05-07:00,aiohttp/streams.py,611,8,0,42
aiohttp,aba31f6d3e6d0a9021e59b515d1e361c1008b269,2017-03-29T10:35:05-07:00,aiohttp/multipart.py,919,5,0,8
aiohttp,aba31f6d3e6d0a9021e59b515d1e361c1008b269,2017-03-29T10:35:05-07:00,aiohttp/http_websocket.py,571,2,0,0
aiohttp,aba31f6d3e6d0a9021e59b515d1e361c1008b269,2017-03-29T10:35:05-07:00,aiohttp/http_parser.py,634,2,0,0
aiohttp,aba31f6d3e6d0a9021e59b515d1e361c1008b269,2017-03-29T10:35:05-07:00,tests/test_web_protocol.py,762,0,0,27
aiohttp,aba31f6d3e6d0a9021e59b515d1e361c1008b269,2017-03-29T10:35:05-07:00,aiohttp/connector.py,791,0,1,0
aiohttp,aba31f6d3e6d0a9021e59b515d1e361c1008b269,2017-03-29T10:35:05-07:00,aiohttp/__init__.py,35,0,0,2
aiohttp,aba31f6d3e6d0a9021e59b515d1e361c1008b269,2017-03-29T10:35:05-07:00,demos/polls/aiohttpdemo_polls/views.py,63,2,0,0
aiohttp,aba31f6d3e6d0a9021e59b515d1e361c1008b269,2017-03-29T10:35:05-07:00,tests/test_web_functional.py,1567,0,0,27
aiohttp,aba31f6d3e6d0a9021e59b515d1e361c1008b269,2017-03-29T10:35:05-07:00,tests/test_streams.py,962,0,0,29
aiohttp,954fec8342402da64e5f3866ec77a20efc8361a1,2017-05-12T09:42:02-07:00,demos/chat/setup.py,32,1,0,0
aiohttp,954fec8342402da64e5f3866ec77a20efc8361a1,2017-05-12T09:42:02-07:00,aiohttp/web_fileresponse.py,239,0,0,1
aiohttp,954fec8342402da64e5f3866ec77a20efc8361a1,2017-05-12T09:42:02-07:00,aiohttp/test_utils.py,573,0,0,6
aiohttp,954fec8342402da64e5f3866ec77a20efc8361a1,2017-05-12T09:42:02-07:00,examples/client_ws.py,79,0,0,1
aiohttp,954fec8342402da64e5f3866ec77a20efc8361a1,2017-05-12T09:42:02-07:00,tests/test_http_stream_writer.py,318,0,0,1
aiohttp,954fec8342402da64e5f3866ec77a20efc8361a1,2017-05-12T09:42:02-07:00,aiohttp/pytest_plugin.py,215,5,0,5
aiohttp,954fec8342402da64e5f3866ec77a20efc8361a1,2017-05-12T09:42:02-07:00,tests/test_web_sendfile_functional.py,481,0,0,1
aiohttp,954fec8342402da64e5f3866ec77a20efc8361a1,2017-05-12T09:42:02-07:00,tests/conftest.py,84,0,0,1
aiohttp,954fec8342402da64e5f3866ec77a20efc8361a1,2017-05-12T09:42:02-07:00,tests/test_web_urldispatcher.py,329,0,0,22
aiohttp,954fec8342402da64e5f3866ec77a20efc8361a1,2017-05-12T09:42:02-07:00,tests/test_connector.py,1151,0,0,4
aiohttp,954fec8342402da64e5f3866ec77a20efc8361a1,2017-05-12T09:42:02-07:00,demos/polls/setup.py,37,1,0,0
aiohttp,954fec8342402da64e5f3866ec77a20efc8361a1,2017-05-12T09:42:02-07:00,tests/test_urldispatch.py,1022,0,0,18
aiohttp,954fec8342402da64e5f3866ec77a20efc8361a1,2017-05-12T09:42:02-07:00,aiohttp/http.py,37,0,0,1
aiohttp,954fec8342402da64e5f3866ec77a20efc8361a1,2017-05-12T09:42:02-07:00,aiohttp/web.py,478,0,0,8
aiohttp,954fec8342402da64e5f3866ec77a20efc8361a1,2017-05-12T09:42:02-07:00,aiohttp/client_exceptions.py,103,0,0,1
aiohttp,954fec8342402da64e5f3866ec77a20efc8361a1,2017-05-12T09:42:02-07:00,aiohttp/web_ws.py,347,16,0,5
aiohttp,954fec8342402da64e5f3866ec77a20efc8361a1,2017-05-12T09:42:02-07:00,aiohttp/web_request.py,473,1,0,122
aiohttp,954fec8342402da64e5f3866ec77a20efc8361a1,2017-05-12T09:42:02-07:00,aiohttp/cookiejar.py,305,0,0,1
aiohttp,954fec8342402da64e5f3866ec77a20efc8361a1,2017-05-12T09:42:02-07:00,aiohttp/web_urldispatcher.py,895,2,0,17
aiohttp,954fec8342402da64e5f3866ec77a20efc8361a1,2017-05-12T09:42:02-07:00,tests/test_http_parser.py,672,0,0,1
aiohttp,954fec8342402da64e5f3866ec77a20efc8361a1,2017-05-12T09:42:02-07:00,examples/background_tasks.py,66,0,0,2
aiohttp,954fec8342402da64e5f3866ec77a20efc8361a1,2017-05-12T09:42:02-07:00,tests/test_pytest_plugin.py,152,0,0,2
aiohttp,954fec8342402da64e5f3866ec77a20efc8361a1,2017-05-12T09:42:02-07:00,aiohttp/streams.py,614,8,0,1
aiohttp,954fec8342402da64e5f3866ec77a20efc8361a1,2017-05-12T09:42:02-07:00,aiohttp/multipart.py,905,5,0,1
aiohttp,954fec8342402da64e5f3866ec77a20efc8361a1,2017-05-12T09:42:02-07:00,aiohttp/formdata.py,142,0,0,1
aiohttp,954fec8342402da64e5f3866ec77a20efc8361a1,2017-05-12T09:42:02-07:00,aiohttp/payload_streamer.py,68,0,0,1
aiohttp,954fec8342402da64e5f3866ec77a20efc8361a1,2017-05-12T09:42:02-07:00,aiohttp/web_server.py,50,0,0,1
aiohttp,954fec8342402da64e5f3866ec77a20efc8361a1,2017-05-12T09:42:02-07:00,aiohttp/connector.py,788,0,1,0
aiohttp,954fec8342402da64e5f3866ec77a20efc8361a1,2017-05-12T09:42:02-07:00,demos/polls/aiohttpdemo_polls/__main__.py,4,0,0,2
aiohttp,954fec8342402da64e5f3866ec77a20efc8361a1,2017-05-12T09:42:02-07:00,examples/web_ws.py,60,0,0,7
aiohttp,954fec8342402da64e5f3866ec77a20efc8361a1,2017-05-12T09:42:02-07:00,aiohttp/client.py,763,0,0,9
aiohttp,954fec8342402da64e5f3866ec77a20efc8361a1,2017-05-12T09:42:02-07:00,demos/chat/aiohttpdemo_chat/views.py,50,0,0,19
aiohttp,954fec8342402da64e5f3866ec77a20efc8361a1,2017-05-12T09:42:02-07:00,demos/polls/aiohttpdemo_polls/db.py,83,0,0,2
aiohttp,954fec8342402da64e5f3866ec77a20efc8361a1,2017-05-12T09:42:02-07:00,tests/test_client_ws_functional.py,617,0,0,54
aiohttp,954fec8342402da64e5f3866ec77a20efc8361a1,2017-05-12T09:42:02-07:00,demos/polls/aiohttpdemo_polls/views.py,63,2,0,0
aiohttp,954fec8342402da64e5f3866ec77a20efc8361a1,2017-05-12T09:42:02-07:00,tests/test_web_functional.py,1567,0,0,1
aiohttp,954fec8342402da64e5f3866ec77a20efc8361a1,2017-05-12T09:42:02-07:00,aiohttp/web_middlewares.py,75,0,0,1
aiohttp,954fec8342402da64e5f3866ec77a20efc8361a1,2017-05-12T09:42:02-07:00,demos/polls/aiohttpdemo_polls/utils.py,18,0,0,1
aiohttp,954fec8342402da64e5f3866ec77a20efc8361a1,2017-05-12T09:42:02-07:00,tests/autobahn/client.py,51,0,0,4
aiohttp,954fec8342402da64e5f3866ec77a20efc8361a1,2017-05-12T09:42:02-07:00,aiohttp/resolver.py,101,0,0,1
aiohttp,954fec8342402da64e5f3866ec77a20efc8361a1,2017-05-12T09:42:02-07:00,examples/legacy/srv.py,166,0,0,1
aiohttp,954fec8342402da64e5f3866ec77a20efc8361a1,2017-05-12T09:42:02-07:00,aiohttp/client_proto.py,190,4,1,0
aiohttp,954fec8342402da64e5f3866ec77a20efc8361a1,2017-05-12T09:42:02-07:00,tests/test_resolver.py,210,0,0,1
aiohttp,954fec8342402da64e5f3866ec77a20efc8361a1,2017-05-12T09:42:02-07:00,demos/polls/aiohttpdemo_polls/routes.py,16,0,0,1
aiohttp,954fec8342402da64e5f3866ec77a20efc8361a1,2017-05-12T09:42:02-07:00,aiohttp/web_response.py,599,1,0,1
aiohttp,954fec8342402da64e5f3866ec77a20efc8361a1,2017-05-12T09:42:02-07:00,examples/legacy/tcp_protocol_parser.py,178,0,0,1
aiohttp,954fec8342402da64e5f3866ec77a20efc8361a1,2017-05-12T09:42:02-07:00,aiohttp/payload.py,310,4,0,1
aiohttp,954fec8342402da64e5f3866ec77a20efc8361a1,2017-05-12T09:42:02-07:00,examples/static_files.py,8,0,0,1
aiohttp,954fec8342402da64e5f3866ec77a20efc8361a1,2017-05-12T09:42:02-07:00,aiohttp/helpers.py,763,0,2,13
aiohttp,954fec8342402da64e5f3866ec77a20efc8361a1,2017-05-12T09:42:02-07:00,aiohttp/client_reqrep.py,709,2,0,1
aiohttp,954fec8342402da64e5f3866ec77a20efc8361a1,2017-05-12T09:42:02-07:00,aiohttp/web_protocol.py,554,2,0,7
aiohttp,954fec8342402da64e5f3866ec77a20efc8361a1,2017-05-12T09:42:02-07:00,demos/polls/aiohttpdemo_polls/main.py,64,0,0,4
aiohttp,954fec8342402da64e5f3866ec77a20efc8361a1,2017-05-12T09:42:02-07:00,tests/test_run_app.py,461,0,0,44
aiohttp,954fec8342402da64e5f3866ec77a20efc8361a1,2017-05-12T09:42:02-07:00,tests/test_py35/test_web_websocket_35.py,71,0,0,4
aiohttp,954fec8342402da64e5f3866ec77a20efc8361a1,2017-05-12T09:42:02-07:00,examples/lowlevel_srv.py,25,0,0,1
aiohttp,954fec8342402da64e5f3866ec77a20efc8361a1,2017-05-12T09:42:02-07:00,aiohttp/abc.py,147,0,0,1
aiohttp,954fec8342402da64e5f3866ec77a20efc8361a1,2017-05-12T09:42:02-07:00,aiohttp/backport_cookies.py,367,0,0,1
aiohttp,954fec8342402da64e5f3866ec77a20efc8361a1,2017-05-12T09:42:02-07:00,aiohttp/worker.py,238,0,1,3
aiohttp,954fec8342402da64e5f3866ec77a20efc8361a1,2017-05-12T09:42:02-07:00,aiohttp/http_writer.py,329,2,0,1
aiohttp,954fec8342402da64e5f3866ec77a20efc8361a1,2017-05-12T09:42:02-07:00,tests/test_py35/test_streams_35.py,82,0,0,1
aiohttp,954fec8342402da64e5f3866ec77a20efc8361a1,2017-05-12T09:42:02-07:00,tests/test_web_websocket_functional.py,762,0,0,48
aiohttp,954fec8342402da64e5f3866ec77a20efc8361a1,2017-05-12T09:42:02-07:00,aiohttp/client_ws.py,259,14,0,4
aiohttp,954fec8342402da64e5f3866ec77a20efc8361a1,2017-05-12T09:42:02-07:00,demos/polls/tests/conftest.py,29,0,0,1
aiohttp,954fec8342402da64e5f3866ec77a20efc8361a1,2017-05-12T09:42:02-07:00,aiohttp/http_websocket.py,571,2,0,1
aiohttp,954fec8342402da64e5f3866ec77a20efc8361a1,2017-05-12T09:42:02-07:00,aiohttp/http_parser.py,622,2,0,1
aiohttp,954fec8342402da64e5f3866ec77a20efc8361a1,2017-05-12T09:42:02-07:00,aiohttp/__init__.py,35,0,0,4
aiohttp,954fec8342402da64e5f3866ec77a20efc8361a1,2017-05-12T09:42:02-07:00,tests/test_test_utils.py,278,0,0,2
aiohttp,954fec8342402da64e5f3866ec77a20efc8361a1,2017-05-12T09:42:02-07:00,aiohttp/log.py,8,0,0,1
aiohttp,954fec8342402da64e5f3866ec77a20efc8361a1,2017-05-12T09:42:02-07:00,aiohttp/web_exceptions.py,349,0,0,16
aiohttp,954fec8342402da64e5f3866ec77a20efc8361a1,2017-05-12T09:42:02-07:00,tests/test_py35/test_client_websocket_35.py,137,0,0,14
aiohttp,954fec8342402da64e5f3866ec77a20efc8361a1,2017-05-12T09:42:02-07:00,aiohttp/hdrs.py,91,0,0,4
aiohttp,954fec8342402da64e5f3866ec77a20efc8361a1,2017-05-12T09:42:02-07:00,tests/test_web_request.py,371,0,0,110
aiohttp,954fec8342402da64e5f3866ec77a20efc8361a1,2017-05-12T09:42:02-07:00,tests/test_worker.py,417,0,0,1
aiohttp,954fec8342402da64e5f3866ec77a20efc8361a1,2017-05-12T09:42:02-07:00,tests/test_web_application.py,192,0,0,8
aiohttp,6b85bcd82985c132c84acbc2b565997d7b512b45,2017-06-07T18:29:33-07:00,demos/chat/setup.py,32,1,0,0
aiohttp,6b85bcd82985c132c84acbc2b565997d7b512b45,2017-06-07T18:29:33-07:00,aiohttp/web_middlewares.py,76,0,0,11
aiohttp,6b85bcd82985c132c84acbc2b565997d7b512b45,2017-06-07T18:29:33-07:00,aiohttp/test_utils.py,575,0,0,7
aiohttp,6b85bcd82985c132c84acbc2b565997d7b512b45,2017-06-07T18:29:33-07:00,aiohttp/pytest_plugin.py,265,5,0,0
aiohttp,6b85bcd82985c132c84acbc2b565997d7b512b45,2017-06-07T18:29:33-07:00,tests/test_client_request.py,1132,0,0,4
aiohttp,6b85bcd82985c132c84acbc2b565997d7b512b45,2017-06-07T18:29:33-07:00,tests/test_helpers.py,547,0,0,32
aiohttp,6b85bcd82985c132c84acbc2b565997d7b512b45,2017-06-07T18:29:33-07:00,setup.py,127,0,0,4
aiohttp,6b85bcd82985c132c84acbc2b565997d7b512b45,2017-06-07T18:29:33-07:00,aiohttp/client_proto.py,191,4,1,0
aiohttp,6b85bcd82985c132c84acbc2b565997d7b512b45,2017-06-07T18:29:33-07:00,tests/test_web_urldispatcher.py,360,0,0,8
aiohttp,6b85bcd82985c132c84acbc2b565997d7b512b45,2017-06-07T18:29:33-07:00,demos/polls/setup.py,37,1,0,0
aiohttp,6b85bcd82985c132c84acbc2b565997d7b512b45,2017-06-07T18:29:33-07:00,tests/test_urldispatch.py,1038,0,0,66
aiohttp,6b85bcd82985c132c84acbc2b565997d7b512b45,2017-06-07T18:29:33-07:00,tests/test_web_response.py,1041,0,0,33
aiohttp,6b85bcd82985c132c84acbc2b565997d7b512b45,2017-06-07T18:29:33-07:00,aiohttp/web_response.py,600,1,0,10
aiohttp,6b85bcd82985c132c84acbc2b565997d7b512b45,2017-06-07T18:29:33-07:00,aiohttp/web.py,494,0,0,126
aiohttp,6b85bcd82985c132c84acbc2b565997d7b512b45,2017-06-07T18:29:33-07:00,aiohttp/payload.py,311,4,0,0
aiohttp,6b85bcd82985c132c84acbc2b565997d7b512b45,2017-06-07T18:29:33-07:00,aiohttp/helpers.py,794,0,2,86
aiohttp,6b85bcd82985c132c84acbc2b565997d7b512b45,2017-06-07T18:29:33-07:00,aiohttp/client_reqrep.py,743,2,0,23
aiohttp,6b85bcd82985c132c84acbc2b565997d7b512b45,2017-06-07T18:29:33-07:00,aiohttp/web_protocol.py,563,2,0,3
aiohttp,6b85bcd82985c132c84acbc2b565997d7b512b45,2017-06-07T18:29:33-07:00,aiohttp/web_ws.py,348,16,0,0
aiohttp,6b85bcd82985c132c84acbc2b565997d7b512b45,2017-06-07T18:29:33-07:00,tests/test_run_app.py,507,0,0,157
aiohttp,6b85bcd82985c132c84acbc2b565997d7b512b45,2017-06-07T18:29:33-07:00,aiohttp/web_request.py,583,1,0,0
aiohttp,6b85bcd82985c132c84acbc2b565997d7b512b45,2017-06-07T18:29:33-07:00,aiohttp/web_urldispatcher.py,896,2,0,0
aiohttp,6b85bcd82985c132c84acbc2b565997d7b512b45,2017-06-07T18:29:33-07:00,tests/test_http_parser.py,686,0,0,32
aiohttp,6b85bcd82985c132c84acbc2b565997d7b512b45,2017-06-07T18:29:33-07:00,aiohttp/worker.py,258,2,1,0
aiohttp,6b85bcd82985c132c84acbc2b565997d7b512b45,2017-06-07T18:29:33-07:00,aiohttp/http_writer.py,330,2,0,0
aiohttp,6b85bcd82985c132c84acbc2b565997d7b512b45,2017-06-07T18:29:33-07:00,aiohttp/frozenlist.py,0,0,0,73
aiohttp,6b85bcd82985c132c84acbc2b565997d7b512b45,2017-06-07T18:29:33-07:00,tests/test_proxy_functional.py,504,0,0,5
aiohttp,6b85bcd82985c132c84acbc2b565997d7b512b45,2017-06-07T18:29:33-07:00,aiohttp/client_ws.py,259,14,0,0
aiohttp,6b85bcd82985c132c84acbc2b565997d7b512b45,2017-06-07T18:29:33-07:00,aiohttp/streams.py,642,8,0,0
aiohttp,6b85bcd82985c132c84acbc2b565997d7b512b45,2017-06-07T18:29:33-07:00,aiohttp/multipart.py,922,5,0,3
aiohttp,6b85bcd82985c132c84acbc2b565997d7b512b45,2017-06-07T18:29:33-07:00,aiohttp/http_websocket.py,567,2,0,0
aiohttp,6b85bcd82985c132c84acbc2b565997d7b512b45,2017-06-07T18:29:33-07:00,aiohttp/http_parser.py,635,2,0,23
aiohttp,6b85bcd82985c132c84acbc2b565997d7b512b45,2017-06-07T18:29:33-07:00,tests/test_client_proto.py,89,0,0,2
aiohttp,6b85bcd82985c132c84acbc2b565997d7b512b45,2017-06-07T18:29:33-07:00,tests/test_web_middleware.py,190,0,0,37
aiohttp,6b85bcd82985c132c84acbc2b565997d7b512b45,2017-06-07T18:29:33-07:00,aiohttp/connector.py,846,0,1,0
aiohttp,6b85bcd82985c132c84acbc2b565997d7b512b45,2017-06-07T18:29:33-07:00,tests/test_client_functional.py,2105,0,0,19
aiohttp,6b85bcd82985c132c84acbc2b565997d7b512b45,2017-06-07T18:29:33-07:00,aiohttp/__init__.py,35,0,0,4
aiohttp,6b85bcd82985c132c84acbc2b565997d7b512b45,2017-06-07T18:29:33-07:00,tests/test_frozenlist.py,0,0,0,228
aiohttp,6b85bcd82985c132c84acbc2b565997d7b512b45,2017-06-07T18:29:33-07:00,aiohttp/client.py,773,0,0,16
aiohttp,6b85bcd82985c132c84acbc2b565997d7b512b45,2017-06-07T18:29:33-07:00,tests/test_py35/test_resp.py,133,0,0,6
aiohttp,6b85bcd82985c132c84acbc2b565997d7b512b45,2017-06-07T18:29:33-07:00,aiohttp/signals.py,98,0,0,9
aiohttp,6b85bcd82985c132c84acbc2b565997d7b512b45,2017-06-07T18:29:33-07:00,tests/test_client_session.py,474,0,0,24
aiohttp,6b85bcd82985c132c84acbc2b565997d7b512b45,2017-06-07T18:29:33-07:00,demos/polls/aiohttpdemo_polls/views.py,63,2,0,0
aiohttp,6b85bcd82985c132c84acbc2b565997d7b512b45,2017-06-07T18:29:33-07:00,tests/test_client_response.py,564,0,0,101
aiohttp,6b85bcd82985c132c84acbc2b565997d7b512b45,2017-06-07T18:29:33-07:00,tests/test_web_application.py,229,0,0,9
aiohttp,79655ebce1d61f6b425c67a7f8cea3e27eee9f0a,2018-01-18T14:32:55+02:00,demos/chat/setup.py,32,1,0,0
aiohttp,79655ebce1d61f6b425c67a7f8cea3e27eee9f0a,2018-01-18T14:32:55+02:00,aiohttp/test_utils.py,569,0,0,75
aiohttp,79655ebce1d61f6b425c67a7f8cea3e27eee9f0a,2018-01-18T14:32:55+02:00,tests/test_proxy.py,646,0,0,100
aiohttp,79655ebce1d61f6b425c67a7f8cea3e27eee9f0a,2018-01-18T14:32:55+02:00,aiohttp/resolver.py,111,2,0,0
aiohttp,79655ebce1d61f6b425c67a7f8cea3e27eee9f0a,2018-01-18T14:32:55+02:00,aiohttp/pytest_plugin.py,312,4,0,0
aiohttp,79655ebce1d61f6b425c67a7f8cea3e27eee9f0a,2018-01-18T14:32:55+02:00,tests/test_client_request.py,1115,0,0,4
aiohttp,79655ebce1d61f6b425c67a7f8cea3e27eee9f0a,2018-01-18T14:32:55+02:00,tests/test_helpers.py,544,0,0,18
aiohttp,79655ebce1d61f6b425c67a7f8cea3e27eee9f0a,2018-01-18T14:32:55+02:00,setup.py,129,0,0,2
aiohttp,79655ebce1d61f6b425c67a7f8cea3e27eee9f0a,2018-01-18T14:32:55+02:00,aiohttp/client_proto.py,190,4,0,16
aiohttp,79655ebce1d61f6b425c67a7f8cea3e27eee9f0a,2018-01-18T14:32:55+02:00,tests/test_connector.py,2038,0,0,39
aiohttp,79655ebce1d61f6b425c67a7f8cea3e27eee9f0a,2018-01-18T14:32:55+02:00,demos/polls/setup.py,37,1,0,0
aiohttp,79655ebce1d61f6b425c67a7f8cea3e27eee9f0a,2018-01-18T14:32:55+02:00,aiohttp/web.py,173,0,0,28
aiohttp,79655ebce1d61f6b425c67a7f8cea3e27eee9f0a,2018-01-18T14:32:55+02:00,aiohttp/http.py,38,0,0,2
aiohttp,79655ebce1d61f6b425c67a7f8cea3e27eee9f0a,2018-01-18T14:32:55+02:00,aiohttp/web_response.py,634,1,0,0
aiohttp,79655ebce1d61f6b425c67a7f8cea3e27eee9f0a,2018-01-18T14:32:55+02:00,aiohttp/payload.py,289,4,0,0
aiohttp,79655ebce1d61f6b425c67a7f8cea3e27eee9f0a,2018-01-18T14:32:55+02:00,aiohttp/web_protocol.py,500,2,0,4
aiohttp,79655ebce1d61f6b425c67a7f8cea3e27eee9f0a,2018-01-18T14:32:55+02:00,aiohttp/client_reqrep.py,863,5,0,21
aiohttp,79655ebce1d61f6b425c67a7f8cea3e27eee9f0a,2018-01-18T14:32:55+02:00,aiohttp/helpers.py,706,0,0,25
aiohttp,79655ebce1d61f6b425c67a7f8cea3e27eee9f0a,2018-01-18T14:32:55+02:00,aiohttp/web_ws.py,410,15,0,16
aiohttp,79655ebce1d61f6b425c67a7f8cea3e27eee9f0a,2018-01-18T14:32:55+02:00,tests/test_web_request_handler.py,61,0,0,16
aiohttp,79655ebce1d61f6b425c67a7f8cea3e27eee9f0a,2018-01-18T14:32:55+02:00,tests/test_run_app.py,439,0,0,127
aiohttp,79655ebce1d61f6b425c67a7f8cea3e27eee9f0a,2018-01-18T14:32:55+02:00,aiohttp/web_request.py,624,1,0,55
aiohttp,79655ebce1d61f6b425c67a7f8cea3e27eee9f0a,2018-01-18T14:32:55+02:00,aiohttp/web_urldispatcher.py,1031,0,0,15
aiohttp,79655ebce1d61f6b425c67a7f8cea3e27eee9f0a,2018-01-18T14:32:55+02:00,examples/fake_server.py,122,0,0,18
aiohttp,79655ebce1d61f6b425c67a7f8cea3e27eee9f0a,2018-01-18T14:32:55+02:00,aiohttp/worker.py,223,2,1,0
aiohttp,79655ebce1d61f6b425c67a7f8cea3e27eee9f0a,2018-01-18T14:32:55+02:00,aiohttp/http_writer.py,139,0,0,2
aiohttp,79655ebce1d61f6b425c67a7f8cea3e27eee9f0a,2018-01-18T14:32:55+02:00,aiohttp/web_app.py,300,0,0,26
aiohttp,79655ebce1d61f6b425c67a7f8cea3e27eee9f0a,2018-01-18T14:32:55+02:00,tests/test_proxy_functional.py,634,0,0,10
aiohttp,79655ebce1d61f6b425c67a7f8cea3e27eee9f0a,2018-01-18T14:32:55+02:00,tests/test_web_runner.py,84,0,0,13
aiohttp,79655ebce1d61f6b425c67a7f8cea3e27eee9f0a,2018-01-18T14:32:55+02:00,aiohttp/client_ws.py,262,13,0,0
aiohttp,79655ebce1d61f6b425c67a7f8cea3e27eee9f0a,2018-01-18T14:32:55+02:00,aiohttp/streams.py,574,4,0,0
aiohttp,79655ebce1d61f6b425c67a7f8cea3e27eee9f0a,2018-01-18T14:32:55+02:00,aiohttp/web_runner.py,215,0,0,105
aiohttp,79655ebce1d61f6b425c67a7f8cea3e27eee9f0a,2018-01-18T14:32:55+02:00,aiohttp/http_websocket.py,621,2,0,0
aiohttp,79655ebce1d61f6b425c67a7f8cea3e27eee9f0a,2018-01-18T14:32:55+02:00,aiohttp/http_parser.py,674,2,0,0
aiohttp,79655ebce1d61f6b425c67a7f8cea3e27eee9f0a,2018-01-18T14:32:55+02:00,aiohttp/connector.py,964,2,0,14
aiohttp,79655ebce1d61f6b425c67a7f8cea3e27eee9f0a,2018-01-18T14:32:55+02:00,tests/test_web_app.py,246,0,0,15
aiohttp,79655ebce1d61f6b425c67a7f8cea3e27eee9f0a,2018-01-18T14:32:55+02:00,aiohttp/tcp_helpers.py,61,2,0,0
aiohttp,79655ebce1d61f6b425c67a7f8cea3e27eee9f0a,2018-01-18T14:32:55+02:00,aiohttp/client.py,866,0,0,27
aiohttp,79655ebce1d61f6b425c67a7f8cea3e27eee9f0a,2018-01-18T14:32:55+02:00,examples/curl.py,35,0,0,16
aiohttp,79655ebce1d61f6b425c67a7f8cea3e27eee9f0a,2018-01-18T14:32:55+02:00,tests/test_client_session.py,562,0,0,98
aiohttp,79655ebce1d61f6b425c67a7f8cea3e27eee9f0a,2018-01-18T14:32:55+02:00,aiohttp/tracing.py,214,0,0,164
aiohttp,79655ebce1d61f6b425c67a7f8cea3e27eee9f0a,2018-01-18T14:32:55+02:00,tests/test_web_websocket.py,494,0,0,8
aiohttp,79655ebce1d61f6b425c67a7f8cea3e27eee9f0a,2018-01-18T14:32:55+02:00,demos/polls/aiohttpdemo_polls/views.py,63,2,0,0
aiohttp,79655ebce1d61f6b425c67a7f8cea3e27eee9f0a,2018-01-18T14:32:55+02:00,tests/test_web_functional.py,1692,0,0,20
aiohttp,79655ebce1d61f6b425c67a7f8cea3e27eee9f0a,2018-01-18T14:32:55+02:00,tests/test_web_request.py,549,0,0,6
aiohttp,79655ebce1d61f6b425c67a7f8cea3e27eee9f0a,2018-01-18T14:32:55+02:00,tests/test_tracing.py,83,0,0,101
aiohttp,79655ebce1d61f6b425c67a7f8cea3e27eee9f0a,2018-01-18T14:32:55+02:00,tests/test_streams.py,1166,0,0,19
aiohttp,ed3f42272d3caeadbd8f27cabcc8917c20bebc6d,2018-02-09T16:49:57+02:00,demos/chat/setup.py,32,1,0,0
aiohttp,ed3f42272d3caeadbd8f27cabcc8917c20bebc6d,2018-02-09T16:49:57+02:00,aiohttp/resolver.py,111,2,0,0
aiohttp,ed3f42272d3caeadbd8f27cabcc8917c20bebc6d,2018-02-09T16:49:57+02:00,aiohttp/pytest_plugin.py,328,4,0,72
aiohttp,ed3f42272d3caeadbd8f27cabcc8917c20bebc6d,2018-02-09T16:49:57+02:00,tests/test_web_sendfile_functional.py,514,0,0,157
aiohttp,ed3f42272d3caeadbd8f27cabcc8917c20bebc6d,2018-02-09T16:49:57+02:00,tests/test_client_request.py,1117,0,0,4
aiohttp,ed3f42272d3caeadbd8f27cabcc8917c20bebc6d,2018-02-09T16:49:57+02:00,examples/cli_app.py,55,0,0,6
aiohttp,ed3f42272d3caeadbd8f27cabcc8917c20bebc6d,2018-02-09T16:49:57+02:00,tests/conftest.py,17,0,0,16
aiohttp,ed3f42272d3caeadbd8f27cabcc8917c20bebc6d,2018-02-09T16:49:57+02:00,tests/test_web_urldispatcher.py,469,0,0,73
aiohttp,ed3f42272d3caeadbd8f27cabcc8917c20bebc6d,2018-02-09T16:49:57+02:00,aiohttp/client_proto.py,186,2,0,0
aiohttp,ed3f42272d3caeadbd8f27cabcc8917c20bebc6d,2018-02-09T16:49:57+02:00,examples/web_cookies.py,49,0,0,7
aiohttp,ed3f42272d3caeadbd8f27cabcc8917c20bebc6d,2018-02-09T16:49:57+02:00,setup.py,132,0,0,29
aiohttp,ed3f42272d3caeadbd8f27cabcc8917c20bebc6d,2018-02-09T16:49:57+02:00,tests/test_connector.py,2053,0,0,263
aiohttp,ed3f42272d3caeadbd8f27cabcc8917c20bebc6d,2018-02-09T16:49:57+02:00,tests/test_multipart.py,1776,0,0,1369
aiohttp,ed3f42272d3caeadbd8f27cabcc8917c20bebc6d,2018-02-09T16:49:57+02:00,demos/polls/setup.py,37,1,0,0
aiohttp,ed3f42272d3caeadbd8f27cabcc8917c20bebc6d,2018-02-09T16:49:57+02:00,tests/test_web_response.py,1127,0,0,4
aiohttp,ed3f42272d3caeadbd8f27cabcc8917c20bebc6d,2018-02-09T16:49:57+02:00,aiohttp/web_response.py,634,1,0,0
aiohttp,ed3f42272d3caeadbd8f27cabcc8917c20bebc6d,2018-02-09T16:49:57+02:00,tests/test_web_server.py,120,0,0,42
aiohttp,ed3f42272d3caeadbd8f27cabcc8917c20bebc6d,2018-02-09T16:49:57+02:00,aiohttp/payload.py,289,4,0,0
aiohttp,ed3f42272d3caeadbd8f27cabcc8917c20bebc6d,2018-02-09T16:49:57+02:00,examples/web_srv_route_deco.py,63,0,0,8
aiohttp,ed3f42272d3caeadbd8f27cabcc8917c20bebc6d,2018-02-09T16:49:57+02:00,tests/test_multipart_helpers.py,0,0,0,662
aiohttp,ed3f42272d3caeadbd8f27cabcc8917c20bebc6d,2018-02-09T16:49:57+02:00,aiohttp/web_protocol.py,508,2,0,0
aiohttp,ed3f42272d3caeadbd8f27cabcc8917c20bebc6d,2018-02-09T16:49:57+02:00,aiohttp/client_reqrep.py,868,5,0,0
aiohttp,ed3f42272d3caeadbd8f27cabcc8917c20bebc6d,2018-02-09T16:49:57+02:00,aiohttp/web_ws.py,412,15,0,0
aiohttp,ed3f42272d3caeadbd8f27cabcc8917c20bebc6d,2018-02-09T16:49:57+02:00,tests/test_run_app.py,518,0,0,4
aiohttp,ed3f42272d3caeadbd8f27cabcc8917c20bebc6d,2018-02-09T16:49:57+02:00,aiohttp/web_request.py,647,1,0,0
aiohttp,ed3f42272d3caeadbd8f27cabcc8917c20bebc6d,2018-02-09T16:49:57+02:00,aiohttp/web_urldispatcher.py,1034,0,0,10
aiohttp,ed3f42272d3caeadbd8f27cabcc8917c20bebc6d,2018-02-09T16:49:57+02:00,examples/background_tasks.py,66,0,0,13
aiohttp,ed3f42272d3caeadbd8f27cabcc8917c20bebc6d,2018-02-09T16:49:57+02:00,tests/test_http_parser.py,793,0,0,128
aiohttp,ed3f42272d3caeadbd8f27cabcc8917c20bebc6d,2018-02-09T16:49:57+02:00,examples/web_srv_route_table.py,62,0,0,8
aiohttp,ed3f42272d3caeadbd8f27cabcc8917c20bebc6d,2018-02-09T16:49:57+02:00,examples/web_rewrite_headers_middleware.py,37,0,0,20
aiohttp,ed3f42272d3caeadbd8f27cabcc8917c20bebc6d,2018-02-09T16:49:57+02:00,aiohttp/worker.py,223,2,1,0
aiohttp,ed3f42272d3caeadbd8f27cabcc8917c20bebc6d,2018-02-09T16:49:57+02:00,examples/basic_srv.py,45,0,0,45
aiohttp,ed3f42272d3caeadbd8f27cabcc8917c20bebc6d,2018-02-09T16:49:57+02:00,tests/test_flowcontrol_streams.py,157,0,0,278
aiohttp,ed3f42272d3caeadbd8f27cabcc8917c20bebc6d,2018-02-09T16:49:57+02:00,tests/test_proxy_functional.py,644,0,0,4
aiohttp,ed3f42272d3caeadbd8f27cabcc8917c20bebc6d,2018-02-09T16:49:57+02:00,tests/test_web_websocket_functional.py,787,0,0,104
aiohttp,ed3f42272d3caeadbd8f27cabcc8917c20bebc6d,2018-02-09T16:49:57+02:00,aiohttp/client_ws.py,262,13,0,0
aiohttp,ed3f42272d3caeadbd8f27cabcc8917c20bebc6d,2018-02-09T16:49:57+02:00,tests/test_pytest_plugin.py,267,0,0,56
aiohttp,ed3f42272d3caeadbd8f27cabcc8917c20bebc6d,2018-02-09T16:49:57+02:00,aiohttp/streams.py,574,4,0,0
aiohttp,ed3f42272d3caeadbd8f27cabcc8917c20bebc6d,2018-02-09T16:49:57+02:00,aiohttp/http_websocket.py,621,2,0,0
aiohttp,ed3f42272d3caeadbd8f27cabcc8917c20bebc6d,2018-02-09T16:49:57+02:00,aiohttp/http_parser.py,674,2,0,0
aiohttp,ed3f42272d3caeadbd8f27cabcc8917c20bebc6d,2018-02-09T16:49:57+02:00,tests/test_web_middleware.py,365,0,0,36
aiohttp,ed3f42272d3caeadbd8f27cabcc8917c20bebc6d,2018-02-09T16:49:57+02:00,aiohttp/connector.py,964,2,0,0
aiohttp,ed3f42272d3caeadbd8f27cabcc8917c20bebc6d,2018-02-09T16:49:57+02:00,tests/test_client_functional.py,2529,0,0,780
aiohttp,ed3f42272d3caeadbd8f27cabcc8917c20bebc6d,2018-02-09T16:49:57+02:00,aiohttp/__init__.py,40,0,0,10
aiohttp,ed3f42272d3caeadbd8f27cabcc8917c20bebc6d,2018-02-09T16:49:57+02:00,examples/web_ws.py,61,0,0,24
aiohttp,ed3f42272d3caeadbd8f27cabcc8917c20bebc6d,2018-02-09T16:49:57+02:00,aiohttp/tcp_helpers.py,61,2,0,0
aiohttp,ed3f42272d3caeadbd8f27cabcc8917c20bebc6d,2018-02-09T16:49:57+02:00,tests/test_test_utils.py,291,0,0,12
aiohttp,ed3f42272d3caeadbd8f27cabcc8917c20bebc6d,2018-02-09T16:49:57+02:00,tests/test_tcp_helpers.py,145,0,0,80
aiohttp,ed3f42272d3caeadbd8f27cabcc8917c20bebc6d,2018-02-09T16:49:57+02:00,docs/conf.py,336,0,0,2
aiohttp,ed3f42272d3caeadbd8f27cabcc8917c20bebc6d,2018-02-09T16:49:57+02:00,examples/web_classview1.py,61,0,0,17
aiohttp,ed3f42272d3caeadbd8f27cabcc8917c20bebc6d,2018-02-09T16:49:57+02:00,tests/test_client_ws_functional.py,781,0,0,116
aiohttp,ed3f42272d3caeadbd8f27cabcc8917c20bebc6d,2018-02-09T16:49:57+02:00,tests/test_client_session.py,580,0,0,75
aiohttp,ed3f42272d3caeadbd8f27cabcc8917c20bebc6d,2018-02-09T16:49:57+02:00,demos/polls/aiohttpdemo_polls/views.py,63,2,0,0
aiohttp,ed3f42272d3caeadbd8f27cabcc8917c20bebc6d,2018-02-09T16:49:57+02:00,tests/test_web_functional.py,1710,0,0,510
aiohttp,ed3f42272d3caeadbd8f27cabcc8917c20bebc6d,2018-02-09T16:49:57+02:00,examples/web_srv.py,59,0,0,20
aiohttp,ed3f42272d3caeadbd8f27cabcc8917c20bebc6d,2018-02-09T16:49:57+02:00,tests/test_worker.py,287,0,0,13
aiohttp,ed3f42272d3caeadbd8f27cabcc8917c20bebc6d,2018-02-09T16:49:57+02:00,tests/test_streams.py,1173,0,0,890
aiohttp,72da093a95d1dd2dd90876d01deecc0b2d0bd1a6,2018-02-25T10:33:40+03:00,demos/chat/setup.py,32,1,0,0
aiohttp,72da093a95d1dd2dd90876d01deecc0b2d0bd1a6,2018-02-25T10:33:40+03:00,tests/autobahn/server.py,59,0,0,4
aiohttp,72da093a95d1dd2dd90876d01deecc0b2d0bd1a6,2018-02-25T10:33:40+03:00,aiohttp/web_fileresponse.py,235,0,0,6
aiohttp,72da093a95d1dd2dd90876d01deecc0b2d0bd1a6,2018-02-25T10:33:40+03:00,aiohttp/test_utils.py,546,0,0,15
aiohttp,72da093a95d1dd2dd90876d01deecc0b2d0bd1a6,2018-02-25T10:33:40+03:00,tests/test_proxy.py,546,0,0,167
aiohttp,72da093a95d1dd2dd90876d01deecc0b2d0bd1a6,2018-02-25T10:33:40+03:00,aiohttp/pytest_plugin.py,328,4,0,2
aiohttp,72da093a95d1dd2dd90876d01deecc0b2d0bd1a6,2018-02-25T10:33:40+03:00,setup.py,135,0,0,10
aiohttp,72da093a95d1dd2dd90876d01deecc0b2d0bd1a6,2018-02-25T10:33:40+03:00,tests/test_web_urldispatcher.py,484,0,0,2
aiohttp,72da093a95d1dd2dd90876d01deecc0b2d0bd1a6,2018-02-25T10:33:40+03:00,demos/polls/setup.py,37,1,0,0
aiohttp,72da093a95d1dd2dd90876d01deecc0b2d0bd1a6,2018-02-25T10:33:40+03:00,aiohttp/web.py,181,0,0,3
aiohttp,72da093a95d1dd2dd90876d01deecc0b2d0bd1a6,2018-02-25T10:33:40+03:00,tests/test_web_response.py,1127,0,0,74
aiohttp,72da093a95d1dd2dd90876d01deecc0b2d0bd1a6,2018-02-25T10:33:40+03:00,examples/web_srv_route_deco.py,61,0,0,4
aiohttp,72da093a95d1dd2dd90876d01deecc0b2d0bd1a6,2018-02-25T10:33:40+03:00,aiohttp/client_exceptions.py,217,0,0,34
aiohttp,72da093a95d1dd2dd90876d01deecc0b2d0bd1a6,2018-02-25T10:33:40+03:00,aiohttp/web_ws.py,412,15,0,0
aiohttp,72da093a95d1dd2dd90876d01deecc0b2d0bd1a6,2018-02-25T10:33:40+03:00,tests/test_client_exceptions.py,20,0,0,37
aiohttp,72da093a95d1dd2dd90876d01deecc0b2d0bd1a6,2018-02-25T10:33:40+03:00,aiohttp/web_request.py,647,1,0,6
aiohttp,72da093a95d1dd2dd90876d01deecc0b2d0bd1a6,2018-02-25T10:33:40+03:00,aiohttp/web_urldispatcher.py,1042,0,0,3
aiohttp,72da093a95d1dd2dd90876d01deecc0b2d0bd1a6,2018-02-25T10:33:40+03:00,examples/web_srv_route_table.py,60,0,0,4
aiohttp,72da093a95d1dd2dd90876d01deecc0b2d0bd1a6,2018-02-25T10:33:40+03:00,aiohttp/streams.py,574,4,0,0
aiohttp,72da093a95d1dd2dd90876d01deecc0b2d0bd1a6,2018-02-25T10:33:40+03:00,aiohttp/multipart.py,878,0,0,14
aiohttp,72da093a95d1dd2dd90876d01deecc0b2d0bd1a6,2018-02-25T10:33:40+03:00,tests/test_web_protocol.py,799,0,0,20
aiohttp,72da093a95d1dd2dd90876d01deecc0b2d0bd1a6,2018-02-25T10:33:40+03:00,aiohttp/connector.py,964,2,0,4
aiohttp,72da093a95d1dd2dd90876d01deecc0b2d0bd1a6,2018-02-25T10:33:40+03:00,tests/test_web_exceptions.py,174,0,0,4
aiohttp,72da093a95d1dd2dd90876d01deecc0b2d0bd1a6,2018-02-25T10:33:40+03:00,aiohttp/client.py,892,0,0,14
aiohttp,72da093a95d1dd2dd90876d01deecc0b2d0bd1a6,2018-02-25T10:33:40+03:00,demos/chat/aiohttpdemo_chat/views.py,51,0,0,4
aiohttp,72da093a95d1dd2dd90876d01deecc0b2d0bd1a6,2018-02-25T10:33:40+03:00,tests/test_web_websocket.py,494,0,0,16
aiohttp,72da093a95d1dd2dd90876d01deecc0b2d0bd1a6,2018-02-25T10:33:40+03:00,tests/test_client_session.py,589,0,0,29
aiohttp,72da093a95d1dd2dd90876d01deecc0b2d0bd1a6,2018-02-25T10:33:40+03:00,aiohttp/tracing.py,298,0,0,41
aiohttp,72da093a95d1dd2dd90876d01deecc0b2d0bd1a6,2018-02-25T10:33:40+03:00,demos/polls/aiohttpdemo_polls/views.py,63,2,0,0
aiohttp,72da093a95d1dd2dd90876d01deecc0b2d0bd1a6,2018-02-25T10:33:40+03:00,tests/test_web_functional.py,1710,0,0,25
aiohttp,72da093a95d1dd2dd90876d01deecc0b2d0bd1a6,2018-02-25T10:33:40+03:00,examples/web_srv.py,57,0,0,4
aiohttp,72da093a95d1dd2dd90876d01deecc0b2d0bd1a6,2018-02-25T10:33:40+03:00,tests/test_client_response.py,615,0,0,601
aiohttp,72da093a95d1dd2dd90876d01deecc0b2d0bd1a6,2018-02-25T10:33:40+03:00,aiohttp/resolver.py,111,2,0,0
aiohttp,72da093a95d1dd2dd90876d01deecc0b2d0bd1a6,2018-02-25T10:33:40+03:00,tests/test_client_request.py,1117,0,0,127
aiohttp,72da093a95d1dd2dd90876d01deecc0b2d0bd1a6,2018-02-25T10:33:40+03:00,aiohttp/client_proto.py,186,2,0,0
aiohttp,72da093a95d1dd2dd90876d01deecc0b2d0bd1a6,2018-02-25T10:33:40+03:00,tests/test_http_writer.py,182,0,0,64
aiohttp,72da093a95d1dd2dd90876d01deecc0b2d0bd1a6,2018-02-25T10:33:40+03:00,aiohttp/web_response.py,634,1,0,32
aiohttp,72da093a95d1dd2dd90876d01deecc0b2d0bd1a6,2018-02-25T10:33:40+03:00,aiohttp/payload.py,289,4,0,0
aiohttp,72da093a95d1dd2dd90876d01deecc0b2d0bd1a6,2018-02-25T10:33:40+03:00,tests/test_loop.py,32,0,0,9
aiohttp,72da093a95d1dd2dd90876d01deecc0b2d0bd1a6,2018-02-25T10:33:40+03:00,aiohttp/web_protocol.py,508,2,0,21
aiohttp,72da093a95d1dd2dd90876d01deecc0b2d0bd1a6,2018-02-25T10:33:40+03:00,aiohttp/client_reqrep.py,868,5,0,105
aiohttp,72da093a95d1dd2dd90876d01deecc0b2d0bd1a6,2018-02-25T10:33:40+03:00,aiohttp/helpers.py,729,0,0,2
aiohttp,72da093a95d1dd2dd90876d01deecc0b2d0bd1a6,2018-02-25T10:33:40+03:00,tests/test_run_app.py,518,0,0,22
aiohttp,72da093a95d1dd2dd90876d01deecc0b2d0bd1a6,2018-02-25T10:33:40+03:00,examples/web_rewrite_headers_middleware.py,33,0,0,23
aiohttp,72da093a95d1dd2dd90876d01deecc0b2d0bd1a6,2018-02-25T10:33:40+03:00,aiohttp/worker.py,223,2,1,2
aiohttp,72da093a95d1dd2dd90876d01deecc0b2d0bd1a6,2018-02-25T10:33:40+03:00,aiohttp/http_writer.py,139,0,0,22
aiohttp,72da093a95d1dd2dd90876d01deecc0b2d0bd1a6,2018-02-25T10:33:40+03:00,aiohttp/web_app.py,326,0,0,3
aiohttp,72da093a95d1dd2dd90876d01deecc0b2d0bd1a6,2018-02-25T10:33:40+03:00,tests/test_web_runner.py,93,0,0,5
aiohttp,72da093a95d1dd2dd90876d01deecc0b2d0bd1a6,2018-02-25T10:33:40+03:00,demos/polls/aiohttpdemo_polls/middlewares.py,42,0,0,31
aiohttp,72da093a95d1dd2dd90876d01deecc0b2d0bd1a6,2018-02-25T10:33:40+03:00,aiohttp/client_ws.py,262,13,0,0
aiohttp,72da093a95d1dd2dd90876d01deecc0b2d0bd1a6,2018-02-25T10:33:40+03:00,aiohttp/web_runner.py,270,0,0,9
aiohttp,72da093a95d1dd2dd90876d01deecc0b2d0bd1a6,2018-02-25T10:33:40+03:00,aiohttp/http_websocket.py,621,2,0,0
aiohttp,72da093a95d1dd2dd90876d01deecc0b2d0bd1a6,2018-02-25T10:33:40+03:00,aiohttp/http_parser.py,674,2,0,0
aiohttp,72da093a95d1dd2dd90876d01deecc0b2d0bd1a6,2018-02-25T10:33:40+03:00,tests/test_client_proto.py,90,0,0,12
aiohttp,72da093a95d1dd2dd90876d01deecc0b2d0bd1a6,2018-02-25T10:33:40+03:00,aiohttp/__init__.py,40,0,0,10
aiohttp,72da093a95d1dd2dd90876d01deecc0b2d0bd1a6,2018-02-25T10:33:40+03:00,aiohttp/tcp_helpers.py,61,2,0,0
aiohttp,72da093a95d1dd2dd90876d01deecc0b2d0bd1a6,2018-02-25T10:33:40+03:00,tests/test_web_request.py,561,0,0,52
aiohttp,72da093a95d1dd2dd90876d01deecc0b2d0bd1a6,2018-02-25T10:33:40+03:00,tests/test_worker.py,287,0,0,19
aiohttp,72da093a95d1dd2dd90876d01deecc0b2d0bd1a6,2018-02-25T10:33:40+03:00,tests/test_tracing.py,146,0,0,16
aiohttp,72da093a95d1dd2dd90876d01deecc0b2d0bd1a6,2018-02-25T10:33:40+03:00,tests/test_streams.py,1135,0,0,2
aiohttp,8da3ce6ab05bce2fa3536eb1517fe24e7530d004,2018-05-07T10:08:21+03:00,aiohttp/base_protocol.py,0,0,0,64
aiohttp,8da3ce6ab05bce2fa3536eb1517fe24e7530d004,2018-05-07T10:08:21+03:00,aiohttp/test_utils.py,548,0,0,6
aiohttp,8da3ce6ab05bce2fa3536eb1517fe24e7530d004,2018-05-07T10:08:21+03:00,tests/test_proxy.py,541,0,0,51
aiohttp,8da3ce6ab05bce2fa3536eb1517fe24e7530d004,2018-05-07T10:08:21+03:00,aiohttp/resolver.py,111,2,0,0
aiohttp,8da3ce6ab05bce2fa3536eb1517fe24e7530d004,2018-05-07T10:08:21+03:00,aiohttp/pytest_plugin.py,328,4,0,0
aiohttp,8da3ce6ab05bce2fa3536eb1517fe24e7530d004,2018-05-07T10:08:21+03:00,tests/test_client_request.py,1262,0,0,5
aiohttp,8da3ce6ab05bce2fa3536eb1517fe24e7530d004,2018-05-07T10:08:21+03:00,tests/test_helpers.py,623,0,0,20
aiohttp,8da3ce6ab05bce2fa3536eb1517fe24e7530d004,2018-05-07T10:08:21+03:00,setup.py,142,0,0,36
aiohttp,8da3ce6ab05bce2fa3536eb1517fe24e7530d004,2018-05-07T10:08:21+03:00,aiohttp/client_proto.py,186,2,0,67
aiohttp,8da3ce6ab05bce2fa3536eb1517fe24e7530d004,2018-05-07T10:08:21+03:00,tests/test_http_writer.py,206,0,0,3
aiohttp,8da3ce6ab05bce2fa3536eb1517fe24e7530d004,2018-05-07T10:08:21+03:00,tests/test_connector.py,2195,0,0,248
aiohttp,8da3ce6ab05bce2fa3536eb1517fe24e7530d004,2018-05-07T10:08:21+03:00,tools/fix_changelog.py,41,1,0,0
aiohttp,8da3ce6ab05bce2fa3536eb1517fe24e7530d004,2018-05-07T10:08:21+03:00,aiohttp/payload.py,340,6,0,0
aiohttp,8da3ce6ab05bce2fa3536eb1517fe24e7530d004,2018-05-07T10:08:21+03:00,aiohttp/client_exceptions.py,249,0,0,4
aiohttp,8da3ce6ab05bce2fa3536eb1517fe24e7530d004,2018-05-07T10:08:21+03:00,aiohttp/web_protocol.py,519,2,0,9
aiohttp,8da3ce6ab05bce2fa3536eb1517fe24e7530d004,2018-05-07T10:08:21+03:00,aiohttp/client_reqrep.py,929,5,0,110
aiohttp,8da3ce6ab05bce2fa3536eb1517fe24e7530d004,2018-05-07T10:08:21+03:00,aiohttp/helpers.py,787,0,0,16
aiohttp,8da3ce6ab05bce2fa3536eb1517fe24e7530d004,2018-05-07T10:08:21+03:00,aiohttp/web_ws.py,419,17,0,0
aiohttp,8da3ce6ab05bce2fa3536eb1517fe24e7530d004,2018-05-07T10:08:21+03:00,aiohttp/web_request.py,680,0,0,46
aiohttp,8da3ce6ab05bce2fa3536eb1517fe24e7530d004,2018-05-07T10:08:21+03:00,aiohttp/worker.py,225,2,1,0
aiohttp,8da3ce6ab05bce2fa3536eb1517fe24e7530d004,2018-05-07T10:08:21+03:00,aiohttp/http_writer.py,159,0,0,3
aiohttp,8da3ce6ab05bce2fa3536eb1517fe24e7530d004,2018-05-07T10:08:21+03:00,tools/check_changes.py,49,1,0,0
aiohttp,8da3ce6ab05bce2fa3536eb1517fe24e7530d004,2018-05-07T10:08:21+03:00,aiohttp/client_ws.py,270,15,0,0
aiohttp,8da3ce6ab05bce2fa3536eb1517fe24e7530d004,2018-05-07T10:08:21+03:00,aiohttp/streams.py,574,4,0,0
aiohttp,8da3ce6ab05bce2fa3536eb1517fe24e7530d004,2018-05-07T10:08:21+03:00,aiohttp/http_websocket.py,619,2,0,0
aiohttp,8da3ce6ab05bce2fa3536eb1517fe24e7530d004,2018-05-07T10:08:21+03:00,aiohttp/http_parser.py,684,2,0,11
aiohttp,8da3ce6ab05bce2fa3536eb1517fe24e7530d004,2018-05-07T10:08:21+03:00,tests/test_client_proto.py,98,0,0,38
aiohttp,8da3ce6ab05bce2fa3536eb1517fe24e7530d004,2018-05-07T10:08:21+03:00,aiohttp/connector.py,991,2,0,79
aiohttp,8da3ce6ab05bce2fa3536eb1517fe24e7530d004,2018-05-07T10:08:21+03:00,tests/test_client_functional.py,2551,0,0,64
aiohttp,8da3ce6ab05bce2fa3536eb1517fe24e7530d004,2018-05-07T10:08:21+03:00,aiohttp/__init__.py,40,0,0,2
aiohttp,8da3ce6ab05bce2fa3536eb1517fe24e7530d004,2018-05-07T10:08:21+03:00,aiohttp/tcp_helpers.py,61,2,0,0
aiohttp,8da3ce6ab05bce2fa3536eb1517fe24e7530d004,2018-05-07T10:08:21+03:00,tests/test_test_utils.py,312,0,0,4
aiohttp,8da3ce6ab05bce2fa3536eb1517fe24e7530d004,2018-05-07T10:08:21+03:00,tests/test_base_protocol.py,0,0,0,175
aiohttp,8da3ce6ab05bce2fa3536eb1517fe24e7530d004,2018-05-07T10:08:21+03:00,docs/conf.py,340,0,0,4
aiohttp,8da3ce6ab05bce2fa3536eb1517fe24e7530d004,2018-05-07T10:08:21+03:00,aiohttp/client.py,897,0,0,90
aiohttp,8da3ce6ab05bce2fa3536eb1517fe24e7530d004,2018-05-07T10:08:21+03:00,tests/test_client_session.py,648,0,0,8
aiohttp,8da3ce6ab05bce2fa3536eb1517fe24e7530d004,2018-05-07T10:08:21+03:00,tests/test_web_functional.py,1824,0,0,16
aiohttp,8da3ce6ab05bce2fa3536eb1517fe24e7530d004,2018-05-07T10:08:21+03:00,tests/test_web_request.py,616,0,0,22
aiohttp,8da3ce6ab05bce2fa3536eb1517fe24e7530d004,2018-05-07T10:08:21+03:00,tests/test_client_response.py,1192,0,0,132
aiohttp,fdf3806c983bc36f862315604f5543bff5819d8a,2018-06-05T15:48:30+03:00,aiohttp/web_middlewares.py,89,0,0,2
aiohttp,fdf3806c983bc36f862315604f5543bff5819d8a,2018-06-05T15:48:30+03:00,aiohttp/test_utils.py,554,0,0,2
aiohttp,fdf3806c983bc36f862315604f5543bff5819d8a,2018-06-05T15:48:30+03:00,aiohttp/resolver.py,111,2,0,0
aiohttp,fdf3806c983bc36f862315604f5543bff5819d8a,2018-06-05T15:48:30+03:00,tests/test_route_def.py,291,0,0,13
aiohttp,fdf3806c983bc36f862315604f5543bff5819d8a,2018-06-05T15:48:30+03:00,aiohttp/pytest_plugin.py,330,4,0,0
aiohttp,fdf3806c983bc36f862315604f5543bff5819d8a,2018-06-05T15:48:30+03:00,tests/test_web_sendfile_functional.py,754,0,0,2
aiohttp,fdf3806c983bc36f862315604f5543bff5819d8a,2018-06-05T15:48:30+03:00,tests/conftest.py,17,0,0,7
aiohttp,fdf3806c983bc36f862315604f5543bff5819d8a,2018-06-05T15:48:30+03:00,tests/test_helpers.py,633,0,0,65
aiohttp,fdf3806c983bc36f862315604f5543bff5819d8a,2018-06-05T15:48:30+03:00,setup.py,150,0,0,2
aiohttp,fdf3806c983bc36f862315604f5543bff5819d8a,2018-06-05T15:48:30+03:00,aiohttp/client_proto.py,223,2,0,26
aiohttp,fdf3806c983bc36f862315604f5543bff5819d8a,2018-06-05T15:48:30+03:00,aiohttp/typedefs.py,0,0,0,18
aiohttp,fdf3806c983bc36f862315604f5543bff5819d8a,2018-06-05T15:48:30+03:00,tools/fix_changelog.py,41,1,0,0
aiohttp,fdf3806c983bc36f862315604f5543bff5819d8a,2018-06-05T15:48:30+03:00,aiohttp/web_response.py,634,0,0,4
aiohttp,fdf3806c983bc36f862315604f5543bff5819d8a,2018-06-05T15:48:30+03:00,aiohttp/payload.py,347,6,0,0
aiohttp,fdf3806c983bc36f862315604f5543bff5819d8a,2018-06-05T15:48:30+03:00,aiohttp/client_exceptions.py,249,0,0,14
aiohttp,fdf3806c983bc36f862315604f5543bff5819d8a,2018-06-05T15:48:30+03:00,aiohttp/web_protocol.py,512,2,0,23
aiohttp,fdf3806c983bc36f862315604f5543bff5819d8a,2018-06-05T15:48:30+03:00,aiohttp/client_reqrep.py,945,5,0,81
aiohttp,fdf3806c983bc36f862315604f5543bff5819d8a,2018-06-05T15:48:30+03:00,aiohttp/helpers.py,793,0,0,51
aiohttp,fdf3806c983bc36f862315604f5543bff5819d8a,2018-06-05T15:48:30+03:00,aiohttp/web_ws.py,420,17,0,0
aiohttp,fdf3806c983bc36f862315604f5543bff5819d8a,2018-06-05T15:48:30+03:00,tests/test_run_app.py,540,0,0,8
aiohttp,fdf3806c983bc36f862315604f5543bff5819d8a,2018-06-05T15:48:30+03:00,aiohttp/web_request.py,686,0,0,149
aiohttp,fdf3806c983bc36f862315604f5543bff5819d8a,2018-06-05T15:48:30+03:00,aiohttp/web_urldispatcher.py,960,0,0,6
aiohttp,fdf3806c983bc36f862315604f5543bff5819d8a,2018-06-05T15:48:30+03:00,tests/test_http_parser.py,872,0,0,4
aiohttp,fdf3806c983bc36f862315604f5543bff5819d8a,2018-06-05T15:48:30+03:00,aiohttp/worker.py,225,2,1,2
aiohttp,fdf3806c983bc36f862315604f5543bff5819d8a,2018-06-05T15:48:30+03:00,aiohttp/http_writer.py,158,0,0,37
aiohttp,fdf3806c983bc36f862315604f5543bff5819d8a,2018-06-05T15:48:30+03:00,aiohttp/frozenlist.py,73,0,0,19
aiohttp,fdf3806c983bc36f862315604f5543bff5819d8a,2018-06-05T15:48:30+03:00,tools/check_changes.py,49,1,0,0
aiohttp,fdf3806c983bc36f862315604f5543bff5819d8a,2018-06-05T15:48:30+03:00,aiohttp/client_ws.py,270,15,0,46
aiohttp,fdf3806c983bc36f862315604f5543bff5819d8a,2018-06-05T15:48:30+03:00,tests/test_pytest_plugin.py,267,0,0,13
aiohttp,fdf3806c983bc36f862315604f5543bff5819d8a,2018-06-05T15:48:30+03:00,aiohttp/streams.py,574,4,0,116
aiohttp,fdf3806c983bc36f862315604f5543bff5819d8a,2018-06-05T15:48:30+03:00,aiohttp/http_websocket.py,640,4,0,2
aiohttp,fdf3806c983bc36f862315604f5543bff5819d8a,2018-06-05T15:48:30+03:00,aiohttp/http_parser.py,685,2,0,15
aiohttp,fdf3806c983bc36f862315604f5543bff5819d8a,2018-06-05T15:48:30+03:00,tests/test_web_middleware.py,365,0,0,10
aiohttp,fdf3806c983bc36f862315604f5543bff5819d8a,2018-06-05T15:48:30+03:00,tests/test_web_protocol.py,836,0,0,1
aiohttp,fdf3806c983bc36f862315604f5543bff5819d8a,2018-06-05T15:48:30+03:00,aiohttp/connector.py,994,2,0,16
aiohttp,fdf3806c983bc36f862315604f5543bff5819d8a,2018-06-05T15:48:30+03:00,tests/test_client_functional.py,2615,0,0,67
aiohttp,fdf3806c983bc36f862315604f5543bff5819d8a,2018-06-05T15:48:30+03:00,aiohttp/__init__.py,40,0,0,11
aiohttp,fdf3806c983bc36f862315604f5543bff5819d8a,2018-06-05T15:48:30+03:00,aiohttp/tcp_helpers.py,61,2,0,15
aiohttp,fdf3806c983bc36f862315604f5543bff5819d8a,2018-06-05T15:48:30+03:00,tests/test_frozenlist.py,228,0,0,2
aiohttp,fdf3806c983bc36f862315604f5543bff5819d8a,2018-06-05T15:48:30+03:00,aiohttp/client.py,956,0,0,71
aiohttp,fdf3806c983bc36f862315604f5543bff5819d8a,2018-06-05T15:48:30+03:00,aiohttp/web_exceptions.py,365,0,0,2
aiohttp,fdf3806c983bc36f862315604f5543bff5819d8a,2018-06-05T15:48:30+03:00,tests/test_web_functional.py,1852,0,0,2
aiohttp,fdf3806c983bc36f862315604f5543bff5819d8a,2018-06-05T15:48:30+03:00,aiohttp/web_routedef.py,147,0,0,6
aiohttp,fdf3806c983bc36f862315604f5543bff5819d8a,2018-06-05T15:48:30+03:00,tests/test_worker.py,304,0,0,4
aiohttp,319d07f898905ff0a77e9bfba734d0d3a9b081a9,2018-06-19T17:30:51+03:00,aiohttp/base_protocol.py,64,0,0,3
aiohttp,319d07f898905ff0a77e9bfba734d0d3a9b081a9,2018-06-19T17:30:51+03:00,tools/check_changes.py,49,1,0,0
aiohttp,319d07f898905ff0a77e9bfba734d0d3a9b081a9,2018-06-19T17:30:51+03:00,aiohttp/client_ws.py,278,15,0,0
aiohttp,319d07f898905ff0a77e9bfba734d0d3a9b081a9,2018-06-19T17:30:51+03:00,aiohttp/resolver.py,111,2,0,0
aiohttp,319d07f898905ff0a77e9bfba734d0d3a9b081a9,2018-06-19T17:30:51+03:00,aiohttp/pytest_plugin.py,330,4,0,0
aiohttp,319d07f898905ff0a77e9bfba734d0d3a9b081a9,2018-06-19T17:30:51+03:00,aiohttp/streams.py,578,4,0,0
aiohttp,319d07f898905ff0a77e9bfba734d0d3a9b081a9,2018-06-19T17:30:51+03:00,tools/gen.py,0,0,0,157
aiohttp,319d07f898905ff0a77e9bfba734d0d3a9b081a9,2018-06-19T17:30:51+03:00,aiohttp/multipart.py,876,0,0,7
aiohttp,319d07f898905ff0a77e9bfba734d0d3a9b081a9,2018-06-19T17:30:51+03:00,setup.py,150,0,0,5
aiohttp,319d07f898905ff0a77e9bfba734d0d3a9b081a9,2018-06-19T17:30:51+03:00,aiohttp/client_proto.py,233,2,0,0
aiohttp,319d07f898905ff0a77e9bfba734d0d3a9b081a9,2018-06-19T17:30:51+03:00,aiohttp/http_websocket.py,640,4,0,0
aiohttp,319d07f898905ff0a77e9bfba734d0d3a9b081a9,2018-06-19T17:30:51+03:00,aiohttp/http_parser.py,686,2,0,15
aiohttp,319d07f898905ff0a77e9bfba734d0d3a9b081a9,2018-06-19T17:30:51+03:00,tests/test_multipart.py,1061,0,0,34
aiohttp,319d07f898905ff0a77e9bfba734d0d3a9b081a9,2018-06-19T17:30:51+03:00,tests/test_web_response.py,1131,0,0,8
aiohttp,319d07f898905ff0a77e9bfba734d0d3a9b081a9,2018-06-19T17:30:51+03:00,tools/fix_changelog.py,41,1,0,0
aiohttp,319d07f898905ff0a77e9bfba734d0d3a9b081a9,2018-06-19T17:30:51+03:00,aiohttp/connector.py,999,2,0,0
aiohttp,319d07f898905ff0a77e9bfba734d0d3a9b081a9,2018-06-19T17:30:51+03:00,aiohttp/web_response.py,634,0,0,3
aiohttp,319d07f898905ff0a77e9bfba734d0d3a9b081a9,2018-06-19T17:30:51+03:00,aiohttp/payload.py,347,6,0,0
aiohttp,319d07f898905ff0a77e9bfba734d0d3a9b081a9,2018-06-19T17:30:51+03:00,tests/test_web_exceptions.py,174,0,0,12
aiohttp,319d07f898905ff0a77e9bfba734d0d3a9b081a9,2018-06-19T17:30:51+03:00,aiohttp/tcp_helpers.py,64,2,0,0
aiohttp,319d07f898905ff0a77e9bfba734d0d3a9b081a9,2018-06-19T17:30:51+03:00,aiohttp/client_reqrep.py,956,5,0,0
aiohttp,319d07f898905ff0a77e9bfba734d0d3a9b081a9,2018-06-19T17:30:51+03:00,aiohttp/web_protocol.py,515,2,0,15
aiohttp,319d07f898905ff0a77e9bfba734d0d3a9b081a9,2018-06-19T17:30:51+03:00,aiohttp/web_ws.py,420,17,0,0
aiohttp,319d07f898905ff0a77e9bfba734d0d3a9b081a9,2018-06-19T17:30:51+03:00,aiohttp/web_request.py,709,0,0,2
aiohttp,319d07f898905ff0a77e9bfba734d0d3a9b081a9,2018-06-19T17:30:51+03:00,aiohttp/web_exceptions.py,373,0,0,5
aiohttp,319d07f898905ff0a77e9bfba734d0d3a9b081a9,2018-06-19T17:30:51+03:00,aiohttp/web_urldispatcher.py,966,0,0,6
aiohttp,319d07f898905ff0a77e9bfba734d0d3a9b081a9,2018-06-19T17:30:51+03:00,tests/test_http_parser.py,872,0,0,115
aiohttp,319d07f898905ff0a77e9bfba734d0d3a9b081a9,2018-06-19T17:30:51+03:00,tests/test_web_functional.py,1901,0,0,50
aiohttp,319d07f898905ff0a77e9bfba734d0d3a9b081a9,2018-06-19T17:30:51+03:00,aiohttp/hdrs.py,97,0,0,156
aiohttp,319d07f898905ff0a77e9bfba734d0d3a9b081a9,2018-06-19T17:30:51+03:00,aiohttp/worker.py,225,2,1,0
aiohttp,29e86ecb2bad1000de7407ac0a356293bb18525d,2018-08-25T16:15:38+02:00,tools/check_changes.py,49,1,0,0
aiohttp,29e86ecb2bad1000de7407ac0a356293bb18525d,2018-08-25T16:15:38+02:00,aiohttp/client_ws.py,278,15,0,0
aiohttp,29e86ecb2bad1000de7407ac0a356293bb18525d,2018-08-25T16:15:38+02:00,aiohttp/resolver.py,111,2,0,0
aiohttp,29e86ecb2bad1000de7407ac0a356293bb18525d,2018-08-25T16:15:38+02:00,aiohttp/pytest_plugin.py,330,4,0,0
aiohttp,29e86ecb2bad1000de7407ac0a356293bb18525d,2018-08-25T16:15:38+02:00,aiohttp/streams.py,578,4,0,30
aiohttp,29e86ecb2bad1000de7407ac0a356293bb18525d,2018-08-25T16:15:38+02:00,tests/test_helpers.py,663,0,0,36
aiohttp,29e86ecb2bad1000de7407ac0a356293bb18525d,2018-08-25T16:15:38+02:00,setup.py,165,0,0,2
aiohttp,29e86ecb2bad1000de7407ac0a356293bb18525d,2018-08-25T16:15:38+02:00,aiohttp/client_proto.py,233,2,0,0
aiohttp,29e86ecb2bad1000de7407ac0a356293bb18525d,2018-08-25T16:15:38+02:00,aiohttp/http_websocket.py,640,4,0,0
aiohttp,29e86ecb2bad1000de7407ac0a356293bb18525d,2018-08-25T16:15:38+02:00,aiohttp/http_parser.py,693,2,0,1
aiohttp,29e86ecb2bad1000de7407ac0a356293bb18525d,2018-08-25T16:15:38+02:00,tools/fix_changelog.py,41,1,0,0
aiohttp,29e86ecb2bad1000de7407ac0a356293bb18525d,2018-08-25T16:15:38+02:00,aiohttp/connector.py,999,2,0,0
aiohttp,29e86ecb2bad1000de7407ac0a356293bb18525d,2018-08-25T16:15:38+02:00,tests/test_client_functional.py,2661,0,0,20
aiohttp,29e86ecb2bad1000de7407ac0a356293bb18525d,2018-08-25T16:15:38+02:00,aiohttp/payload.py,347,6,0,0
aiohttp,29e86ecb2bad1000de7407ac0a356293bb18525d,2018-08-25T16:15:38+02:00,aiohttp/web_response.py,637,0,0,26
aiohttp,29e86ecb2bad1000de7407ac0a356293bb18525d,2018-08-25T16:15:38+02:00,tests/test_web_app.py,457,0,0,160
aiohttp,29e86ecb2bad1000de7407ac0a356293bb18525d,2018-08-25T16:15:38+02:00,aiohttp/__init__.py,41,0,0,10
aiohttp,29e86ecb2bad1000de7407ac0a356293bb18525d,2018-08-25T16:15:38+02:00,aiohttp/tcp_helpers.py,64,2,0,0
aiohttp,29e86ecb2bad1000de7407ac0a356293bb18525d,2018-08-25T16:15:38+02:00,aiohttp/client_reqrep.py,956,5,0,0
aiohttp,29e86ecb2bad1000de7407ac0a356293bb18525d,2018-08-25T16:15:38+02:00,aiohttp/web_protocol.py,524,2,0,0
aiohttp,29e86ecb2bad1000de7407ac0a356293bb18525d,2018-08-25T16:15:38+02:00,aiohttp/web_ws.py,420,17,0,0
aiohttp,29e86ecb2bad1000de7407ac0a356293bb18525d,2018-08-25T16:15:38+02:00,aiohttp/helpers.py,789,0,0,27
aiohttp,29e86ecb2bad1000de7407ac0a356293bb18525d,2018-08-25T16:15:38+02:00,aiohttp/client.py,968,0,0,5
aiohttp,29e86ecb2bad1000de7407ac0a356293bb18525d,2018-08-25T16:15:38+02:00,aiohttp/web_request.py,712,0,0,22
aiohttp,29e86ecb2bad1000de7407ac0a356293bb18525d,2018-08-25T16:15:38+02:00,tests/test_web_request.py,643,0,0,16
aiohttp,29e86ecb2bad1000de7407ac0a356293bb18525d,2018-08-25T16:15:38+02:00,aiohttp/worker.py,225,2,1,0
aiohttp,29e86ecb2bad1000de7407ac0a356293bb18525d,2018-08-25T16:15:38+02:00,aiohttp/web_app.py,407,0,0,108
aiohttp,f4c8232c724eacd1c9e5d9a7da2efe4052af512d,2018-10-13T02:04:42+03:00,aiohttp/base_protocol.py,85,0,0,2
aiohttp,f4c8232c724eacd1c9e5d9a7da2efe4052af512d,2018-10-13T02:04:42+03:00,aiohttp/web_middlewares.py,107,0,0,38
aiohttp,f4c8232c724eacd1c9e5d9a7da2efe4052af512d,2018-10-13T02:04:42+03:00,aiohttp/web_fileresponse.py,283,0,0,78
aiohttp,f4c8232c724eacd1c9e5d9a7da2efe4052af512d,2018-10-13T02:04:42+03:00,aiohttp/test_utils.py,564,0,0,277
aiohttp,f4c8232c724eacd1c9e5d9a7da2efe4052af512d,2018-10-13T02:04:42+03:00,aiohttp/resolver.py,117,2,0,0
aiohttp,f4c8232c724eacd1c9e5d9a7da2efe4052af512d,2018-10-13T02:04:42+03:00,aiohttp/pytest_plugin.py,331,4,0,0
aiohttp,f4c8232c724eacd1c9e5d9a7da2efe4052af512d,2018-10-13T02:04:42+03:00,tests/test_client_request.py,1283,0,0,5
aiohttp,f4c8232c724eacd1c9e5d9a7da2efe4052af512d,2018-10-13T02:04:42+03:00,tests/test_web_sendfile_functional.py,753,0,0,16
aiohttp,f4c8232c724eacd1c9e5d9a7da2efe4052af512d,2018-10-13T02:04:42+03:00,setup.py,166,0,0,7
aiohttp,f4c8232c724eacd1c9e5d9a7da2efe4052af512d,2018-10-13T02:04:42+03:00,aiohttp/client_proto.py,227,0,0,74
aiohttp,f4c8232c724eacd1c9e5d9a7da2efe4052af512d,2018-10-13T02:04:42+03:00,aiohttp/locks.py,45,0,0,4
aiohttp,f4c8232c724eacd1c9e5d9a7da2efe4052af512d,2018-10-13T02:04:42+03:00,tests/test_connector.py,2197,0,0,20
aiohttp,f4c8232c724eacd1c9e5d9a7da2efe4052af512d,2018-10-13T02:04:42+03:00,tests/test_urldispatch.py,1144,0,0,108
aiohttp,f4c8232c724eacd1c9e5d9a7da2efe4052af512d,2018-10-13T02:04:42+03:00,aiohttp/typedefs.py,37,0,0,9
aiohttp,f4c8232c724eacd1c9e5d9a7da2efe4052af512d,2018-10-13T02:04:42+03:00,tools/fix_changelog.py,41,1,0,0
aiohttp,f4c8232c724eacd1c9e5d9a7da2efe4052af512d,2018-10-13T02:04:42+03:00,aiohttp/http.py,36,0,0,13
aiohttp,f4c8232c724eacd1c9e5d9a7da2efe4052af512d,2018-10-13T02:04:42+03:00,aiohttp/web_response.py,649,0,0,289
aiohttp,f4c8232c724eacd1c9e5d9a7da2efe4052af512d,2018-10-13T02:04:42+03:00,aiohttp/payload.py,424,2,0,0
aiohttp,f4c8232c724eacd1c9e5d9a7da2efe4052af512d,2018-10-13T02:04:42+03:00,aiohttp/web.py,190,0,0,59
aiohttp,f4c8232c724eacd1c9e5d9a7da2efe4052af512d,2018-10-13T02:04:42+03:00,tests/test_web_response.py,1139,0,0,15
aiohttp,f4c8232c724eacd1c9e5d9a7da2efe4052af512d,2018-10-13T02:04:42+03:00,aiohttp/client_exceptions.py,268,0,0,21
aiohttp,f4c8232c724eacd1c9e5d9a7da2efe4052af512d,2018-10-13T02:04:42+03:00,aiohttp/web_protocol.py,514,0,0,155
aiohttp,f4c8232c724eacd1c9e5d9a7da2efe4052af512d,2018-10-13T02:04:42+03:00,aiohttp/client_reqrep.py,959,5,0,290
aiohttp,f4c8232c724eacd1c9e5d9a7da2efe4052af512d,2018-10-13T02:04:42+03:00,aiohttp/helpers.py,648,0,0,31
aiohttp,f4c8232c724eacd1c9e5d9a7da2efe4052af512d,2018-10-13T02:04:42+03:00,aiohttp/web_ws.py,420,17,0,156
aiohttp,f4c8232c724eacd1c9e5d9a7da2efe4052af512d,2018-10-13T02:04:42+03:00,aiohttp/web_request.py,714,0,0,118
aiohttp,f4c8232c724eacd1c9e5d9a7da2efe4052af512d,2018-10-13T02:04:42+03:00,aiohttp/cookiejar.py,350,0,0,10
aiohttp,f4c8232c724eacd1c9e5d9a7da2efe4052af512d,2018-10-13T02:04:42+03:00,aiohttp/abc.py,176,0,0,48
aiohttp,f4c8232c724eacd1c9e5d9a7da2efe4052af512d,2018-10-13T02:04:42+03:00,aiohttp/web_urldispatcher.py,966,0,0,551
aiohttp,f4c8232c724eacd1c9e5d9a7da2efe4052af512d,2018-10-13T02:04:42+03:00,aiohttp/worker.py,226,2,1,62
aiohttp,f4c8232c724eacd1c9e5d9a7da2efe4052af512d,2018-10-13T02:04:42+03:00,aiohttp/http_writer.py,174,0,0,7
aiohttp,f4c8232c724eacd1c9e5d9a7da2efe4052af512d,2018-10-13T02:04:42+03:00,aiohttp/web_app.py,442,0,0,335
aiohttp,f4c8232c724eacd1c9e5d9a7da2efe4052af512d,2018-10-13T02:04:42+03:00,tools/check_changes.py,49,1,0,0
aiohttp,f4c8232c724eacd1c9e5d9a7da2efe4052af512d,2018-10-13T02:04:42+03:00,tests/test_web_runner.py,113,0,0,13
aiohttp,f4c8232c724eacd1c9e5d9a7da2efe4052af512d,2018-10-13T02:04:42+03:00,aiohttp/client_ws.py,278,15,0,52
aiohttp,f4c8232c724eacd1c9e5d9a7da2efe4052af512d,2018-10-13T02:04:42+03:00,tests/test_client_connection.py,172,0,0,33
aiohttp,f4c8232c724eacd1c9e5d9a7da2efe4052af512d,2018-10-13T02:04:42+03:00,aiohttp/web_log.py,236,0,0,4
aiohttp,f4c8232c724eacd1c9e5d9a7da2efe4052af512d,2018-10-13T02:04:42+03:00,aiohttp/streams.py,594,4,0,40
aiohttp,f4c8232c724eacd1c9e5d9a7da2efe4052af512d,2018-10-13T02:04:42+03:00,aiohttp/multipart.py,878,0,0,6
aiohttp,f4c8232c724eacd1c9e5d9a7da2efe4052af512d,2018-10-13T02:04:42+03:00,aiohttp/web_runner.py,281,0,0,140
aiohttp,f4c8232c724eacd1c9e5d9a7da2efe4052af512d,2018-10-13T02:04:42+03:00,aiohttp/http_websocket.py,644,4,0,72
aiohttp,f4c8232c724eacd1c9e5d9a7da2efe4052af512d,2018-10-13T02:04:42+03:00,aiohttp/http_parser.py,700,2,0,334
aiohttp,f4c8232c724eacd1c9e5d9a7da2efe4052af512d,2018-10-13T02:04:42+03:00,aiohttp/web_server.py,44,0,0,61
aiohttp,f4c8232c724eacd1c9e5d9a7da2efe4052af512d,2018-10-13T02:04:42+03:00,aiohttp/payload_streamer.py,70,0,0,19
aiohttp,f4c8232c724eacd1c9e5d9a7da2efe4052af512d,2018-10-13T02:04:42+03:00,aiohttp/connector.py,999,2,0,301
aiohttp,f4c8232c724eacd1c9e5d9a7da2efe4052af512d,2018-10-13T02:04:42+03:00,tests/test_client_functional.py,2732,0,0,12
aiohttp,f4c8232c724eacd1c9e5d9a7da2efe4052af512d,2018-10-13T02:04:42+03:00,tests/test_web_app.py,546,0,0,74
aiohttp,f4c8232c724eacd1c9e5d9a7da2efe4052af512d,2018-10-13T02:04:42+03:00,tests/test_web_exceptions.py,186,0,0,2
aiohttp,f4c8232c724eacd1c9e5d9a7da2efe4052af512d,2018-10-13T02:04:42+03:00,aiohttp/tcp_helpers.py,64,2,0,0
aiohttp,f4c8232c724eacd1c9e5d9a7da2efe4052af512d,2018-10-13T02:04:42+03:00,aiohttp/client.py,973,0,0,403
aiohttp,f4c8232c724eacd1c9e5d9a7da2efe4052af512d,2018-10-13T02:04:42+03:00,aiohttp/web_exceptions.py,407,0,0,6
aiohttp,f4c8232c724eacd1c9e5d9a7da2efe4052af512d,2018-10-13T02:04:42+03:00,aiohttp/tracing.py,337,0,0,151
aiohttp,dd30b2af1fd0d643e02ef5023f1d8a68a75b5301,2018-12-15T23:53:56+02:00,aiohttp/web_fileresponse.py,329,0,0,48
aiohttp,dd30b2af1fd0d643e02ef5023f1d8a68a75b5301,2018-12-15T23:53:56+02:00,aiohttp/test_utils.py,641,0,0,64
aiohttp,dd30b2af1fd0d643e02ef5023f1d8a68a75b5301,2018-12-15T23:53:56+02:00,aiohttp/pytest_plugin.py,331,4,0,24
aiohttp,dd30b2af1fd0d643e02ef5023f1d8a68a75b5301,2018-12-15T23:53:56+02:00,tests/test_web_log.py,159,0,0,2
aiohttp,dd30b2af1fd0d643e02ef5023f1d8a68a75b5301,2018-12-15T23:53:56+02:00,tests/test_web_sendfile_functional.py,819,0,0,2
aiohttp,dd30b2af1fd0d643e02ef5023f1d8a68a75b5301,2018-12-15T23:53:56+02:00,tests/conftest.py,18,0,0,2
aiohttp,dd30b2af1fd0d643e02ef5023f1d8a68a75b5301,2018-12-15T23:53:56+02:00,tests/test_helpers.py,564,0,0,2
aiohttp,dd30b2af1fd0d643e02ef5023f1d8a68a75b5301,2018-12-15T23:53:56+02:00,examples/web_cookies.py,46,0,0,2
aiohttp,dd30b2af1fd0d643e02ef5023f1d8a68a75b5301,2018-12-15T23:53:56+02:00,aiohttp/locks.py,45,0,0,2
aiohttp,dd30b2af1fd0d643e02ef5023f1d8a68a75b5301,2018-12-15T23:53:56+02:00,tests/test_multipart.py,1100,0,0,18
aiohttp,dd30b2af1fd0d643e02ef5023f1d8a68a75b5301,2018-12-15T23:53:56+02:00,aiohttp/http_exceptions.py,99,0,0,2
aiohttp,dd30b2af1fd0d643e02ef5023f1d8a68a75b5301,2018-12-15T23:53:56+02:00,aiohttp/http.py,39,0,0,74
aiohttp,dd30b2af1fd0d643e02ef5023f1d8a68a75b5301,2018-12-15T23:53:56+02:00,tools/fix_changelog.py,41,1,0,0
aiohttp,dd30b2af1fd0d643e02ef5023f1d8a68a75b5301,2018-12-15T23:53:56+02:00,aiohttp/web.py,279,0,0,685
aiohttp,dd30b2af1fd0d643e02ef5023f1d8a68a75b5301,2018-12-15T23:53:56+02:00,tests/test_urldispatch.py,1240,0,0,36
aiohttp,dd30b2af1fd0d643e02ef5023f1d8a68a75b5301,2018-12-15T23:53:56+02:00,examples/web_srv_route_deco.py,61,0,0,2
aiohttp,dd30b2af1fd0d643e02ef5023f1d8a68a75b5301,2018-12-15T23:53:56+02:00,aiohttp/client_exceptions.py,269,0,0,2
aiohttp,dd30b2af1fd0d643e02ef5023f1d8a68a75b5301,2018-12-15T23:53:56+02:00,tests/test_websocket_parser.py,489,0,0,24
aiohttp,dd30b2af1fd0d643e02ef5023f1d8a68a75b5301,2018-12-15T23:53:56+02:00,aiohttp/web_ws.py,450,15,0,32
aiohttp,dd30b2af1fd0d643e02ef5023f1d8a68a75b5301,2018-12-15T23:53:56+02:00,aiohttp/web_request.py,729,0,0,48
aiohttp,dd30b2af1fd0d643e02ef5023f1d8a68a75b5301,2018-12-15T23:53:56+02:00,aiohttp/cookiejar.py,348,0,0,30
aiohttp,dd30b2af1fd0d643e02ef5023f1d8a68a75b5301,2018-12-15T23:53:56+02:00,aiohttp/web_urldispatcher.py,1113,2,0,64
aiohttp,dd30b2af1fd0d643e02ef5023f1d8a68a75b5301,2018-12-15T23:53:56+02:00,tests/test_http_parser.py,961,0,0,18
aiohttp,dd30b2af1fd0d643e02ef5023f1d8a68a75b5301,2018-12-15T23:53:56+02:00,tools/check_changes.py,49,1,0,0
aiohttp,dd30b2af1fd0d643e02ef5023f1d8a68a75b5301,2018-12-15T23:53:56+02:00,tests/test_pytest_plugin.py,278,0,0,2
aiohttp,dd30b2af1fd0d643e02ef5023f1d8a68a75b5301,2018-12-15T23:53:56+02:00,aiohttp/web_log.py,236,0,0,2
aiohttp,dd30b2af1fd0d643e02ef5023f1d8a68a75b5301,2018-12-15T23:53:56+02:00,aiohttp/streams.py,609,4,0,2
aiohttp,dd30b2af1fd0d643e02ef5023f1d8a68a75b5301,2018-12-15T23:53:56+02:00,aiohttp/formdata.py,151,0,0,2
aiohttp,dd30b2af1fd0d643e02ef5023f1d8a68a75b5301,2018-12-15T23:53:56+02:00,aiohttp/multipart.py,932,0,0,74
aiohttp,dd30b2af1fd0d643e02ef5023f1d8a68a75b5301,2018-12-15T23:53:56+02:00,aiohttp/payload_streamer.py,75,0,0,2
aiohttp,dd30b2af1fd0d643e02ef5023f1d8a68a75b5301,2018-12-15T23:53:56+02:00,aiohttp/web_server.py,58,0,0,2
aiohttp,dd30b2af1fd0d643e02ef5023f1d8a68a75b5301,2018-12-15T23:53:56+02:00,aiohttp/connector.py,1106,2,0,96
aiohttp,dd30b2af1fd0d643e02ef5023f1d8a68a75b5301,2018-12-15T23:53:56+02:00,examples/web_ws.py,59,0,0,2
aiohttp,dd30b2af1fd0d643e02ef5023f1d8a68a75b5301,2018-12-15T23:53:56+02:00,aiohttp/client.py,1065,0,0,283
aiohttp,dd30b2af1fd0d643e02ef5023f1d8a68a75b5301,2018-12-15T23:53:56+02:00,tests/test_client_session.py,710,0,0,3
aiohttp,dd30b2af1fd0d643e02ef5023f1d8a68a75b5301,2018-12-15T23:53:56+02:00,aiohttp/tracing.py,370,0,0,2
aiohttp,dd30b2af1fd0d643e02ef5023f1d8a68a75b5301,2018-12-15T23:53:56+02:00,tests/test_web_functional.py,1926,0,0,22
aiohttp,dd30b2af1fd0d643e02ef5023f1d8a68a75b5301,2018-12-15T23:53:56+02:00,aiohttp/web_middlewares.py,121,0,0,2
aiohttp,dd30b2af1fd0d643e02ef5023f1d8a68a75b5301,2018-12-15T23:53:56+02:00,aiohttp/resolver.py,113,2,0,2
aiohttp,dd30b2af1fd0d643e02ef5023f1d8a68a75b5301,2018-12-15T23:53:56+02:00,tests/test_client_request.py,1288,0,0,16
aiohttp,dd30b2af1fd0d643e02ef5023f1d8a68a75b5301,2018-12-15T23:53:56+02:00,examples/legacy/srv.py,166,0,0,2
aiohttp,dd30b2af1fd0d643e02ef5023f1d8a68a75b5301,2018-12-15T23:53:56+02:00,aiohttp/client_proto.py,233,0,0,16
aiohttp,dd30b2af1fd0d643e02ef5023f1d8a68a75b5301,2018-12-15T23:53:56+02:00,tests/test_resolver.py,217,0,0,2
aiohttp,dd30b2af1fd0d643e02ef5023f1d8a68a75b5301,2018-12-15T23:53:56+02:00,aiohttp/typedefs.py,40,0,0,24
aiohttp,dd30b2af1fd0d643e02ef5023f1d8a68a75b5301,2018-12-15T23:53:56+02:00,aiohttp/web_response.py,708,0,0,30
aiohttp,dd30b2af1fd0d643e02ef5023f1d8a68a75b5301,2018-12-15T23:53:56+02:00,examples/legacy/tcp_protocol_parser.py,177,0,0,2
aiohttp,dd30b2af1fd0d643e02ef5023f1d8a68a75b5301,2018-12-15T23:53:56+02:00,aiohttp/payload.py,424,2,0,56
aiohttp,dd30b2af1fd0d643e02ef5023f1d8a68a75b5301,2018-12-15T23:53:56+02:00,examples/static_files.py,9,0,0,2
aiohttp,dd30b2af1fd0d643e02ef5023f1d8a68a75b5301,2018-12-15T23:53:56+02:00,tests/test_client_fingerprint.py,87,0,0,2
aiohttp,dd30b2af1fd0d643e02ef5023f1d8a68a75b5301,2018-12-15T23:53:56+02:00,aiohttp/helpers.py,686,0,0,52
aiohttp,dd30b2af1fd0d643e02ef5023f1d8a68a75b5301,2018-12-15T23:53:56+02:00,aiohttp/client_reqrep.py,1022,5,0,96
aiohttp,dd30b2af1fd0d643e02ef5023f1d8a68a75b5301,2018-12-15T23:53:56+02:00,aiohttp/web_protocol.py,560,0,0,42
aiohttp,dd30b2af1fd0d643e02ef5023f1d8a68a75b5301,2018-12-15T23:53:56+02:00,tests/test_run_app.py,724,0,0,103
aiohttp,dd30b2af1fd0d643e02ef5023f1d8a68a75b5301,2018-12-15T23:53:56+02:00,aiohttp/abc.py,199,0,0,30
aiohttp,dd30b2af1fd0d643e02ef5023f1d8a68a75b5301,2018-12-15T23:53:56+02:00,aiohttp/worker.py,238,2,1,12
aiohttp,dd30b2af1fd0d643e02ef5023f1d8a68a75b5301,2018-12-15T23:53:56+02:00,aiohttp/http_writer.py,173,0,0,2
aiohttp,dd30b2af1fd0d643e02ef5023f1d8a68a75b5301,2018-12-15T23:53:56+02:00,aiohttp/web_app.py,488,0,0,86
aiohttp,dd30b2af1fd0d643e02ef5023f1d8a68a75b5301,2018-12-15T23:53:56+02:00,aiohttp/client_ws.py,292,13,0,34
aiohttp,dd30b2af1fd0d643e02ef5023f1d8a68a75b5301,2018-12-15T23:53:56+02:00,aiohttp/web_runner.py,309,2,0,2
aiohttp,dd30b2af1fd0d643e02ef5023f1d8a68a75b5301,2018-12-15T23:53:56+02:00,aiohttp/http_websocket.py,654,4,0,2
aiohttp,dd30b2af1fd0d643e02ef5023f1d8a68a75b5301,2018-12-15T23:53:56+02:00,aiohttp/http_parser.py,760,2,0,24
aiohttp,dd30b2af1fd0d643e02ef5023f1d8a68a75b5301,2018-12-15T23:53:56+02:00,aiohttp/__init__.py,41,0,0,502
aiohttp,dd30b2af1fd0d643e02ef5023f1d8a68a75b5301,2018-12-15T23:53:56+02:00,aiohttp/tcp_helpers.py,64,2,0,2
aiohttp,dd30b2af1fd0d643e02ef5023f1d8a68a75b5301,2018-12-15T23:53:56+02:00,tests/test_test_utils.py,319,0,0,16
aiohttp,dd30b2af1fd0d643e02ef5023f1d8a68a75b5301,2018-12-15T23:53:56+02:00,aiohttp/log.py,9,0,0,2
aiohttp,dd30b2af1fd0d643e02ef5023f1d8a68a75b5301,2018-12-15T23:53:56+02:00,tests/test_tcp_helpers.py,145,0,0,2
aiohttp,dd30b2af1fd0d643e02ef5023f1d8a68a75b5301,2018-12-15T23:53:56+02:00,aiohttp/signals.py,35,0,0,2
aiohttp,dd30b2af1fd0d643e02ef5023f1d8a68a75b5301,2018-12-15T23:53:56+02:00,aiohttp/web_exceptions.py,412,0,0,2
aiohttp,dd30b2af1fd0d643e02ef5023f1d8a68a75b5301,2018-12-15T23:53:56+02:00,aiohttp/web_routedef.py,183,0,0,32
aiohttp,dd30b2af1fd0d643e02ef5023f1d8a68a75b5301,2018-12-15T23:53:56+02:00,aiohttp/hdrs.py,101,0,0,2
aiohttp,dd30b2af1fd0d643e02ef5023f1d8a68a75b5301,2018-12-15T23:53:56+02:00,tests/test_worker.py,305,0,0,2
aiohttp,dd30b2af1fd0d643e02ef5023f1d8a68a75b5301,2018-12-15T23:53:56+02:00,tests/test_tracing.py,160,0,0,68
aiohttp,dd30b2af1fd0d643e02ef5023f1d8a68a75b5301,2018-12-15T23:53:56+02:00,tests/test_streams.py,1246,0,0,2
aiohttp,6dfb03dfe89a9ecf5e7b3c6ef214ca011e33454d,2018-12-30T21:18:56+02:00,aiohttp/web_fileresponse.py,341,0,0,38
aiohttp,6dfb03dfe89a9ecf5e7b3c6ef214ca011e33454d,2018-12-30T21:18:56+02:00,aiohttp/test_utils.py,659,0,0,4
aiohttp,6dfb03dfe89a9ecf5e7b3c6ef214ca011e33454d,2018-12-30T21:18:56+02:00,aiohttp/resolver.py,112,2,0,0
aiohttp,6dfb03dfe89a9ecf5e7b3c6ef214ca011e33454d,2018-12-30T21:18:56+02:00,tests/test_route_def.py,304,0,0,8
aiohttp,6dfb03dfe89a9ecf5e7b3c6ef214ca011e33454d,2018-12-30T21:18:56+02:00,aiohttp/pytest_plugin.py,337,4,0,0
aiohttp,6dfb03dfe89a9ecf5e7b3c6ef214ca011e33454d,2018-12-30T21:18:56+02:00,tests/test_client_request.py,1292,0,0,20
aiohttp,6dfb03dfe89a9ecf5e7b3c6ef214ca011e33454d,2018-12-30T21:18:56+02:00,tests/test_web_sendfile_functional.py,818,0,0,24
aiohttp,6dfb03dfe89a9ecf5e7b3c6ef214ca011e33454d,2018-12-30T21:18:56+02:00,tests/conftest.py,17,0,0,116
aiohttp,6dfb03dfe89a9ecf5e7b3c6ef214ca011e33454d,2018-12-30T21:18:56+02:00,tests/test_multipart.py,1103,0,0,268
aiohttp,6dfb03dfe89a9ecf5e7b3c6ef214ca011e33454d,2018-12-30T21:18:56+02:00,tests/test_connector.py,2193,0,0,56
aiohttp,6dfb03dfe89a9ecf5e7b3c6ef214ca011e33454d,2018-12-30T21:18:56+02:00,aiohttp/web.py,484,0,0,12
aiohttp,6dfb03dfe89a9ecf5e7b3c6ef214ca011e33454d,2018-12-30T21:18:56+02:00,tools/fix_changelog.py,41,1,0,82
aiohttp,6dfb03dfe89a9ecf5e7b3c6ef214ca011e33454d,2018-12-30T21:18:56+02:00,tests/test_web_response.py,1176,0,0,8
aiohttp,6dfb03dfe89a9ecf5e7b3c6ef214ca011e33454d,2018-12-30T21:18:56+02:00,tests/test_web_server.py,111,0,0,120
aiohttp,6dfb03dfe89a9ecf5e7b3c6ef214ca011e33454d,2018-12-30T21:18:56+02:00,aiohttp/payload.py,442,2,0,196
aiohttp,6dfb03dfe89a9ecf5e7b3c6ef214ca011e33454d,2018-12-30T21:18:56+02:00,aiohttp/web_response.py,717,0,0,8
aiohttp,6dfb03dfe89a9ecf5e7b3c6ef214ca011e33454d,2018-12-30T21:18:56+02:00,aiohttp/helpers.py,699,0,0,18
aiohttp,6dfb03dfe89a9ecf5e7b3c6ef214ca011e33454d,2018-12-30T21:18:56+02:00,aiohttp/client_reqrep.py,1050,5,0,40
aiohttp,6dfb03dfe89a9ecf5e7b3c6ef214ca011e33454d,2018-12-30T21:18:56+02:00,aiohttp/web_protocol.py,571,0,0,70
aiohttp,6dfb03dfe89a9ecf5e7b3c6ef214ca011e33454d,2018-12-30T21:18:56+02:00,aiohttp/web_ws.py,458,15,0,0
aiohttp,6dfb03dfe89a9ecf5e7b3c6ef214ca011e33454d,2018-12-30T21:18:56+02:00,aiohttp/web_urldispatcher.py,1133,2,0,0
aiohttp,6dfb03dfe89a9ecf5e7b3c6ef214ca011e33454d,2018-12-30T21:18:56+02:00,aiohttp/worker.py,242,2,1,42
aiohttp,6dfb03dfe89a9ecf5e7b3c6ef214ca011e33454d,2018-12-30T21:18:56+02:00,tests/test_proxy_functional.py,649,0,0,4
aiohttp,6dfb03dfe89a9ecf5e7b3c6ef214ca011e33454d,2018-12-30T21:18:56+02:00,tools/check_changes.py,49,1,0,4
aiohttp,6dfb03dfe89a9ecf5e7b3c6ef214ca011e33454d,2018-12-30T21:18:56+02:00,aiohttp/client_ws.py,301,13,0,0
aiohttp,6dfb03dfe89a9ecf5e7b3c6ef214ca011e33454d,2018-12-30T21:18:56+02:00,aiohttp/streams.py,608,4,0,86
aiohttp,6dfb03dfe89a9ecf5e7b3c6ef214ca011e33454d,2018-12-30T21:18:56+02:00,aiohttp/multipart.py,955,0,0,80
aiohttp,6dfb03dfe89a9ecf5e7b3c6ef214ca011e33454d,2018-12-30T21:18:56+02:00,aiohttp/web_runner.py,308,2,0,0
aiohttp,6dfb03dfe89a9ecf5e7b3c6ef214ca011e33454d,2018-12-30T21:18:56+02:00,aiohttp/http_websocket.py,653,4,0,0
aiohttp,6dfb03dfe89a9ecf5e7b3c6ef214ca011e33454d,2018-12-30T21:18:56+02:00,aiohttp/http_parser.py,764,2,0,0
aiohttp,6dfb03dfe89a9ecf5e7b3c6ef214ca011e33454d,2018-12-30T21:18:56+02:00,tests/test_web_protocol.py,860,0,0,4
aiohttp,6dfb03dfe89a9ecf5e7b3c6ef214ca011e33454d,2018-12-30T21:18:56+02:00,aiohttp/connector.py,1128,2,0,0
aiohttp,6dfb03dfe89a9ecf5e7b3c6ef214ca011e33454d,2018-12-30T21:18:56+02:00,tests/test_client_functional.py,2774,0,0,100
aiohttp,6dfb03dfe89a9ecf5e7b3c6ef214ca011e33454d,2018-12-30T21:18:56+02:00,aiohttp/__init__.py,216,0,0,6
aiohttp,6dfb03dfe89a9ecf5e7b3c6ef214ca011e33454d,2018-12-30T21:18:56+02:00,aiohttp/tcp_helpers.py,63,2,0,0
aiohttp,6dfb03dfe89a9ecf5e7b3c6ef214ca011e33454d,2018-12-30T21:18:56+02:00,aiohttp/client.py,1139,0,0,20
aiohttp,6dfb03dfe89a9ecf5e7b3c6ef214ca011e33454d,2018-12-30T21:18:56+02:00,tests/test_web_functional.py,1931,0,0,62
aiohttp,6dfb03dfe89a9ecf5e7b3c6ef214ca011e33454d,2018-12-30T21:18:56+02:00,tests/test_client_response.py,1123,0,0,7
aiohttp,6dfb03dfe89a9ecf5e7b3c6ef214ca011e33454d,2018-12-30T21:18:56+02:00,tests/test_worker.py,284,0,0,144
aiohttp,6dfb03dfe89a9ecf5e7b3c6ef214ca011e33454d,2018-12-30T21:18:56+02:00,tests/test_streams.py,1245,0,0,58
aiohttp,94657f8f8d700a5a4910e1ee4ab48d8f04d39105,2019-01-01T22:35:45+02:00,aiohttp/web_middlewares.py,120,0,0,4
aiohttp,94657f8f8d700a5a4910e1ee4ab48d8f04d39105,2019-01-01T22:35:45+02:00,aiohttp/web_fileresponse.py,341,0,0,38
aiohttp,94657f8f8d700a5a4910e1ee4ab48d8f04d39105,2019-01-01T22:35:45+02:00,aiohttp/test_utils.py,659,0,0,4
aiohttp,94657f8f8d700a5a4910e1ee4ab48d8f04d39105,2019-01-01T22:35:45+02:00,aiohttp/resolver.py,112,2,0,0
aiohttp,94657f8f8d700a5a4910e1ee4ab48d8f04d39105,2019-01-01T22:35:45+02:00,tests/test_route_def.py,304,0,0,8
aiohttp,94657f8f8d700a5a4910e1ee4ab48d8f04d39105,2019-01-01T22:35:45+02:00,aiohttp/pytest_plugin.py,337,4,0,0
aiohttp,94657f8f8d700a5a4910e1ee4ab48d8f04d39105,2019-01-01T22:35:45+02:00,tests/test_client_request.py,1292,0,0,141
aiohttp,94657f8f8d700a5a4910e1ee4ab48d8f04d39105,2019-01-01T22:35:45+02:00,tests/test_web_sendfile_functional.py,818,0,0,24
aiohttp,94657f8f8d700a5a4910e1ee4ab48d8f04d39105,2019-01-01T22:35:45+02:00,tests/conftest.py,17,0,0,116
aiohttp,94657f8f8d700a5a4910e1ee4ab48d8f04d39105,2019-01-01T22:35:45+02:00,tests/test_helpers.py,563,0,0,4
aiohttp,94657f8f8d700a5a4910e1ee4ab48d8f04d39105,2019-01-01T22:35:45+02:00,tests/test_multipart.py,1103,0,0,851
aiohttp,94657f8f8d700a5a4910e1ee4ab48d8f04d39105,2019-01-01T22:35:45+02:00,tests/test_connector.py,2193,0,0,56
aiohttp,94657f8f8d700a5a4910e1ee4ab48d8f04d39105,2019-01-01T22:35:45+02:00,aiohttp/web.py,484,0,0,12
aiohttp,94657f8f8d700a5a4910e1ee4ab48d8f04d39105,2019-01-01T22:35:45+02:00,tests/test_web_response.py,1176,0,0,8
aiohttp,94657f8f8d700a5a4910e1ee4ab48d8f04d39105,2019-01-01T22:35:45+02:00,tests/test_web_server.py,111,0,0,120
aiohttp,94657f8f8d700a5a4910e1ee4ab48d8f04d39105,2019-01-01T22:35:45+02:00,aiohttp/web_response.py,717,0,0,8
aiohttp,94657f8f8d700a5a4910e1ee4ab48d8f04d39105,2019-01-01T22:35:45+02:00,aiohttp/payload.py,442,2,0,196
aiohttp,94657f8f8d700a5a4910e1ee4ab48d8f04d39105,2019-01-01T22:35:45+02:00,tools/fix_changelog.py,0,0,0,41
aiohttp,94657f8f8d700a5a4910e1ee4ab48d8f04d39105,2019-01-01T22:35:45+02:00,aiohttp/helpers.py,699,0,0,28
aiohttp,94657f8f8d700a5a4910e1ee4ab48d8f04d39105,2019-01-01T22:35:45+02:00,aiohttp/client_reqrep.py,1050,5,0,46
aiohttp,94657f8f8d700a5a4910e1ee4ab48d8f04d39105,2019-01-01T22:35:45+02:00,aiohttp/web_protocol.py,571,0,0,75
aiohttp,94657f8f8d700a5a4910e1ee4ab48d8f04d39105,2019-01-01T22:35:45+02:00,aiohttp/web_ws.py,458,15,0,0
aiohttp,94657f8f8d700a5a4910e1ee4ab48d8f04d39105,2019-01-01T22:35:45+02:00,aiohttp/web_urldispatcher.py,1133,2,0,0
aiohttp,94657f8f8d700a5a4910e1ee4ab48d8f04d39105,2019-01-01T22:35:45+02:00,aiohttp/worker.py,242,2,1,0
aiohttp,94657f8f8d700a5a4910e1ee4ab48d8f04d39105,2019-01-01T22:35:45+02:00,aiohttp/web_app.py,511,0,0,14
aiohttp,94657f8f8d700a5a4910e1ee4ab48d8f04d39105,2019-01-01T22:35:45+02:00,tests/test_proxy_functional.py,649,0,0,4
aiohttp,94657f8f8d700a5a4910e1ee4ab48d8f04d39105,2019-01-01T22:35:45+02:00,tools/check_changes.py,49,0,0,2
aiohttp,94657f8f8d700a5a4910e1ee4ab48d8f04d39105,2019-01-01T22:35:45+02:00,aiohttp/client_ws.py,301,13,0,0
aiohttp,94657f8f8d700a5a4910e1ee4ab48d8f04d39105,2019-01-01T22:35:45+02:00,aiohttp/streams.py,608,4,0,86
aiohttp,94657f8f8d700a5a4910e1ee4ab48d8f04d39105,2019-01-01T22:35:45+02:00,aiohttp/multipart.py,955,0,0,133
aiohttp,94657f8f8d700a5a4910e1ee4ab48d8f04d39105,2019-01-01T22:35:45+02:00,aiohttp/web_runner.py,308,2,0,0
aiohttp,94657f8f8d700a5a4910e1ee4ab48d8f04d39105,2019-01-01T22:35:45+02:00,aiohttp/http_websocket.py,653,4,0,0
aiohttp,94657f8f8d700a5a4910e1ee4ab48d8f04d39105,2019-01-01T22:35:45+02:00,aiohttp/http_parser.py,764,2,0,0
aiohttp,94657f8f8d700a5a4910e1ee4ab48d8f04d39105,2019-01-01T22:35:45+02:00,aiohttp/payload_streamer.py,74,0,0,74
aiohttp,94657f8f8d700a5a4910e1ee4ab48d8f04d39105,2019-01-01T22:35:45+02:00,tests/test_web_protocol.py,860,0,0,4
aiohttp,94657f8f8d700a5a4910e1ee4ab48d8f04d39105,2019-01-01T22:35:45+02:00,aiohttp/connector.py,1128,2,0,0
aiohttp,94657f8f8d700a5a4910e1ee4ab48d8f04d39105,2019-01-01T22:35:45+02:00,tests/test_client_functional.py,2774,0,0,179
aiohttp,94657f8f8d700a5a4910e1ee4ab48d8f04d39105,2019-01-01T22:35:45+02:00,tests/test_web_exceptions.py,187,0,0,209
aiohttp,94657f8f8d700a5a4910e1ee4ab48d8f04d39105,2019-01-01T22:35:45+02:00,tests/test_web_app.py,562,0,0,8
aiohttp,94657f8f8d700a5a4910e1ee4ab48d8f04d39105,2019-01-01T22:35:45+02:00,aiohttp/__init__.py,216,0,0,10
aiohttp,94657f8f8d700a5a4910e1ee4ab48d8f04d39105,2019-01-01T22:35:45+02:00,aiohttp/tcp_helpers.py,63,2,0,0
aiohttp,94657f8f8d700a5a4910e1ee4ab48d8f04d39105,2019-01-01T22:35:45+02:00,aiohttp/client.py,1139,0,0,20
aiohttp,94657f8f8d700a5a4910e1ee4ab48d8f04d39105,2019-01-01T22:35:45+02:00,aiohttp/web_exceptions.py,411,0,0,146
aiohttp,94657f8f8d700a5a4910e1ee4ab48d8f04d39105,2019-01-01T22:35:45+02:00,tests/test_web_functional.py,1931,0,0,132
aiohttp,94657f8f8d700a5a4910e1ee4ab48d8f04d39105,2019-01-01T22:35:45+02:00,tests/test_client_response.py,1123,0,0,43
aiohttp,94657f8f8d700a5a4910e1ee4ab48d8f04d39105,2019-01-01T22:35:45+02:00,tests/test_worker.py,284,0,0,74
aiohttp,94657f8f8d700a5a4910e1ee4ab48d8f04d39105,2019-01-01T22:35:45+02:00,tests/test_streams.py,1245,0,0,58
aiohttp,48bf8c356c7c3bac5d520484ede5c35bd1795afb,2019-11-13T23:50:32+02:00,aiohttp/test_utils.py,645,0,0,18
aiohttp,48bf8c356c7c3bac5d520484ede5c35bd1795afb,2019-11-13T23:50:32+02:00,aiohttp/client_ws.py,308,13,0,8
aiohttp,48bf8c356c7c3bac5d520484ede5c35bd1795afb,2019-11-13T23:50:32+02:00,tests/test_formdata.py,88,0,0,30
aiohttp,48bf8c356c7c3bac5d520484ede5c35bd1795afb,2019-11-13T23:50:32+02:00,aiohttp/pytest_plugin.py,315,4,0,0
aiohttp,48bf8c356c7c3bac5d520484ede5c35bd1795afb,2019-11-13T23:50:32+02:00,aiohttp/streams.py,622,8,0,0
aiohttp,48bf8c356c7c3bac5d520484ede5c35bd1795afb,2019-11-13T23:50:32+02:00,aiohttp/formdata.py,150,0,0,8
aiohttp,48bf8c356c7c3bac5d520484ede5c35bd1795afb,2019-11-13T23:50:32+02:00,tests/test_helpers.py,602,0,0,21
aiohttp,48bf8c356c7c3bac5d520484ede5c35bd1795afb,2019-11-13T23:50:32+02:00,aiohttp/web_runner.py,372,2,0,0
aiohttp,48bf8c356c7c3bac5d520484ede5c35bd1795afb,2019-11-13T23:50:32+02:00,setup.py,126,0,0,2
aiohttp,48bf8c356c7c3bac5d520484ede5c35bd1795afb,2019-11-13T23:50:32+02:00,aiohttp/http_websocket.py,654,4,0,0
aiohttp,48bf8c356c7c3bac5d520484ede5c35bd1795afb,2019-11-13T23:50:32+02:00,aiohttp/http_parser.py,789,2,0,0
aiohttp,48bf8c356c7c3bac5d520484ede5c35bd1795afb,2019-11-13T23:50:32+02:00,tests/test_web_response.py,1127,0,0,6
aiohttp,48bf8c356c7c3bac5d520484ede5c35bd1795afb,2019-11-13T23:50:32+02:00,aiohttp/connector.py,1169,2,0,8
aiohttp,48bf8c356c7c3bac5d520484ede5c35bd1795afb,2019-11-13T23:50:32+02:00,aiohttp/web_response.py,719,0,0,2
aiohttp,48bf8c356c7c3bac5d520484ede5c35bd1795afb,2019-11-13T23:50:32+02:00,aiohttp/payload.py,456,6,0,0
aiohttp,48bf8c356c7c3bac5d520484ede5c35bd1795afb,2019-11-13T23:50:32+02:00,aiohttp/tcp_helpers.py,63,2,0,0
aiohttp,48bf8c356c7c3bac5d520484ede5c35bd1795afb,2019-11-13T23:50:32+02:00,aiohttp/client_reqrep.py,991,2,0,0
aiohttp,48bf8c356c7c3bac5d520484ede5c35bd1795afb,2019-11-13T23:50:32+02:00,aiohttp/helpers.py,720,0,0,18
aiohttp,48bf8c356c7c3bac5d520484ede5c35bd1795afb,2019-11-13T23:50:32+02:00,aiohttp/web_ws.py,465,15,0,6
aiohttp,48bf8c356c7c3bac5d520484ede5c35bd1795afb,2019-11-13T23:50:32+02:00,aiohttp/web_protocol.py,656,0,0,6
aiohttp,48bf8c356c7c3bac5d520484ede5c35bd1795afb,2019-11-13T23:50:32+02:00,aiohttp/client.py,1160,2,0,5
aiohttp,48bf8c356c7c3bac5d520484ede5c35bd1795afb,2019-11-13T23:50:32+02:00,aiohttp/web_request.py,783,0,0,2
aiohttp,48bf8c356c7c3bac5d520484ede5c35bd1795afb,2019-11-13T23:50:32+02:00,tests/test_client_ws_functional.py,893,0,0,2
aiohttp,48bf8c356c7c3bac5d520484ede5c35bd1795afb,2019-11-13T23:50:32+02:00,aiohttp/web_urldispatcher.py,1123,2,0,0
aiohttp,48bf8c356c7c3bac5d520484ede5c35bd1795afb,2019-11-13T23:50:32+02:00,tests/test_web_functional.py,1894,0,0,42
aiohttp,48bf8c356c7c3bac5d520484ede5c35bd1795afb,2019-11-13T23:50:32+02:00,tests/test_web_request.py,766,0,0,16
aiohttp,48bf8c356c7c3bac5d520484ede5c35bd1795afb,2019-11-13T23:50:32+02:00,aiohttp/worker.py,231,0,1,0
aiohttp,c9d529867a57bd71c27400e48c7ca745b36bcdfa,2019-11-26T18:48:21+00:00,aiohttp/test_utils.py,670,0,0,18
aiohttp,c9d529867a57bd71c27400e48c7ca745b36bcdfa,2019-11-26T18:48:21+00:00,aiohttp/client_ws.py,301,13,0,0
aiohttp,c9d529867a57bd71c27400e48c7ca745b36bcdfa,2019-11-26T18:48:21+00:00,aiohttp/resolver.py,112,2,0,0
aiohttp,c9d529867a57bd71c27400e48c7ca745b36bcdfa,2019-11-26T18:48:21+00:00,aiohttp/pytest_plugin.py,352,4,0,4
aiohttp,c9d529867a57bd71c27400e48c7ca745b36bcdfa,2019-11-26T18:48:21+00:00,aiohttp/streams.py,634,8,0,0
aiohttp,c9d529867a57bd71c27400e48c7ca745b36bcdfa,2019-11-26T18:48:21+00:00,aiohttp/formdata.py,154,0,0,4
aiohttp,c9d529867a57bd71c27400e48c7ca745b36bcdfa,2019-11-26T18:48:21+00:00,aiohttp/web_runner.py,337,2,0,0
aiohttp,c9d529867a57bd71c27400e48c7ca745b36bcdfa,2019-11-26T18:48:21+00:00,aiohttp/http_websocket.py,659,4,0,0
aiohttp,c9d529867a57bd71c27400e48c7ca745b36bcdfa,2019-11-26T18:48:21+00:00,aiohttp/http_parser.py,770,2,0,0
aiohttp,c9d529867a57bd71c27400e48c7ca745b36bcdfa,2019-11-26T18:48:21+00:00,aiohttp/connector.py,1193,2,0,0
aiohttp,c9d529867a57bd71c27400e48c7ca745b36bcdfa,2019-11-26T18:48:21+00:00,aiohttp/payload.py,456,6,0,0
aiohttp,c9d529867a57bd71c27400e48c7ca745b36bcdfa,2019-11-26T18:48:21+00:00,aiohttp/tcp_helpers.py,63,2,0,0
aiohttp,c9d529867a57bd71c27400e48c7ca745b36bcdfa,2019-11-26T18:48:21+00:00,aiohttp/client_reqrep.py,1052,5,0,8
aiohttp,c9d529867a57bd71c27400e48c7ca745b36bcdfa,2019-11-26T18:48:21+00:00,aiohttp/web_ws.py,457,15,0,0
aiohttp,c9d529867a57bd71c27400e48c7ca745b36bcdfa,2019-11-26T18:48:21+00:00,aiohttp/client.py,1213,0,0,32
aiohttp,c9d529867a57bd71c27400e48c7ca745b36bcdfa,2019-11-26T18:48:21+00:00,aiohttp/web_urldispatcher.py,1141,2,0,0
aiohttp,c9d529867a57bd71c27400e48c7ca745b36bcdfa,2019-11-26T18:48:21+00:00,tests/test_web_request.py,725,0,0,4
aiohttp,c9d529867a57bd71c27400e48c7ca745b36bcdfa,2019-11-26T18:48:21+00:00,aiohttp/worker.py,242,2,1,0
aiohttp,95e548c31efe1f53cc0a5eeb919fa8d9e666f4d9,2019-11-29T15:23:05+02:00,aiohttp/tcp_helpers.py,63,2,0,0
aiohttp,95e548c31efe1f53cc0a5eeb919fa8d9e666f4d9,2019-11-29T15:23:05+02:00,aiohttp/client_reqrep.py,991,2,0,8
aiohttp,95e548c31efe1f53cc0a5eeb919fa8d9e666f4d9,2019-11-29T15:23:05+02:00,aiohttp/client_ws.py,308,13,0,0
aiohttp,95e548c31efe1f53cc0a5eeb919fa8d9e666f4d9,2019-11-29T15:23:05+02:00,aiohttp/web_ws.py,465,15,0,0
aiohttp,95e548c31efe1f53cc0a5eeb919fa8d9e666f4d9,2019-11-29T15:23:05+02:00,aiohttp/worker.py,231,0,1,0
aiohttp,95e548c31efe1f53cc0a5eeb919fa8d9e666f4d9,2019-11-29T15:23:05+02:00,aiohttp/client.py,1160,2,0,32
aiohttp,95e548c31efe1f53cc0a5eeb919fa8d9e666f4d9,2019-11-29T15:23:05+02:00,aiohttp/pytest_plugin.py,315,4,0,4
aiohttp,95e548c31efe1f53cc0a5eeb919fa8d9e666f4d9,2019-11-29T15:23:05+02:00,aiohttp/streams.py,622,8,0,0
aiohttp,95e548c31efe1f53cc0a5eeb919fa8d9e666f4d9,2019-11-29T15:23:05+02:00,aiohttp/formdata.py,154,0,0,4
aiohttp,95e548c31efe1f53cc0a5eeb919fa8d9e666f4d9,2019-11-29T15:23:05+02:00,aiohttp/web_runner.py,372,2,0,0
aiohttp,95e548c31efe1f53cc0a5eeb919fa8d9e666f4d9,2019-11-29T15:23:05+02:00,aiohttp/http_websocket.py,654,4,0,0
aiohttp,95e548c31efe1f53cc0a5eeb919fa8d9e666f4d9,2019-11-29T15:23:05+02:00,aiohttp/http_parser.py,789,2,0,0
aiohttp,95e548c31efe1f53cc0a5eeb919fa8d9e666f4d9,2019-11-29T15:23:05+02:00,aiohttp/web_urldispatcher.py,1123,2,0,0
aiohttp,95e548c31efe1f53cc0a5eeb919fa8d9e666f4d9,2019-11-29T15:23:05+02:00,aiohttp/connector.py,1169,2,0,0
aiohttp,95e548c31efe1f53cc0a5eeb919fa8d9e666f4d9,2019-11-29T15:23:05+02:00,aiohttp/payload.py,456,6,0,0
aiohttp,fe1854be722a57ea8714b4de4f3baab1279e1a74,2020-10-24T13:31:29+03:00,aiohttp/base_protocol.py,81,0,0,24
aiohttp,fe1854be722a57ea8714b4de4f3baab1279e1a74,2020-10-24T13:31:29+03:00,tests/autobahn/server.py,57,0,0,22
aiohttp,fe1854be722a57ea8714b4de4f3baab1279e1a74,2020-10-24T13:31:29+03:00,aiohttp/test_utils.py,679,0,0,613
aiohttp,fe1854be722a57ea8714b4de4f3baab1279e1a74,2020-10-24T13:31:29+03:00,tests/test_proxy.py,571,0,0,1292
aiohttp,fe1854be722a57ea8714b4de4f3baab1279e1a74,2020-10-24T13:31:29+03:00,examples/client_ws.py,71,0,0,80
aiohttp,fe1854be722a57ea8714b4de4f3baab1279e1a74,2020-10-24T13:31:29+03:00,tests/test_web_sendfile_functional.py,816,0,0,1116
aiohttp,fe1854be722a57ea8714b4de4f3baab1279e1a74,2020-10-24T13:31:29+03:00,tests/test_helpers.py,594,0,0,710
aiohttp,fe1854be722a57ea8714b4de4f3baab1279e1a74,2020-10-24T13:31:29+03:00,tests/test_web_urldispatcher.py,510,0,0,464
aiohttp,fe1854be722a57ea8714b4de4f3baab1279e1a74,2020-10-24T13:31:29+03:00,aiohttp/locks.py,44,0,0,12
aiohttp,fe1854be722a57ea8714b4de4f3baab1279e1a74,2020-10-24T13:31:29+03:00,tests/test_urldispatch.py,1312,0,0,1729
aiohttp,fe1854be722a57ea8714b4de4f3baab1279e1a74,2020-10-24T13:31:29+03:00,aiohttp/web.py,524,0,0,1556
aiohttp,fe1854be722a57ea8714b4de4f3baab1279e1a74,2020-10-24T13:31:29+03:00,aiohttp/http.py,50,0,0,196
aiohttp,fe1854be722a57ea8714b4de4f3baab1279e1a74,2020-10-24T13:31:29+03:00,tests/test_web_response.py,1202,0,0,1388
aiohttp,fe1854be722a57ea8714b4de4f3baab1279e1a74,2020-10-24T13:31:29+03:00,examples/web_srv_route_deco.py,60,0,0,52
aiohttp,fe1854be722a57ea8714b4de4f3baab1279e1a74,2020-10-24T13:31:29+03:00,tests/test_websocket_parser.py,513,0,0,604
aiohttp,fe1854be722a57ea8714b4de4f3baab1279e1a74,2020-10-24T13:31:29+03:00,tests/test_client_exceptions.py,300,0,0,591
aiohttp,fe1854be722a57ea8714b4de4f3baab1279e1a74,2020-10-24T13:31:29+03:00,examples/client_json.py,22,0,0,13
aiohttp,fe1854be722a57ea8714b4de4f3baab1279e1a74,2020-10-24T13:31:29+03:00,aiohttp/cookiejar.py,383,0,0,237
aiohttp,fe1854be722a57ea8714b4de4f3baab1279e1a74,2020-10-24T13:31:29+03:00,examples/background_tasks.py,66,0,0,80
aiohttp,fe1854be722a57ea8714b4de4f3baab1279e1a74,2020-10-24T13:31:29+03:00,tests/test_http_parser.py,1143,0,0,1612
aiohttp,fe1854be722a57ea8714b4de4f3baab1279e1a74,2020-10-24T13:31:29+03:00,aiohttp/frozenlist.py,72,0,0,18
aiohttp,fe1854be722a57ea8714b4de4f3baab1279e1a74,2020-10-24T13:31:29+03:00,examples/web_classview.py,58,0,0,72
aiohttp,fe1854be722a57ea8714b4de4f3baab1279e1a74,2020-10-24T13:31:29+03:00,aiohttp/streams.py,634,8,0,433
aiohttp,fe1854be722a57ea8714b4de4f3baab1279e1a74,2020-10-24T13:31:29+03:00,aiohttp/formdata.py,154,0,0,190
aiohttp,fe1854be722a57ea8714b4de4f3baab1279e1a74,2020-10-24T13:31:29+03:00,tools/bench-asyncio-write.py,0,0,0,84
aiohttp,fe1854be722a57ea8714b4de4f3baab1279e1a74,2020-10-24T13:31:29+03:00,aiohttp/web_server.py,57,0,0,101
aiohttp,fe1854be722a57ea8714b4de4f3baab1279e1a74,2020-10-24T13:31:29+03:00,tests/test_web_sendfile.py,131,0,0,66
aiohttp,fe1854be722a57ea8714b4de4f3baab1279e1a74,2020-10-24T13:31:29+03:00,aiohttp/payload_streamer.py,74,0,0,24
aiohttp,fe1854be722a57ea8714b4de4f3baab1279e1a74,2020-10-24T13:31:29+03:00,aiohttp/connector.py,1212,2,0,1078
aiohttp,fe1854be722a57ea8714b4de4f3baab1279e1a74,2020-10-24T13:31:29+03:00,tests/test_web_exceptions.py,192,0,0,362
aiohttp,fe1854be722a57ea8714b4de4f3baab1279e1a74,2020-10-24T13:31:29+03:00,tests/test_signals.py,167,0,0,65
aiohttp,fe1854be722a57ea8714b4de4f3baab1279e1a74,2020-10-24T13:31:29+03:00,aiohttp/client.py,1225,0,0,2045
aiohttp,fe1854be722a57ea8714b4de4f3baab1279e1a74,2020-10-24T13:31:29+03:00,tests/test_client_ws_functional.py,824,0,0,631
aiohttp,fe1854be722a57ea8714b4de4f3baab1279e1a74,2020-10-24T13:31:29+03:00,tests/test_websocket_handshake.py,266,0,0,380
aiohttp,fe1854be722a57ea8714b4de4f3baab1279e1a74,2020-10-24T13:31:29+03:00,tests/test_client_session.py,753,0,0,826
aiohttp,fe1854be722a57ea8714b4de4f3baab1279e1a74,2020-10-24T13:31:29+03:00,tests/autobahn/client.py,51,0,0,30
aiohttp,fe1854be722a57ea8714b4de4f3baab1279e1a74,2020-10-24T13:31:29+03:00,aiohttp/resolver.py,128,2,0,171
aiohttp,fe1854be722a57ea8714b4de4f3baab1279e1a74,2020-10-24T13:31:29+03:00,tests/test_classbasedview.py,55,0,0,40
aiohttp,fe1854be722a57ea8714b4de4f3baab1279e1a74,2020-10-24T13:31:29+03:00,examples/cli_app.py,55,0,0,29
aiohttp,fe1854be722a57ea8714b4de4f3baab1279e1a74,2020-10-24T13:31:29+03:00,examples/legacy/srv.py,165,0,0,250
aiohttp,fe1854be722a57ea8714b4de4f3baab1279e1a74,2020-10-24T13:31:29+03:00,aiohttp/client_proto.py,241,0,0,122
aiohttp,fe1854be722a57ea8714b4de4f3baab1279e1a74,2020-10-24T13:31:29+03:00,tests/test_http_writer.py,294,0,0,320
aiohttp,fe1854be722a57ea8714b4de4f3baab1279e1a74,2020-10-24T13:31:29+03:00,aiohttp/typedefs.py,63,0,0,78
aiohttp,fe1854be722a57ea8714b4de4f3baab1279e1a74,2020-10-24T13:31:29+03:00,aiohttp/web_response.py,741,0,0,870
aiohttp,fe1854be722a57ea8714b4de4f3baab1279e1a74,2020-10-24T13:31:29+03:00,examples/legacy/tcp_protocol_parser.py,176,0,0,170
aiohttp,fe1854be722a57ea8714b4de4f3baab1279e1a74,2020-10-24T13:31:29+03:00,tests/test_client_fingerprint.py,86,0,0,24
aiohttp,fe1854be722a57ea8714b4de4f3baab1279e1a74,2020-10-24T13:31:29+03:00,tests/test_loop.py,39,0,0,24
aiohttp,fe1854be722a57ea8714b4de4f3baab1279e1a74,2020-10-24T13:31:29+03:00,aiohttp/web_protocol.py,645,0,0,609
aiohttp,fe1854be722a57ea8714b4de4f3baab1279e1a74,2020-10-24T13:31:29+03:00,aiohttp/client_reqrep.py,1079,5,0,1033
aiohttp,fe1854be722a57ea8714b4de4f3baab1279e1a74,2020-10-24T13:31:29+03:00,examples/legacy/crawl.py,103,0,0,97
aiohttp,fe1854be722a57ea8714b4de4f3baab1279e1a74,2020-10-24T13:31:29+03:00,aiohttp/abc.py,208,0,0,76
aiohttp,fe1854be722a57ea8714b4de4f3baab1279e1a74,2020-10-24T13:31:29+03:00,examples/server_simple.py,31,0,0,18
aiohttp,fe1854be722a57ea8714b4de4f3baab1279e1a74,2020-10-24T13:31:29+03:00,tests/test_http_exceptions.py,149,0,0,224
aiohttp,fe1854be722a57ea8714b4de4f3baab1279e1a74,2020-10-24T13:31:29+03:00,tests/test_flowcontrol_streams.py,131,0,0,108
aiohttp,fe1854be722a57ea8714b4de4f3baab1279e1a74,2020-10-24T13:31:29+03:00,tests/test_web_runner.py,166,0,0,110
aiohttp,fe1854be722a57ea8714b4de4f3baab1279e1a74,2020-10-24T13:31:29+03:00,tests/test_client_connection.py,135,0,0,16
aiohttp,fe1854be722a57ea8714b4de4f3baab1279e1a74,2020-10-24T13:31:29+03:00,tests/test_formdata.py,101,0,0,44
aiohttp,fe1854be722a57ea8714b4de4f3baab1279e1a74,2020-10-24T13:31:29+03:00,aiohttp/web_runner.py,336,2,0,522
aiohttp,fe1854be722a57ea8714b4de4f3baab1279e1a74,2020-10-24T13:31:29+03:00,tests/test_client_proto.py,132,0,0,84
aiohttp,fe1854be722a57ea8714b4de4f3baab1279e1a74,2020-10-24T13:31:29+03:00,aiohttp/http_parser.py,794,2,0,848
aiohttp,fe1854be722a57ea8714b4de4f3baab1279e1a74,2020-10-24T13:31:29+03:00,aiohttp/__init__.py,226,0,0,726
aiohttp,fe1854be722a57ea8714b4de4f3baab1279e1a74,2020-10-24T13:31:29+03:00,tests/test_payload.py,140,0,0,110
aiohttp,fe1854be722a57ea8714b4de4f3baab1279e1a74,2020-10-24T13:31:29+03:00,tests/test_test_utils.py,319,0,0,220
aiohttp,fe1854be722a57ea8714b4de4f3baab1279e1a74,2020-10-24T13:31:29+03:00,tests/test_tcp_helpers.py,77,0,0,20
aiohttp,fe1854be722a57ea8714b4de4f3baab1279e1a74,2020-10-24T13:31:29+03:00,docs/conf.py,336,0,0,548
aiohttp,fe1854be722a57ea8714b4de4f3baab1279e1a74,2020-10-24T13:31:29+03:00,aiohttp/hdrs.py,100,0,0,381
aiohttp,fe1854be722a57ea8714b4de4f3baab1279e1a74,2020-10-24T13:31:29+03:00,tests/test_web_request.py,753,0,0,1219
aiohttp,fe1854be722a57ea8714b4de4f3baab1279e1a74,2020-10-24T13:31:29+03:00,tests/test_tracing.py,164,0,0,246
aiohttp,fe1854be722a57ea8714b4de4f3baab1279e1a74,2020-10-24T13:31:29+03:00,aiohttp/log.py,8,0,0,24
aiohttp,fe1854be722a57ea8714b4de4f3baab1279e1a74,2020-10-24T13:31:29+03:00,tests/test_streams.py,1378,0,0,927
aiohttp,fe1854be722a57ea8714b4de4f3baab1279e1a74,2020-10-24T13:31:29+03:00,aiohttp/web_fileresponse.py,375,0,0,794
aiohttp,fe1854be722a57ea8714b4de4f3baab1279e1a74,2020-10-24T13:31:29+03:00,tests/test_route_def.py,304,0,0,238
aiohttp,fe1854be722a57ea8714b4de4f3baab1279e1a74,2020-10-24T13:31:29+03:00,aiohttp/pytest_plugin.py,356,5,0,240
aiohttp,fe1854be722a57ea8714b4de4f3baab1279e1a74,2020-10-24T13:31:29+03:00,tests/test_web_log.py,196,0,0,255
aiohttp,fe1854be722a57ea8714b4de4f3baab1279e1a74,2020-10-24T13:31:29+03:00,tests/conftest.py,106,0,0,70
aiohttp,fe1854be722a57ea8714b4de4f3baab1279e1a74,2020-10-24T13:31:29+03:00,setup.py,160,0,0,297
aiohttp,fe1854be722a57ea8714b4de4f3baab1279e1a74,2020-10-24T13:31:29+03:00,tests/test_multipart.py,1214,0,0,2371
aiohttp,fe1854be722a57ea8714b4de4f3baab1279e1a74,2020-10-24T13:31:29+03:00,examples/web_cookies.py,45,0,0,40
aiohttp,fe1854be722a57ea8714b4de4f3baab1279e1a74,2020-10-24T13:31:29+03:00,tests/test_connector.py,2424,0,0,1686
aiohttp,fe1854be722a57ea8714b4de4f3baab1279e1a74,2020-10-24T13:31:29+03:00,aiohttp/http_exceptions.py,106,0,0,110
aiohttp,fe1854be722a57ea8714b4de4f3baab1279e1a74,2020-10-24T13:31:29+03:00,aiohttp/client_exceptions.py,295,0,0,314
aiohttp,fe1854be722a57ea8714b4de4f3baab1279e1a74,2020-10-24T13:31:29+03:00,tests/test_client_ws.py,694,0,0,916
aiohttp,fe1854be722a57ea8714b4de4f3baab1279e1a74,2020-10-24T13:31:29+03:00,tests/test_multipart_helpers.py,662,0,0,1134
aiohttp,fe1854be722a57ea8714b4de4f3baab1279e1a74,2020-10-24T13:31:29+03:00,aiohttp/web_ws.py,461,15,0,494
aiohttp,fe1854be722a57ea8714b4de4f3baab1279e1a74,2020-10-24T13:31:29+03:00,tests/test_web_request_handler.py,61,0,0,8
aiohttp,fe1854be722a57ea8714b4de4f3baab1279e1a74,2020-10-24T13:31:29+03:00,aiohttp/web_request.py,779,0,0,710
aiohttp,fe1854be722a57ea8714b4de4f3baab1279e1a74,2020-10-24T13:31:29+03:00,aiohttp/web_urldispatcher.py,1192,2,0,1205
aiohttp,fe1854be722a57ea8714b4de4f3baab1279e1a74,2020-10-24T13:31:29+03:00,examples/fake_server.py,118,0,0,197
aiohttp,fe1854be722a57ea8714b4de4f3baab1279e1a74,2020-10-24T13:31:29+03:00,examples/web_srv_route_table.py,60,0,0,68
aiohttp,fe1854be722a57ea8714b4de4f3baab1279e1a74,2020-10-24T13:31:29+03:00,tests/test_web_cli.py,143,0,0,156
aiohttp,fe1854be722a57ea8714b4de4f3baab1279e1a74,2020-10-24T13:31:29+03:00,tests/test_proxy_functional.py,650,0,0,884
aiohttp,fe1854be722a57ea8714b4de4f3baab1279e1a74,2020-10-24T13:31:29+03:00,tools/check_changes.py,49,0,0,87
aiohttp,fe1854be722a57ea8714b4de4f3baab1279e1a74,2020-10-24T13:31:29+03:00,tests/test_pytest_plugin.py,277,0,0,125
aiohttp,fe1854be722a57ea8714b4de4f3baab1279e1a74,2020-10-24T13:31:29+03:00,aiohttp/web_log.py,235,0,0,288
aiohttp,fe1854be722a57ea8714b4de4f3baab1279e1a74,2020-10-24T13:31:29+03:00,tools/gen.py,157,0,0,232
aiohttp,fe1854be722a57ea8714b4de4f3baab1279e1a74,2020-10-24T13:31:29+03:00,aiohttp/multipart.py,961,0,0,884
aiohttp,fe1854be722a57ea8714b4de4f3baab1279e1a74,2020-10-24T13:31:29+03:00,tests/test_web_middleware.py,513,0,0,885
aiohttp,fe1854be722a57ea8714b4de4f3baab1279e1a74,2020-10-24T13:31:29+03:00,tests/test_web_protocol.py,805,0,0,513
aiohttp,fe1854be722a57ea8714b4de4f3baab1279e1a74,2020-10-24T13:31:29+03:00,tests/test_client_functional.py,3026,0,0,3084
aiohttp,fe1854be722a57ea8714b4de4f3baab1279e1a74,2020-10-24T13:31:29+03:00,tests/test_web_app.py,567,0,0,324
aiohttp,fe1854be722a57ea8714b4de4f3baab1279e1a74,2020-10-24T13:31:29+03:00,examples/web_ws.py,58,0,0,64
aiohttp,fe1854be722a57ea8714b4de4f3baab1279e1a74,2020-10-24T13:31:29+03:00,examples/curl.py,31,0,0,36
aiohttp,fe1854be722a57ea8714b4de4f3baab1279e1a74,2020-10-24T13:31:29+03:00,tests/test_web_websocket.py,440,0,0,240
aiohttp,fe1854be722a57ea8714b4de4f3baab1279e1a74,2020-10-24T13:31:29+03:00,aiohttp/tracing.py,445,0,0,718
aiohttp,fe1854be722a57ea8714b4de4f3baab1279e1a74,2020-10-24T13:31:29+03:00,tests/test_web_functional.py,2017,0,0,2301
aiohttp,fe1854be722a57ea8714b4de4f3baab1279e1a74,2020-10-24T13:31:29+03:00,tests/test_client_response.py,1170,0,0,2606
aiohttp,fe1854be722a57ea8714b4de4f3baab1279e1a74,2020-10-24T13:31:29+03:00,examples/web_srv.py,57,0,0,56
aiohttp,fe1854be722a57ea8714b4de4f3baab1279e1a74,2020-10-24T13:31:29+03:00,aiohttp/web_middlewares.py,120,0,0,109
aiohttp,fe1854be722a57ea8714b4de4f3baab1279e1a74,2020-10-24T13:31:29+03:00,tests/test_client_request.py,1224,0,0,1624
aiohttp,fe1854be722a57ea8714b4de4f3baab1279e1a74,2020-10-24T13:31:29+03:00,tests/test_locks.py,55,0,0,2
aiohttp,fe1854be722a57ea8714b4de4f3baab1279e1a74,2020-10-24T13:31:29+03:00,tests/test_resolver.py,216,0,0,159
aiohttp,fe1854be722a57ea8714b4de4f3baab1279e1a74,2020-10-24T13:31:29+03:00,tests/test_web_server.py,165,0,0,177
aiohttp,fe1854be722a57ea8714b4de4f3baab1279e1a74,2020-10-24T13:31:29+03:00,examples/static_files.py,8,0,0,7
aiohttp,fe1854be722a57ea8714b4de4f3baab1279e1a74,2020-10-24T13:31:29+03:00,aiohttp/payload.py,459,6,0,560
aiohttp,fe1854be722a57ea8714b4de4f3baab1279e1a74,2020-10-24T13:31:29+03:00,aiohttp/helpers.py,725,0,0,775
aiohttp,fe1854be722a57ea8714b4de4f3baab1279e1a74,2020-10-24T13:31:29+03:00,tests/test_run_app.py,723,0,0,1124
aiohttp,fe1854be722a57ea8714b4de4f3baab1279e1a74,2020-10-24T13:31:29+03:00,examples/lowlevel_srv.py,26,0,0,4
aiohttp,fe1854be722a57ea8714b4de4f3baab1279e1a74,2020-10-24T13:31:29+03:00,examples/web_rewrite_headers_middleware.py,30,0,0,8
aiohttp,fe1854be722a57ea8714b4de4f3baab1279e1a74,2020-10-24T13:31:29+03:00,aiohttp/worker.py,245,2,1,160
aiohttp,fe1854be722a57ea8714b4de4f3baab1279e1a74,2020-10-24T13:31:29+03:00,aiohttp/http_writer.py,177,0,0,168
aiohttp,fe1854be722a57ea8714b4de4f3baab1279e1a74,2020-10-24T13:31:29+03:00,aiohttp/web_app.py,518,0,0,455
aiohttp,fe1854be722a57ea8714b4de4f3baab1279e1a74,2020-10-24T13:31:29+03:00,tests/test_web_websocket_functional.py,786,0,0,546
aiohttp,fe1854be722a57ea8714b4de4f3baab1279e1a74,2020-10-24T13:31:29+03:00,aiohttp/client_ws.py,301,13,0,261
aiohttp,fe1854be722a57ea8714b4de4f3baab1279e1a74,2020-10-24T13:31:29+03:00,examples/client_auth.py,23,0,0,20
aiohttp,fe1854be722a57ea8714b4de4f3baab1279e1a74,2020-10-24T13:31:29+03:00,tests/test_websocket_writer.py,108,0,0,164
aiohttp,fe1854be722a57ea8714b4de4f3baab1279e1a74,2020-10-24T13:31:29+03:00,aiohttp/http_websocket.py,670,4,0,608
aiohttp,fe1854be722a57ea8714b4de4f3baab1279e1a74,2020-10-24T13:31:29+03:00,tests/test_cookiejar.py,694,0,0,860
aiohttp,fe1854be722a57ea8714b4de4f3baab1279e1a74,2020-10-24T13:31:29+03:00,aiohttp/tcp_helpers.py,36,0,0,36
aiohttp,fe1854be722a57ea8714b4de4f3baab1279e1a74,2020-10-24T13:31:29+03:00,tests/test_frozenlist.py,231,0,0,22
aiohttp,fe1854be722a57ea8714b4de4f3baab1279e1a74,2020-10-24T13:31:29+03:00,aiohttp/signals.py,34,0,0,20
aiohttp,fe1854be722a57ea8714b4de4f3baab1279e1a74,2020-10-24T13:31:29+03:00,aiohttp/web_exceptions.py,413,0,0,517
aiohttp,fe1854be722a57ea8714b4de4f3baab1279e1a74,2020-10-24T13:31:29+03:00,aiohttp/web_routedef.py,196,0,0,232
aiohttp,fe1854be722a57ea8714b4de4f3baab1279e1a74,2020-10-24T13:31:29+03:00,tests/test_worker.py,289,0,0,144
aiohttp,fe1854be722a57ea8714b4de4f3baab1279e1a74,2020-10-24T13:31:29+03:00,tools/check_sum.py,0,0,0,150
aiohttp,21805dc1d3b42b2af7f22e227cef8cb4bd6705ff,2020-10-26T09:51:16+02:00,aiohttp/web_middlewares.py,125,0,0,6
aiohttp,21805dc1d3b42b2af7f22e227cef8cb4bd6705ff,2020-10-26T09:51:16+02:00,aiohttp/web_fileresponse.py,360,0,0,489
aiohttp,21805dc1d3b42b2af7f22e227cef8cb4bd6705ff,2020-10-26T09:51:16+02:00,aiohttp/test_utils.py,670,0,0,51
aiohttp,21805dc1d3b42b2af7f22e227cef8cb4bd6705ff,2020-10-26T09:51:16+02:00,aiohttp/resolver.py,103,0,0,18
aiohttp,21805dc1d3b42b2af7f22e227cef8cb4bd6705ff,2020-10-26T09:51:16+02:00,aiohttp/pytest_plugin.py,363,5,0,6
aiohttp,21805dc1d3b42b2af7f22e227cef8cb4bd6705ff,2020-10-26T09:51:16+02:00,tests/test_web_sendfile_functional.py,828,0,0,51
aiohttp,21805dc1d3b42b2af7f22e227cef8cb4bd6705ff,2020-10-26T09:51:16+02:00,examples/cli_app.py,50,0,0,3
aiohttp,21805dc1d3b42b2af7f22e227cef8cb4bd6705ff,2020-10-26T09:51:16+02:00,aiohttp/client_proto.py,258,0,0,6
aiohttp,21805dc1d3b42b2af7f22e227cef8cb4bd6705ff,2020-10-26T09:51:16+02:00,aiohttp/locks.py,45,0,0,6
aiohttp,21805dc1d3b42b2af7f22e227cef8cb4bd6705ff,2020-10-26T09:51:16+02:00,aiohttp/web.py,583,4,0,8
aiohttp,21805dc1d3b42b2af7f22e227cef8cb4bd6705ff,2020-10-26T09:51:16+02:00,aiohttp/http.py,72,0,0,12
aiohttp,21805dc1d3b42b2af7f22e227cef8cb4bd6705ff,2020-10-26T09:51:16+02:00,aiohttp/web_response.py,789,4,0,24
aiohttp,21805dc1d3b42b2af7f22e227cef8cb4bd6705ff,2020-10-26T09:51:16+02:00,aiohttp/typedefs.py,41,0,0,16
aiohttp,21805dc1d3b42b2af7f22e227cef8cb4bd6705ff,2020-10-26T09:51:16+02:00,aiohttp/payload.py,443,4,0,6
aiohttp,21805dc1d3b42b2af7f22e227cef8cb4bd6705ff,2020-10-26T09:51:16+02:00,examples/static_files.py,8,0,0,3
aiohttp,21805dc1d3b42b2af7f22e227cef8cb4bd6705ff,2020-10-26T09:51:16+02:00,aiohttp/client_exceptions.py,289,0,0,21
aiohttp,21805dc1d3b42b2af7f22e227cef8cb4bd6705ff,2020-10-26T09:51:16+02:00,tests/test_client_ws.py,689,0,0,276
aiohttp,21805dc1d3b42b2af7f22e227cef8cb4bd6705ff,2020-10-26T09:51:16+02:00,aiohttp/helpers.py,801,0,0,18
aiohttp,21805dc1d3b42b2af7f22e227cef8cb4bd6705ff,2020-10-26T09:51:16+02:00,aiohttp/client_reqrep.py,1059,2,0,48
aiohttp,21805dc1d3b42b2af7f22e227cef8cb4bd6705ff,2020-10-26T09:51:16+02:00,aiohttp/web_protocol.py,694,0,0,30
aiohttp,21805dc1d3b42b2af7f22e227cef8cb4bd6705ff,2020-10-26T09:51:16+02:00,aiohttp/web_ws.py,501,12,0,6
aiohttp,21805dc1d3b42b2af7f22e227cef8cb4bd6705ff,2020-10-26T09:51:16+02:00,examples/client_json.py,21,0,0,3
aiohttp,21805dc1d3b42b2af7f22e227cef8cb4bd6705ff,2020-10-26T09:51:16+02:00,tests/test_run_app.py,857,0,0,34
aiohttp,21805dc1d3b42b2af7f22e227cef8cb4bd6705ff,2020-10-26T09:51:16+02:00,aiohttp/web_request.py,838,0,0,30
aiohttp,21805dc1d3b42b2af7f22e227cef8cb4bd6705ff,2020-10-26T09:51:16+02:00,aiohttp/cookiejar.py,382,0,0,24
aiohttp,21805dc1d3b42b2af7f22e227cef8cb4bd6705ff,2020-10-26T09:51:16+02:00,aiohttp/abc.py,205,0,0,12
aiohttp,21805dc1d3b42b2af7f22e227cef8cb4bd6705ff,2020-10-26T09:51:16+02:00,aiohttp/web_urldispatcher.py,1214,2,0,12
aiohttp,21805dc1d3b42b2af7f22e227cef8cb4bd6705ff,2020-10-26T09:51:16+02:00,examples/fake_server.py,113,0,0,3
aiohttp,21805dc1d3b42b2af7f22e227cef8cb4bd6705ff,2020-10-26T09:51:16+02:00,aiohttp/worker.py,240,0,1,6
aiohttp,21805dc1d3b42b2af7f22e227cef8cb4bd6705ff,2020-10-26T09:51:16+02:00,aiohttp/http_writer.py,192,0,0,6
aiohttp,21805dc1d3b42b2af7f22e227cef8cb4bd6705ff,2020-10-26T09:51:16+02:00,aiohttp/web_app.py,401,1,0,10
aiohttp,21805dc1d3b42b2af7f22e227cef8cb4bd6705ff,2020-10-26T09:51:16+02:00,aiohttp/client_ws.py,309,10,0,12
aiohttp,21805dc1d3b42b2af7f22e227cef8cb4bd6705ff,2020-10-26T09:51:16+02:00,examples/client_auth.py,22,0,0,3
aiohttp,21805dc1d3b42b2af7f22e227cef8cb4bd6705ff,2020-10-26T09:51:16+02:00,aiohttp/streams.py,634,8,0,97
aiohttp,21805dc1d3b42b2af7f22e227cef8cb4bd6705ff,2020-10-26T09:51:16+02:00,tools/gen.py,167,0,0,121
aiohttp,21805dc1d3b42b2af7f22e227cef8cb4bd6705ff,2020-10-26T09:51:16+02:00,aiohttp/multipart.py,1014,0,0,63
aiohttp,21805dc1d3b42b2af7f22e227cef8cb4bd6705ff,2020-10-26T09:51:16+02:00,aiohttp/formdata.py,170,0,0,6
aiohttp,21805dc1d3b42b2af7f22e227cef8cb4bd6705ff,2020-10-26T09:51:16+02:00,aiohttp/web_runner.py,430,5,0,0
aiohttp,21805dc1d3b42b2af7f22e227cef8cb4bd6705ff,2020-10-26T09:51:16+02:00,aiohttp/http_websocket.py,689,6,0,0
aiohttp,21805dc1d3b42b2af7f22e227cef8cb4bd6705ff,2020-10-26T09:51:16+02:00,aiohttp/http_parser.py,908,8,0,18
aiohttp,21805dc1d3b42b2af7f22e227cef8cb4bd6705ff,2020-10-26T09:51:16+02:00,aiohttp/web_server.py,69,1,0,0
aiohttp,21805dc1d3b42b2af7f22e227cef8cb4bd6705ff,2020-10-26T09:51:16+02:00,aiohttp/connector.py,1230,5,0,72
aiohttp,21805dc1d3b42b2af7f22e227cef8cb4bd6705ff,2020-10-26T09:51:16+02:00,aiohttp/__init__.py,215,0,0,8
aiohttp,21805dc1d3b42b2af7f22e227cef8cb4bd6705ff,2020-10-26T09:51:16+02:00,aiohttp/client.py,1233,2,0,63
aiohttp,21805dc1d3b42b2af7f22e227cef8cb4bd6705ff,2020-10-26T09:51:16+02:00,aiohttp/tracing.py,471,0,0,18
aiohttp,21805dc1d3b42b2af7f22e227cef8cb4bd6705ff,2020-10-26T09:51:16+02:00,aiohttp/web_routedef.py,218,0,0,24
aiohttp,21805dc1d3b42b2af7f22e227cef8cb4bd6705ff,2020-10-26T09:51:16+02:00,aiohttp/hdrs.py,109,0,0,3
aiohttp,21805dc1d3b42b2af7f22e227cef8cb4bd6705ff,2020-10-26T09:51:16+02:00,tools/check_sum.py,0,0,0,150
aiohttp,21805dc1d3b42b2af7f22e227cef8cb4bd6705ff,2020-10-26T09:51:16+02:00,tests/test_streams.py,1362,0,0,228
aiohttp,a2fef0f00c4354e402d57d00ac53345000640c6a,2020-11-14T15:31:39+02:00,aiohttp/test_utils.py,661,0,0,80
aiohttp,a2fef0f00c4354e402d57d00ac53345000640c6a,2020-11-14T15:31:39+02:00,tests/test_proxy.py,745,0,0,35
aiohttp,a2fef0f00c4354e402d57d00ac53345000640c6a,2020-11-14T15:31:39+02:00,examples/client_ws.py,74,0,0,8
aiohttp,a2fef0f00c4354e402d57d00ac53345000640c6a,2020-11-14T15:31:39+02:00,tests/test_route_def.py,320,0,0,36
aiohttp,a2fef0f00c4354e402d57d00ac53345000640c6a,2020-11-14T15:31:39+02:00,aiohttp/pytest_plugin.py,363,5,0,12
aiohttp,a2fef0f00c4354e402d57d00ac53345000640c6a,2020-11-14T15:31:39+02:00,tests/test_web_sendfile_functional.py,837,0,0,101
aiohttp,a2fef0f00c4354e402d57d00ac53345000640c6a,2020-11-14T15:31:39+02:00,tests/test_web_log.py,250,0,0,16
aiohttp,a2fef0f00c4354e402d57d00ac53345000640c6a,2020-11-14T15:31:39+02:00,tests/conftest.py,195,0,0,39
aiohttp,a2fef0f00c4354e402d57d00ac53345000640c6a,2020-11-14T15:31:39+02:00,tests/test_helpers.py,753,0,0,44
aiohttp,a2fef0f00c4354e402d57d00ac53345000640c6a,2020-11-14T15:31:39+02:00,tests/test_web_urldispatcher.py,450,0,0,41
aiohttp,a2fef0f00c4354e402d57d00ac53345000640c6a,2020-11-14T15:31:39+02:00,setup.py,132,0,0,32
aiohttp,a2fef0f00c4354e402d57d00ac53345000640c6a,2020-11-14T15:31:39+02:00,tests/test_multipart.py,1441,0,0,229
aiohttp,a2fef0f00c4354e402d57d00ac53345000640c6a,2020-11-14T15:31:39+02:00,examples/web_cookies.py,45,0,0,8
aiohttp,a2fef0f00c4354e402d57d00ac53345000640c6a,2020-11-14T15:31:39+02:00,tests/test_connector.py,2255,0,0,287
aiohttp,a2fef0f00c4354e402d57d00ac53345000640c6a,2020-11-14T15:31:39+02:00,tests/test_urldispatch.py,1290,0,0,262
aiohttp,a2fef0f00c4354e402d57d00ac53345000640c6a,2020-11-14T15:31:39+02:00,aiohttp/web.py,587,4,0,3
aiohttp,a2fef0f00c4354e402d57d00ac53345000640c6a,2020-11-14T15:31:39+02:00,tests/test_web_response.py,1093,0,0,40
aiohttp,a2fef0f00c4354e402d57d00ac53345000640c6a,2020-11-14T15:31:39+02:00,examples/web_srv_route_deco.py,62,0,0,10
aiohttp,a2fef0f00c4354e402d57d00ac53345000640c6a,2020-11-14T15:31:39+02:00,aiohttp/client_exceptions.py,284,0,0,62
aiohttp,a2fef0f00c4354e402d57d00ac53345000640c6a,2020-11-14T15:31:39+02:00,tests/test_client_ws.py,689,0,0,78
aiohttp,a2fef0f00c4354e402d57d00ac53345000640c6a,2020-11-14T15:31:39+02:00,tests/test_websocket_parser.py,505,0,0,89
aiohttp,a2fef0f00c4354e402d57d00ac53345000640c6a,2020-11-14T15:31:39+02:00,aiohttp/web_ws.py,501,12,0,46
aiohttp,a2fef0f00c4354e402d57d00ac53345000640c6a,2020-11-14T15:31:39+02:00,tests/test_client_exceptions.py,294,0,0,8
aiohttp,a2fef0f00c4354e402d57d00ac53345000640c6a,2020-11-14T15:31:39+02:00,tests/test_web_request_handler.py,61,0,0,4
aiohttp,a2fef0f00c4354e402d57d00ac53345000640c6a,2020-11-14T15:31:39+02:00,examples/client_json.py,22,0,0,4
aiohttp,a2fef0f00c4354e402d57d00ac53345000640c6a,2020-11-14T15:31:39+02:00,aiohttp/web_request.py,838,0,0,44
aiohttp,a2fef0f00c4354e402d57d00ac53345000640c6a,2020-11-14T15:31:39+02:00,aiohttp/cookiejar.py,380,0,0,151
aiohttp,a2fef0f00c4354e402d57d00ac53345000640c6a,2020-11-14T15:31:39+02:00,aiohttp/web_urldispatcher.py,1214,2,0,0
aiohttp,a2fef0f00c4354e402d57d00ac53345000640c6a,2020-11-14T15:31:39+02:00,tests/test_http_parser.py,1123,0,0,212
aiohttp,a2fef0f00c4354e402d57d00ac53345000640c6a,2020-11-14T15:31:39+02:00,examples/background_tasks.py,66,0,0,17
aiohttp,a2fef0f00c4354e402d57d00ac53345000640c6a,2020-11-14T15:31:39+02:00,examples/fake_server.py,114,0,0,41
aiohttp,a2fef0f00c4354e402d57d00ac53345000640c6a,2020-11-14T15:31:39+02:00,examples/web_srv_route_table.py,64,0,0,10
aiohttp,a2fef0f00c4354e402d57d00ac53345000640c6a,2020-11-14T15:31:39+02:00,tests/test_web_cli.py,129,0,0,22
aiohttp,a2fef0f00c4354e402d57d00ac53345000640c6a,2020-11-14T15:31:39+02:00,aiohttp/frozenlist.py,72,0,0,144
aiohttp,a2fef0f00c4354e402d57d00ac53345000640c6a,2020-11-14T15:31:39+02:00,tests/test_proxy_functional.py,659,0,0,96
aiohttp,a2fef0f00c4354e402d57d00ac53345000640c6a,2020-11-14T15:31:39+02:00,examples/web_classview.py,62,0,0,9
aiohttp,a2fef0f00c4354e402d57d00ac53345000640c6a,2020-11-14T15:31:39+02:00,tests/test_pytest_plugin.py,346,0,0,25
aiohttp,a2fef0f00c4354e402d57d00ac53345000640c6a,2020-11-14T15:31:39+02:00,aiohttp/streams.py,642,8,0,22
aiohttp,a2fef0f00c4354e402d57d00ac53345000640c6a,2020-11-14T15:31:39+02:00,aiohttp/web_server.py,69,1,0,3
aiohttp,a2fef0f00c4354e402d57d00ac53345000640c6a,2020-11-14T15:31:39+02:00,tests/test_web_middleware.py,439,0,0,43
aiohttp,a2fef0f00c4354e402d57d00ac53345000640c6a,2020-11-14T15:31:39+02:00,tests/test_web_sendfile.py,118,0,0,21
aiohttp,a2fef0f00c4354e402d57d00ac53345000640c6a,2020-11-14T15:31:39+02:00,tests/test_web_protocol.py,805,0,0,1701
aiohttp,a2fef0f00c4354e402d57d00ac53345000640c6a,2020-11-14T15:31:39+02:00,aiohttp/connector.py,1228,5,0,43
aiohttp,a2fef0f00c4354e402d57d00ac53345000640c6a,2020-11-14T15:31:39+02:00,tests/test_client_functional.py,2946,0,0,321
aiohttp,a2fef0f00c4354e402d57d00ac53345000640c6a,2020-11-14T15:31:39+02:00,tools/cleanup_changes.py,0,0,0,50
aiohttp,a2fef0f00c4354e402d57d00ac53345000640c6a,2020-11-14T15:31:39+02:00,tests/test_web_exceptions.py,332,0,0,11
aiohttp,a2fef0f00c4354e402d57d00ac53345000640c6a,2020-11-14T15:31:39+02:00,tests/test_web_app.py,457,0,0,12
aiohttp,a2fef0f00c4354e402d57d00ac53345000640c6a,2020-11-14T15:31:39+02:00,tests/test_signals.py,167,0,0,364
aiohttp,a2fef0f00c4354e402d57d00ac53345000640c6a,2020-11-14T15:31:39+02:00,examples/web_ws.py,58,0,0,7
aiohttp,a2fef0f00c4354e402d57d00ac53345000640c6a,2020-11-14T15:31:39+02:00,tests/test_base_protocol.py,182,0,0,4
aiohttp,a2fef0f00c4354e402d57d00ac53345000640c6a,2020-11-14T15:31:39+02:00,aiohttp/client.py,1226,2,0,22
aiohttp,a2fef0f00c4354e402d57d00ac53345000640c6a,2020-11-14T15:31:39+02:00,tests/test_client_ws_functional.py,864,0,0,68
aiohttp,a2fef0f00c4354e402d57d00ac53345000640c6a,2020-11-14T15:31:39+02:00,tests/test_websocket_handshake.py,296,0,0,15
aiohttp,a2fef0f00c4354e402d57d00ac53345000640c6a,2020-11-14T15:31:39+02:00,tests/test_client_session.py,683,0,0,90
aiohttp,a2fef0f00c4354e402d57d00ac53345000640c6a,2020-11-14T15:31:39+02:00,tests/test_web_websocket.py,412,0,0,64
aiohttp,a2fef0f00c4354e402d57d00ac53345000640c6a,2020-11-14T15:31:39+02:00,examples/curl.py,35,0,0,2
aiohttp,a2fef0f00c4354e402d57d00ac53345000640c6a,2020-11-14T15:31:39+02:00,aiohttp/tracing.py,471,0,0,38
aiohttp,a2fef0f00c4354e402d57d00ac53345000640c6a,2020-11-14T15:31:39+02:00,tests/test_web_functional.py,1925,0,0,277
aiohttp,a2fef0f00c4354e402d57d00ac53345000640c6a,2020-11-14T15:31:39+02:00,tests/test_client_response.py,1243,0,0,84
aiohttp,a2fef0f00c4354e402d57d00ac53345000640c6a,2020-11-14T15:31:39+02:00,examples/web_srv.py,59,0,0,10
aiohttp,a2fef0f00c4354e402d57d00ac53345000640c6a,2020-11-14T15:31:39+02:00,aiohttp/resolver.py,107,0,0,6
aiohttp,a2fef0f00c4354e402d57d00ac53345000640c6a,2020-11-14T15:31:39+02:00,tests/test_classbasedview.py,55,0,0,6
aiohttp,a2fef0f00c4354e402d57d00ac53345000640c6a,2020-11-14T15:31:39+02:00,tests/test_client_request.py,1190,0,0,274
aiohttp,a2fef0f00c4354e402d57d00ac53345000640c6a,2020-11-14T15:31:39+02:00,tests/test_locks.py,54,0,0,13
aiohttp,a2fef0f00c4354e402d57d00ac53345000640c6a,2020-11-14T15:31:39+02:00,examples/cli_app.py,51,0,0,5
aiohttp,a2fef0f00c4354e402d57d00ac53345000640c6a,2020-11-14T15:31:39+02:00,aiohttp/client_proto.py,258,0,0,12
aiohttp,a2fef0f00c4354e402d57d00ac53345000640c6a,2020-11-14T15:31:39+02:00,tests/test_http_writer.py,248,0,0,68
aiohttp,a2fef0f00c4354e402d57d00ac53345000640c6a,2020-11-14T15:31:39+02:00,tests/test_resolver.py,162,0,0,41
aiohttp,a2fef0f00c4354e402d57d00ac53345000640c6a,2020-11-14T15:31:39+02:00,aiohttp/web_response.py,718,4,0,0
aiohttp,a2fef0f00c4354e402d57d00ac53345000640c6a,2020-11-14T15:31:39+02:00,tests/test_web_server.py,171,0,0,32
aiohttp,a2fef0f00c4354e402d57d00ac53345000640c6a,2020-11-14T15:31:39+02:00,aiohttp/payload.py,443,4,0,12
aiohttp,a2fef0f00c4354e402d57d00ac53345000640c6a,2020-11-14T15:31:39+02:00,tests/test_client_fingerprint.py,34,0,0,5
aiohttp,a2fef0f00c4354e402d57d00ac53345000640c6a,2020-11-14T15:31:39+02:00,tests/test_loop.py,43,0,0,13
aiohttp,a2fef0f00c4354e402d57d00ac53345000640c6a,2020-11-14T15:31:39+02:00,aiohttp/web_protocol.py,695,0,0,346
aiohttp,a2fef0f00c4354e402d57d00ac53345000640c6a,2020-11-14T15:31:39+02:00,aiohttp/client_reqrep.py,1059,2,0,21
aiohttp,a2fef0f00c4354e402d57d00ac53345000640c6a,2020-11-14T15:31:39+02:00,aiohttp/helpers.py,891,0,0,120
aiohttp,a2fef0f00c4354e402d57d00ac53345000640c6a,2020-11-14T15:31:39+02:00,tests/test_run_app.py,871,0,0,104
aiohttp,a2fef0f00c4354e402d57d00ac53345000640c6a,2020-11-14T15:31:39+02:00,examples/lowlevel_srv.py,26,0,0,6
aiohttp,a2fef0f00c4354e402d57d00ac53345000640c6a,2020-11-14T15:31:39+02:00,aiohttp/abc.py,205,0,0,22
aiohttp,a2fef0f00c4354e402d57d00ac53345000640c6a,2020-11-14T15:31:39+02:00,examples/server_simple.py,31,0,0,4
aiohttp,a2fef0f00c4354e402d57d00ac53345000640c6a,2020-11-14T15:31:39+02:00,aiohttp/worker.py,240,0,1,0
aiohttp,a2fef0f00c4354e402d57d00ac53345000640c6a,2020-11-14T15:31:39+02:00,tests/test_http_exceptions.py,149,0,0,1
aiohttp,a2fef0f00c4354e402d57d00ac53345000640c6a,2020-11-14T15:31:39+02:00,tests/test_flowcontrol_streams.py,129,0,0,32
aiohttp,a2fef0f00c4354e402d57d00ac53345000640c6a,2020-11-14T15:31:39+02:00,aiohttp/web_app.py,401,1,0,9
aiohttp,a2fef0f00c4354e402d57d00ac53345000640c6a,2020-11-14T15:31:39+02:00,examples/web_rewrite_headers_middleware.py,29,0,0,9
aiohttp,a2fef0f00c4354e402d57d00ac53345000640c6a,2020-11-14T15:31:39+02:00,tests/test_web_runner.py,207,0,0,32
aiohttp,a2fef0f00c4354e402d57d00ac53345000640c6a,2020-11-14T15:31:39+02:00,tests/test_web_websocket_functional.py,810,0,0,118
aiohttp,a2fef0f00c4354e402d57d00ac53345000640c6a,2020-11-14T15:31:39+02:00,aiohttp/client_ws.py,309,10,0,46
aiohttp,a2fef0f00c4354e402d57d00ac53345000640c6a,2020-11-14T15:31:39+02:00,tests/test_formdata.py,99,0,0,18
aiohttp,a2fef0f00c4354e402d57d00ac53345000640c6a,2020-11-14T15:31:39+02:00,tests/test_client_connection.py,135,0,0,41
aiohttp,a2fef0f00c4354e402d57d00ac53345000640c6a,2020-11-14T15:31:39+02:00,examples/client_auth.py,23,0,0,4
aiohttp,a2fef0f00c4354e402d57d00ac53345000640c6a,2020-11-14T15:31:39+02:00,tests/test_websocket_writer.py,106,0,0,26
aiohttp,a2fef0f00c4354e402d57d00ac53345000640c6a,2020-11-14T15:31:39+02:00,aiohttp/web_runner.py,430,5,0,3
aiohttp,a2fef0f00c4354e402d57d00ac53345000640c6a,2020-11-14T15:31:39+02:00,aiohttp/http_websocket.py,689,6,0,4
aiohttp,a2fef0f00c4354e402d57d00ac53345000640c6a,2020-11-14T15:31:39+02:00,aiohttp/http_parser.py,908,8,0,60
aiohttp,a2fef0f00c4354e402d57d00ac53345000640c6a,2020-11-14T15:31:39+02:00,tests/test_client_proto.py,136,0,0,22
aiohttp,a2fef0f00c4354e402d57d00ac53345000640c6a,2020-11-14T15:31:39+02:00,tests/test_cookiejar.py,700,0,0,133
aiohttp,a2fef0f00c4354e402d57d00ac53345000640c6a,2020-11-14T15:31:39+02:00,aiohttp/__init__.py,215,0,0,4
aiohttp,a2fef0f00c4354e402d57d00ac53345000640c6a,2020-11-14T15:31:39+02:00,tests/test_payload.py,117,0,0,23
aiohttp,a2fef0f00c4354e402d57d00ac53345000640c6a,2020-11-14T15:31:39+02:00,tests/test_test_utils.py,318,0,0,70
aiohttp,a2fef0f00c4354e402d57d00ac53345000640c6a,2020-11-14T15:31:39+02:00,tests/test_frozenlist.py,230,0,0,474
aiohttp,a2fef0f00c4354e402d57d00ac53345000640c6a,2020-11-14T15:31:39+02:00,tests/test_tcp_helpers.py,73,0,0,6
aiohttp,a2fef0f00c4354e402d57d00ac53345000640c6a,2020-11-14T15:31:39+02:00,docs/conf.py,347,0,0,8
aiohttp,a2fef0f00c4354e402d57d00ac53345000640c6a,2020-11-14T15:31:39+02:00,aiohttp/signals.py,34,0,0,68
aiohttp,a2fef0f00c4354e402d57d00ac53345000640c6a,2020-11-14T15:31:39+02:00,aiohttp/web_routedef.py,218,0,0,7
aiohttp,a2fef0f00c4354e402d57d00ac53345000640c6a,2020-11-14T15:31:39+02:00,tests/test_web_request.py,821,0,0,25
aiohttp,a2fef0f00c4354e402d57d00ac53345000640c6a,2020-11-14T15:31:39+02:00,tests/test_worker.py,290,0,0,7
aiohttp,a2fef0f00c4354e402d57d00ac53345000640c6a,2020-11-14T15:31:39+02:00,tests/test_tracing.py,123,0,0,4
aiohttp,a2fef0f00c4354e402d57d00ac53345000640c6a,2020-11-14T15:31:39+02:00,tests/test_streams.py,1473,0,0,85
aiohttp,354e2ff385c0bb0416f6598fd6093ae6641e3338,2021-11-03T17:42:04+02:00,aiohttp/web_middlewares.py,121,0,0,22
aiohttp,354e2ff385c0bb0416f6598fd6093ae6641e3338,2021-11-03T17:42:04+02:00,aiohttp/test_utils.py,706,0,0,68
aiohttp,354e2ff385c0bb0416f6598fd6093ae6641e3338,2021-11-03T17:42:04+02:00,aiohttp/resolver.py,152,2,0,96
aiohttp,354e2ff385c0bb0416f6598fd6093ae6641e3338,2021-11-03T17:42:04+02:00,aiohttp/pytest_plugin.py,392,5,0,63
aiohttp,354e2ff385c0bb0416f6598fd6093ae6641e3338,2021-11-03T17:42:04+02:00,tests/conftest.py,112,0,0,10
aiohttp,354e2ff385c0bb0416f6598fd6093ae6641e3338,2021-11-03T17:42:04+02:00,tests/test_helpers.py,765,0,0,8
aiohttp,354e2ff385c0bb0416f6598fd6093ae6641e3338,2021-11-03T17:42:04+02:00,examples/web_cookies.py,46,0,0,9
aiohttp,354e2ff385c0bb0416f6598fd6093ae6641e3338,2021-11-03T17:42:04+02:00,aiohttp/locks.py,40,0,0,15
aiohttp,354e2ff385c0bb0416f6598fd6093ae6641e3338,2021-11-03T17:42:04+02:00,tests/test_web_urldispatcher.py,567,0,0,12
aiohttp,354e2ff385c0bb0416f6598fd6093ae6641e3338,2021-11-03T17:42:04+02:00,tests/test_resolver.py,263,0,0,6
aiohttp,354e2ff385c0bb0416f6598fd6093ae6641e3338,2021-11-03T17:42:04+02:00,aiohttp/web.py,586,4,0,0
aiohttp,354e2ff385c0bb0416f6598fd6093ae6641e3338,2021-11-03T17:42:04+02:00,aiohttp/web_response.py,826,4,0,2
aiohttp,354e2ff385c0bb0416f6598fd6093ae6641e3338,2021-11-03T17:42:04+02:00,aiohttp/payload.py,465,4,0,0
aiohttp,354e2ff385c0bb0416f6598fd6093ae6641e3338,2021-11-03T17:42:04+02:00,examples/web_srv_route_deco.py,62,0,0,12
aiohttp,354e2ff385c0bb0416f6598fd6093ae6641e3338,2021-11-03T17:42:04+02:00,aiohttp/client_exceptions.py,341,2,0,9
aiohttp,354e2ff385c0bb0416f6598fd6093ae6641e3338,2021-11-03T17:42:04+02:00,aiohttp/helpers.py,872,0,0,36
aiohttp,354e2ff385c0bb0416f6598fd6093ae6641e3338,2021-11-03T17:42:04+02:00,aiohttp/client_reqrep.py,1133,5,0,6
aiohttp,354e2ff385c0bb0416f6598fd6093ae6641e3338,2021-11-03T17:42:04+02:00,aiohttp/web_protocol.py,674,0,0,80
aiohttp,354e2ff385c0bb0416f6598fd6093ae6641e3338,2021-11-03T17:42:04+02:00,aiohttp/web_ws.py,487,12,0,0
aiohttp,354e2ff385c0bb0416f6598fd6093ae6641e3338,2021-11-03T17:42:04+02:00,aiohttp/web_request.py,875,0,0,15
aiohttp,354e2ff385c0bb0416f6598fd6093ae6641e3338,2021-11-03T17:42:04+02:00,aiohttp/web_urldispatcher.py,1233,2,0,123
aiohttp,354e2ff385c0bb0416f6598fd6093ae6641e3338,2021-11-03T17:42:04+02:00,tests/test_http_parser.py,1154,0,0,40
aiohttp,354e2ff385c0bb0416f6598fd6093ae6641e3338,2021-11-03T17:42:04+02:00,examples/web_srv_route_table.py,64,0,0,12
aiohttp,354e2ff385c0bb0416f6598fd6093ae6641e3338,2021-11-03T17:42:04+02:00,examples/web_rewrite_headers_middleware.py,30,0,0,15
aiohttp,354e2ff385c0bb0416f6598fd6093ae6641e3338,2021-11-03T17:42:04+02:00,aiohttp/worker.py,269,2,1,0
aiohttp,354e2ff385c0bb0416f6598fd6093ae6641e3338,2021-11-03T17:42:04+02:00,aiohttp/web_app.py,557,1,0,0
aiohttp,354e2ff385c0bb0416f6598fd6093ae6641e3338,2021-11-03T17:42:04+02:00,tests/test___all__.py,24,0,0,12
aiohttp,354e2ff385c0bb0416f6598fd6093ae6641e3338,2021-11-03T17:42:04+02:00,aiohttp/client_ws.py,300,10,0,0
aiohttp,354e2ff385c0bb0416f6598fd6093ae6641e3338,2021-11-03T17:42:04+02:00,examples/web_classview.py,63,0,0,9
aiohttp,354e2ff385c0bb0416f6598fd6093ae6641e3338,2021-11-03T17:42:04+02:00,aiohttp/streams.py,657,8,0,45
aiohttp,354e2ff385c0bb0416f6598fd6093ae6641e3338,2021-11-03T17:42:04+02:00,aiohttp/formdata.py,170,0,0,18
aiohttp,354e2ff385c0bb0416f6598fd6093ae6641e3338,2021-11-03T17:42:04+02:00,aiohttp/multipart.py,961,0,0,102
aiohttp,354e2ff385c0bb0416f6598fd6093ae6641e3338,2021-11-03T17:42:04+02:00,aiohttp/web_runner.py,381,5,0,0
aiohttp,354e2ff385c0bb0416f6598fd6093ae6641e3338,2021-11-03T17:42:04+02:00,aiohttp/http_websocket.py,701,6,0,0
aiohttp,354e2ff385c0bb0416f6598fd6093ae6641e3338,2021-11-03T17:42:04+02:00,aiohttp/http_parser.py,951,8,0,38
aiohttp,354e2ff385c0bb0416f6598fd6093ae6641e3338,2021-11-03T17:42:04+02:00,aiohttp/payload_streamer.py,74,0,0,6
aiohttp,354e2ff385c0bb0416f6598fd6093ae6641e3338,2021-11-03T17:42:04+02:00,aiohttp/connector.py,1448,6,0,57
aiohttp,354e2ff385c0bb0416f6598fd6093ae6641e3338,2021-11-03T17:42:04+02:00,tests/test_web_exceptions.py,245,0,0,8
aiohttp,354e2ff385c0bb0416f6598fd6093ae6641e3338,2021-11-03T17:42:04+02:00,aiohttp/__init__.py,216,0,0,2
aiohttp,354e2ff385c0bb0416f6598fd6093ae6641e3338,2021-11-03T17:42:04+02:00,examples/web_ws.py,58,0,0,9
aiohttp,354e2ff385c0bb0416f6598fd6093ae6641e3338,2021-11-03T17:42:04+02:00,aiohttp/client.py,1302,1,0,54
aiohttp,354e2ff385c0bb0416f6598fd6093ae6641e3338,2021-11-03T17:42:04+02:00,aiohttp/web_exceptions.py,441,4,0,0
aiohttp,354e2ff385c0bb0416f6598fd6093ae6641e3338,2021-11-03T17:42:04+02:00,aiohttp/tracing.py,470,0,0,30
aiohttp,354e2ff385c0bb0416f6598fd6093ae6641e3338,2021-11-03T17:42:04+02:00,examples/web_srv.py,59,0,0,9
aiohttp,64516524f7ba36d7efdd7853fe6414d8466accea,2022-08-29T21:51:29+00:00,aiohttp/test_utils.py,662,0,0,38
aiohttp,64516524f7ba36d7efdd7853fe6414d8466accea,2022-08-29T21:51:29+00:00,aiohttp/pytest_plugin.py,368,5,0,0
aiohttp,64516524f7ba36d7efdd7853fe6414d8466accea,2022-08-29T21:51:29+00:00,tests/test_client_request.py,1229,0,0,203
aiohttp,64516524f7ba36d7efdd7853fe6414d8466accea,2022-08-29T21:51:29+00:00,tests/test_web_sendfile_functional.py,906,0,0,348
aiohttp,64516524f7ba36d7efdd7853fe6414d8466accea,2022-08-29T21:51:29+00:00,tests/conftest.py,199,0,0,222
aiohttp,64516524f7ba36d7efdd7853fe6414d8466accea,2022-08-29T21:51:29+00:00,tests/test_helpers.py,977,0,0,8
aiohttp,64516524f7ba36d7efdd7853fe6414d8466accea,2022-08-29T21:51:29+00:00,tests/test_multipart.py,1482,0,0,3885
aiohttp,64516524f7ba36d7efdd7853fe6414d8466accea,2022-08-29T21:51:29+00:00,tests/test_connector.py,2282,0,0,30
aiohttp,64516524f7ba36d7efdd7853fe6414d8466accea,2022-08-29T21:51:29+00:00,aiohttp/web.py,591,4,0,0
aiohttp,64516524f7ba36d7efdd7853fe6414d8466accea,2022-08-29T21:51:29+00:00,aiohttp/web_response.py,758,4,0,0
aiohttp,64516524f7ba36d7efdd7853fe6414d8466accea,2022-08-29T21:51:29+00:00,aiohttp/payload.py,463,4,0,0
aiohttp,64516524f7ba36d7efdd7853fe6414d8466accea,2022-08-29T21:51:29+00:00,tests/test_circular_imports.py,91,0,0,112
aiohttp,64516524f7ba36d7efdd7853fe6414d8466accea,2022-08-29T21:51:29+00:00,aiohttp/helpers.py,1045,0,0,7
aiohttp,64516524f7ba36d7efdd7853fe6414d8466accea,2022-08-29T21:51:29+00:00,aiohttp/client_reqrep.py,1074,2,0,30
aiohttp,64516524f7ba36d7efdd7853fe6414d8466accea,2022-08-29T21:51:29+00:00,aiohttp/web_ws.py,520,13,0,0
aiohttp,64516524f7ba36d7efdd7853fe6414d8466accea,2022-08-29T21:51:29+00:00,tests/test_run_app.py,925,0,0,100
aiohttp,64516524f7ba36d7efdd7853fe6414d8466accea,2022-08-29T21:51:29+00:00,aiohttp/web_urldispatcher.py,1202,2,0,0
aiohttp,64516524f7ba36d7efdd7853fe6414d8466accea,2022-08-29T21:51:29+00:00,aiohttp/worker.py,258,0,1,0
aiohttp,64516524f7ba36d7efdd7853fe6414d8466accea,2022-08-29T21:51:29+00:00,aiohttp/web_app.py,446,1,0,0
aiohttp,64516524f7ba36d7efdd7853fe6414d8466accea,2022-08-29T21:51:29+00:00,tests/test_proxy_functional.py,881,0,0,15
aiohttp,64516524f7ba36d7efdd7853fe6414d8466accea,2022-08-29T21:51:29+00:00,tests/test_web_runner.py,267,0,0,20
aiohttp,64516524f7ba36d7efdd7853fe6414d8466accea,2022-08-29T21:51:29+00:00,aiohttp/client_ws.py,323,11,0,0
aiohttp,64516524f7ba36d7efdd7853fe6414d8466accea,2022-08-29T21:51:29+00:00,aiohttp/streams.py,644,8,0,0
aiohttp,64516524f7ba36d7efdd7853fe6414d8466accea,2022-08-29T21:51:29+00:00,aiohttp/web_runner.py,433,5,0,0
aiohttp,64516524f7ba36d7efdd7853fe6414d8466accea,2022-08-29T21:51:29+00:00,aiohttp/http_websocket.py,693,6,0,0
aiohttp,64516524f7ba36d7efdd7853fe6414d8466accea,2022-08-29T21:51:29+00:00,aiohttp/http_parser.py,964,8,0,0
aiohttp,64516524f7ba36d7efdd7853fe6414d8466accea,2022-08-29T21:51:29+00:00,aiohttp/web_server.py,77,1,0,0
aiohttp,64516524f7ba36d7efdd7853fe6414d8466accea,2022-08-29T21:51:29+00:00,aiohttp/connector.py,1373,7,0,24
aiohttp,64516524f7ba36d7efdd7853fe6414d8466accea,2022-08-29T21:51:29+00:00,tests/test_client_functional.py,3030,0,0,187
aiohttp,64516524f7ba36d7efdd7853fe6414d8466accea,2022-08-29T21:51:29+00:00,tests/test_web_app.py,531,0,0,88
aiohttp,64516524f7ba36d7efdd7853fe6414d8466accea,2022-08-29T21:51:29+00:00,tests/test_payload.py,120,0,0,18
aiohttp,64516524f7ba36d7efdd7853fe6414d8466accea,2022-08-29T21:51:29+00:00,tests/test_tcp_helpers.py,74,0,0,3
aiohttp,64516524f7ba36d7efdd7853fe6414d8466accea,2022-08-29T21:51:29+00:00,aiohttp/client.py,1270,2,0,9
aiohttp,64516524f7ba36d7efdd7853fe6414d8466accea,2022-08-29T21:51:29+00:00,tests/test_client_session.py,854,0,0,282
aiohttp,64516524f7ba36d7efdd7853fe6414d8466accea,2022-08-29T21:51:29+00:00,tests/test_web_functional.py,1967,0,0,139
aiohttp,64516524f7ba36d7efdd7853fe6414d8466accea,2022-08-29T21:51:29+00:00,tests/test_web_request.py,914,0,0,4
aiohttp,60b424b15cc15ffd03ff1303a6b84e0fd188e516,2022-09-20T15:28:08+02:00,aiohttp/client_ws.py,300,10,0,0
aiohttp,60b424b15cc15ffd03ff1303a6b84e0fd188e516,2022-09-20T15:28:08+02:00,tests/test_pytest_plugin.py,286,0,0,4
aiohttp,60b424b15cc15ffd03ff1303a6b84e0fd188e516,2022-09-20T15:28:08+02:00,aiohttp/resolver.py,160,2,0,0
aiohttp,60b424b15cc15ffd03ff1303a6b84e0fd188e516,2022-09-20T15:28:08+02:00,aiohttp/pytest_plugin.py,391,5,0,0
aiohttp,60b424b15cc15ffd03ff1303a6b84e0fd188e516,2022-09-20T15:28:08+02:00,aiohttp/streams.py,660,8,0,0
aiohttp,60b424b15cc15ffd03ff1303a6b84e0fd188e516,2022-09-20T15:28:08+02:00,aiohttp/web_runner.py,381,5,0,10
aiohttp,60b424b15cc15ffd03ff1303a6b84e0fd188e516,2022-09-20T15:28:08+02:00,aiohttp/http_websocket.py,701,6,0,0
aiohttp,60b424b15cc15ffd03ff1303a6b84e0fd188e516,2022-09-20T15:28:08+02:00,aiohttp/http_parser.py,969,8,0,0
aiohttp,60b424b15cc15ffd03ff1303a6b84e0fd188e516,2022-09-20T15:28:08+02:00,tests/test_web_middleware.py,516,0,0,7
aiohttp,60b424b15cc15ffd03ff1303a6b84e0fd188e516,2022-09-20T15:28:08+02:00,aiohttp/web.py,586,4,0,13
aiohttp,60b424b15cc15ffd03ff1303a6b84e0fd188e516,2022-09-20T15:28:08+02:00,aiohttp/connector.py,1453,6,0,0
aiohttp,60b424b15cc15ffd03ff1303a6b84e0fd188e516,2022-09-20T15:28:08+02:00,aiohttp/web_response.py,825,4,0,0
aiohttp,60b424b15cc15ffd03ff1303a6b84e0fd188e516,2022-09-20T15:28:08+02:00,tests/test_cookiejar.py,773,0,0,48
aiohttp,60b424b15cc15ffd03ff1303a6b84e0fd188e516,2022-09-20T15:28:08+02:00,aiohttp/payload.py,465,4,0,0
aiohttp,60b424b15cc15ffd03ff1303a6b84e0fd188e516,2022-09-20T15:28:08+02:00,tests/test_web_exceptions.py,243,0,0,11
aiohttp,60b424b15cc15ffd03ff1303a6b84e0fd188e516,2022-09-20T15:28:08+02:00,aiohttp/client_exceptions.py,342,2,0,0
aiohttp,60b424b15cc15ffd03ff1303a6b84e0fd188e516,2022-09-20T15:28:08+02:00,aiohttp/__init__.py,216,0,0,10
aiohttp,60b424b15cc15ffd03ff1303a6b84e0fd188e516,2022-09-20T15:28:08+02:00,aiohttp/helpers.py,877,0,0,7
aiohttp,60b424b15cc15ffd03ff1303a6b84e0fd188e516,2022-09-20T15:28:08+02:00,aiohttp/client_reqrep.py,1134,5,0,0
aiohttp,60b424b15cc15ffd03ff1303a6b84e0fd188e516,2022-09-20T15:28:08+02:00,aiohttp/web_ws.py,487,12,0,4
aiohttp,60b424b15cc15ffd03ff1303a6b84e0fd188e516,2022-09-20T15:28:08+02:00,aiohttp/client.py,1305,1,0,6
aiohttp,60b424b15cc15ffd03ff1303a6b84e0fd188e516,2022-09-20T15:28:08+02:00,docs/conf.py,447,0,0,6
aiohttp,60b424b15cc15ffd03ff1303a6b84e0fd188e516,2022-09-20T15:28:08+02:00,tests/test_run_app.py,914,0,0,4
aiohttp,60b424b15cc15ffd03ff1303a6b84e0fd188e516,2022-09-20T15:28:08+02:00,tests/test_streams.py,1510,0,0,90
aiohttp,60b424b15cc15ffd03ff1303a6b84e0fd188e516,2022-09-20T15:28:08+02:00,aiohttp/cookiejar.py,411,0,0,64
aiohttp,60b424b15cc15ffd03ff1303a6b84e0fd188e516,2022-09-20T15:28:08+02:00,aiohttp/web_exceptions.py,441,4,0,0
aiohttp,60b424b15cc15ffd03ff1303a6b84e0fd188e516,2022-09-20T15:28:08+02:00,aiohttp/web_urldispatcher.py,1220,2,0,0
aiohttp,60b424b15cc15ffd03ff1303a6b84e0fd188e516,2022-09-20T15:28:08+02:00,tests/test_web_functional.py,2171,0,0,26
aiohttp,60b424b15cc15ffd03ff1303a6b84e0fd188e516,2022-09-20T15:28:08+02:00,tests/test_web_request.py,825,0,0,23
aiohttp,60b424b15cc15ffd03ff1303a6b84e0fd188e516,2022-09-20T15:28:08+02:00,aiohttp/worker.py,269,2,1,0
aiohttp,60b424b15cc15ffd03ff1303a6b84e0fd188e516,2022-09-20T15:28:08+02:00,aiohttp/web_app.py,557,1,0,0
aiohttp,78fa04019c49e87f352d89e000963c16af78cae1,2022-09-20T18:48:51+02:00,aiohttp/client_ws.py,323,11,0,0
aiohttp,78fa04019c49e87f352d89e000963c16af78cae1,2022-09-20T18:48:51+02:00,tests/test_pytest_plugin.py,343,0,0,4
aiohttp,78fa04019c49e87f352d89e000963c16af78cae1,2022-09-20T18:48:51+02:00,aiohttp/pytest_plugin.py,368,5,0,0
aiohttp,78fa04019c49e87f352d89e000963c16af78cae1,2022-09-20T18:48:51+02:00,aiohttp/streams.py,644,8,0,0
aiohttp,78fa04019c49e87f352d89e000963c16af78cae1,2022-09-20T18:48:51+02:00,aiohttp/web_runner.py,433,5,0,10
aiohttp,78fa04019c49e87f352d89e000963c16af78cae1,2022-09-20T18:48:51+02:00,aiohttp/http_websocket.py,693,6,0,0
aiohttp,78fa04019c49e87f352d89e000963c16af78cae1,2022-09-20T18:48:51+02:00,aiohttp/http_parser.py,964,8,0,0
aiohttp,78fa04019c49e87f352d89e000963c16af78cae1,2022-09-20T18:48:51+02:00,aiohttp/web_server.py,77,1,0,0
aiohttp,78fa04019c49e87f352d89e000963c16af78cae1,2022-09-20T18:48:51+02:00,tests/test_web_middleware.py,479,0,0,7
aiohttp,78fa04019c49e87f352d89e000963c16af78cae1,2022-09-20T18:48:51+02:00,aiohttp/web.py,593,4,0,7
aiohttp,78fa04019c49e87f352d89e000963c16af78cae1,2022-09-20T18:48:51+02:00,aiohttp/connector.py,1373,7,0,0
aiohttp,78fa04019c49e87f352d89e000963c16af78cae1,2022-09-20T18:48:51+02:00,aiohttp/web_response.py,758,4,0,0
aiohttp,78fa04019c49e87f352d89e000963c16af78cae1,2022-09-20T18:48:51+02:00,tests/test_cookiejar.py,812,0,0,48
aiohttp,78fa04019c49e87f352d89e000963c16af78cae1,2022-09-20T18:48:51+02:00,aiohttp/payload.py,463,4,0,0
aiohttp,78fa04019c49e87f352d89e000963c16af78cae1,2022-09-20T18:48:51+02:00,tests/test_web_exceptions.py,334,0,0,11
aiohttp,78fa04019c49e87f352d89e000963c16af78cae1,2022-09-20T18:48:51+02:00,aiohttp/__init__.py,213,0,0,10
aiohttp,78fa04019c49e87f352d89e000963c16af78cae1,2022-09-20T18:48:51+02:00,aiohttp/helpers.py,1045,0,0,7
aiohttp,78fa04019c49e87f352d89e000963c16af78cae1,2022-09-20T18:48:51+02:00,aiohttp/client_reqrep.py,1074,2,0,0
aiohttp,78fa04019c49e87f352d89e000963c16af78cae1,2022-09-20T18:48:51+02:00,aiohttp/web_ws.py,520,13,0,4
aiohttp,78fa04019c49e87f352d89e000963c16af78cae1,2022-09-20T18:48:51+02:00,aiohttp/client.py,1270,2,0,6
aiohttp,78fa04019c49e87f352d89e000963c16af78cae1,2022-09-20T18:48:51+02:00,docs/conf.py,433,0,0,5
aiohttp,78fa04019c49e87f352d89e000963c16af78cae1,2022-09-20T18:48:51+02:00,tests/test_streams.py,1478,0,0,90
aiohttp,78fa04019c49e87f352d89e000963c16af78cae1,2022-09-20T18:48:51+02:00,aiohttp/cookiejar.py,419,0,0,64
aiohttp,78fa04019c49e87f352d89e000963c16af78cae1,2022-09-20T18:48:51+02:00,aiohttp/web_urldispatcher.py,1202,2,0,0
aiohttp,78fa04019c49e87f352d89e000963c16af78cae1,2022-09-20T18:48:51+02:00,tests/test_web_functional.py,2125,0,0,26
aiohttp,78fa04019c49e87f352d89e000963c16af78cae1,2022-09-20T18:48:51+02:00,tests/test_web_request.py,914,0,0,23
aiohttp,78fa04019c49e87f352d89e000963c16af78cae1,2022-09-20T18:48:51+02:00,aiohttp/worker.py,258,0,1,0
aiohttp,78fa04019c49e87f352d89e000963c16af78cae1,2022-09-20T18:48:51+02:00,aiohttp/web_app.py,446,1,0,0
aiohttp,6798629d1376f7c4140213ea54cef65dfcbdc32e,2022-12-24T16:04:25+00:00,aiohttp/client_ws.py,323,11,0,0
aiohttp,6798629d1376f7c4140213ea54cef65dfcbdc32e,2022-12-24T16:04:25+00:00,aiohttp/pytest_plugin.py,368,5,0,0
aiohttp,6798629d1376f7c4140213ea54cef65dfcbdc32e,2022-12-24T16:04:25+00:00,tests/test_client_request.py,1232,0,0,4
aiohttp,6798629d1376f7c4140213ea54cef65dfcbdc32e,2022-12-24T16:04:25+00:00,aiohttp/streams.py,649,8,0,0
aiohttp,6798629d1376f7c4140213ea54cef65dfcbdc32e,2022-12-24T16:04:25+00:00,aiohttp/web_runner.py,433,5,0,0
aiohttp,6798629d1376f7c4140213ea54cef65dfcbdc32e,2022-12-24T16:04:25+00:00,aiohttp/http_websocket.py,697,6,0,0
aiohttp,6798629d1376f7c4140213ea54cef65dfcbdc32e,2022-12-24T16:04:25+00:00,aiohttp/http_parser.py,964,8,0,0
aiohttp,6798629d1376f7c4140213ea54cef65dfcbdc32e,2022-12-24T16:04:25+00:00,aiohttp/web_server.py,79,1,0,0
aiohttp,6798629d1376f7c4140213ea54cef65dfcbdc32e,2022-12-24T16:04:25+00:00,aiohttp/web.py,598,4,0,0
aiohttp,6798629d1376f7c4140213ea54cef65dfcbdc32e,2022-12-24T16:04:25+00:00,aiohttp/connector.py,1373,7,0,0
aiohttp,6798629d1376f7c4140213ea54cef65dfcbdc32e,2022-12-24T16:04:25+00:00,aiohttp/web_response.py,756,4,0,0
aiohttp,6798629d1376f7c4140213ea54cef65dfcbdc32e,2022-12-24T16:04:25+00:00,aiohttp/payload.py,463,4,0,0
aiohttp,6798629d1376f7c4140213ea54cef65dfcbdc32e,2022-12-24T16:04:25+00:00,tests/test_web_app.py,546,0,0,4
aiohttp,6798629d1376f7c4140213ea54cef65dfcbdc32e,2022-12-24T16:04:25+00:00,aiohttp/helpers.py,1040,0,0,1
aiohttp,6798629d1376f7c4140213ea54cef65dfcbdc32e,2022-12-24T16:04:25+00:00,aiohttp/client_reqrep.py,1074,2,0,0
aiohttp,6798629d1376f7c4140213ea54cef65dfcbdc32e,2022-12-24T16:04:25+00:00,aiohttp/web_ws.py,520,13,0,0
aiohttp,6798629d1376f7c4140213ea54cef65dfcbdc32e,2022-12-24T16:04:25+00:00,aiohttp/client.py,1274,2,0,0
aiohttp,6798629d1376f7c4140213ea54cef65dfcbdc32e,2022-12-24T16:04:25+00:00,docs/conf.py,434,0,0,12
aiohttp,6798629d1376f7c4140213ea54cef65dfcbdc32e,2022-12-24T16:04:25+00:00,tests/test_streams.py,1517,0,0,4
aiohttp,6798629d1376f7c4140213ea54cef65dfcbdc32e,2022-12-24T16:04:25+00:00,aiohttp/web_urldispatcher.py,1200,2,0,0
aiohttp,6798629d1376f7c4140213ea54cef65dfcbdc32e,2022-12-24T16:04:25+00:00,aiohttp/worker.py,258,0,1,0
aiohttp,6798629d1376f7c4140213ea54cef65dfcbdc32e,2022-12-24T16:04:25+00:00,aiohttp/web_app.py,446,1,0,0
aiohttp,f5e86ad94e80fce94c535b5449ceaa5388f60571,2023-07-26T01:00:19+00:00,aiohttp/web_fileresponse.py,286,0,0,7
aiohttp,f5e86ad94e80fce94c535b5449ceaa5388f60571,2023-07-26T01:00:19+00:00,aiohttp/pytest_plugin.py,363,5,0,0
aiohttp,f5e86ad94e80fce94c535b5449ceaa5388f60571,2023-07-26T01:00:19+00:00,tests/test_web_log.py,265,0,0,4
aiohttp,f5e86ad94e80fce94c535b5449ceaa5388f60571,2023-07-26T01:00:19+00:00,aiohttp/client_proto.py,269,0,0,6
aiohttp,f5e86ad94e80fce94c535b5449ceaa5388f60571,2023-07-26T01:00:19+00:00,tests/test_urldispatch.py,1293,0,0,1
aiohttp,f5e86ad94e80fce94c535b5449ceaa5388f60571,2023-07-26T01:00:19+00:00,aiohttp/web.py,573,4,0,0
aiohttp,f5e86ad94e80fce94c535b5449ceaa5388f60571,2023-07-26T01:00:19+00:00,aiohttp/web_response.py,730,4,0,6
aiohttp,f5e86ad94e80fce94c535b5449ceaa5388f60571,2023-07-26T01:00:19+00:00,aiohttp/payload.py,458,4,0,0
aiohttp,f5e86ad94e80fce94c535b5449ceaa5388f60571,2023-07-26T01:00:19+00:00,tests/test_circular_imports.py,111,0,0,8
aiohttp,f5e86ad94e80fce94c535b5449ceaa5388f60571,2023-07-26T01:00:19+00:00,aiohttp/helpers.py,1057,0,0,15
aiohttp,f5e86ad94e80fce94c535b5449ceaa5388f60571,2023-07-26T01:00:19+00:00,aiohttp/client_reqrep.py,1084,2,0,11
aiohttp,f5e86ad94e80fce94c535b5449ceaa5388f60571,2023-07-26T01:00:19+00:00,aiohttp/web_protocol.py,709,0,0,8
aiohttp,f5e86ad94e80fce94c535b5449ceaa5388f60571,2023-07-26T01:00:19+00:00,aiohttp/web_ws.py,520,13,0,7
aiohttp,f5e86ad94e80fce94c535b5449ceaa5388f60571,2023-07-26T01:00:19+00:00,aiohttp/web_urldispatcher.py,1197,2,0,0
aiohttp,f5e86ad94e80fce94c535b5449ceaa5388f60571,2023-07-26T01:00:19+00:00,tests/test_http_parser.py,1224,0,0,162
aiohttp,f5e86ad94e80fce94c535b5449ceaa5388f60571,2023-07-26T01:00:19+00:00,examples/background_tasks.py,71,0,0,4
aiohttp,f5e86ad94e80fce94c535b5449ceaa5388f60571,2023-07-26T01:00:19+00:00,aiohttp/worker.py,239,0,1,0
aiohttp,f5e86ad94e80fce94c535b5449ceaa5388f60571,2023-07-26T01:00:19+00:00,aiohttp/web_app.py,445,1,0,12
aiohttp,f5e86ad94e80fce94c535b5449ceaa5388f60571,2023-07-26T01:00:19+00:00,aiohttp/client_ws.py,323,11,0,5
aiohttp,f5e86ad94e80fce94c535b5449ceaa5388f60571,2023-07-26T01:00:19+00:00,aiohttp/streams.py,647,8,0,8
aiohttp,f5e86ad94e80fce94c535b5449ceaa5388f60571,2023-07-26T01:00:19+00:00,aiohttp/multipart.py,1031,0,0,8
aiohttp,f5e86ad94e80fce94c535b5449ceaa5388f60571,2023-07-26T01:00:19+00:00,aiohttp/web_runner.py,450,5,0,0
aiohttp,f5e86ad94e80fce94c535b5449ceaa5388f60571,2023-07-26T01:00:19+00:00,aiohttp/http_websocket.py,711,6,0,2
aiohttp,f5e86ad94e80fce94c535b5449ceaa5388f60571,2023-07-26T01:00:19+00:00,aiohttp/http_parser.py,929,8,0,3
aiohttp,f5e86ad94e80fce94c535b5449ceaa5388f60571,2023-07-26T01:00:19+00:00,aiohttp/web_server.py,79,1,0,0
aiohttp,f5e86ad94e80fce94c535b5449ceaa5388f60571,2023-07-26T01:00:19+00:00,tests/test_web_sendfile.py,116,0,0,10
aiohttp,f5e86ad94e80fce94c535b5449ceaa5388f60571,2023-07-26T01:00:19+00:00,aiohttp/connector.py,1373,7,0,8
aiohttp,f5e86ad94e80fce94c535b5449ceaa5388f60571,2023-07-26T01:00:19+00:00,tests/test_cookiejar.py,844,0,0,4
aiohttp,f5e86ad94e80fce94c535b5449ceaa5388f60571,2023-07-26T01:00:19+00:00,tests/test_web_app.py,550,0,0,12
aiohttp,f5e86ad94e80fce94c535b5449ceaa5388f60571,2023-07-26T01:00:19+00:00,aiohttp/compression_utils.py,148,2,0,0
aiohttp,f5e86ad94e80fce94c535b5449ceaa5388f60571,2023-07-26T01:00:19+00:00,aiohttp/client.py,1284,2,0,15
aiohttp,f5e86ad94e80fce94c535b5449ceaa5388f60571,2023-07-26T01:00:19+00:00,docs/conf.py,429,0,0,2
aiohttp,8f27edf79a506b1b8702bf8946cc79882b1e5c7a,2023-11-03T11:31:34+00:00,tests/test_proxy.py,798,0,0,36
aiohttp,8f27edf79a506b1b8702bf8946cc79882b1e5c7a,2023-11-03T11:31:34+00:00,aiohttp/resolver.py,160,2,0,4
aiohttp,8f27edf79a506b1b8702bf8946cc79882b1e5c7a,2023-11-03T11:31:34+00:00,aiohttp/pytest_plugin.py,381,5,0,0
aiohttp,8f27edf79a506b1b8702bf8946cc79882b1e5c7a,2023-11-03T11:31:34+00:00,tests/test_client_request.py,1381,0,0,85
aiohttp,8f27edf79a506b1b8702bf8946cc79882b1e5c7a,2023-11-03T11:31:34+00:00,aiohttp/web.py,616,2,0,0
aiohttp,8f27edf79a506b1b8702bf8946cc79882b1e5c7a,2023-11-03T11:31:34+00:00,tests/test_web_response.py,1378,0,0,4
aiohttp,8f27edf79a506b1b8702bf8946cc79882b1e5c7a,2023-11-03T11:31:34+00:00,aiohttp/web_response.py,817,4,0,4
aiohttp,8f27edf79a506b1b8702bf8946cc79882b1e5c7a,2023-11-03T11:31:34+00:00,tests/test_web_server.py,252,0,0,2
aiohttp,8f27edf79a506b1b8702bf8946cc79882b1e5c7a,2023-11-03T11:31:34+00:00,aiohttp/payload.py,463,4,0,0
aiohttp,8f27edf79a506b1b8702bf8946cc79882b1e5c7a,2023-11-03T11:31:34+00:00,aiohttp/client_exceptions.py,346,2,0,0
aiohttp,8f27edf79a506b1b8702bf8946cc79882b1e5c7a,2023-11-03T11:31:34+00:00,aiohttp/helpers.py,1006,0,0,26
aiohttp,8f27edf79a506b1b8702bf8946cc79882b1e5c7a,2023-11-03T11:31:34+00:00,aiohttp/client_reqrep.py,1166,5,0,175
aiohttp,8f27edf79a506b1b8702bf8946cc79882b1e5c7a,2023-11-03T11:31:34+00:00,aiohttp/web_ws.py,515,14,0,0
aiohttp,8f27edf79a506b1b8702bf8946cc79882b1e5c7a,2023-11-03T11:31:34+00:00,aiohttp/web_request.py,898,0,0,4
aiohttp,8f27edf79a506b1b8702bf8946cc79882b1e5c7a,2023-11-03T11:31:34+00:00,aiohttp/cookiejar.py,416,0,0,198
aiohttp,8f27edf79a506b1b8702bf8946cc79882b1e5c7a,2023-11-03T11:31:34+00:00,aiohttp/web_urldispatcher.py,1222,2,0,0
aiohttp,8f27edf79a506b1b8702bf8946cc79882b1e5c7a,2023-11-03T11:31:34+00:00,tests/test_http_parser.py,1561,0,0,2
aiohttp,8f27edf79a506b1b8702bf8946cc79882b1e5c7a,2023-11-03T11:31:34+00:00,aiohttp/worker.py,247,0,1,0
aiohttp,8f27edf79a506b1b8702bf8946cc79882b1e5c7a,2023-11-03T11:31:34+00:00,aiohttp/web_app.py,596,1,0,2
aiohttp,8f27edf79a506b1b8702bf8946cc79882b1e5c7a,2023-11-03T11:31:34+00:00,aiohttp/client_ws.py,315,12,0,0
aiohttp,8f27edf79a506b1b8702bf8946cc79882b1e5c7a,2023-11-03T11:31:34+00:00,aiohttp/streams.py,666,8,0,2
aiohttp,8f27edf79a506b1b8702bf8946cc79882b1e5c7a,2023-11-03T11:31:34+00:00,aiohttp/multipart.py,969,0,0,2
aiohttp,8f27edf79a506b1b8702bf8946cc79882b1e5c7a,2023-11-03T11:31:34+00:00,aiohttp/web_runner.py,406,5,0,0
aiohttp,8f27edf79a506b1b8702bf8946cc79882b1e5c7a,2023-11-03T11:31:34+00:00,aiohttp/http_websocket.py,719,6,0,42
aiohttp,8f27edf79a506b1b8702bf8946cc79882b1e5c7a,2023-11-03T11:31:34+00:00,aiohttp/http_parser.py,1008,15,0,4
aiohttp,8f27edf79a506b1b8702bf8946cc79882b1e5c7a,2023-11-03T11:31:34+00:00,aiohttp/payload_streamer.py,75,0,0,2
aiohttp,8f27edf79a506b1b8702bf8946cc79882b1e5c7a,2023-11-03T11:31:34+00:00,aiohttp/connector.py,1485,6,0,6
aiohttp,8f27edf79a506b1b8702bf8946cc79882b1e5c7a,2023-11-03T11:31:34+00:00,tests/test_client_functional.py,3404,0,0,344
aiohttp,8f27edf79a506b1b8702bf8946cc79882b1e5c7a,2023-11-03T11:31:34+00:00,tests/test_cookiejar.py,881,0,0,40
aiohttp,8f27edf79a506b1b8702bf8946cc79882b1e5c7a,2023-11-03T11:31:34+00:00,aiohttp/compression_utils.py,151,2,0,0
aiohttp,8f27edf79a506b1b8702bf8946cc79882b1e5c7a,2023-11-03T11:31:34+00:00,aiohttp/__init__.py,240,0,0,4
aiohttp,8f27edf79a506b1b8702bf8946cc79882b1e5c7a,2023-11-03T11:31:34+00:00,aiohttp/client.py,1356,1,0,8
aiohttp,8f27edf79a506b1b8702bf8946cc79882b1e5c7a,2023-11-03T11:31:34+00:00,aiohttp/web_exceptions.py,452,4,0,0
aiohttp,8f27edf79a506b1b8702bf8946cc79882b1e5c7a,2023-11-03T11:31:34+00:00,tests/test_web_request.py,823,0,0,9
aiohttp,8f27edf79a506b1b8702bf8946cc79882b1e5c7a,2023-11-03T11:31:34+00:00,tests/test_client_response.py,1260,0,0,9
aiohttp,8f27edf79a506b1b8702bf8946cc79882b1e5c7a,2023-11-03T11:31:34+00:00,tests/test_streams.py,1552,0,0,2
aiohttp,419d715c42c46daf1a59e0aff61c1f6d10236982,2024-01-28T03:34:42+01:00,aiohttp/web_fileresponse.py,301,0,0,18
aiohttp,419d715c42c46daf1a59e0aff61c1f6d10236982,2024-01-28T03:34:42+01:00,aiohttp/resolver.py,160,2,0,0
aiohttp,419d715c42c46daf1a59e0aff61c1f6d10236982,2024-01-28T03:34:42+01:00,aiohttp/pytest_plugin.py,381,5,0,0
aiohttp,419d715c42c46daf1a59e0aff61c1f6d10236982,2024-01-28T03:34:42+01:00,tests/test_client_request.py,1412,0,0,50
aiohttp,419d715c42c46daf1a59e0aff61c1f6d10236982,2024-01-28T03:34:42+01:00,tests/test_web_sendfile_functional.py,1059,0,0,116
aiohttp,419d715c42c46daf1a59e0aff61c1f6d10236982,2024-01-28T03:34:42+01:00,tests/test_helpers.py,954,0,0,30
aiohttp,419d715c42c46daf1a59e0aff61c1f6d10236982,2024-01-28T03:34:42+01:00,tests/test_web_urldispatcher.py,590,0,0,507
aiohttp,419d715c42c46daf1a59e0aff61c1f6d10236982,2024-01-28T03:34:42+01:00,tests/test_multipart.py,1420,0,0,14
aiohttp,419d715c42c46daf1a59e0aff61c1f6d10236982,2024-01-28T03:34:42+01:00,tests/test_connector.py,2342,0,0,10
aiohttp,419d715c42c46daf1a59e0aff61c1f6d10236982,2024-01-28T03:34:42+01:00,tests/test_resolver.py,263,0,0,52
aiohttp,419d715c42c46daf1a59e0aff61c1f6d10236982,2024-01-28T03:34:42+01:00,tests/test_urldispatch.py,1288,0,0,188
aiohttp,419d715c42c46daf1a59e0aff61c1f6d10236982,2024-01-28T03:34:42+01:00,aiohttp/web.py,616,2,0,0
aiohttp,419d715c42c46daf1a59e0aff61c1f6d10236982,2024-01-28T03:34:42+01:00,aiohttp/web_response.py,817,4,0,7
aiohttp,419d715c42c46daf1a59e0aff61c1f6d10236982,2024-01-28T03:34:42+01:00,aiohttp/payload.py,463,4,0,0
aiohttp,419d715c42c46daf1a59e0aff61c1f6d10236982,2024-01-28T03:34:42+01:00,aiohttp/client_exceptions.py,346,2,0,0
aiohttp,419d715c42c46daf1a59e0aff61c1f6d10236982,2024-01-28T03:34:42+01:00,aiohttp/client_reqrep.py,1195,5,0,4
aiohttp,419d715c42c46daf1a59e0aff61c1f6d10236982,2024-01-28T03:34:42+01:00,aiohttp/web_ws.py,529,12,0,0
aiohttp,419d715c42c46daf1a59e0aff61c1f6d10236982,2024-01-28T03:34:42+01:00,aiohttp/web_urldispatcher.py,1222,2,0,54
aiohttp,419d715c42c46daf1a59e0aff61c1f6d10236982,2024-01-28T03:34:42+01:00,tests/test_http_parser.py,1570,0,0,569
aiohttp,419d715c42c46daf1a59e0aff61c1f6d10236982,2024-01-28T03:34:42+01:00,aiohttp/worker.py,247,0,1,0
aiohttp,419d715c42c46daf1a59e0aff61c1f6d10236982,2024-01-28T03:34:42+01:00,aiohttp/web_app.py,596,1,0,0
aiohttp,419d715c42c46daf1a59e0aff61c1f6d10236982,2024-01-28T03:34:42+01:00,tests/test_proxy_functional.py,854,0,0,36
aiohttp,419d715c42c46daf1a59e0aff61c1f6d10236982,2024-01-28T03:34:42+01:00,tools/check_changes.py,59,0,0,21
aiohttp,419d715c42c46daf1a59e0aff61c1f6d10236982,2024-01-28T03:34:42+01:00,aiohttp/client_ws.py,315,10,0,0
aiohttp,419d715c42c46daf1a59e0aff61c1f6d10236982,2024-01-28T03:34:42+01:00,aiohttp/streams.py,666,8,0,0
aiohttp,419d715c42c46daf1a59e0aff61c1f6d10236982,2024-01-28T03:34:42+01:00,aiohttp/web_runner.py,406,5,0,0
aiohttp,419d715c42c46daf1a59e0aff61c1f6d10236982,2024-01-28T03:34:42+01:00,aiohttp/http_websocket.py,740,6,0,0
aiohttp,419d715c42c46daf1a59e0aff61c1f6d10236982,2024-01-28T03:34:42+01:00,aiohttp/http_parser.py,1009,15,0,96
aiohttp,419d715c42c46daf1a59e0aff61c1f6d10236982,2024-01-28T03:34:42+01:00,tests/test_web_sendfile.py,115,0,0,15
aiohttp,419d715c42c46daf1a59e0aff61c1f6d10236982,2024-01-28T03:34:42+01:00,aiohttp/connector.py,1489,6,0,2
aiohttp,419d715c42c46daf1a59e0aff61c1f6d10236982,2024-01-28T03:34:42+01:00,tests/test_cookiejar.py,868,0,0,16
aiohttp,419d715c42c46daf1a59e0aff61c1f6d10236982,2024-01-28T03:34:42+01:00,tools/cleanup_changes.py,45,0,0,24
aiohttp,419d715c42c46daf1a59e0aff61c1f6d10236982,2024-01-28T03:34:42+01:00,aiohttp/__init__.py,240,0,0,8
aiohttp,419d715c42c46daf1a59e0aff61c1f6d10236982,2024-01-28T03:34:42+01:00,aiohttp/client.py,1363,1,0,0
aiohttp,419d715c42c46daf1a59e0aff61c1f6d10236982,2024-01-28T03:34:42+01:00,docs/conf.py,443,0,0,18
aiohttp,419d715c42c46daf1a59e0aff61c1f6d10236982,2024-01-28T03:34:42+01:00,aiohttp/web_exceptions.py,452,4,0,0
aiohttp,419d715c42c46daf1a59e0aff61c1f6d10236982,2024-01-28T03:34:42+01:00,tests/test_web_functional.py,2245,0,0,12
aiohttp,94462eea445d43bf574ca6321349f67219ce9cb0,2024-01-28T22:10:10+00:00,tests/test_proxy_functional.py,854,0,0,6
aiohttp,94462eea445d43bf574ca6321349f67219ce9cb0,2024-01-28T22:10:10+00:00,tools/check_changes.py,59,0,0,2
aiohttp,94462eea445d43bf574ca6321349f67219ce9cb0,2024-01-28T22:10:10+00:00,aiohttp/web_fileresponse.py,301,0,0,18
aiohttp,94462eea445d43bf574ca6321349f67219ce9cb0,2024-01-28T22:10:10+00:00,aiohttp/client_ws.py,315,10,0,0
aiohttp,94462eea445d43bf574ca6321349f67219ce9cb0,2024-01-28T22:10:10+00:00,aiohttp/resolver.py,160,2,0,0
aiohttp,94462eea445d43bf574ca6321349f67219ce9cb0,2024-01-28T22:10:10+00:00,aiohttp/pytest_plugin.py,381,5,0,0
aiohttp,94462eea445d43bf574ca6321349f67219ce9cb0,2024-01-28T22:10:10+00:00,tests/test_client_request.py,1409,0,0,21
aiohttp,94462eea445d43bf574ca6321349f67219ce9cb0,2024-01-28T22:10:10+00:00,aiohttp/streams.py,666,8,0,0
aiohttp,94462eea445d43bf574ca6321349f67219ce9cb0,2024-01-28T22:10:10+00:00,tests/test_web_sendfile_functional.py,1059,0,0,36
aiohttp,94462eea445d43bf574ca6321349f67219ce9cb0,2024-01-28T22:10:10+00:00,tests/test_helpers.py,963,0,0,15
aiohttp,94462eea445d43bf574ca6321349f67219ce9cb0,2024-01-28T22:10:10+00:00,aiohttp/web_runner.py,406,5,0,0
aiohttp,94462eea445d43bf574ca6321349f67219ce9cb0,2024-01-28T22:10:10+00:00,tests/test_web_urldispatcher.py,658,0,0,113
aiohttp,94462eea445d43bf574ca6321349f67219ce9cb0,2024-01-28T22:10:10+00:00,aiohttp/http_websocket.py,740,6,0,0
aiohttp,94462eea445d43bf574ca6321349f67219ce9cb0,2024-01-28T22:10:10+00:00,aiohttp/http_parser.py,1013,15,0,0
aiohttp,94462eea445d43bf574ca6321349f67219ce9cb0,2024-01-28T22:10:10+00:00,tests/test_multipart.py,1421,0,0,7
aiohttp,94462eea445d43bf574ca6321349f67219ce9cb0,2024-01-28T22:10:10+00:00,tests/test_connector.py,2342,0,0,10
aiohttp,94462eea445d43bf574ca6321349f67219ce9cb0,2024-01-28T22:10:10+00:00,tests/test_resolver.py,263,0,0,52
aiohttp,94462eea445d43bf574ca6321349f67219ce9cb0,2024-01-28T22:10:10+00:00,aiohttp/web.py,616,2,0,0
aiohttp,94462eea445d43bf574ca6321349f67219ce9cb0,2024-01-28T22:10:10+00:00,aiohttp/connector.py,1489,6,0,2
aiohttp,94462eea445d43bf574ca6321349f67219ce9cb0,2024-01-28T22:10:10+00:00,aiohttp/web_response.py,817,4,0,7
aiohttp,94462eea445d43bf574ca6321349f67219ce9cb0,2024-01-28T22:10:10+00:00,tests/test_urldispatch.py,1286,0,0,118
aiohttp,94462eea445d43bf574ca6321349f67219ce9cb0,2024-01-28T22:10:10+00:00,aiohttp/payload.py,463,4,0,0
aiohttp,94462eea445d43bf574ca6321349f67219ce9cb0,2024-01-28T22:10:10+00:00,tests/test_web_sendfile.py,115,0,0,15
aiohttp,94462eea445d43bf574ca6321349f67219ce9cb0,2024-01-28T22:10:10+00:00,tests/test_cookiejar.py,866,0,0,8
aiohttp,94462eea445d43bf574ca6321349f67219ce9cb0,2024-01-28T22:10:10+00:00,aiohttp/client_exceptions.py,346,2,0,0
aiohttp,94462eea445d43bf574ca6321349f67219ce9cb0,2024-01-28T22:10:10+00:00,aiohttp/__init__.py,240,0,0,6
aiohttp,94462eea445d43bf574ca6321349f67219ce9cb0,2024-01-28T22:10:10+00:00,aiohttp/client_reqrep.py,1195,5,0,4
aiohttp,94462eea445d43bf574ca6321349f67219ce9cb0,2024-01-28T22:10:10+00:00,aiohttp/web_ws.py,529,12,0,0
aiohttp,94462eea445d43bf574ca6321349f67219ce9cb0,2024-01-28T22:10:10+00:00,aiohttp/client.py,1363,1,0,0
aiohttp,94462eea445d43bf574ca6321349f67219ce9cb0,2024-01-28T22:10:10+00:00,aiohttp/web_exceptions.py,452,4,0,0
aiohttp,94462eea445d43bf574ca6321349f67219ce9cb0,2024-01-28T22:10:10+00:00,aiohttp/web_urldispatcher.py,1232,2,0,0
aiohttp,94462eea445d43bf574ca6321349f67219ce9cb0,2024-01-28T22:10:10+00:00,tests/test_http_parser.py,1703,0,0,148
aiohttp,94462eea445d43bf574ca6321349f67219ce9cb0,2024-01-28T22:10:10+00:00,aiohttp/worker.py,247,0,1,0
aiohttp,94462eea445d43bf574ca6321349f67219ce9cb0,2024-01-28T22:10:10+00:00,aiohttp/web_app.py,596,1,0,0
aiohttp,cdb5129afc79bb9e073ed6ad2fcb352efa2962c2,2024-04-15T21:53:52+01:00,aiohttp/resolver.py,190,4,0,18
aiohttp,cdb5129afc79bb9e073ed6ad2fcb352efa2962c2,2024-04-15T21:53:52+01:00,aiohttp/pytest_plugin.py,381,5,0,0
aiohttp,cdb5129afc79bb9e073ed6ad2fcb352efa2962c2,2024-04-15T21:53:52+01:00,tests/test_web_urldispatcher.py,836,0,0,6
aiohttp,cdb5129afc79bb9e073ed6ad2fcb352efa2962c2,2024-04-15T21:53:52+01:00,aiohttp/client_proto.py,296,0,0,4
aiohttp,cdb5129afc79bb9e073ed6ad2fcb352efa2962c2,2024-04-15T21:53:52+01:00,tests/test_multipart.py,1482,0,0,44
aiohttp,cdb5129afc79bb9e073ed6ad2fcb352efa2962c2,2024-04-15T21:53:52+01:00,tests/test_resolver.py,343,0,0,18
aiohttp,cdb5129afc79bb9e073ed6ad2fcb352efa2962c2,2024-04-15T21:53:52+01:00,aiohttp/http_exceptions.py,106,0,0,1
aiohttp,cdb5129afc79bb9e073ed6ad2fcb352efa2962c2,2024-04-15T21:53:52+01:00,aiohttp/web.py,616,2,0,0
aiohttp,cdb5129afc79bb9e073ed6ad2fcb352efa2962c2,2024-04-15T21:53:52+01:00,aiohttp/web_response.py,820,4,0,4
aiohttp,cdb5129afc79bb9e073ed6ad2fcb352efa2962c2,2024-04-15T21:53:52+01:00,aiohttp/payload.py,463,4,0,0
aiohttp,cdb5129afc79bb9e073ed6ad2fcb352efa2962c2,2024-04-15T21:53:52+01:00,tests/test_circular_imports.py,115,0,0,17
aiohttp,cdb5129afc79bb9e073ed6ad2fcb352efa2962c2,2024-04-15T21:53:52+01:00,aiohttp/client_exceptions.py,396,2,0,0
aiohttp,cdb5129afc79bb9e073ed6ad2fcb352efa2962c2,2024-04-15T21:53:52+01:00,tests/test_client_ws.py,721,0,0,2
aiohttp,cdb5129afc79bb9e073ed6ad2fcb352efa2962c2,2024-04-15T21:53:52+01:00,aiohttp/helpers.py,1029,0,0,18
aiohttp,cdb5129afc79bb9e073ed6ad2fcb352efa2962c2,2024-04-15T21:53:52+01:00,aiohttp/client_reqrep.py,1207,5,0,8
aiohttp,cdb5129afc79bb9e073ed6ad2fcb352efa2962c2,2024-04-15T21:53:52+01:00,tests/test_websocket_parser.py,515,0,0,28
aiohttp,cdb5129afc79bb9e073ed6ad2fcb352efa2962c2,2024-04-15T21:53:52+01:00,aiohttp/web_ws.py,539,11,0,18
aiohttp,cdb5129afc79bb9e073ed6ad2fcb352efa2962c2,2024-04-15T21:53:52+01:00,aiohttp/web_request.py,901,0,0,8
aiohttp,cdb5129afc79bb9e073ed6ad2fcb352efa2962c2,2024-04-15T21:53:52+01:00,aiohttp/abc.py,235,0,0,4
aiohttp,cdb5129afc79bb9e073ed6ad2fcb352efa2962c2,2024-04-15T21:53:52+01:00,aiohttp/web_urldispatcher.py,1287,2,0,0
aiohttp,cdb5129afc79bb9e073ed6ad2fcb352efa2962c2,2024-04-15T21:53:52+01:00,examples/fake_server.py,125,0,0,8
aiohttp,cdb5129afc79bb9e073ed6ad2fcb352efa2962c2,2024-04-15T21:53:52+01:00,tests/test_http_parser.py,1756,0,0,181
aiohttp,cdb5129afc79bb9e073ed6ad2fcb352efa2962c2,2024-04-15T21:53:52+01:00,aiohttp/worker.py,247,0,1,0
aiohttp,cdb5129afc79bb9e073ed6ad2fcb352efa2962c2,2024-04-15T21:53:52+01:00,tests/test_flowcontrol_streams.py,129,0,0,30
aiohttp,cdb5129afc79bb9e073ed6ad2fcb352efa2962c2,2024-04-15T21:53:52+01:00,aiohttp/web_app.py,596,1,0,39
aiohttp,cdb5129afc79bb9e073ed6ad2fcb352efa2962c2,2024-04-15T21:53:52+01:00,tests/test_proxy_functional.py,854,0,0,7
aiohttp,cdb5129afc79bb9e073ed6ad2fcb352efa2962c2,2024-04-15T21:53:52+01:00,tests/test_web_runner.py,215,0,0,4
aiohttp,cdb5129afc79bb9e073ed6ad2fcb352efa2962c2,2024-04-15T21:53:52+01:00,aiohttp/client_ws.py,315,9,0,18
aiohttp,cdb5129afc79bb9e073ed6ad2fcb352efa2962c2,2024-04-15T21:53:52+01:00,tests/test_pytest_plugin.py,282,0,0,12
aiohttp,cdb5129afc79bb9e073ed6ad2fcb352efa2962c2,2024-04-15T21:53:52+01:00,aiohttp/streams.py,684,8,0,32
aiohttp,cdb5129afc79bb9e073ed6ad2fcb352efa2962c2,2024-04-15T21:53:52+01:00,aiohttp/multipart.py,1015,0,0,8
aiohttp,cdb5129afc79bb9e073ed6ad2fcb352efa2962c2,2024-04-15T21:53:52+01:00,aiohttp/web_runner.py,409,5,0,0
aiohttp,cdb5129afc79bb9e073ed6ad2fcb352efa2962c2,2024-04-15T21:53:52+01:00,aiohttp/http_websocket.py,740,6,0,15
aiohttp,cdb5129afc79bb9e073ed6ad2fcb352efa2962c2,2024-04-15T21:53:52+01:00,aiohttp/http_parser.py,1041,15,0,86
aiohttp,cdb5129afc79bb9e073ed6ad2fcb352efa2962c2,2024-04-15T21:53:52+01:00,aiohttp/web_server.py,77,0,0,1
aiohttp,cdb5129afc79bb9e073ed6ad2fcb352efa2962c2,2024-04-15T21:53:52+01:00,aiohttp/connector.py,1567,7,0,10
aiohttp,cdb5129afc79bb9e073ed6ad2fcb352efa2962c2,2024-04-15T21:53:52+01:00,tests/test_client_functional.py,3625,0,0,36
aiohttp,cdb5129afc79bb9e073ed6ad2fcb352efa2962c2,2024-04-15T21:53:52+01:00,tests/test_web_app.py,681,0,0,2
aiohttp,cdb5129afc79bb9e073ed6ad2fcb352efa2962c2,2024-04-15T21:53:52+01:00,aiohttp/compression_utils.py,157,0,0,8
aiohttp,cdb5129afc79bb9e073ed6ad2fcb352efa2962c2,2024-04-15T21:53:52+01:00,aiohttp/__init__.py,254,0,0,4
aiohttp,cdb5129afc79bb9e073ed6ad2fcb352efa2962c2,2024-04-15T21:53:52+01:00,tests/autobahn/test_autobahn.py,132,0,0,6
aiohttp,cdb5129afc79bb9e073ed6ad2fcb352efa2962c2,2024-04-15T21:53:52+01:00,tests/test_test_utils.py,368,0,0,2
aiohttp,cdb5129afc79bb9e073ed6ad2fcb352efa2962c2,2024-04-15T21:53:52+01:00,aiohttp/client.py,1420,1,0,73
aiohttp,cdb5129afc79bb9e073ed6ad2fcb352efa2962c2,2024-04-15T21:53:52+01:00,tests/test_client_ws_functional.py,837,0,0,9
aiohttp,cdb5129afc79bb9e073ed6ad2fcb352efa2962c2,2024-04-15T21:53:52+01:00,tests/test_web_websocket.py,588,0,0,16
aiohttp,cdb5129afc79bb9e073ed6ad2fcb352efa2962c2,2024-04-15T21:53:52+01:00,aiohttp/web_exceptions.py,452,4,0,0
aiohttp,cdb5129afc79bb9e073ed6ad2fcb352efa2962c2,2024-04-15T21:53:52+01:00,tests/test_client_session.py,897,0,0,31
aiohttp,cdb5129afc79bb9e073ed6ad2fcb352efa2962c2,2024-04-15T21:53:52+01:00,aiohttp/tracing.py,471,0,0,21
aiohttp,cdb5129afc79bb9e073ed6ad2fcb352efa2962c2,2024-04-15T21:53:52+01:00,aiohttp/web_routedef.py,216,0,0,6
aiohttp,cdb5129afc79bb9e073ed6ad2fcb352efa2962c2,2024-04-15T21:53:52+01:00,tests/test_streams.py,1552,0,0,28
aiohttp,b2afad1ad28cdca5e0c93752c5d9edb801f49bf1,2024-04-19T21:36:22+01:00,aiohttp/resolver.py,190,4,0,18
aiohttp,b2afad1ad28cdca5e0c93752c5d9edb801f49bf1,2024-04-19T21:36:22+01:00,aiohttp/pytest_plugin.py,381,5,0,0
aiohttp,b2afad1ad28cdca5e0c93752c5d9edb801f49bf1,2024-04-19T21:36:22+01:00,aiohttp/client_proto.py,296,0,0,4
aiohttp,b2afad1ad28cdca5e0c93752c5d9edb801f49bf1,2024-04-19T21:36:22+01:00,tests/test_resolver.py,343,0,0,18
aiohttp,b2afad1ad28cdca5e0c93752c5d9edb801f49bf1,2024-04-19T21:36:22+01:00,aiohttp/http_exceptions.py,106,0,0,1
aiohttp,b2afad1ad28cdca5e0c93752c5d9edb801f49bf1,2024-04-19T21:36:22+01:00,aiohttp/web.py,616,2,0,0
aiohttp,b2afad1ad28cdca5e0c93752c5d9edb801f49bf1,2024-04-19T21:36:22+01:00,aiohttp/web_response.py,820,4,0,4
aiohttp,b2afad1ad28cdca5e0c93752c5d9edb801f49bf1,2024-04-19T21:36:22+01:00,aiohttp/payload.py,463,4,0,0
aiohttp,b2afad1ad28cdca5e0c93752c5d9edb801f49bf1,2024-04-19T21:36:22+01:00,tests/test_circular_imports.py,115,0,0,17
aiohttp,b2afad1ad28cdca5e0c93752c5d9edb801f49bf1,2024-04-19T21:36:22+01:00,aiohttp/client_exceptions.py,396,2,0,0
aiohttp,b2afad1ad28cdca5e0c93752c5d9edb801f49bf1,2024-04-19T21:36:22+01:00,tests/test_client_ws.py,721,0,0,2
aiohttp,b2afad1ad28cdca5e0c93752c5d9edb801f49bf1,2024-04-19T21:36:22+01:00,aiohttp/helpers.py,1029,0,0,18
aiohttp,b2afad1ad28cdca5e0c93752c5d9edb801f49bf1,2024-04-19T21:36:22+01:00,aiohttp/client_reqrep.py,1207,5,0,8
aiohttp,b2afad1ad28cdca5e0c93752c5d9edb801f49bf1,2024-04-19T21:36:22+01:00,tests/test_websocket_parser.py,515,0,0,28
aiohttp,b2afad1ad28cdca5e0c93752c5d9edb801f49bf1,2024-04-19T21:36:22+01:00,aiohttp/web_ws.py,539,11,0,18
aiohttp,b2afad1ad28cdca5e0c93752c5d9edb801f49bf1,2024-04-19T21:36:22+01:00,aiohttp/web_request.py,901,0,0,8
aiohttp,b2afad1ad28cdca5e0c93752c5d9edb801f49bf1,2024-04-19T21:36:22+01:00,aiohttp/abc.py,235,0,0,4
aiohttp,b2afad1ad28cdca5e0c93752c5d9edb801f49bf1,2024-04-19T21:36:22+01:00,aiohttp/web_urldispatcher.py,1287,2,0,0
aiohttp,b2afad1ad28cdca5e0c93752c5d9edb801f49bf1,2024-04-19T21:36:22+01:00,examples/fake_server.py,125,0,0,8
aiohttp,b2afad1ad28cdca5e0c93752c5d9edb801f49bf1,2024-04-19T21:36:22+01:00,tests/test_http_parser.py,1756,0,0,181
aiohttp,b2afad1ad28cdca5e0c93752c5d9edb801f49bf1,2024-04-19T21:36:22+01:00,aiohttp/worker.py,247,0,1,0
aiohttp,b2afad1ad28cdca5e0c93752c5d9edb801f49bf1,2024-04-19T21:36:22+01:00,tests/test_flowcontrol_streams.py,129,0,0,30
aiohttp,b2afad1ad28cdca5e0c93752c5d9edb801f49bf1,2024-04-19T21:36:22+01:00,aiohttp/web_app.py,596,1,0,39
aiohttp,b2afad1ad28cdca5e0c93752c5d9edb801f49bf1,2024-04-19T21:36:22+01:00,tests/test_proxy_functional.py,854,0,0,183
aiohttp,b2afad1ad28cdca5e0c93752c5d9edb801f49bf1,2024-04-19T21:36:22+01:00,aiohttp/client_ws.py,315,9,0,18
aiohttp,b2afad1ad28cdca5e0c93752c5d9edb801f49bf1,2024-04-19T21:36:22+01:00,aiohttp/streams.py,684,8,0,32
aiohttp,b2afad1ad28cdca5e0c93752c5d9edb801f49bf1,2024-04-19T21:36:22+01:00,aiohttp/web_runner.py,409,5,0,0
aiohttp,b2afad1ad28cdca5e0c93752c5d9edb801f49bf1,2024-04-19T21:36:22+01:00,aiohttp/http_websocket.py,740,6,0,15
aiohttp,b2afad1ad28cdca5e0c93752c5d9edb801f49bf1,2024-04-19T21:36:22+01:00,aiohttp/http_parser.py,1041,15,0,86
aiohttp,b2afad1ad28cdca5e0c93752c5d9edb801f49bf1,2024-04-19T21:36:22+01:00,aiohttp/web_server.py,77,0,0,1
aiohttp,b2afad1ad28cdca5e0c93752c5d9edb801f49bf1,2024-04-19T21:36:22+01:00,aiohttp/connector.py,1567,7,0,10
aiohttp,b2afad1ad28cdca5e0c93752c5d9edb801f49bf1,2024-04-19T21:36:22+01:00,tests/test_client_functional.py,3625,0,0,21
aiohttp,b2afad1ad28cdca5e0c93752c5d9edb801f49bf1,2024-04-19T21:36:22+01:00,aiohttp/compression_utils.py,157,0,0,8
aiohttp,b2afad1ad28cdca5e0c93752c5d9edb801f49bf1,2024-04-19T21:36:22+01:00,tests/autobahn/test_autobahn.py,132,0,0,6
aiohttp,b2afad1ad28cdca5e0c93752c5d9edb801f49bf1,2024-04-19T21:36:22+01:00,aiohttp/client.py,1420,1,0,0
aiohttp,b2afad1ad28cdca5e0c93752c5d9edb801f49bf1,2024-04-19T21:36:22+01:00,tests/test_web_websocket.py,588,0,0,16
aiohttp,b2afad1ad28cdca5e0c93752c5d9edb801f49bf1,2024-04-19T21:36:22+01:00,aiohttp/web_exceptions.py,452,4,0,0
aiohttp,b2afad1ad28cdca5e0c93752c5d9edb801f49bf1,2024-04-19T21:36:22+01:00,aiohttp/tracing.py,471,0,0,21
aiohttp,b2afad1ad28cdca5e0c93752c5d9edb801f49bf1,2024-04-19T21:36:22+01:00,aiohttp/web_routedef.py,216,0,0,6
aiohttp,b2afad1ad28cdca5e0c93752c5d9edb801f49bf1,2024-04-19T21:36:22+01:00,tests/test_streams.py,1552,0,0,28
aiohttp,92e14f86b59e683b88a7ffe0e1fab75b55e77cd7,2024-08-15T18:31:50+01:00,aiohttp/web_fileresponse.py,354,0,0,8
aiohttp,92e14f86b59e683b88a7ffe0e1fab75b55e77cd7,2024-08-15T18:31:50+01:00,aiohttp/test_utils.py,684,0,0,38
aiohttp,92e14f86b59e683b88a7ffe0e1fab75b55e77cd7,2024-08-15T18:31:50+01:00,tests/test_proxy.py,906,0,0,1075
aiohttp,92e14f86b59e683b88a7ffe0e1fab75b55e77cd7,2024-08-15T18:31:50+01:00,tests/test_route_def.py,322,0,0,119
aiohttp,92e14f86b59e683b88a7ffe0e1fab75b55e77cd7,2024-08-15T18:31:50+01:00,aiohttp/pytest_plugin.py,389,5,0,42
aiohttp,92e14f86b59e683b88a7ffe0e1fab75b55e77cd7,2024-08-15T18:31:50+01:00,tests/test_helpers.py,1122,0,0,299
aiohttp,92e14f86b59e683b88a7ffe0e1fab75b55e77cd7,2024-08-15T18:31:50+01:00,setup.py,54,0,0,8
aiohttp,92e14f86b59e683b88a7ffe0e1fab75b55e77cd7,2024-08-15T18:31:50+01:00,tests/test_multipart.py,1432,0,0,472
aiohttp,92e14f86b59e683b88a7ffe0e1fab75b55e77cd7,2024-08-15T18:31:50+01:00,tests/test_urldispatch.py,1318,0,0,401
aiohttp,92e14f86b59e683b88a7ffe0e1fab75b55e77cd7,2024-08-15T18:31:50+01:00,aiohttp/web.py,573,2,0,0
aiohttp,92e14f86b59e683b88a7ffe0e1fab75b55e77cd7,2024-08-15T18:31:50+01:00,tests/test_web_response.py,1281,0,0,51
aiohttp,92e14f86b59e683b88a7ffe0e1fab75b55e77cd7,2024-08-15T18:31:50+01:00,aiohttp/http_exceptions.py,103,0,0,2
aiohttp,92e14f86b59e683b88a7ffe0e1fab75b55e77cd7,2024-08-15T18:31:50+01:00,aiohttp/client_exceptions.py,363,0,0,18
aiohttp,92e14f86b59e683b88a7ffe0e1fab75b55e77cd7,2024-08-15T18:31:50+01:00,tests/test_websocket_parser.py,512,0,0,417
aiohttp,92e14f86b59e683b88a7ffe0e1fab75b55e77cd7,2024-08-15T18:31:50+01:00,aiohttp/web_ws.py,613,17,0,54
aiohttp,92e14f86b59e683b88a7ffe0e1fab75b55e77cd7,2024-08-15T18:31:50+01:00,tests/test_client_exceptions.py,306,0,0,35
aiohttp,92e14f86b59e683b88a7ffe0e1fab75b55e77cd7,2024-08-15T18:31:50+01:00,aiohttp/web_request.py,895,0,0,30
aiohttp,92e14f86b59e683b88a7ffe0e1fab75b55e77cd7,2024-08-15T18:31:50+01:00,aiohttp/cookiejar.py,429,0,0,4
aiohttp,92e14f86b59e683b88a7ffe0e1fab75b55e77cd7,2024-08-15T18:31:50+01:00,aiohttp/web_urldispatcher.py,1279,2,0,19
aiohttp,92e14f86b59e683b88a7ffe0e1fab75b55e77cd7,2024-08-15T18:31:50+01:00,tests/test_http_parser.py,1751,0,0,615
aiohttp,92e14f86b59e683b88a7ffe0e1fab75b55e77cd7,2024-08-15T18:31:50+01:00,tests/test_proxy_functional.py,851,0,0,247
aiohttp,92e14f86b59e683b88a7ffe0e1fab75b55e77cd7,2024-08-15T18:31:50+01:00,aiohttp/streams.py,670,8,0,25
aiohttp,92e14f86b59e683b88a7ffe0e1fab75b55e77cd7,2024-08-15T18:31:50+01:00,aiohttp/multipart.py,1053,0,0,63
aiohttp,92e14f86b59e683b88a7ffe0e1fab75b55e77cd7,2024-08-15T18:31:50+01:00,aiohttp/web_server.py,89,1,0,68
aiohttp,92e14f86b59e683b88a7ffe0e1fab75b55e77cd7,2024-08-15T18:31:50+01:00,aiohttp/connector.py,1488,7,0,0
aiohttp,92e14f86b59e683b88a7ffe0e1fab75b55e77cd7,2024-08-15T18:31:50+01:00,tests/test_client_functional.py,3781,0,0,65
aiohttp,92e14f86b59e683b88a7ffe0e1fab75b55e77cd7,2024-08-15T18:31:50+01:00,aiohttp/client.py,1458,2,0,10
aiohttp,92e14f86b59e683b88a7ffe0e1fab75b55e77cd7,2024-08-15T18:31:50+01:00,tests/test_client_ws_functional.py,1095,0,0,90
aiohttp,92e14f86b59e683b88a7ffe0e1fab75b55e77cd7,2024-08-15T18:31:50+01:00,aiohttp/tracing.py,470,0,0,26
aiohttp,92e14f86b59e683b88a7ffe0e1fab75b55e77cd7,2024-08-15T18:31:50+01:00,tests/test_web_functional.py,2166,0,0,144
aiohttp,92e14f86b59e683b88a7ffe0e1fab75b55e77cd7,2024-08-15T18:31:50+01:00,tests/test_client_response.py,1309,0,0,6
aiohttp,92e14f86b59e683b88a7ffe0e1fab75b55e77cd7,2024-08-15T18:31:50+01:00,aiohttp/resolver.py,147,2,0,12
aiohttp,92e14f86b59e683b88a7ffe0e1fab75b55e77cd7,2024-08-15T18:31:50+01:00,tests/test_client_request.py,1452,0,0,21
aiohttp,92e14f86b59e683b88a7ffe0e1fab75b55e77cd7,2024-08-15T18:31:50+01:00,aiohttp/client_proto.py,320,0,0,4
aiohttp,92e14f86b59e683b88a7ffe0e1fab75b55e77cd7,2024-08-15T18:31:50+01:00,tests/test_http_writer.py,303,0,0,159
aiohttp,92e14f86b59e683b88a7ffe0e1fab75b55e77cd7,2024-08-15T18:31:50+01:00,tests/test_resolver.py,321,0,0,14
aiohttp,92e14f86b59e683b88a7ffe0e1fab75b55e77cd7,2024-08-15T18:31:50+01:00,aiohttp/web_response.py,748,4,0,27
aiohttp,92e14f86b59e683b88a7ffe0e1fab75b55e77cd7,2024-08-15T18:31:50+01:00,aiohttp/payload.py,459,4,0,0
aiohttp,92e14f86b59e683b88a7ffe0e1fab75b55e77cd7,2024-08-15T18:31:50+01:00,aiohttp/helpers.py,1124,0,0,58
aiohttp,92e14f86b59e683b88a7ffe0e1fab75b55e77cd7,2024-08-15T18:31:50+01:00,aiohttp/client_reqrep.py,1155,4,0,106
aiohttp,92e14f86b59e683b88a7ffe0e1fab75b55e77cd7,2024-08-15T18:31:50+01:00,aiohttp/web_protocol.py,720,0,0,218
aiohttp,92e14f86b59e683b88a7ffe0e1fab75b55e77cd7,2024-08-15T18:31:50+01:00,tests/test_run_app.py,1258,0,0,287
aiohttp,92e14f86b59e683b88a7ffe0e1fab75b55e77cd7,2024-08-15T18:31:50+01:00,aiohttp/worker.py,239,0,1,0
aiohttp,92e14f86b59e683b88a7ffe0e1fab75b55e77cd7,2024-08-15T18:31:50+01:00,tests/test_http_exceptions.py,148,0,0,47
aiohttp,92e14f86b59e683b88a7ffe0e1fab75b55e77cd7,2024-08-15T18:31:50+01:00,tests/test_flowcontrol_streams.py,131,0,0,84
aiohttp,92e14f86b59e683b88a7ffe0e1fab75b55e77cd7,2024-08-15T18:31:50+01:00,aiohttp/web_app.py,441,1,0,0
aiohttp,92e14f86b59e683b88a7ffe0e1fab75b55e77cd7,2024-08-15T18:31:50+01:00,tests/test_web_websocket_functional.py,1081,0,0,219
aiohttp,92e14f86b59e683b88a7ffe0e1fab75b55e77cd7,2024-08-15T18:31:50+01:00,aiohttp/client_ws.py,390,15,0,75
aiohttp,92e14f86b59e683b88a7ffe0e1fab75b55e77cd7,2024-08-15T18:31:50+01:00,tests/test_formdata.py,115,0,0,40
aiohttp,92e14f86b59e683b88a7ffe0e1fab75b55e77cd7,2024-08-15T18:31:50+01:00,tests/test_websocket_writer.py,172,0,0,82
aiohttp,92e14f86b59e683b88a7ffe0e1fab75b55e77cd7,2024-08-15T18:31:50+01:00,aiohttp/web_runner.py,430,5,0,42
aiohttp,92e14f86b59e683b88a7ffe0e1fab75b55e77cd7,2024-08-15T18:31:50+01:00,aiohttp/http_websocket.py,725,6,0,1225
aiohttp,92e14f86b59e683b88a7ffe0e1fab75b55e77cd7,2024-08-15T18:31:50+01:00,aiohttp/http_parser.py,997,15,0,74
aiohttp,92e14f86b59e683b88a7ffe0e1fab75b55e77cd7,2024-08-15T18:31:50+01:00,aiohttp/__init__.py,246,0,0,8
aiohttp,92e14f86b59e683b88a7ffe0e1fab75b55e77cd7,2024-08-15T18:31:50+01:00,tests/test_test_utils.py,353,0,0,120
aiohttp,92e14f86b59e683b88a7ffe0e1fab75b55e77cd7,2024-08-15T18:31:50+01:00,tests/test_web_request.py,905,0,0,17
aiohttp,92e14f86b59e683b88a7ffe0e1fab75b55e77cd7,2024-08-15T18:31:50+01:00,tests/test_tracing.py,125,0,0,7
aiohttp,92e14f86b59e683b88a7ffe0e1fab75b55e77cd7,2024-08-15T18:31:50+01:00,tests/test_streams.py,1526,0,0,160
aiohttp,42ffeab0da5e773366d6c066ba80a4bcecbab089,2024-08-26T11:44:13+00:00,aiohttp/test_utils.py,694,0,0,22
aiohttp,42ffeab0da5e773366d6c066ba80a4bcecbab089,2024-08-26T11:44:13+00:00,tests/test_proxy.py,1047,0,0,11
aiohttp,42ffeab0da5e773366d6c066ba80a4bcecbab089,2024-08-26T11:44:13+00:00,aiohttp/pytest_plugin.py,415,5,0,0
aiohttp,42ffeab0da5e773366d6c066ba80a4bcecbab089,2024-08-26T11:44:13+00:00,tests/conftest.py,237,0,0,11
aiohttp,42ffeab0da5e773366d6c066ba80a4bcecbab089,2024-08-26T11:44:13+00:00,tests/test_helpers.py,1171,0,0,34
aiohttp,42ffeab0da5e773366d6c066ba80a4bcecbab089,2024-08-26T11:44:13+00:00,tests/test_web_urldispatcher.py,974,0,0,51
aiohttp,42ffeab0da5e773366d6c066ba80a4bcecbab089,2024-08-26T11:44:13+00:00,tests/test_multipart.py,1504,0,0,18
aiohttp,42ffeab0da5e773366d6c066ba80a4bcecbab089,2024-08-26T11:44:13+00:00,tests/test_connector.py,2946,0,0,451
aiohttp,42ffeab0da5e773366d6c066ba80a4bcecbab089,2024-08-26T11:44:13+00:00,tests/test_urldispatch.py,1349,0,0,101
aiohttp,42ffeab0da5e773366d6c066ba80a4bcecbab089,2024-08-26T11:44:13+00:00,aiohttp/web.py,573,2,0,45
aiohttp,42ffeab0da5e773366d6c066ba80a4bcecbab089,2024-08-26T11:44:13+00:00,tests/test_web_response.py,1279,0,0,187
aiohttp,42ffeab0da5e773366d6c066ba80a4bcecbab089,2024-08-26T11:44:13+00:00,tests/test_multipart_helpers.py,699,0,0,16
aiohttp,42ffeab0da5e773366d6c066ba80a4bcecbab089,2024-08-26T11:44:13+00:00,tests/test_client_ws.py,906,0,0,7
aiohttp,42ffeab0da5e773366d6c066ba80a4bcecbab089,2024-08-26T11:44:13+00:00,tests/test_websocket_parser.py,555,0,0,4
aiohttp,42ffeab0da5e773366d6c066ba80a4bcecbab089,2024-08-26T11:44:13+00:00,aiohttp/web_ws.py,625,17,0,0
aiohttp,42ffeab0da5e773366d6c066ba80a4bcecbab089,2024-08-26T11:44:13+00:00,tests/test_client_exceptions.py,307,0,0,8
aiohttp,42ffeab0da5e773366d6c066ba80a4bcecbab089,2024-08-26T11:44:13+00:00,aiohttp/web_request.py,901,0,0,44
aiohttp,42ffeab0da5e773366d6c066ba80a4bcecbab089,2024-08-26T11:44:13+00:00,aiohttp/cookiejar.py,429,0,0,4
aiohttp,42ffeab0da5e773366d6c066ba80a4bcecbab089,2024-08-26T11:44:13+00:00,aiohttp/web_urldispatcher.py,1279,2,0,72
aiohttp,42ffeab0da5e773366d6c066ba80a4bcecbab089,2024-08-26T11:44:13+00:00,tests/test_http_parser.py,1872,0,0,124
aiohttp,42ffeab0da5e773366d6c066ba80a4bcecbab089,2024-08-26T11:44:13+00:00,tests/test_web_cli.py,131,0,0,8
aiohttp,42ffeab0da5e773366d6c066ba80a4bcecbab089,2024-08-26T11:44:13+00:00,aiohttp/streams.py,672,8,0,13
aiohttp,42ffeab0da5e773366d6c066ba80a4bcecbab089,2024-08-26T11:44:13+00:00,aiohttp/formdata.py,161,0,0,16
aiohttp,42ffeab0da5e773366d6c066ba80a4bcecbab089,2024-08-26T11:44:13+00:00,aiohttp/multipart.py,1058,0,0,59
aiohttp,42ffeab0da5e773366d6c066ba80a4bcecbab089,2024-08-26T11:44:13+00:00,aiohttp/web_server.py,133,1,0,2
aiohttp,42ffeab0da5e773366d6c066ba80a4bcecbab089,2024-08-26T11:44:13+00:00,aiohttp/payload_streamer.py,0,0,0,6
aiohttp,42ffeab0da5e773366d6c066ba80a4bcecbab089,2024-08-26T11:44:13+00:00,aiohttp/connector.py,1488,7,0,354
aiohttp,42ffeab0da5e773366d6c066ba80a4bcecbab089,2024-08-26T11:44:13+00:00,tests/test_client_functional.py,3779,0,0,847
aiohttp,42ffeab0da5e773366d6c066ba80a4bcecbab089,2024-08-26T11:44:13+00:00,tests/test_web_app.py,554,0,0,27
aiohttp,42ffeab0da5e773366d6c066ba80a4bcecbab089,2024-08-26T11:44:13+00:00,tests/test_web_exceptions.py,412,0,0,2
aiohttp,42ffeab0da5e773366d6c066ba80a4bcecbab089,2024-08-26T11:44:13+00:00,aiohttp/client.py,1458,2,0,104
aiohttp,42ffeab0da5e773366d6c066ba80a4bcecbab089,2024-08-26T11:44:13+00:00,tests/test_client_ws_functional.py,1125,0,0,71
aiohttp,42ffeab0da5e773366d6c066ba80a4bcecbab089,2024-08-26T11:44:13+00:00,tests/test_client_session.py,1074,0,0,93
aiohttp,42ffeab0da5e773366d6c066ba80a4bcecbab089,2024-08-26T11:44:13+00:00,tests/test_web_functional.py,2172,0,0,98
aiohttp,42ffeab0da5e773366d6c066ba80a4bcecbab089,2024-08-26T11:44:13+00:00,aiohttp/resolver.py,145,2,0,15
aiohttp,42ffeab0da5e773366d6c066ba80a4bcecbab089,2024-08-26T11:44:13+00:00,tests/test_client_request.py,1452,0,0,21
aiohttp,42ffeab0da5e773366d6c066ba80a4bcecbab089,2024-08-26T11:44:13+00:00,aiohttp/client_proto.py,320,0,0,6
aiohttp,42ffeab0da5e773366d6c066ba80a4bcecbab089,2024-08-26T11:44:13+00:00,tests/test_http_writer.py,360,0,0,20
aiohttp,42ffeab0da5e773366d6c066ba80a4bcecbab089,2024-08-26T11:44:13+00:00,tests/test_resolver.py,314,0,0,81
aiohttp,42ffeab0da5e773366d6c066ba80a4bcecbab089,2024-08-26T11:44:13+00:00,aiohttp/typedefs.py,67,0,0,65
aiohttp,42ffeab0da5e773366d6c066ba80a4bcecbab089,2024-08-26T11:44:13+00:00,aiohttp/web_response.py,747,4,0,130
aiohttp,42ffeab0da5e773366d6c066ba80a4bcecbab089,2024-08-26T11:44:13+00:00,aiohttp/payload.py,459,4,0,120
aiohttp,42ffeab0da5e773366d6c066ba80a4bcecbab089,2024-08-26T11:44:13+00:00,aiohttp/helpers.py,1126,0,0,47
aiohttp,42ffeab0da5e773366d6c066ba80a4bcecbab089,2024-08-26T11:44:13+00:00,aiohttp/client_reqrep.py,1155,4,0,226
aiohttp,42ffeab0da5e773366d6c066ba80a4bcecbab089,2024-08-26T11:44:13+00:00,aiohttp/web_protocol.py,733,0,0,117
aiohttp,42ffeab0da5e773366d6c066ba80a4bcecbab089,2024-08-26T11:44:13+00:00,tests/test_run_app.py,1327,0,0,55
aiohttp,42ffeab0da5e773366d6c066ba80a4bcecbab089,2024-08-26T11:44:13+00:00,aiohttp/worker.py,239,0,1,0
aiohttp,42ffeab0da5e773366d6c066ba80a4bcecbab089,2024-08-26T11:44:13+00:00,tests/test_http_exceptions.py,155,0,0,4
aiohttp,42ffeab0da5e773366d6c066ba80a4bcecbab089,2024-08-26T11:44:13+00:00,aiohttp/web_app.py,441,1,0,20
aiohttp,42ffeab0da5e773366d6c066ba80a4bcecbab089,2024-08-26T11:44:13+00:00,tests/test_web_runner.py,267,0,0,21
aiohttp,42ffeab0da5e773366d6c066ba80a4bcecbab089,2024-08-26T11:44:13+00:00,tests/test_web_websocket_functional.py,1152,0,0,148
aiohttp,42ffeab0da5e773366d6c066ba80a4bcecbab089,2024-08-26T11:44:13+00:00,aiohttp/client_ws.py,397,15,0,19
aiohttp,42ffeab0da5e773366d6c066ba80a4bcecbab089,2024-08-26T11:44:13+00:00,tests/test_formdata.py,111,0,0,33
aiohttp,42ffeab0da5e773366d6c066ba80a4bcecbab089,2024-08-26T11:44:13+00:00,aiohttp/web_runner.py,436,5,0,10
aiohttp,42ffeab0da5e773366d6c066ba80a4bcecbab089,2024-08-26T11:44:13+00:00,aiohttp/http_websocket.py,722,2,0,143
aiohttp,42ffeab0da5e773366d6c066ba80a4bcecbab089,2024-08-26T11:44:13+00:00,aiohttp/http_parser.py,1007,15,0,0
aiohttp,42ffeab0da5e773366d6c066ba80a4bcecbab089,2024-08-26T11:44:13+00:00,tests/test_client_proto.py,161,0,0,4
aiohttp,42ffeab0da5e773366d6c066ba80a4bcecbab089,2024-08-26T11:44:13+00:00,aiohttp/__init__.py,246,0,0,8
aiohttp,42ffeab0da5e773366d6c066ba80a4bcecbab089,2024-08-26T11:44:13+00:00,tests/test_payload.py,119,0,0,9
aiohttp,42ffeab0da5e773366d6c066ba80a4bcecbab089,2024-08-26T11:44:13+00:00,tests/test_test_utils.py,377,0,0,15
aiohttp,42ffeab0da5e773366d6c066ba80a4bcecbab089,2024-08-26T11:44:13+00:00,aiohttp/web_routedef.py,213,0,0,8
aiohttp,42ffeab0da5e773366d6c066ba80a4bcecbab089,2024-08-26T11:44:13+00:00,tests/test_web_request.py,888,0,0,73
aiohttp,fecb85a9291d4cae6c06999c388421cde02c9860,2024-09-03T14:06:55+01:00,aiohttp/test_utils.py,729,0,0,12
aiohttp,fecb85a9291d4cae6c06999c388421cde02c9860,2024-09-03T14:06:55+01:00,tests/test_proxy.py,910,0,0,11
aiohttp,fecb85a9291d4cae6c06999c388421cde02c9860,2024-09-03T14:06:55+01:00,aiohttp/pytest_plugin.py,407,5,0,0
aiohttp,fecb85a9291d4cae6c06999c388421cde02c9860,2024-09-03T14:06:55+01:00,tests/conftest.py,239,0,0,11
aiohttp,fecb85a9291d4cae6c06999c388421cde02c9860,2024-09-03T14:06:55+01:00,tests/test_helpers.py,959,0,0,87
aiohttp,fecb85a9291d4cae6c06999c388421cde02c9860,2024-09-03T14:06:55+01:00,tests/test_web_urldispatcher.py,991,0,0,15
aiohttp,fecb85a9291d4cae6c06999c388421cde02c9860,2024-09-03T14:06:55+01:00,tests/test_multipart.py,1554,0,0,8
aiohttp,fecb85a9291d4cae6c06999c388421cde02c9860,2024-09-03T14:06:55+01:00,tests/test_connector.py,2719,0,0,340
aiohttp,fecb85a9291d4cae6c06999c388421cde02c9860,2024-09-03T14:06:55+01:00,tests/test_urldispatch.py,1315,0,0,6
aiohttp,fecb85a9291d4cae6c06999c388421cde02c9860,2024-09-03T14:06:55+01:00,aiohttp/web.py,595,2,0,2
aiohttp,fecb85a9291d4cae6c06999c388421cde02c9860,2024-09-03T14:06:55+01:00,tests/test_web_response.py,1426,0,0,22
aiohttp,fecb85a9291d4cae6c06999c388421cde02c9860,2024-09-03T14:06:55+01:00,aiohttp/client_exceptions.py,398,2,0,0
aiohttp,fecb85a9291d4cae6c06999c388421cde02c9860,2024-09-03T14:06:55+01:00,tests/test_multipart_helpers.py,699,0,0,8
aiohttp,fecb85a9291d4cae6c06999c388421cde02c9860,2024-09-03T14:06:55+01:00,tests/test_websocket_parser.py,515,0,0,2
aiohttp,fecb85a9291d4cae6c06999c388421cde02c9860,2024-09-03T14:06:55+01:00,aiohttp/web_ws.py,600,18,0,0
aiohttp,fecb85a9291d4cae6c06999c388421cde02c9860,2024-09-03T14:06:55+01:00,tests/test_client_exceptions.py,340,0,0,6
aiohttp,fecb85a9291d4cae6c06999c388421cde02c9860,2024-09-03T14:06:55+01:00,aiohttp/web_request.py,918,0,0,10
aiohttp,fecb85a9291d4cae6c06999c388421cde02c9860,2024-09-03T14:06:55+01:00,aiohttp/cookiejar.py,425,0,0,2
aiohttp,fecb85a9291d4cae6c06999c388421cde02c9860,2024-09-03T14:06:55+01:00,aiohttp/web_urldispatcher.py,1304,2,0,21
aiohttp,fecb85a9291d4cae6c06999c388421cde02c9860,2024-09-03T14:06:55+01:00,tests/test_http_parser.py,1789,0,0,62
aiohttp,fecb85a9291d4cae6c06999c388421cde02c9860,2024-09-03T14:06:55+01:00,tests/test_web_cli.py,129,0,0,4
aiohttp,fecb85a9291d4cae6c06999c388421cde02c9860,2024-09-03T14:06:55+01:00,aiohttp/streams.py,687,8,0,2
aiohttp,fecb85a9291d4cae6c06999c388421cde02c9860,2024-09-03T14:06:55+01:00,aiohttp/formdata.py,182,0,0,8
aiohttp,fecb85a9291d4cae6c06999c388421cde02c9860,2024-09-03T14:06:55+01:00,aiohttp/multipart.py,1073,0,0,4
aiohttp,fecb85a9291d4cae6c06999c388421cde02c9860,2024-09-03T14:06:55+01:00,aiohttp/connector.py,1614,7,0,306
aiohttp,fecb85a9291d4cae6c06999c388421cde02c9860,2024-09-03T14:06:55+01:00,tests/test_client_functional.py,3728,0,0,413
aiohttp,fecb85a9291d4cae6c06999c388421cde02c9860,2024-09-03T14:06:55+01:00,aiohttp/client.py,1522,1,0,54
aiohttp,fecb85a9291d4cae6c06999c388421cde02c9860,2024-09-03T14:06:55+01:00,tests/test_client_session.py,1037,0,0,93
aiohttp,fecb85a9291d4cae6c06999c388421cde02c9860,2024-09-03T14:06:55+01:00,tests/test_web_functional.py,2248,0,0,149
aiohttp,fecb85a9291d4cae6c06999c388421cde02c9860,2024-09-03T14:06:55+01:00,tests/test_client_response.py,1266,0,0,32
aiohttp,fecb85a9291d4cae6c06999c388421cde02c9860,2024-09-03T14:06:55+01:00,aiohttp/resolver.py,188,4,0,15
aiohttp,fecb85a9291d4cae6c06999c388421cde02c9860,2024-09-03T14:06:55+01:00,tests/test_http_writer.py,275,0,0,10
aiohttp,fecb85a9291d4cae6c06999c388421cde02c9860,2024-09-03T14:06:55+01:00,tests/test_resolver.py,338,0,0,81
aiohttp,fecb85a9291d4cae6c06999c388421cde02c9860,2024-09-03T14:06:55+01:00,aiohttp/typedefs.py,67,0,0,65
aiohttp,fecb85a9291d4cae6c06999c388421cde02c9860,2024-09-03T14:06:55+01:00,aiohttp/web_response.py,814,4,0,43
aiohttp,fecb85a9291d4cae6c06999c388421cde02c9860,2024-09-03T14:06:55+01:00,aiohttp/payload.py,498,4,0,0
aiohttp,fecb85a9291d4cae6c06999c388421cde02c9860,2024-09-03T14:06:55+01:00,aiohttp/web_protocol.py,705,0,0,6
aiohttp,fecb85a9291d4cae6c06999c388421cde02c9860,2024-09-03T14:06:55+01:00,aiohttp/client_reqrep.py,1235,7,0,150
aiohttp,fecb85a9291d4cae6c06999c388421cde02c9860,2024-09-03T14:06:55+01:00,aiohttp/helpers.py,1003,0,0,208
aiohttp,fecb85a9291d4cae6c06999c388421cde02c9860,2024-09-03T14:06:55+01:00,aiohttp/abc.py,234,0,0,10
aiohttp,fecb85a9291d4cae6c06999c388421cde02c9860,2024-09-03T14:06:55+01:00,aiohttp/worker.py,247,0,1,0
aiohttp,fecb85a9291d4cae6c06999c388421cde02c9860,2024-09-03T14:06:55+01:00,tests/test_http_exceptions.py,147,0,0,2
aiohttp,fecb85a9291d4cae6c06999c388421cde02c9860,2024-09-03T14:06:55+01:00,aiohttp/web_app.py,590,1,0,6
aiohttp,fecb85a9291d4cae6c06999c388421cde02c9860,2024-09-03T14:06:55+01:00,tests/test_web_websocket_functional.py,1121,0,0,146
aiohttp,fecb85a9291d4cae6c06999c388421cde02c9860,2024-09-03T14:06:55+01:00,aiohttp/client_ws.py,386,16,0,0
aiohttp,fecb85a9291d4cae6c06999c388421cde02c9860,2024-09-03T14:06:55+01:00,aiohttp/web_runner.py,397,5,0,2
aiohttp,fecb85a9291d4cae6c06999c388421cde02c9860,2024-09-03T14:06:55+01:00,aiohttp/http_websocket.py,760,2,0,4
aiohttp,fecb85a9291d4cae6c06999c388421cde02c9860,2024-09-03T14:06:55+01:00,aiohttp/http_parser.py,1033,15,0,0
aiohttp,fecb85a9291d4cae6c06999c388421cde02c9860,2024-09-03T14:06:55+01:00,tests/test_client_proto.py,155,0,0,2
aiohttp,fecb85a9291d4cae6c06999c388421cde02c9860,2024-09-03T14:06:55+01:00,tests/test_test_utils.py,373,0,0,24
aiohttp,fecb85a9291d4cae6c06999c388421cde02c9860,2024-09-03T14:06:55+01:00,aiohttp/web_exceptions.py,452,4,0,0
aiohttp,fecb85a9291d4cae6c06999c388421cde02c9860,2024-09-03T14:06:55+01:00,aiohttp/web_routedef.py,214,0,0,4
aiohttp,fecb85a9291d4cae6c06999c388421cde02c9860,2024-09-03T14:06:55+01:00,tests/test_web_request.py,849,0,0,4
aiohttp,fecb85a9291d4cae6c06999c388421cde02c9860,2024-09-03T14:06:55+01:00,tests/test_streams.py,1552,0,0,3
aiohttp,3bd4baa53a8b171823f13873d3b2b9207164c40c,2024-09-09T03:00:36+00:00,aiohttp/base_protocol.py,95,0,0,9
aiohttp,3bd4baa53a8b171823f13873d3b2b9207164c40c,2024-09-09T03:00:36+00:00,aiohttp/web_fileresponse.py,353,0,0,51
aiohttp,3bd4baa53a8b171823f13873d3b2b9207164c40c,2024-09-09T03:00:36+00:00,aiohttp/test_utils.py,729,0,0,124
aiohttp,3bd4baa53a8b171823f13873d3b2b9207164c40c,2024-09-09T03:00:36+00:00,aiohttp/pytest_plugin.py,407,5,0,109
aiohttp,3bd4baa53a8b171823f13873d3b2b9207164c40c,2024-09-09T03:00:36+00:00,tests/test_web_sendfile_functional.py,1105,0,0,201
aiohttp,3bd4baa53a8b171823f13873d3b2b9207164c40c,2024-09-09T03:00:36+00:00,tests/test_web_log.py,226,0,0,91
aiohttp,3bd4baa53a8b171823f13873d3b2b9207164c40c,2024-09-09T03:00:36+00:00,tests/test_helpers.py,960,0,0,84
aiohttp,3bd4baa53a8b171823f13873d3b2b9207164c40c,2024-09-09T03:00:36+00:00,aiohttp/web.py,595,2,0,36
aiohttp,3bd4baa53a8b171823f13873d3b2b9207164c40c,2024-09-09T03:00:36+00:00,tests/test_web_response.py,1426,0,0,706
aiohttp,3bd4baa53a8b171823f13873d3b2b9207164c40c,2024-09-09T03:00:36+00:00,aiohttp/client_exceptions.py,398,2,0,27
aiohttp,3bd4baa53a8b171823f13873d3b2b9207164c40c,2024-09-09T03:00:36+00:00,tests/test_client_ws.py,853,0,0,50
aiohttp,3bd4baa53a8b171823f13873d3b2b9207164c40c,2024-09-09T03:00:36+00:00,aiohttp/web_ws.py,600,17,0,0
aiohttp,3bd4baa53a8b171823f13873d3b2b9207164c40c,2024-09-09T03:00:36+00:00,aiohttp/web_request.py,918,0,0,19
aiohttp,3bd4baa53a8b171823f13873d3b2b9207164c40c,2024-09-09T03:00:36+00:00,aiohttp/cookiejar.py,425,0,0,541
aiohttp,3bd4baa53a8b171823f13873d3b2b9207164c40c,2024-09-09T03:00:36+00:00,aiohttp/web_urldispatcher.py,1305,2,0,30
aiohttp,3bd4baa53a8b171823f13873d3b2b9207164c40c,2024-09-09T03:00:36+00:00,tests/test_http_parser.py,1789,0,0,30
aiohttp,3bd4baa53a8b171823f13873d3b2b9207164c40c,2024-09-09T03:00:36+00:00,tests/test_web_cli.py,129,0,0,60
aiohttp,3bd4baa53a8b171823f13873d3b2b9207164c40c,2024-09-09T03:00:36+00:00,aiohttp/web_log.py,213,0,0,7
aiohttp,3bd4baa53a8b171823f13873d3b2b9207164c40c,2024-09-09T03:00:36+00:00,aiohttp/streams.py,687,8,0,0
aiohttp,3bd4baa53a8b171823f13873d3b2b9207164c40c,2024-09-09T03:00:36+00:00,tests/test_web_middleware.py,516,0,0,194
aiohttp,3bd4baa53a8b171823f13873d3b2b9207164c40c,2024-09-09T03:00:36+00:00,aiohttp/connector.py,1589,7,0,0
aiohttp,3bd4baa53a8b171823f13873d3b2b9207164c40c,2024-09-09T03:00:36+00:00,tests/test_client_functional.py,3903,0,0,346
aiohttp,3bd4baa53a8b171823f13873d3b2b9207164c40c,2024-09-09T03:00:36+00:00,tests/test_web_exceptions.py,272,0,0,14
aiohttp,3bd4baa53a8b171823f13873d3b2b9207164c40c,2024-09-09T03:00:36+00:00,aiohttp/client.py,1553,1,0,136
aiohttp,3bd4baa53a8b171823f13873d3b2b9207164c40c,2024-09-09T03:00:36+00:00,tests/test_client_ws_functional.py,1119,0,0,12
aiohttp,3bd4baa53a8b171823f13873d3b2b9207164c40c,2024-09-09T03:00:36+00:00,tests/test_web_functional.py,2244,0,0,859
aiohttp,3bd4baa53a8b171823f13873d3b2b9207164c40c,2024-09-09T03:00:36+00:00,tests/test_client_response.py,1266,0,0,96
aiohttp,3bd4baa53a8b171823f13873d3b2b9207164c40c,2024-09-09T03:00:36+00:00,aiohttp/web_middlewares.py,116,0,0,21
aiohttp,3bd4baa53a8b171823f13873d3b2b9207164c40c,2024-09-09T03:00:36+00:00,aiohttp/resolver.py,187,4,0,0
aiohttp,3bd4baa53a8b171823f13873d3b2b9207164c40c,2024-09-09T03:00:36+00:00,tests/test_client_request.py,1445,0,0,57
aiohttp,3bd4baa53a8b171823f13873d3b2b9207164c40c,2024-09-09T03:00:36+00:00,aiohttp/client_proto.py,301,0,0,54
aiohttp,3bd4baa53a8b171823f13873d3b2b9207164c40c,2024-09-09T03:00:36+00:00,tests/test_http_writer.py,275,0,0,30
aiohttp,3bd4baa53a8b171823f13873d3b2b9207164c40c,2024-09-09T03:00:36+00:00,aiohttp/typedefs.py,80,0,0,39
aiohttp,3bd4baa53a8b171823f13873d3b2b9207164c40c,2024-09-09T03:00:36+00:00,aiohttp/web_response.py,824,4,0,117
aiohttp,3bd4baa53a8b171823f13873d3b2b9207164c40c,2024-09-09T03:00:36+00:00,aiohttp/payload.py,498,4,0,0
aiohttp,3bd4baa53a8b171823f13873d3b2b9207164c40c,2024-09-09T03:00:36+00:00,aiohttp/web_protocol.py,705,0,0,183
aiohttp,3bd4baa53a8b171823f13873d3b2b9207164c40c,2024-09-09T03:00:36+00:00,aiohttp/client_reqrep.py,1242,7,0,230
aiohttp,3bd4baa53a8b171823f13873d3b2b9207164c40c,2024-09-09T03:00:36+00:00,aiohttp/helpers.py,999,0,0,201
aiohttp,3bd4baa53a8b171823f13873d3b2b9207164c40c,2024-09-09T03:00:36+00:00,aiohttp/abc.py,234,0,0,10
aiohttp,3bd4baa53a8b171823f13873d3b2b9207164c40c,2024-09-09T03:00:36+00:00,aiohttp/worker.py,247,0,1,0
aiohttp,3bd4baa53a8b171823f13873d3b2b9207164c40c,2024-09-09T03:00:36+00:00,aiohttp/http_writer.py,198,0,0,21
aiohttp,3bd4baa53a8b171823f13873d3b2b9207164c40c,2024-09-09T03:00:36+00:00,aiohttp/web_app.py,590,1,0,230
aiohttp,3bd4baa53a8b171823f13873d3b2b9207164c40c,2024-09-09T03:00:36+00:00,aiohttp/client_ws.py,395,15,0,42
aiohttp,3bd4baa53a8b171823f13873d3b2b9207164c40c,2024-09-09T03:00:36+00:00,aiohttp/web_runner.py,397,5,0,0
aiohttp,3bd4baa53a8b171823f13873d3b2b9207164c40c,2024-09-09T03:00:36+00:00,aiohttp/http_websocket.py,760,2,0,15
aiohttp,3bd4baa53a8b171823f13873d3b2b9207164c40c,2024-09-09T03:00:36+00:00,aiohttp/http_parser.py,1033,15,0,15
aiohttp,3bd4baa53a8b171823f13873d3b2b9207164c40c,2024-09-09T03:00:36+00:00,tests/test_cookiejar.py,955,0,0,520
aiohttp,3bd4baa53a8b171823f13873d3b2b9207164c40c,2024-09-09T03:00:36+00:00,aiohttp/__init__.py,258,0,0,8
aiohttp,3bd4baa53a8b171823f13873d3b2b9207164c40c,2024-09-09T03:00:36+00:00,tests/test_test_utils.py,373,0,0,99
aiohttp,3bd4baa53a8b171823f13873d3b2b9207164c40c,2024-09-09T03:00:36+00:00,aiohttp/web_exceptions.py,452,4,0,2
aiohttp,3bd4baa53a8b171823f13873d3b2b9207164c40c,2024-09-09T03:00:36+00:00,tests/test_web_request.py,849,0,0,145
aiohttp,3bd4baa53a8b171823f13873d3b2b9207164c40c,2024-09-09T03:00:36+00:00,tests/test_streams.py,1552,0,0,3
aiohttp,febf52528877c88df7db5fbfc53bf581dff05772,2024-09-22T18:11:19+00:00,aiohttp/web_fileresponse.py,357,0,0,34
aiohttp,febf52528877c88df7db5fbfc53bf581dff05772,2024-09-22T18:11:19+00:00,aiohttp/test_utils.py,732,0,0,77
aiohttp,febf52528877c88df7db5fbfc53bf581dff05772,2024-09-22T18:11:19+00:00,tests/test_proxy.py,911,0,0,208
aiohttp,febf52528877c88df7db5fbfc53bf581dff05772,2024-09-22T18:11:19+00:00,aiohttp/pytest_plugin.py,413,5,0,55
aiohttp,febf52528877c88df7db5fbfc53bf581dff05772,2024-09-22T18:11:19+00:00,tests/test_web_sendfile_functional.py,1110,0,0,305
aiohttp,febf52528877c88df7db5fbfc53bf581dff05772,2024-09-22T18:11:19+00:00,tests/test_helpers.py,955,0,0,236
aiohttp,febf52528877c88df7db5fbfc53bf581dff05772,2024-09-22T18:11:19+00:00,tests/test_web_urldispatcher.py,992,0,0,54
aiohttp,febf52528877c88df7db5fbfc53bf581dff05772,2024-09-22T18:11:19+00:00,tests/test_connector.py,2731,0,0,449
aiohttp,febf52528877c88df7db5fbfc53bf581dff05772,2024-09-22T18:11:19+00:00,tests/test_urldispatch.py,1315,0,0,51
aiohttp,febf52528877c88df7db5fbfc53bf581dff05772,2024-09-22T18:11:19+00:00,aiohttp/web.py,595,2,0,18
aiohttp,febf52528877c88df7db5fbfc53bf581dff05772,2024-09-22T18:11:19+00:00,aiohttp/client_exceptions.py,403,2,0,0
aiohttp,febf52528877c88df7db5fbfc53bf581dff05772,2024-09-22T18:11:19+00:00,tests/test_client_ws.py,857,0,0,36
aiohttp,febf52528877c88df7db5fbfc53bf581dff05772,2024-09-22T18:11:19+00:00,aiohttp/web_ws.py,600,18,0,46
aiohttp,febf52528877c88df7db5fbfc53bf581dff05772,2024-09-22T18:11:19+00:00,aiohttp/web_request.py,919,0,0,32
aiohttp,febf52528877c88df7db5fbfc53bf581dff05772,2024-09-22T18:11:19+00:00,aiohttp/cookiejar.py,466,0,0,159
aiohttp,febf52528877c88df7db5fbfc53bf581dff05772,2024-09-22T18:11:19+00:00,aiohttp/web_urldispatcher.py,1299,2,0,82
aiohttp,febf52528877c88df7db5fbfc53bf581dff05772,2024-09-22T18:11:19+00:00,examples/background_tasks.py,71,0,0,45
aiohttp,febf52528877c88df7db5fbfc53bf581dff05772,2024-09-22T18:11:19+00:00,tests/test_http_parser.py,1789,0,0,22
aiohttp,febf52528877c88df7db5fbfc53bf581dff05772,2024-09-22T18:11:19+00:00,tests/test_web_cli.py,129,0,0,32
aiohttp,febf52528877c88df7db5fbfc53bf581dff05772,2024-09-22T18:11:19+00:00,tests/test_proxy_functional.py,829,0,0,120
aiohttp,febf52528877c88df7db5fbfc53bf581dff05772,2024-09-22T18:11:19+00:00,aiohttp/streams.py,687,8,0,68
aiohttp,febf52528877c88df7db5fbfc53bf581dff05772,2024-09-22T18:11:19+00:00,aiohttp/formdata.py,182,0,0,10
aiohttp,febf52528877c88df7db5fbfc53bf581dff05772,2024-09-22T18:11:19+00:00,tests/test_web_middleware.py,522,0,0,6
aiohttp,febf52528877c88df7db5fbfc53bf581dff05772,2024-09-22T18:11:19+00:00,aiohttp/connector.py,1594,7,0,225
aiohttp,febf52528877c88df7db5fbfc53bf581dff05772,2024-09-22T18:11:19+00:00,tests/test_client_functional.py,3812,0,0,185
aiohttp,febf52528877c88df7db5fbfc53bf581dff05772,2024-09-22T18:11:19+00:00,aiohttp/client.py,1524,1,0,158
aiohttp,febf52528877c88df7db5fbfc53bf581dff05772,2024-09-22T18:11:19+00:00,tests/test_client_ws_functional.py,1058,0,0,46
aiohttp,febf52528877c88df7db5fbfc53bf581dff05772,2024-09-22T18:11:19+00:00,tests/test_web_websocket.py,588,0,0,381
aiohttp,febf52528877c88df7db5fbfc53bf581dff05772,2024-09-22T18:11:19+00:00,tests/test_client_session.py,1056,0,0,116
aiohttp,febf52528877c88df7db5fbfc53bf581dff05772,2024-09-22T18:11:19+00:00,tests/test_web_functional.py,2295,0,0,119
aiohttp,febf52528877c88df7db5fbfc53bf581dff05772,2024-09-22T18:11:19+00:00,aiohttp/web_middlewares.py,121,0,0,7
aiohttp,febf52528877c88df7db5fbfc53bf581dff05772,2024-09-22T18:11:19+00:00,aiohttp/resolver.py,189,4,0,0
aiohttp,febf52528877c88df7db5fbfc53bf581dff05772,2024-09-22T18:11:19+00:00,tests/test_client_request.py,1445,0,0,215
aiohttp,febf52528877c88df7db5fbfc53bf581dff05772,2024-09-22T18:11:19+00:00,aiohttp/typedefs.py,80,0,0,13
aiohttp,febf52528877c88df7db5fbfc53bf581dff05772,2024-09-22T18:11:19+00:00,aiohttp/web_response.py,820,4,0,0
aiohttp,febf52528877c88df7db5fbfc53bf581dff05772,2024-09-22T18:11:19+00:00,tests/test_web_server.py,249,0,0,61
aiohttp,febf52528877c88df7db5fbfc53bf581dff05772,2024-09-22T18:11:19+00:00,aiohttp/payload.py,498,4,0,0
aiohttp,febf52528877c88df7db5fbfc53bf581dff05772,2024-09-22T18:11:19+00:00,aiohttp/helpers.py,1010,0,0,224
aiohttp,febf52528877c88df7db5fbfc53bf581dff05772,2024-09-22T18:11:19+00:00,aiohttp/client_reqrep.py,1246,7,0,757
aiohttp,febf52528877c88df7db5fbfc53bf581dff05772,2024-09-22T18:11:19+00:00,aiohttp/web_protocol.py,713,0,0,141
aiohttp,febf52528877c88df7db5fbfc53bf581dff05772,2024-09-22T18:11:19+00:00,aiohttp/worker.py,247,0,1,0
aiohttp,febf52528877c88df7db5fbfc53bf581dff05772,2024-09-22T18:11:19+00:00,aiohttp/http_writer.py,199,0,0,12
aiohttp,febf52528877c88df7db5fbfc53bf581dff05772,2024-09-22T18:11:19+00:00,tests/test_flowcontrol_streams.py,129,0,0,8
aiohttp,febf52528877c88df7db5fbfc53bf581dff05772,2024-09-22T18:11:19+00:00,aiohttp/web_app.py,612,1,0,102
aiohttp,febf52528877c88df7db5fbfc53bf581dff05772,2024-09-22T18:11:19+00:00,tests/test_web_runner.py,226,0,0,100
aiohttp,febf52528877c88df7db5fbfc53bf581dff05772,2024-09-22T18:11:19+00:00,tests/test_web_websocket_functional.py,1163,0,0,274
aiohttp,febf52528877c88df7db5fbfc53bf581dff05772,2024-09-22T18:11:19+00:00,aiohttp/client_ws.py,386,16,0,66
aiohttp,febf52528877c88df7db5fbfc53bf581dff05772,2024-09-22T18:11:19+00:00,tests/test_formdata.py,118,0,0,36
aiohttp,febf52528877c88df7db5fbfc53bf581dff05772,2024-09-22T18:11:19+00:00,tests/test_websocket_writer.py,171,0,0,86
aiohttp,febf52528877c88df7db5fbfc53bf581dff05772,2024-09-22T18:11:19+00:00,aiohttp/web_runner.py,397,5,0,0
aiohttp,febf52528877c88df7db5fbfc53bf581dff05772,2024-09-22T18:11:19+00:00,aiohttp/http_websocket.py,761,2,0,52
aiohttp,febf52528877c88df7db5fbfc53bf581dff05772,2024-09-22T18:11:19+00:00,aiohttp/http_parser.py,1033,15,0,10
aiohttp,febf52528877c88df7db5fbfc53bf581dff05772,2024-09-22T18:11:19+00:00,aiohttp/__init__.py,258,0,0,22
aiohttp,febf52528877c88df7db5fbfc53bf581dff05772,2024-09-22T18:11:19+00:00,tests/test_test_utils.py,385,0,0,63
aiohttp,febf52528877c88df7db5fbfc53bf581dff05772,2024-09-22T18:11:19+00:00,docs/conf.py,450,0,0,4
aiohttp,febf52528877c88df7db5fbfc53bf581dff05772,2024-09-22T18:11:19+00:00,aiohttp/web_exceptions.py,452,4,0,0
aiohttp,febf52528877c88df7db5fbfc53bf581dff05772,2024-09-22T18:11:19+00:00,tests/test_web_request.py,849,0,0,30
aiohttp,2383b9ca2f0916f1d35a231bc8b3a715fe1d1611,2024-09-22T21:25:40-05:00,aiohttp/test_utils.py,709,0,0,4
aiohttp,2383b9ca2f0916f1d35a231bc8b3a715fe1d1611,2024-09-22T21:25:40-05:00,tests/test_proxy.py,1046,0,0,208
aiohttp,2383b9ca2f0916f1d35a231bc8b3a715fe1d1611,2024-09-22T21:25:40-05:00,aiohttp/resolver.py,146,2,0,0
aiohttp,2383b9ca2f0916f1d35a231bc8b3a715fe1d1611,2024-09-22T21:25:40-05:00,aiohttp/pytest_plugin.py,429,5,0,0
aiohttp,2383b9ca2f0916f1d35a231bc8b3a715fe1d1611,2024-09-22T21:25:40-05:00,tests/test_client_request.py,1476,0,0,160
aiohttp,2383b9ca2f0916f1d35a231bc8b3a715fe1d1611,2024-09-22T21:25:40-05:00,tests/test_web_sendfile_functional.py,1123,0,0,233
aiohttp,2383b9ca2f0916f1d35a231bc8b3a715fe1d1611,2024-09-22T21:25:40-05:00,tests/test_helpers.py,1174,0,0,236
aiohttp,2383b9ca2f0916f1d35a231bc8b3a715fe1d1611,2024-09-22T21:25:40-05:00,tests/test_web_urldispatcher.py,971,0,0,54
aiohttp,2383b9ca2f0916f1d35a231bc8b3a715fe1d1611,2024-09-22T21:25:40-05:00,tests/test_connector.py,2992,0,0,449
aiohttp,2383b9ca2f0916f1d35a231bc8b3a715fe1d1611,2024-09-22T21:25:40-05:00,tests/test_urldispatch.py,1354,0,0,51
aiohttp,2383b9ca2f0916f1d35a231bc8b3a715fe1d1611,2024-09-22T21:25:40-05:00,aiohttp/web.py,584,2,0,0
aiohttp,2383b9ca2f0916f1d35a231bc8b3a715fe1d1611,2024-09-22T21:25:40-05:00,aiohttp/typedefs.py,69,0,0,13
aiohttp,2383b9ca2f0916f1d35a231bc8b3a715fe1d1611,2024-09-22T21:25:40-05:00,aiohttp/web_response.py,757,4,0,0
aiohttp,2383b9ca2f0916f1d35a231bc8b3a715fe1d1611,2024-09-22T21:25:40-05:00,tests/test_web_server.py,284,0,0,61
aiohttp,2383b9ca2f0916f1d35a231bc8b3a715fe1d1611,2024-09-22T21:25:40-05:00,aiohttp/payload.py,493,4,0,0
aiohttp,2383b9ca2f0916f1d35a231bc8b3a715fe1d1611,2024-09-22T21:25:40-05:00,tests/test_client_ws.py,914,0,0,36
aiohttp,2383b9ca2f0916f1d35a231bc8b3a715fe1d1611,2024-09-22T21:25:40-05:00,aiohttp/web_protocol.py,755,1,0,6
aiohttp,2383b9ca2f0916f1d35a231bc8b3a715fe1d1611,2024-09-22T21:25:40-05:00,aiohttp/client_reqrep.py,1185,10,0,601
aiohttp,2383b9ca2f0916f1d35a231bc8b3a715fe1d1611,2024-09-22T21:25:40-05:00,aiohttp/helpers.py,1136,0,0,224
aiohttp,2383b9ca2f0916f1d35a231bc8b3a715fe1d1611,2024-09-22T21:25:40-05:00,aiohttp/web_ws.py,625,17,0,46
aiohttp,2383b9ca2f0916f1d35a231bc8b3a715fe1d1611,2024-09-22T21:25:40-05:00,aiohttp/web_request.py,906,0,0,32
aiohttp,2383b9ca2f0916f1d35a231bc8b3a715fe1d1611,2024-09-22T21:25:40-05:00,aiohttp/web_urldispatcher.py,1269,2,0,72
aiohttp,2383b9ca2f0916f1d35a231bc8b3a715fe1d1611,2024-09-22T21:25:40-05:00,examples/background_tasks.py,71,0,0,45
aiohttp,2383b9ca2f0916f1d35a231bc8b3a715fe1d1611,2024-09-22T21:25:40-05:00,aiohttp/worker.py,239,0,1,0
aiohttp,2383b9ca2f0916f1d35a231bc8b3a715fe1d1611,2024-09-22T21:25:40-05:00,tests/test_flowcontrol_streams.py,133,0,0,8
aiohttp,2383b9ca2f0916f1d35a231bc8b3a715fe1d1611,2024-09-22T21:25:40-05:00,aiohttp/web_app.py,453,1,0,0
aiohttp,2383b9ca2f0916f1d35a231bc8b3a715fe1d1611,2024-09-22T21:25:40-05:00,tests/test_proxy_functional.py,922,0,0,120
aiohttp,2383b9ca2f0916f1d35a231bc8b3a715fe1d1611,2024-09-22T21:25:40-05:00,tests/test_web_runner.py,274,0,0,100
aiohttp,2383b9ca2f0916f1d35a231bc8b3a715fe1d1611,2024-09-22T21:25:40-05:00,tests/test_web_websocket_functional.py,1194,0,0,274
aiohttp,2383b9ca2f0916f1d35a231bc8b3a715fe1d1611,2024-09-22T21:25:40-05:00,aiohttp/client_ws.py,409,15,0,24
aiohttp,2383b9ca2f0916f1d35a231bc8b3a715fe1d1611,2024-09-22T21:25:40-05:00,tests/test_formdata.py,122,0,0,36
aiohttp,2383b9ca2f0916f1d35a231bc8b3a715fe1d1611,2024-09-22T21:25:40-05:00,aiohttp/streams.py,675,8,0,68
aiohttp,2383b9ca2f0916f1d35a231bc8b3a715fe1d1611,2024-09-22T21:25:40-05:00,tests/test_websocket_writer.py,180,0,0,86
aiohttp,2383b9ca2f0916f1d35a231bc8b3a715fe1d1611,2024-09-22T21:25:40-05:00,aiohttp/formdata.py,159,0,0,10
aiohttp,2383b9ca2f0916f1d35a231bc8b3a715fe1d1611,2024-09-22T21:25:40-05:00,aiohttp/web_runner.py,436,5,0,0
aiohttp,2383b9ca2f0916f1d35a231bc8b3a715fe1d1611,2024-09-22T21:25:40-05:00,aiohttp/http_websocket.py,746,2,0,52
aiohttp,2383b9ca2f0916f1d35a231bc8b3a715fe1d1611,2024-09-22T21:25:40-05:00,aiohttp/http_parser.py,1012,15,0,0
aiohttp,2383b9ca2f0916f1d35a231bc8b3a715fe1d1611,2024-09-22T21:25:40-05:00,aiohttp/web_server.py,133,1,0,0
aiohttp,2383b9ca2f0916f1d35a231bc8b3a715fe1d1611,2024-09-22T21:25:40-05:00,aiohttp/connector.py,1473,7,0,225
aiohttp,2383b9ca2f0916f1d35a231bc8b3a715fe1d1611,2024-09-22T21:25:40-05:00,tests/test_client_functional.py,4128,0,0,26
aiohttp,2383b9ca2f0916f1d35a231bc8b3a715fe1d1611,2024-09-22T21:25:40-05:00,aiohttp/__init__.py,250,0,0,22
aiohttp,2383b9ca2f0916f1d35a231bc8b3a715fe1d1611,2024-09-22T21:25:40-05:00,tests/test_test_utils.py,390,0,0,44
aiohttp,2383b9ca2f0916f1d35a231bc8b3a715fe1d1611,2024-09-22T21:25:40-05:00,aiohttp/client.py,1445,2,0,76
aiohttp,2383b9ca2f0916f1d35a231bc8b3a715fe1d1611,2024-09-22T21:25:40-05:00,docs/conf.py,434,0,0,4
aiohttp,2383b9ca2f0916f1d35a231bc8b3a715fe1d1611,2024-09-22T21:25:40-05:00,tests/test_client_ws_functional.py,1125,0,0,46
aiohttp,2383b9ca2f0916f1d35a231bc8b3a715fe1d1611,2024-09-22T21:25:40-05:00,tests/test_web_websocket.py,560,0,0,381
aiohttp,2383b9ca2f0916f1d35a231bc8b3a715fe1d1611,2024-09-22T21:25:40-05:00,tests/test_client_session.py,1093,0,0,136
aiohttp,2383b9ca2f0916f1d35a231bc8b3a715fe1d1611,2024-09-22T21:25:40-05:00,tests/test_web_functional.py,2315,0,0,4
aiohttp,2383b9ca2f0916f1d35a231bc8b3a715fe1d1611,2024-09-22T21:25:40-05:00,tests/test_web_request.py,900,0,0,30
aiohttp,03851d1353f66b4b40593a03c7d5f14b16122944,2024-10-11T09:19:24-05:00,tests/test_proxy.py,1146,0,0,18
aiohttp,03851d1353f66b4b40593a03c7d5f14b16122944,2024-10-11T09:19:24-05:00,aiohttp/resolver.py,146,2,0,0
aiohttp,03851d1353f66b4b40593a03c7d5f14b16122944,2024-10-11T09:19:24-05:00,aiohttp/pytest_plugin.py,429,5,0,0
aiohttp,03851d1353f66b4b40593a03c7d5f14b16122944,2024-10-11T09:19:24-05:00,tests/test_client_request.py,1503,0,0,2
aiohttp,03851d1353f66b4b40593a03c7d5f14b16122944,2024-10-11T09:19:24-05:00,tests/conftest.py,238,0,0,51
aiohttp,03851d1353f66b4b40593a03c7d5f14b16122944,2024-10-11T09:19:24-05:00,tests/test_resolver.py,359,0,0,82
aiohttp,03851d1353f66b4b40593a03c7d5f14b16122944,2024-10-11T09:19:24-05:00,aiohttp/web.py,584,2,0,0
aiohttp,03851d1353f66b4b40593a03c7d5f14b16122944,2024-10-11T09:19:24-05:00,aiohttp/web_response.py,757,4,0,0
aiohttp,03851d1353f66b4b40593a03c7d5f14b16122944,2024-10-11T09:19:24-05:00,aiohttp/payload.py,493,4,0,0
aiohttp,03851d1353f66b4b40593a03c7d5f14b16122944,2024-10-11T09:19:24-05:00,tests/test_client_fingerprint.py,35,0,0,3
aiohttp,03851d1353f66b4b40593a03c7d5f14b16122944,2024-10-11T09:19:24-05:00,tests/test_loop.py,61,0,0,7
aiohttp,03851d1353f66b4b40593a03c7d5f14b16122944,2024-10-11T09:19:24-05:00,tests/test_client_ws.py,924,0,0,58
aiohttp,03851d1353f66b4b40593a03c7d5f14b16122944,2024-10-11T09:19:24-05:00,aiohttp/web_protocol.py,756,1,0,0
aiohttp,03851d1353f66b4b40593a03c7d5f14b16122944,2024-10-11T09:19:24-05:00,aiohttp/client_reqrep.py,1223,8,0,134
aiohttp,03851d1353f66b4b40593a03c7d5f14b16122944,2024-10-11T09:19:24-05:00,aiohttp/web_ws.py,635,17,0,0
aiohttp,03851d1353f66b4b40593a03c7d5f14b16122944,2024-10-11T09:19:24-05:00,tests/test_run_app.py,1344,0,0,2
aiohttp,03851d1353f66b4b40593a03c7d5f14b16122944,2024-10-11T09:19:24-05:00,aiohttp/web_urldispatcher.py,1269,2,0,0
aiohttp,03851d1353f66b4b40593a03c7d5f14b16122944,2024-10-11T09:19:24-05:00,examples/background_tasks.py,68,0,0,45
aiohttp,03851d1353f66b4b40593a03c7d5f14b16122944,2024-10-11T09:19:24-05:00,tests/test_web_cli.py,159,0,0,28
aiohttp,03851d1353f66b4b40593a03c7d5f14b16122944,2024-10-11T09:19:24-05:00,aiohttp/worker.py,239,0,1,0
aiohttp,03851d1353f66b4b40593a03c7d5f14b16122944,2024-10-11T09:19:24-05:00,aiohttp/web_app.py,453,1,0,0
aiohttp,03851d1353f66b4b40593a03c7d5f14b16122944,2024-10-11T09:19:24-05:00,aiohttp/client_ws.py,417,15,0,0
aiohttp,03851d1353f66b4b40593a03c7d5f14b16122944,2024-10-11T09:19:24-05:00,tests/test_client_connection.py,142,0,0,94
aiohttp,03851d1353f66b4b40593a03c7d5f14b16122944,2024-10-11T09:19:24-05:00,tests/test_pytest_plugin.py,344,0,0,21
aiohttp,03851d1353f66b4b40593a03c7d5f14b16122944,2024-10-11T09:19:24-05:00,aiohttp/streams.py,707,8,0,0
aiohttp,03851d1353f66b4b40593a03c7d5f14b16122944,2024-10-11T09:19:24-05:00,aiohttp/web_runner.py,436,5,0,0
aiohttp,03851d1353f66b4b40593a03c7d5f14b16122944,2024-10-11T09:19:24-05:00,aiohttp/http_websocket.py,728,2,0,96
aiohttp,03851d1353f66b4b40593a03c7d5f14b16122944,2024-10-11T09:19:24-05:00,aiohttp/http_parser.py,1012,15,0,0
aiohttp,03851d1353f66b4b40593a03c7d5f14b16122944,2024-10-11T09:19:24-05:00,aiohttp/web_server.py,133,1,0,0
aiohttp,03851d1353f66b4b40593a03c7d5f14b16122944,2024-10-11T09:19:24-05:00,tests/test_web_sendfile.py,128,0,0,20
aiohttp,03851d1353f66b4b40593a03c7d5f14b16122944,2024-10-11T09:19:24-05:00,aiohttp/connector.py,1513,7,0,0
aiohttp,03851d1353f66b4b40593a03c7d5f14b16122944,2024-10-11T09:19:24-05:00,tests/test_client_functional.py,4139,0,0,4
aiohttp,03851d1353f66b4b40593a03c7d5f14b16122944,2024-10-11T09:19:24-05:00,tests/test_web_app.py,557,0,0,13
aiohttp,03851d1353f66b4b40593a03c7d5f14b16122944,2024-10-11T09:19:24-05:00,tests/test_payload.py,122,0,0,9
aiohttp,03851d1353f66b4b40593a03c7d5f14b16122944,2024-10-11T09:19:24-05:00,aiohttp/client.py,1471,2,0,41
aiohttp,03851d1353f66b4b40593a03c7d5f14b16122944,2024-10-11T09:19:24-05:00,tests/test_websocket_handshake.py,297,0,0,4
aiohttp,03851d1353f66b4b40593a03c7d5f14b16122944,2024-10-11T09:19:24-05:00,tests/test_client_session.py,1166,0,0,4
aiohttp,03851d1353f66b4b40593a03c7d5f14b16122944,2024-10-11T09:19:24-05:00,tests/test_client_response.py,1343,0,0,4
aiohttp,b3a1d034c162c0baa3cd2fcc3bbd748da87d4bce,2024-11-03T18:29:41+00:00,aiohttp/base_protocol.py,96,0,0,12
aiohttp,b3a1d034c162c0baa3cd2fcc3bbd748da87d4bce,2024-11-03T18:29:41+00:00,aiohttp/web_fileresponse.py,360,0,0,2
aiohttp,b3a1d034c162c0baa3cd2fcc3bbd748da87d4bce,2024-11-03T18:29:41+00:00,tests/test_proxy.py,1013,0,0,7
aiohttp,b3a1d034c162c0baa3cd2fcc3bbd748da87d4bce,2024-11-03T18:29:41+00:00,aiohttp/_websocket/models.py,84,0,0,9
aiohttp,b3a1d034c162c0baa3cd2fcc3bbd748da87d4bce,2024-11-03T18:29:41+00:00,aiohttp/pytest_plugin.py,436,5,0,0
aiohttp,b3a1d034c162c0baa3cd2fcc3bbd748da87d4bce,2024-11-03T18:29:41+00:00,tests/test_web_log.py,226,0,0,69
aiohttp,b3a1d034c162c0baa3cd2fcc3bbd748da87d4bce,2024-11-03T18:29:41+00:00,tests/test_web_sendfile_functional.py,1142,0,0,2
aiohttp,b3a1d034c162c0baa3cd2fcc3bbd748da87d4bce,2024-11-03T18:29:41+00:00,tests/conftest.py,240,0,0,90
aiohttp,b3a1d034c162c0baa3cd2fcc3bbd748da87d4bce,2024-11-03T18:29:41+00:00,tests/test_helpers.py,933,0,0,14
aiohttp,b3a1d034c162c0baa3cd2fcc3bbd748da87d4bce,2024-11-03T18:29:41+00:00,tests/test_web_urldispatcher.py,1008,0,0,21
aiohttp,b3a1d034c162c0baa3cd2fcc3bbd748da87d4bce,2024-11-03T18:29:41+00:00,tests/test_connector.py,3228,0,0,1867
aiohttp,b3a1d034c162c0baa3cd2fcc3bbd748da87d4bce,2024-11-03T18:29:41+00:00,tests/test_benchmarks_client_request.py,67,0,0,141
aiohttp,b3a1d034c162c0baa3cd2fcc3bbd748da87d4bce,2024-11-03T18:29:41+00:00,aiohttp/web.py,601,2,0,2
aiohttp,b3a1d034c162c0baa3cd2fcc3bbd748da87d4bce,2024-11-03T18:29:41+00:00,tests/test_web_response.py,1456,0,0,54
aiohttp,b3a1d034c162c0baa3cd2fcc3bbd748da87d4bce,2024-11-03T18:29:41+00:00,aiohttp/client_exceptions.py,412,2,0,10
aiohttp,b3a1d034c162c0baa3cd2fcc3bbd748da87d4bce,2024-11-03T18:29:41+00:00,tests/test_client_ws.py,868,0,0,2
aiohttp,b3a1d034c162c0baa3cd2fcc3bbd748da87d4bce,2024-11-03T18:29:41+00:00,tests/test_websocket_parser.py,571,0,0,376
aiohttp,b3a1d034c162c0baa3cd2fcc3bbd748da87d4bce,2024-11-03T18:29:41+00:00,aiohttp/web_ws.py,618,17,0,141
aiohttp,b3a1d034c162c0baa3cd2fcc3bbd748da87d4bce,2024-11-03T18:29:41+00:00,aiohttp/cookiejar.py,479,0,0,10
aiohttp,b3a1d034c162c0baa3cd2fcc3bbd748da87d4bce,2024-11-03T18:29:41+00:00,aiohttp/web_urldispatcher.py,1299,2,0,159
aiohttp,b3a1d034c162c0baa3cd2fcc3bbd748da87d4bce,2024-11-03T18:29:41+00:00,tests/test_http_parser.py,1798,0,0,299
aiohttp,b3a1d034c162c0baa3cd2fcc3bbd748da87d4bce,2024-11-03T18:29:41+00:00,tests/test_imports.py,71,0,0,55
aiohttp,b3a1d034c162c0baa3cd2fcc3bbd748da87d4bce,2024-11-03T18:29:41+00:00,tests/test_proxy_functional.py,829,0,0,12
aiohttp,b3a1d034c162c0baa3cd2fcc3bbd748da87d4bce,2024-11-03T18:29:41+00:00,tests/test_benchmarks_http_websocket.py,101,0,0,142
aiohttp,b3a1d034c162c0baa3cd2fcc3bbd748da87d4bce,2024-11-03T18:29:41+00:00,aiohttp/web_log.py,213,0,0,18
aiohttp,b3a1d034c162c0baa3cd2fcc3bbd748da87d4bce,2024-11-03T18:29:41+00:00,aiohttp/streams.py,719,8,0,267
aiohttp,b3a1d034c162c0baa3cd2fcc3bbd748da87d4bce,2024-11-03T18:29:41+00:00,tests/test_benchmarks_client_ws.py,72,0,0,93
aiohttp,b3a1d034c162c0baa3cd2fcc3bbd748da87d4bce,2024-11-03T18:29:41+00:00,aiohttp/_websocket/reader_py.py,384,2,0,243
aiohttp,b3a1d034c162c0baa3cd2fcc3bbd748da87d4bce,2024-11-03T18:29:41+00:00,tests/test_web_middleware.py,522,0,0,83
aiohttp,b3a1d034c162c0baa3cd2fcc3bbd748da87d4bce,2024-11-03T18:29:41+00:00,aiohttp/connector.py,1630,7,0,880
aiohttp,b3a1d034c162c0baa3cd2fcc3bbd748da87d4bce,2024-11-03T18:29:41+00:00,tests/test_client_functional.py,4061,0,0,52
aiohttp,b3a1d034c162c0baa3cd2fcc3bbd748da87d4bce,2024-11-03T18:29:41+00:00,aiohttp/compression_utils.py,159,0,0,66
aiohttp,b3a1d034c162c0baa3cd2fcc3bbd748da87d4bce,2024-11-03T18:29:41+00:00,tests/test_base_protocol.py,258,0,0,4
aiohttp,b3a1d034c162c0baa3cd2fcc3bbd748da87d4bce,2024-11-03T18:29:41+00:00,aiohttp/client.py,1569,1,0,39
aiohttp,b3a1d034c162c0baa3cd2fcc3bbd748da87d4bce,2024-11-03T18:29:41+00:00,tests/test_client_ws_functional.py,1147,0,0,396
aiohttp,b3a1d034c162c0baa3cd2fcc3bbd748da87d4bce,2024-11-03T18:29:41+00:00,tests/test_web_websocket.py,620,0,0,77
aiohttp,b3a1d034c162c0baa3cd2fcc3bbd748da87d4bce,2024-11-03T18:29:41+00:00,tests/test_client_session.py,1130,0,0,20
aiohttp,b3a1d034c162c0baa3cd2fcc3bbd748da87d4bce,2024-11-03T18:29:41+00:00,tests/test_client_response.py,1296,0,0,10
aiohttp,b3a1d034c162c0baa3cd2fcc3bbd748da87d4bce,2024-11-03T18:29:41+00:00,aiohttp/resolver.py,187,4,0,0
aiohttp,b3a1d034c162c0baa3cd2fcc3bbd748da87d4bce,2024-11-03T18:29:41+00:00,tests/test_client_request.py,1489,0,0,251
aiohttp,b3a1d034c162c0baa3cd2fcc3bbd748da87d4bce,2024-11-03T18:29:41+00:00,aiohttp/client_proto.py,307,0,0,28
aiohttp,b3a1d034c162c0baa3cd2fcc3bbd748da87d4bce,2024-11-03T18:29:41+00:00,tests/test_http_writer.py,277,0,0,296
aiohttp,b3a1d034c162c0baa3cd2fcc3bbd748da87d4bce,2024-11-03T18:29:41+00:00,aiohttp/web_response.py,837,4,0,401
aiohttp,b3a1d034c162c0baa3cd2fcc3bbd748da87d4bce,2024-11-03T18:29:41+00:00,tests/test_web_server.py,249,0,0,65
aiohttp,b3a1d034c162c0baa3cd2fcc3bbd748da87d4bce,2024-11-03T18:29:41+00:00,aiohttp/payload.py,498,4,0,94
aiohttp,b3a1d034c162c0baa3cd2fcc3bbd748da87d4bce,2024-11-03T18:29:41+00:00,tests/test_compression_utils.py,0,0,0,69
aiohttp,b3a1d034c162c0baa3cd2fcc3bbd748da87d4bce,2024-11-03T18:29:41+00:00,aiohttp/web_protocol.py,737,1,0,15
aiohttp,b3a1d034c162c0baa3cd2fcc3bbd748da87d4bce,2024-11-03T18:29:41+00:00,aiohttp/client_reqrep.py,1289,9,0,276
aiohttp,b3a1d034c162c0baa3cd2fcc3bbd748da87d4bce,2024-11-03T18:29:41+00:00,aiohttp/helpers.py,952,0,0,62
aiohttp,b3a1d034c162c0baa3cd2fcc3bbd748da87d4bce,2024-11-03T18:29:41+00:00,tests/test_websocket_data_queue.py,0,0,0,72
aiohttp,b3a1d034c162c0baa3cd2fcc3bbd748da87d4bce,2024-11-03T18:29:41+00:00,tests/test_run_app.py,1260,0,0,370
aiohttp,b3a1d034c162c0baa3cd2fcc3bbd748da87d4bce,2024-11-03T18:29:41+00:00,tests/test_benchmarks_web_middleware.py,0,0,0,175
aiohttp,b3a1d034c162c0baa3cd2fcc3bbd748da87d4bce,2024-11-03T18:29:41+00:00,aiohttp/abc.py,237,0,0,27
aiohttp,b3a1d034c162c0baa3cd2fcc3bbd748da87d4bce,2024-11-03T18:29:41+00:00,aiohttp/worker.py,247,0,1,0
aiohttp,b3a1d034c162c0baa3cd2fcc3bbd748da87d4bce,2024-11-03T18:29:41+00:00,aiohttp/http_writer.py,199,0,0,154
aiohttp,b3a1d034c162c0baa3cd2fcc3bbd748da87d4bce,2024-11-03T18:29:41+00:00,tests/test_flowcontrol_streams.py,125,0,0,46
aiohttp,b3a1d034c162c0baa3cd2fcc3bbd748da87d4bce,2024-11-03T18:29:41+00:00,aiohttp/web_app.py,610,1,0,45
aiohttp,b3a1d034c162c0baa3cd2fcc3bbd748da87d4bce,2024-11-03T18:29:41+00:00,tests/test_web_websocket_functional.py,1165,0,0,268
aiohttp,b3a1d034c162c0baa3cd2fcc3bbd748da87d4bce,2024-11-03T18:29:41+00:00,aiohttp/client_ws.py,416,15,0,196
aiohttp,b3a1d034c162c0baa3cd2fcc3bbd748da87d4bce,2024-11-03T18:29:41+00:00,tests/test_client_connection.py,137,0,0,12
aiohttp,b3a1d034c162c0baa3cd2fcc3bbd748da87d4bce,2024-11-03T18:29:41+00:00,aiohttp/_websocket/reader.py,21,0,0,28
aiohttp,b3a1d034c162c0baa3cd2fcc3bbd748da87d4bce,2024-11-03T18:29:41+00:00,tests/test_websocket_writer.py,171,0,0,12
aiohttp,b3a1d034c162c0baa3cd2fcc3bbd748da87d4bce,2024-11-03T18:29:41+00:00,aiohttp/web_runner.py,397,5,0,0
aiohttp,b3a1d034c162c0baa3cd2fcc3bbd748da87d4bce,2024-11-03T18:29:41+00:00,aiohttp/http_websocket.py,30,0,0,14
aiohttp,b3a1d034c162c0baa3cd2fcc3bbd748da87d4bce,2024-11-03T18:29:41+00:00,aiohttp/http_parser.py,1038,15,0,38
aiohttp,b3a1d034c162c0baa3cd2fcc3bbd748da87d4bce,2024-11-03T18:29:41+00:00,tests/test_benchmarks_web_urldispatcher.py,0,0,0,1708
aiohttp,b3a1d034c162c0baa3cd2fcc3bbd748da87d4bce,2024-11-03T18:29:41+00:00,aiohttp/_websocket/writer.py,176,0,0,30
aiohttp,b3a1d034c162c0baa3cd2fcc3bbd748da87d4bce,2024-11-03T18:29:41+00:00,tests/test_cookiejar.py,1121,0,0,7
aiohttp,b3a1d034c162c0baa3cd2fcc3bbd748da87d4bce,2024-11-03T18:29:41+00:00,aiohttp/__init__.py,262,0,0,55
aiohttp,b3a1d034c162c0baa3cd2fcc3bbd748da87d4bce,2024-11-03T18:29:41+00:00,tests/test_test_utils.py,420,0,0,38
aiohttp,b3a1d034c162c0baa3cd2fcc3bbd748da87d4bce,2024-11-03T18:29:41+00:00,aiohttp/web_exceptions.py,452,4,0,0
aiohttp,b3a1d034c162c0baa3cd2fcc3bbd748da87d4bce,2024-11-03T18:29:41+00:00,aiohttp/hdrs.py,108,0,0,26
aiohttp,b3a1d034c162c0baa3cd2fcc3bbd748da87d4bce,2024-11-03T18:29:41+00:00,tests/test_worker.py,301,0,0,42
aiohttp,b3a1d034c162c0baa3cd2fcc3bbd748da87d4bce,2024-11-03T18:29:41+00:00,tests/test_benchmarks_client.py,33,0,0,1036
aiohttp,3426707e6d7cb4a2385850243fccb75acc8c3580,2024-11-10T19:34:32+00:00,aiohttp/base_protocol.py,96,0,0,4
aiohttp,3426707e6d7cb4a2385850243fccb75acc8c3580,2024-11-10T19:34:32+00:00,tests/test_proxy.py,913,0,0,240
aiohttp,3426707e6d7cb4a2385850243fccb75acc8c3580,2024-11-10T19:34:32+00:00,aiohttp/pytest_plugin.py,413,5,0,34
aiohttp,3426707e6d7cb4a2385850243fccb75acc8c3580,2024-11-10T19:34:32+00:00,tests/test_web_log.py,226,0,0,69
aiohttp,3426707e6d7cb4a2385850243fccb75acc8c3580,2024-11-10T19:34:32+00:00,tests/test_helpers.py,1015,0,0,7
aiohttp,3426707e6d7cb4a2385850243fccb75acc8c3580,2024-11-10T19:34:32+00:00,tests/test_connector.py,3593,0,0,477
aiohttp,3426707e6d7cb4a2385850243fccb75acc8c3580,2024-11-10T19:34:32+00:00,tests/test_benchmarks_client_request.py,111,0,0,25
aiohttp,3426707e6d7cb4a2385850243fccb75acc8c3580,2024-11-10T19:34:32+00:00,tests/test_urldispatch.py,1326,0,0,136
aiohttp,3426707e6d7cb4a2385850243fccb75acc8c3580,2024-11-10T19:34:32+00:00,aiohttp/web.py,595,2,0,0
aiohttp,3426707e6d7cb4a2385850243fccb75acc8c3580,2024-11-10T19:34:32+00:00,tests/test_web_response.py,1455,0,0,51
aiohttp,3426707e6d7cb4a2385850243fccb75acc8c3580,2024-11-10T19:34:32+00:00,aiohttp/client_exceptions.py,412,2,0,0
aiohttp,3426707e6d7cb4a2385850243fccb75acc8c3580,2024-11-10T19:34:32+00:00,tests/test_client_ws.py,857,0,0,87
aiohttp,3426707e6d7cb4a2385850243fccb75acc8c3580,2024-11-10T19:34:32+00:00,tests/test_websocket_parser.py,577,0,0,27
aiohttp,3426707e6d7cb4a2385850243fccb75acc8c3580,2024-11-10T19:34:32+00:00,aiohttp/web_ws.py,594,18,0,61
aiohttp,3426707e6d7cb4a2385850243fccb75acc8c3580,2024-11-10T19:34:32+00:00,aiohttp/web_request.py,925,0,0,4
aiohttp,3426707e6d7cb4a2385850243fccb75acc8c3580,2024-11-10T19:34:32+00:00,aiohttp/web_urldispatcher.py,1299,2,0,195
aiohttp,3426707e6d7cb4a2385850243fccb75acc8c3580,2024-11-10T19:34:32+00:00,tests/test_http_parser.py,1798,0,0,299
aiohttp,3426707e6d7cb4a2385850243fccb75acc8c3580,2024-11-10T19:34:32+00:00,tests/test_imports.py,82,0,0,15
aiohttp,3426707e6d7cb4a2385850243fccb75acc8c3580,2024-11-10T19:34:32+00:00,tests/test_proxy_functional.py,841,0,0,51
aiohttp,3426707e6d7cb4a2385850243fccb75acc8c3580,2024-11-10T19:34:32+00:00,tests/test_benchmarks_http_websocket.py,101,0,0,131
aiohttp,3426707e6d7cb4a2385850243fccb75acc8c3580,2024-11-10T19:34:32+00:00,aiohttp/web_log.py,213,0,0,18
aiohttp,3426707e6d7cb4a2385850243fccb75acc8c3580,2024-11-10T19:34:32+00:00,aiohttp/streams.py,688,8,0,142
aiohttp,3426707e6d7cb4a2385850243fccb75acc8c3580,2024-11-10T19:34:32+00:00,aiohttp/_websocket/reader_py.py,0,0,0,112
aiohttp,3426707e6d7cb4a2385850243fccb75acc8c3580,2024-11-10T19:34:32+00:00,aiohttp/web_server.py,82,0,0,4
aiohttp,3426707e6d7cb4a2385850243fccb75acc8c3580,2024-11-10T19:34:32+00:00,tests/test_web_middleware.py,522,0,0,83
aiohttp,3426707e6d7cb4a2385850243fccb75acc8c3580,2024-11-10T19:34:32+00:00,aiohttp/connector.py,1641,7,0,14
aiohttp,3426707e6d7cb4a2385850243fccb75acc8c3580,2024-11-10T19:34:32+00:00,tests/test_client_functional.py,3931,0,0,21
aiohttp,3426707e6d7cb4a2385850243fccb75acc8c3580,2024-11-10T19:34:32+00:00,aiohttp/compression_utils.py,159,0,0,66
aiohttp,3426707e6d7cb4a2385850243fccb75acc8c3580,2024-11-10T19:34:32+00:00,aiohttp/client.py,1511,1,0,69
aiohttp,3426707e6d7cb4a2385850243fccb75acc8c3580,2024-11-10T19:34:32+00:00,tests/test_client_ws_functional.py,1058,0,0,306
aiohttp,3426707e6d7cb4a2385850243fccb75acc8c3580,2024-11-10T19:34:32+00:00,tests/test_web_websocket.py,588,0,0,8
aiohttp,3426707e6d7cb4a2385850243fccb75acc8c3580,2024-11-10T19:34:32+00:00,tests/test_client_session.py,1058,0,0,66
aiohttp,3426707e6d7cb4a2385850243fccb75acc8c3580,2024-11-10T19:34:32+00:00,aiohttp/tracing.py,470,0,0,34
aiohttp,3426707e6d7cb4a2385850243fccb75acc8c3580,2024-11-10T19:34:32+00:00,tests/test_web_functional.py,2331,0,0,16
aiohttp,3426707e6d7cb4a2385850243fccb75acc8c3580,2024-11-10T19:34:32+00:00,tests/test_client_response.py,1296,0,0,125
aiohttp,3426707e6d7cb4a2385850243fccb75acc8c3580,2024-11-10T19:34:32+00:00,aiohttp/resolver.py,189,4,0,4
aiohttp,3426707e6d7cb4a2385850243fccb75acc8c3580,2024-11-10T19:34:32+00:00,tests/test_client_request.py,1500,0,0,411
aiohttp,3426707e6d7cb4a2385850243fccb75acc8c3580,2024-11-10T19:34:32+00:00,aiohttp/client_proto.py,310,0,0,23
aiohttp,3426707e6d7cb4a2385850243fccb75acc8c3580,2024-11-10T19:34:32+00:00,tests/test_http_writer.py,277,0,0,289
aiohttp,3426707e6d7cb4a2385850243fccb75acc8c3580,2024-11-10T19:34:32+00:00,aiohttp/web_response.py,817,4,0,165
aiohttp,3426707e6d7cb4a2385850243fccb75acc8c3580,2024-11-10T19:34:32+00:00,aiohttp/payload.py,512,2,0,4
aiohttp,3426707e6d7cb4a2385850243fccb75acc8c3580,2024-11-10T19:34:32+00:00,tests/test_compression_utils.py,0,0,0,69
aiohttp,3426707e6d7cb4a2385850243fccb75acc8c3580,2024-11-10T19:34:32+00:00,aiohttp/web_protocol.py,736,1,0,16
aiohttp,3426707e6d7cb4a2385850243fccb75acc8c3580,2024-11-10T19:34:32+00:00,aiohttp/client_reqrep.py,1312,9,0,391
aiohttp,3426707e6d7cb4a2385850243fccb75acc8c3580,2024-11-10T19:34:32+00:00,aiohttp/helpers.py,1036,0,0,31
aiohttp,3426707e6d7cb4a2385850243fccb75acc8c3580,2024-11-10T19:34:32+00:00,tests/test_websocket_data_queue.py,0,0,0,36
aiohttp,3426707e6d7cb4a2385850243fccb75acc8c3580,2024-11-10T19:34:32+00:00,tests/test_benchmarks_web_middleware.py,0,0,0,175
aiohttp,3426707e6d7cb4a2385850243fccb75acc8c3580,2024-11-10T19:34:32+00:00,aiohttp/abc.py,234,0,0,27
aiohttp,3426707e6d7cb4a2385850243fccb75acc8c3580,2024-11-10T19:34:32+00:00,aiohttp/worker.py,247,0,1,0
aiohttp,3426707e6d7cb4a2385850243fccb75acc8c3580,2024-11-10T19:34:32+00:00,aiohttp/http_writer.py,199,0,0,146
aiohttp,3426707e6d7cb4a2385850243fccb75acc8c3580,2024-11-10T19:34:32+00:00,tests/test_flowcontrol_streams.py,129,0,0,176
aiohttp,3426707e6d7cb4a2385850243fccb75acc8c3580,2024-11-10T19:34:32+00:00,aiohttp/web_app.py,610,1,0,45
aiohttp,3426707e6d7cb4a2385850243fccb75acc8c3580,2024-11-10T19:34:32+00:00,tests/test_benchmarks_web_response.py,0,0,0,248
aiohttp,3426707e6d7cb4a2385850243fccb75acc8c3580,2024-11-10T19:34:32+00:00,tests/test_web_websocket_functional.py,1234,0,0,39
aiohttp,3426707e6d7cb4a2385850243fccb75acc8c3580,2024-11-10T19:34:32+00:00,aiohttp/client_ws.py,398,16,0,12
aiohttp,3426707e6d7cb4a2385850243fccb75acc8c3580,2024-11-10T19:34:32+00:00,aiohttp/_websocket/reader.py,0,0,0,14
aiohttp,3426707e6d7cb4a2385850243fccb75acc8c3580,2024-11-10T19:34:32+00:00,tests/test_websocket_writer.py,171,0,0,6
aiohttp,3426707e6d7cb4a2385850243fccb75acc8c3580,2024-11-10T19:34:32+00:00,aiohttp/web_runner.py,397,5,0,0
aiohttp,3426707e6d7cb4a2385850243fccb75acc8c3580,2024-11-10T19:34:32+00:00,aiohttp/http_websocket.py,763,2,0,0
aiohttp,3426707e6d7cb4a2385850243fccb75acc8c3580,2024-11-10T19:34:32+00:00,aiohttp/http_parser.py,1038,15,0,21
aiohttp,3426707e6d7cb4a2385850243fccb75acc8c3580,2024-11-10T19:34:32+00:00,tests/test_client_proto.py,155,0,0,39
aiohttp,3426707e6d7cb4a2385850243fccb75acc8c3580,2024-11-10T19:34:32+00:00,tests/test_benchmarks_web_urldispatcher.py,0,0,0,2764
aiohttp,3426707e6d7cb4a2385850243fccb75acc8c3580,2024-11-10T19:34:32+00:00,aiohttp/_websocket/writer.py,0,0,0,30
aiohttp,3426707e6d7cb4a2385850243fccb75acc8c3580,2024-11-10T19:34:32+00:00,aiohttp/__init__.py,260,0,0,56
aiohttp,3426707e6d7cb4a2385850243fccb75acc8c3580,2024-11-10T19:34:32+00:00,aiohttp/web_exceptions.py,452,4,0,0
aiohttp,3426707e6d7cb4a2385850243fccb75acc8c3580,2024-11-10T19:34:32+00:00,tests/test_benchmarks_client.py,58,0,0,961
aiohttp,30a6fbcf31353c9ac633d021bee1e30552f65518,2024-11-15T11:05:46-06:00,aiohttp/web_fileresponse.py,360,0,0,33
aiohttp,30a6fbcf31353c9ac633d021bee1e30552f65518,2024-11-15T11:05:46-06:00,tests/test_proxy.py,1014,0,0,240
aiohttp,30a6fbcf31353c9ac633d021bee1e30552f65518,2024-11-15T11:05:46-06:00,aiohttp/pytest_plugin.py,436,5,0,34
aiohttp,30a6fbcf31353c9ac633d021bee1e30552f65518,2024-11-15T11:05:46-06:00,tests/test_helpers.py,933,0,0,7
aiohttp,30a6fbcf31353c9ac633d021bee1e30552f65518,2024-11-15T11:05:46-06:00,tests/test_connector.py,3598,0,0,465
aiohttp,30a6fbcf31353c9ac633d021bee1e30552f65518,2024-11-15T11:05:46-06:00,tests/test_benchmarks_client_request.py,116,0,0,24
aiohttp,30a6fbcf31353c9ac633d021bee1e30552f65518,2024-11-15T11:05:46-06:00,aiohttp/http_exceptions.py,105,0,0,21
aiohttp,30a6fbcf31353c9ac633d021bee1e30552f65518,2024-11-15T11:05:46-06:00,aiohttp/web.py,601,2,0,0
aiohttp,30a6fbcf31353c9ac633d021bee1e30552f65518,2024-11-15T11:05:46-06:00,tests/test_urldispatch.py,1326,0,0,136
aiohttp,30a6fbcf31353c9ac633d021bee1e30552f65518,2024-11-15T11:05:46-06:00,tests/test_web_response.py,1474,0,0,33
aiohttp,30a6fbcf31353c9ac633d021bee1e30552f65518,2024-11-15T11:05:46-06:00,aiohttp/client_exceptions.py,417,2,0,0
aiohttp,30a6fbcf31353c9ac633d021bee1e30552f65518,2024-11-15T11:05:46-06:00,tests/test_client_ws.py,868,0,0,87
aiohttp,30a6fbcf31353c9ac633d021bee1e30552f65518,2024-11-15T11:05:46-06:00,aiohttp/web_ws.py,622,20,0,134
aiohttp,30a6fbcf31353c9ac633d021bee1e30552f65518,2024-11-15T11:05:46-06:00,aiohttp/web_request.py,925,0,0,89
aiohttp,30a6fbcf31353c9ac633d021bee1e30552f65518,2024-11-15T11:05:46-06:00,aiohttp/web_urldispatcher.py,1301,2,0,36
aiohttp,30a6fbcf31353c9ac633d021bee1e30552f65518,2024-11-15T11:05:46-06:00,tests/test_http_parser.py,1872,0,0,6
aiohttp,30a6fbcf31353c9ac633d021bee1e30552f65518,2024-11-15T11:05:46-06:00,tests/test_proxy_functional.py,833,0,0,51
aiohttp,30a6fbcf31353c9ac633d021bee1e30552f65518,2024-11-15T11:05:46-06:00,aiohttp/streams.py,679,6,0,86
aiohttp,30a6fbcf31353c9ac633d021bee1e30552f65518,2024-11-15T11:05:46-06:00,aiohttp/_websocket/reader_py.py,468,4,0,0
aiohttp,30a6fbcf31353c9ac633d021bee1e30552f65518,2024-11-15T11:05:46-06:00,aiohttp/web_server.py,82,0,0,4
aiohttp,30a6fbcf31353c9ac633d021bee1e30552f65518,2024-11-15T11:05:46-06:00,aiohttp/connector.py,1646,7,0,0
aiohttp,30a6fbcf31353c9ac633d021bee1e30552f65518,2024-11-15T11:05:46-06:00,tests/test_client_functional.py,4076,0,0,21
aiohttp,30a6fbcf31353c9ac633d021bee1e30552f65518,2024-11-15T11:05:46-06:00,aiohttp/client.py,1569,1,0,61
aiohttp,30a6fbcf31353c9ac633d021bee1e30552f65518,2024-11-15T11:05:46-06:00,tests/test_client_ws_functional.py,1273,0,0,39
aiohttp,30a6fbcf31353c9ac633d021bee1e30552f65518,2024-11-15T11:05:46-06:00,tests/test_client_session.py,1128,0,0,66
aiohttp,30a6fbcf31353c9ac633d021bee1e30552f65518,2024-11-15T11:05:46-06:00,aiohttp/tracing.py,470,0,0,34
aiohttp,30a6fbcf31353c9ac633d021bee1e30552f65518,2024-11-15T11:05:46-06:00,tests/test_web_functional.py,2327,0,0,16
aiohttp,30a6fbcf31353c9ac633d021bee1e30552f65518,2024-11-15T11:05:46-06:00,tests/test_client_response.py,1296,0,0,125
aiohttp,30a6fbcf31353c9ac633d021bee1e30552f65518,2024-11-15T11:05:46-06:00,aiohttp/resolver.py,187,4,0,4
aiohttp,30a6fbcf31353c9ac633d021bee1e30552f65518,2024-11-15T11:05:46-06:00,tests/test_client_request.py,1537,0,0,235
aiohttp,30a6fbcf31353c9ac633d021bee1e30552f65518,2024-11-15T11:05:46-06:00,aiohttp/client_proto.py,305,0,0,324
aiohttp,30a6fbcf31353c9ac633d021bee1e30552f65518,2024-11-15T11:05:46-06:00,tests/test_http_writer.py,420,0,0,27
aiohttp,30a6fbcf31353c9ac633d021bee1e30552f65518,2024-11-15T11:05:46-06:00,aiohttp/web_response.py,832,2,0,201
aiohttp,30a6fbcf31353c9ac633d021bee1e30552f65518,2024-11-15T11:05:46-06:00,tests/test_web_server.py,250,0,0,361
aiohttp,30a6fbcf31353c9ac633d021bee1e30552f65518,2024-11-15T11:05:46-06:00,aiohttp/payload.py,514,2,0,0
aiohttp,30a6fbcf31353c9ac633d021bee1e30552f65518,2024-11-15T11:05:46-06:00,aiohttp/web_protocol.py,737,1,0,47
aiohttp,30a6fbcf31353c9ac633d021bee1e30552f65518,2024-11-15T11:05:46-06:00,aiohttp/client_reqrep.py,1304,9,0,406
aiohttp,30a6fbcf31353c9ac633d021bee1e30552f65518,2024-11-15T11:05:46-06:00,aiohttp/helpers.py,943,0,0,64
aiohttp,30a6fbcf31353c9ac633d021bee1e30552f65518,2024-11-15T11:05:46-06:00,aiohttp/abc.py,247,0,0,12
aiohttp,30a6fbcf31353c9ac633d021bee1e30552f65518,2024-11-15T11:05:46-06:00,aiohttp/worker.py,247,0,1,0
aiohttp,30a6fbcf31353c9ac633d021bee1e30552f65518,2024-11-15T11:05:46-06:00,aiohttp/http_writer.py,234,2,0,48
aiohttp,30a6fbcf31353c9ac633d021bee1e30552f65518,2024-11-15T11:05:46-06:00,tests/test_flowcontrol_streams.py,105,0,0,154
aiohttp,30a6fbcf31353c9ac633d021bee1e30552f65518,2024-11-15T11:05:46-06:00,aiohttp/web_app.py,618,1,0,4
aiohttp,30a6fbcf31353c9ac633d021bee1e30552f65518,2024-11-15T11:05:46-06:00,tests/test_benchmarks_web_response.py,0,0,0,248
aiohttp,30a6fbcf31353c9ac633d021bee1e30552f65518,2024-11-15T11:05:46-06:00,tests/test_web_websocket_functional.py,1279,0,0,39
aiohttp,30a6fbcf31353c9ac633d021bee1e30552f65518,2024-11-15T11:05:46-06:00,aiohttp/client_ws.py,426,18,0,5
aiohttp,30a6fbcf31353c9ac633d021bee1e30552f65518,2024-11-15T11:05:46-06:00,aiohttp/web_runner.py,397,5,0,0
aiohttp,30a6fbcf31353c9ac633d021bee1e30552f65518,2024-11-15T11:05:46-06:00,tests/test_client_proto.py,155,0,0,289
aiohttp,30a6fbcf31353c9ac633d021bee1e30552f65518,2024-11-15T11:05:46-06:00,aiohttp/http_parser.py,1045,15,0,15
aiohttp,30a6fbcf31353c9ac633d021bee1e30552f65518,2024-11-15T11:05:46-06:00,tests/test_benchmarks_web_urldispatcher.py,187,0,0,2577
aiohttp,30a6fbcf31353c9ac633d021bee1e30552f65518,2024-11-15T11:05:46-06:00,aiohttp/__init__.py,262,0,0,34
aiohttp,30a6fbcf31353c9ac633d021bee1e30552f65518,2024-11-15T11:05:46-06:00,aiohttp/web_exceptions.py,452,4,0,1
aiohttp,30a6fbcf31353c9ac633d021bee1e30552f65518,2024-11-15T11:05:46-06:00,tests/test_web_request.py,859,0,0,4
aiohttp,539b217bf015b3d027c3b2201927d121796fd0ee,2024-12-23T00:41:35+00:00,aiohttp/client_ws.py,427,18,0,0
aiohttp,539b217bf015b3d027c3b2201927d121796fd0ee,2024-12-23T00:41:35+00:00,aiohttp/resolver.py,146,2,0,0
aiohttp,539b217bf015b3d027c3b2201927d121796fd0ee,2024-12-23T00:41:35+00:00,aiohttp/pytest_plugin.py,433,5,0,0
aiohttp,539b217bf015b3d027c3b2201927d121796fd0ee,2024-12-23T00:41:35+00:00,aiohttp/streams.py,667,6,0,0
aiohttp,539b217bf015b3d027c3b2201927d121796fd0ee,2024-12-23T00:41:35+00:00,aiohttp/multipart.py,1075,0,0,6
aiohttp,539b217bf015b3d027c3b2201927d121796fd0ee,2024-12-23T00:41:35+00:00,aiohttp/_websocket/reader_py.py,473,4,0,0
aiohttp,539b217bf015b3d027c3b2201927d121796fd0ee,2024-12-23T00:41:35+00:00,aiohttp/web_runner.py,438,5,0,0
aiohttp,539b217bf015b3d027c3b2201927d121796fd0ee,2024-12-23T00:41:35+00:00,aiohttp/http_parser.py,1021,15,0,0
aiohttp,539b217bf015b3d027c3b2201927d121796fd0ee,2024-12-23T00:41:35+00:00,aiohttp/web_server.py,135,1,0,0
aiohttp,539b217bf015b3d027c3b2201927d121796fd0ee,2024-12-23T00:41:35+00:00,aiohttp/web.py,588,2,0,0
aiohttp,539b217bf015b3d027c3b2201927d121796fd0ee,2024-12-23T00:41:35+00:00,aiohttp/connector.py,1548,7,0,10
aiohttp,539b217bf015b3d027c3b2201927d121796fd0ee,2024-12-23T00:41:35+00:00,aiohttp/web_response.py,739,2,0,0
aiohttp,539b217bf015b3d027c3b2201927d121796fd0ee,2024-12-23T00:41:35+00:00,tests/test_web_response.py,1386,0,0,6
aiohttp,539b217bf015b3d027c3b2201927d121796fd0ee,2024-12-23T00:41:35+00:00,aiohttp/payload.py,514,2,0,0
aiohttp,539b217bf015b3d027c3b2201927d121796fd0ee,2024-12-23T00:41:35+00:00,aiohttp/web_protocol.py,771,1,0,0
aiohttp,539b217bf015b3d027c3b2201927d121796fd0ee,2024-12-23T00:41:35+00:00,aiohttp/client_reqrep.py,1245,6,0,7
aiohttp,539b217bf015b3d027c3b2201927d121796fd0ee,2024-12-23T00:41:35+00:00,aiohttp/web_ws.py,623,20,0,0
aiohttp,539b217bf015b3d027c3b2201927d121796fd0ee,2024-12-23T00:41:35+00:00,aiohttp/client.py,1478,2,0,2
aiohttp,539b217bf015b3d027c3b2201927d121796fd0ee,2024-12-23T00:41:35+00:00,aiohttp/web_urldispatcher.py,1272,2,0,0
aiohttp,539b217bf015b3d027c3b2201927d121796fd0ee,2024-12-23T00:41:35+00:00,aiohttp/worker.py,244,0,1,0
aiohttp,539b217bf015b3d027c3b2201927d121796fd0ee,2024-12-23T00:41:35+00:00,aiohttp/http_writer.py,234,2,0,0
aiohttp,539b217bf015b3d027c3b2201927d121796fd0ee,2024-12-23T00:41:35+00:00,aiohttp/web_app.py,462,1,0,0
aiohttp,8f22e58f250641da940a27fc4b861fc39dadb100,2024-12-25T12:25:51+00:00,aiohttp/client_ws.py,426,18,0,0
aiohttp,8f22e58f250641da940a27fc4b861fc39dadb100,2024-12-25T12:25:51+00:00,aiohttp/resolver.py,187,4,0,0
aiohttp,8f22e58f250641da940a27fc4b861fc39dadb100,2024-12-25T12:25:51+00:00,aiohttp/pytest_plugin.py,440,5,0,0
aiohttp,8f22e58f250641da940a27fc4b861fc39dadb100,2024-12-25T12:25:51+00:00,aiohttp/streams.py,726,8,0,0
aiohttp,8f22e58f250641da940a27fc4b861fc39dadb100,2024-12-25T12:25:51+00:00,aiohttp/multipart.py,1071,0,0,6
aiohttp,8f22e58f250641da940a27fc4b861fc39dadb100,2024-12-25T12:25:51+00:00,aiohttp/_websocket/reader_py.py,468,5,0,0
aiohttp,8f22e58f250641da940a27fc4b861fc39dadb100,2024-12-25T12:25:51+00:00,aiohttp/web_runner.py,399,5,0,0
aiohttp,8f22e58f250641da940a27fc4b861fc39dadb100,2024-12-25T12:25:51+00:00,aiohttp/http_parser.py,1046,15,0,0
aiohttp,8f22e58f250641da940a27fc4b861fc39dadb100,2024-12-25T12:25:51+00:00,aiohttp/web.py,605,2,0,0
aiohttp,8f22e58f250641da940a27fc4b861fc39dadb100,2024-12-25T12:25:51+00:00,aiohttp/connector.py,1652,7,0,10
aiohttp,8f22e58f250641da940a27fc4b861fc39dadb100,2024-12-25T12:25:51+00:00,aiohttp/web_response.py,846,2,0,0
aiohttp,8f22e58f250641da940a27fc4b861fc39dadb100,2024-12-25T12:25:51+00:00,tests/test_web_response.py,1489,0,0,6
aiohttp,8f22e58f250641da940a27fc4b861fc39dadb100,2024-12-25T12:25:51+00:00,aiohttp/payload.py,519,2,0,0
aiohttp,8f22e58f250641da940a27fc4b861fc39dadb100,2024-12-25T12:25:51+00:00,tests/test_client_functional.py,4101,0,0,32
aiohttp,8f22e58f250641da940a27fc4b861fc39dadb100,2024-12-25T12:25:51+00:00,aiohttp/client_exceptions.py,421,2,0,0
aiohttp,8f22e58f250641da940a27fc4b861fc39dadb100,2024-12-25T12:25:51+00:00,aiohttp/web_protocol.py,746,1,0,0
aiohttp,8f22e58f250641da940a27fc4b861fc39dadb100,2024-12-25T12:25:51+00:00,aiohttp/client_reqrep.py,1315,9,0,7
aiohttp,8f22e58f250641da940a27fc4b861fc39dadb100,2024-12-25T12:25:51+00:00,aiohttp/web_ws.py,622,20,0,0
aiohttp,8f22e58f250641da940a27fc4b861fc39dadb100,2024-12-25T12:25:51+00:00,aiohttp/client.py,1574,1,0,353
aiohttp,8f22e58f250641da940a27fc4b861fc39dadb100,2024-12-25T12:25:51+00:00,aiohttp/web_exceptions.py,452,4,0,0
aiohttp,8f22e58f250641da940a27fc4b861fc39dadb100,2024-12-25T12:25:51+00:00,aiohttp/web_urldispatcher.py,1301,2,0,0
aiohttp,8f22e58f250641da940a27fc4b861fc39dadb100,2024-12-25T12:25:51+00:00,aiohttp/worker.py,252,0,1,0
aiohttp,8f22e58f250641da940a27fc4b861fc39dadb100,2024-12-25T12:25:51+00:00,aiohttp/http_writer.py,234,2,0,0
aiohttp,8f22e58f250641da940a27fc4b861fc39dadb100,2024-12-25T12:25:51+00:00,aiohttp/web_app.py,620,1,0,0
aiohttp,4790595f20c55da5714330d91e48540b4f0cf72c,2024-12-26T11:30:34+00:00,aiohttp/client_ws.py,426,18,0,0
aiohttp,4790595f20c55da5714330d91e48540b4f0cf72c,2024-12-26T11:30:34+00:00,aiohttp/resolver.py,187,4,0,0
aiohttp,4790595f20c55da5714330d91e48540b4f0cf72c,2024-12-26T11:30:34+00:00,aiohttp/pytest_plugin.py,440,5,0,0
aiohttp,4790595f20c55da5714330d91e48540b4f0cf72c,2024-12-26T11:30:34+00:00,aiohttp/streams.py,726,8,0,0
aiohttp,4790595f20c55da5714330d91e48540b4f0cf72c,2024-12-26T11:30:34+00:00,aiohttp/multipart.py,1071,0,0,6
aiohttp,4790595f20c55da5714330d91e48540b4f0cf72c,2024-12-26T11:30:34+00:00,aiohttp/_websocket/reader_py.py,468,5,0,0
aiohttp,4790595f20c55da5714330d91e48540b4f0cf72c,2024-12-26T11:30:34+00:00,aiohttp/web_runner.py,399,5,0,0
aiohttp,4790595f20c55da5714330d91e48540b4f0cf72c,2024-12-26T11:30:34+00:00,aiohttp/http_parser.py,1046,15,0,0
aiohttp,4790595f20c55da5714330d91e48540b4f0cf72c,2024-12-26T11:30:34+00:00,aiohttp/web.py,605,2,0,0
aiohttp,4790595f20c55da5714330d91e48540b4f0cf72c,2024-12-26T11:30:34+00:00,aiohttp/connector.py,1652,7,0,0
aiohttp,4790595f20c55da5714330d91e48540b4f0cf72c,2024-12-26T11:30:34+00:00,aiohttp/web_response.py,846,2,0,0
aiohttp,4790595f20c55da5714330d91e48540b4f0cf72c,2024-12-26T11:30:34+00:00,tests/test_client_functional.py,4101,0,0,32
aiohttp,4790595f20c55da5714330d91e48540b4f0cf72c,2024-12-26T11:30:34+00:00,aiohttp/payload.py,519,2,0,0
aiohttp,4790595f20c55da5714330d91e48540b4f0cf72c,2024-12-26T11:30:34+00:00,tests/test_web_response.py,1489,0,0,6
aiohttp,4790595f20c55da5714330d91e48540b4f0cf72c,2024-12-26T11:30:34+00:00,aiohttp/client_exceptions.py,421,2,0,0
aiohttp,4790595f20c55da5714330d91e48540b4f0cf72c,2024-12-26T11:30:34+00:00,aiohttp/web_protocol.py,746,1,0,0
aiohttp,4790595f20c55da5714330d91e48540b4f0cf72c,2024-12-26T11:30:34+00:00,aiohttp/client_reqrep.py,1315,9,0,0
aiohttp,4790595f20c55da5714330d91e48540b4f0cf72c,2024-12-26T11:30:34+00:00,aiohttp/web_ws.py,622,20,0,0
aiohttp,4790595f20c55da5714330d91e48540b4f0cf72c,2024-12-26T11:30:34+00:00,aiohttp/client.py,1574,1,0,351
aiohttp,4790595f20c55da5714330d91e48540b4f0cf72c,2024-12-26T11:30:34+00:00,aiohttp/web_exceptions.py,452,4,0,0
aiohttp,4790595f20c55da5714330d91e48540b4f0cf72c,2024-12-26T11:30:34+00:00,aiohttp/web_urldispatcher.py,1301,2,0,0
aiohttp,4790595f20c55da5714330d91e48540b4f0cf72c,2024-12-26T11:30:34+00:00,aiohttp/worker.py,252,0,1,0
aiohttp,4790595f20c55da5714330d91e48540b4f0cf72c,2024-12-26T11:30:34+00:00,aiohttp/http_writer.py,234,2,0,0
aiohttp,4790595f20c55da5714330d91e48540b4f0cf72c,2024-12-26T11:30:34+00:00,aiohttp/web_app.py,620,1,0,0
aiohttp,5f34c3bdd83b25b8b72d1b6b9a25546e9ee596f7,2025-01-16T11:02:35+00:00,aiohttp/client_ws.py,426,18,0,0
aiohttp,5f34c3bdd83b25b8b72d1b6b9a25546e9ee596f7,2025-01-16T11:02:35+00:00,aiohttp/resolver.py,187,4,0,0
aiohttp,5f34c3bdd83b25b8b72d1b6b9a25546e9ee596f7,2025-01-16T11:02:35+00:00,aiohttp/pytest_plugin.py,440,5,0,0
aiohttp,5f34c3bdd83b25b8b72d1b6b9a25546e9ee596f7,2025-01-16T11:02:35+00:00,aiohttp/streams.py,726,8,0,0
aiohttp,5f34c3bdd83b25b8b72d1b6b9a25546e9ee596f7,2025-01-16T11:02:35+00:00,tools/gen.py,173,0,0,4
aiohttp,5f34c3bdd83b25b8b72d1b6b9a25546e9ee596f7,2025-01-16T11:02:35+00:00,aiohttp/_websocket/reader_py.py,468,5,0,0
aiohttp,5f34c3bdd83b25b8b72d1b6b9a25546e9ee596f7,2025-01-16T11:02:35+00:00,aiohttp/web_runner.py,399,5,0,0
aiohttp,5f34c3bdd83b25b8b72d1b6b9a25546e9ee596f7,2025-01-16T11:02:35+00:00,aiohttp/http_parser.py,1046,15,0,0
aiohttp,5f34c3bdd83b25b8b72d1b6b9a25546e9ee596f7,2025-01-16T11:02:35+00:00,aiohttp/web.py,605,2,0,0
aiohttp,5f34c3bdd83b25b8b72d1b6b9a25546e9ee596f7,2025-01-16T11:02:35+00:00,aiohttp/connector.py,1652,7,0,0
aiohttp,5f34c3bdd83b25b8b72d1b6b9a25546e9ee596f7,2025-01-16T11:02:35+00:00,aiohttp/web_response.py,846,2,0,0
aiohttp,5f34c3bdd83b25b8b72d1b6b9a25546e9ee596f7,2025-01-16T11:02:35+00:00,tests/test_client_functional.py,4117,0,0,16
aiohttp,5f34c3bdd83b25b8b72d1b6b9a25546e9ee596f7,2025-01-16T11:02:35+00:00,aiohttp/payload.py,519,2,0,0
aiohttp,5f34c3bdd83b25b8b72d1b6b9a25546e9ee596f7,2025-01-16T11:02:35+00:00,tests/test_web_server.py,385,0,0,108
aiohttp,5f34c3bdd83b25b8b72d1b6b9a25546e9ee596f7,2025-01-16T11:02:35+00:00,aiohttp/client_exceptions.py,421,2,0,0
aiohttp,5f34c3bdd83b25b8b72d1b6b9a25546e9ee596f7,2025-01-16T11:02:35+00:00,aiohttp/web_protocol.py,746,1,0,24
aiohttp,5f34c3bdd83b25b8b72d1b6b9a25546e9ee596f7,2025-01-16T11:02:35+00:00,aiohttp/client_reqrep.py,1315,9,0,0
aiohttp,5f34c3bdd83b25b8b72d1b6b9a25546e9ee596f7,2025-01-16T11:02:35+00:00,aiohttp/web_ws.py,622,20,0,0
aiohttp,5f34c3bdd83b25b8b72d1b6b9a25546e9ee596f7,2025-01-16T11:02:35+00:00,aiohttp/client.py,1548,1,0,178
aiohttp,5f34c3bdd83b25b8b72d1b6b9a25546e9ee596f7,2025-01-16T11:02:35+00:00,aiohttp/web_exceptions.py,452,4,0,0
aiohttp,5f34c3bdd83b25b8b72d1b6b9a25546e9ee596f7,2025-01-16T11:02:35+00:00,aiohttp/web_urldispatcher.py,1301,2,0,0
aiohttp,5f34c3bdd83b25b8b72d1b6b9a25546e9ee596f7,2025-01-16T11:02:35+00:00,aiohttp/worker.py,252,0,1,0
aiohttp,5f34c3bdd83b25b8b72d1b6b9a25546e9ee596f7,2025-01-16T11:02:35+00:00,aiohttp/http_writer.py,234,2,0,0
aiohttp,5f34c3bdd83b25b8b72d1b6b9a25546e9ee596f7,2025-01-16T11:02:35+00:00,tests/test_imports.py,84,0,0,6
aiohttp,5f34c3bdd83b25b8b72d1b6b9a25546e9ee596f7,2025-01-16T11:02:35+00:00,aiohttp/web_app.py,620,1,0,0
aiohttp,928e6d70480c662d7e3a84a8b9615c2d9f1b46ac,2025-03-15T23:21:49+00:00,aiohttp/client_ws.py,428,18,0,0
aiohttp,928e6d70480c662d7e3a84a8b9615c2d9f1b46ac,2025-03-15T23:21:49+00:00,aiohttp/resolver.py,187,4,0,21
aiohttp,928e6d70480c662d7e3a84a8b9615c2d9f1b46ac,2025-03-15T23:21:49+00:00,tests/isolated/check_for_request_leak.py,0,0,0,123
aiohttp,928e6d70480c662d7e3a84a8b9615c2d9f1b46ac,2025-03-15T23:21:49+00:00,aiohttp/pytest_plugin.py,436,5,0,0
aiohttp,928e6d70480c662d7e3a84a8b9615c2d9f1b46ac,2025-03-15T23:21:49+00:00,aiohttp/streams.py,727,8,0,0
aiohttp,928e6d70480c662d7e3a84a8b9615c2d9f1b46ac,2025-03-15T23:21:49+00:00,aiohttp/_websocket/reader_py.py,468,5,0,3
aiohttp,928e6d70480c662d7e3a84a8b9615c2d9f1b46ac,2025-03-15T23:21:49+00:00,aiohttp/web_runner.py,399,5,0,0
aiohttp,928e6d70480c662d7e3a84a8b9615c2d9f1b46ac,2025-03-15T23:21:49+00:00,aiohttp/client_proto.py,307,0,0,3
aiohttp,928e6d70480c662d7e3a84a8b9615c2d9f1b46ac,2025-03-15T23:21:49+00:00,aiohttp/http_parser.py,1046,15,0,0
aiohttp,928e6d70480c662d7e3a84a8b9615c2d9f1b46ac,2025-03-15T23:21:49+00:00,tests/test_connector.py,3670,0,0,370
aiohttp,928e6d70480c662d7e3a84a8b9615c2d9f1b46ac,2025-03-15T23:21:49+00:00,aiohttp/web.py,605,2,0,0
aiohttp,928e6d70480c662d7e3a84a8b9615c2d9f1b46ac,2025-03-15T23:21:49+00:00,aiohttp/connector.py,1663,7,0,91
aiohttp,928e6d70480c662d7e3a84a8b9615c2d9f1b46ac,2025-03-15T23:21:49+00:00,aiohttp/web_response.py,840,2,0,0
aiohttp,928e6d70480c662d7e3a84a8b9615c2d9f1b46ac,2025-03-15T23:21:49+00:00,tests/test_leaks.py,0,0,0,267
aiohttp,928e6d70480c662d7e3a84a8b9615c2d9f1b46ac,2025-03-15T23:21:49+00:00,aiohttp/payload.py,519,2,0,0
aiohttp,928e6d70480c662d7e3a84a8b9615c2d9f1b46ac,2025-03-15T23:21:49+00:00,aiohttp/client_exceptions.py,421,2,0,0
aiohttp,928e6d70480c662d7e3a84a8b9615c2d9f1b46ac,2025-03-15T23:21:49+00:00,aiohttp/__init__.py,264,0,0,13
aiohttp,928e6d70480c662d7e3a84a8b9615c2d9f1b46ac,2025-03-15T23:21:49+00:00,aiohttp/web_protocol.py,752,1,0,42
aiohttp,928e6d70480c662d7e3a84a8b9615c2d9f1b46ac,2025-03-15T23:21:49+00:00,aiohttp/client_reqrep.py,1315,9,0,0
aiohttp,928e6d70480c662d7e3a84a8b9615c2d9f1b46ac,2025-03-15T23:21:49+00:00,tests/autobahn/test_autobahn.py,133,0,0,18
aiohttp,928e6d70480c662d7e3a84a8b9615c2d9f1b46ac,2025-03-15T23:21:49+00:00,aiohttp/web_ws.py,626,20,0,9
aiohttp,928e6d70480c662d7e3a84a8b9615c2d9f1b46ac,2025-03-15T23:21:49+00:00,aiohttp/helpers.py,958,0,0,48
aiohttp,928e6d70480c662d7e3a84a8b9615c2d9f1b46ac,2025-03-15T23:21:49+00:00,aiohttp/client.py,1550,1,0,0
aiohttp,928e6d70480c662d7e3a84a8b9615c2d9f1b46ac,2025-03-15T23:21:49+00:00,docs/conf.py,451,0,0,6
aiohttp,928e6d70480c662d7e3a84a8b9615c2d9f1b46ac,2025-03-15T23:21:49+00:00,tests/test_websocket_handshake.py,296,0,0,6
aiohttp,928e6d70480c662d7e3a84a8b9615c2d9f1b46ac,2025-03-15T23:21:49+00:00,aiohttp/web_exceptions.py,452,4,0,0
aiohttp,928e6d70480c662d7e3a84a8b9615c2d9f1b46ac,2025-03-15T23:21:49+00:00,aiohttp/web_urldispatcher.py,1301,2,0,0
aiohttp,928e6d70480c662d7e3a84a8b9615c2d9f1b46ac,2025-03-15T23:21:49+00:00,tests/isolated/check_for_client_response_leak.py,0,0,0,141
aiohttp,928e6d70480c662d7e3a84a8b9615c2d9f1b46ac,2025-03-15T23:21:49+00:00,aiohttp/worker.py,252,0,1,0
aiohttp,928e6d70480c662d7e3a84a8b9615c2d9f1b46ac,2025-03-15T23:21:49+00:00,aiohttp/http_writer.py,249,2,0,0
aiohttp,928e6d70480c662d7e3a84a8b9615c2d9f1b46ac,2025-03-15T23:21:49+00:00,aiohttp/web_app.py,620,1,0,0
aiohttp,d17f2a4cfb4fedc8cc9bede160a41a46b7a9e45d,2025-05-03T19:59:35+02:00,tests/test_benchmarks_client.py,478,0,0,183
aiohttp,d17f2a4cfb4fedc8cc9bede160a41a46b7a9e45d,2025-05-03T19:59:35+02:00,aiohttp/client_ws.py,429,18,0,0
aiohttp,d17f2a4cfb4fedc8cc9bede160a41a46b7a9e45d,2025-05-03T19:59:35+02:00,aiohttp/resolver.py,149,2,0,7
aiohttp,d17f2a4cfb4fedc8cc9bede160a41a46b7a9e45d,2025-05-03T19:59:35+02:00,aiohttp/pytest_plugin.py,441,5,0,0
aiohttp,d17f2a4cfb4fedc8cc9bede160a41a46b7a9e45d,2025-05-03T19:59:35+02:00,aiohttp/streams.py,668,6,0,0
aiohttp,d17f2a4cfb4fedc8cc9bede160a41a46b7a9e45d,2025-05-03T19:59:35+02:00,aiohttp/_websocket/reader_py.py,487,4,0,0
aiohttp,d17f2a4cfb4fedc8cc9bede160a41a46b7a9e45d,2025-05-03T19:59:35+02:00,aiohttp/web_runner.py,438,5,0,0
aiohttp,d17f2a4cfb4fedc8cc9bede160a41a46b7a9e45d,2025-05-03T19:59:35+02:00,aiohttp/http_parser.py,1018,15,0,8
aiohttp,d17f2a4cfb4fedc8cc9bede160a41a46b7a9e45d,2025-05-03T19:59:35+02:00,aiohttp/web_server.py,135,1,0,0
aiohttp,d17f2a4cfb4fedc8cc9bede160a41a46b7a9e45d,2025-05-03T19:59:35+02:00,aiohttp/http_exceptions.py,108,0,0,4
aiohttp,d17f2a4cfb4fedc8cc9bede160a41a46b7a9e45d,2025-05-03T19:59:35+02:00,aiohttp/web.py,588,2,0,0
aiohttp,d17f2a4cfb4fedc8cc9bede160a41a46b7a9e45d,2025-05-03T19:59:35+02:00,aiohttp/connector.py,1573,7,0,0
aiohttp,d17f2a4cfb4fedc8cc9bede160a41a46b7a9e45d,2025-05-03T19:59:35+02:00,aiohttp/web_response.py,738,3,0,0
aiohttp,d17f2a4cfb4fedc8cc9bede160a41a46b7a9e45d,2025-05-03T19:59:35+02:00,aiohttp/payload.py,514,2,0,0
aiohttp,d17f2a4cfb4fedc8cc9bede160a41a46b7a9e45d,2025-05-03T19:59:35+02:00,aiohttp/web_protocol.py,820,1,0,0
aiohttp,d17f2a4cfb4fedc8cc9bede160a41a46b7a9e45d,2025-05-03T19:59:35+02:00,aiohttp/client_reqrep.py,1240,6,0,0
aiohttp,d17f2a4cfb4fedc8cc9bede160a41a46b7a9e45d,2025-05-03T19:59:35+02:00,aiohttp/web_ws.py,630,20,0,0
aiohttp,d17f2a4cfb4fedc8cc9bede160a41a46b7a9e45d,2025-05-03T19:59:35+02:00,aiohttp/client.py,1454,3,0,0
aiohttp,d17f2a4cfb4fedc8cc9bede160a41a46b7a9e45d,2025-05-03T19:59:35+02:00,aiohttp/web_urldispatcher.py,1275,2,0,0
aiohttp,d17f2a4cfb4fedc8cc9bede160a41a46b7a9e45d,2025-05-03T19:59:35+02:00,aiohttp/worker.py,247,0,1,0
aiohttp,d17f2a4cfb4fedc8cc9bede160a41a46b7a9e45d,2025-05-03T19:59:35+02:00,aiohttp/http_writer.py,260,2,0,0
aiohttp,d17f2a4cfb4fedc8cc9bede160a41a46b7a9e45d,2025-05-03T19:59:35+02:00,aiohttp/web_app.py,462,1,0,0
aiohttp,45b74cfccbbe44036c4a2ca45154d3dcbfc11af6,2025-05-22T17:20:52-05:00,aiohttp/web_fileresponse.py,414,0,0,8
aiohttp,45b74cfccbbe44036c4a2ca45154d3dcbfc11af6,2025-05-22T17:20:52-05:00,aiohttp/_cookie_helpers.py,0,0,0,663
aiohttp,45b74cfccbbe44036c4a2ca45154d3dcbfc11af6,2025-05-22T17:20:52-05:00,tests/test_proxy.py,1158,0,0,73
aiohttp,45b74cfccbbe44036c4a2ca45154d3dcbfc11af6,2025-05-22T17:20:52-05:00,aiohttp/pytest_plugin.py,442,4,0,0
aiohttp,45b74cfccbbe44036c4a2ca45154d3dcbfc11af6,2025-05-22T17:20:52-05:00,tests/test_web_sendfile_functional.py,1171,0,0,3
aiohttp,45b74cfccbbe44036c4a2ca45154d3dcbfc11af6,2025-05-22T17:20:52-05:00,tests/conftest.py,350,0,0,24
aiohttp,45b74cfccbbe44036c4a2ca45154d3dcbfc11af6,2025-05-22T17:20:52-05:00,tests/test_web_urldispatcher.py,989,0,0,127
aiohttp,45b74cfccbbe44036c4a2ca45154d3dcbfc11af6,2025-05-22T17:20:52-05:00,tests/test_multipart.py,1503,0,0,601
aiohttp,45b74cfccbbe44036c4a2ca45154d3dcbfc11af6,2025-05-22T17:20:52-05:00,tests/test_connector.py,3941,0,0,583
aiohttp,45b74cfccbbe44036c4a2ca45154d3dcbfc11af6,2025-05-22T17:20:52-05:00,tests/test_benchmarks_client_request.py,121,0,0,209
aiohttp,45b74cfccbbe44036c4a2ca45154d3dcbfc11af6,2025-05-22T17:20:52-05:00,aiohttp/web.py,588,2,0,0
aiohttp,45b74cfccbbe44036c4a2ca45154d3dcbfc11af6,2025-05-22T17:20:52-05:00,tests/test_web_response.py,1421,0,0,111
aiohttp,45b74cfccbbe44036c4a2ca45154d3dcbfc11af6,2025-05-22T17:20:52-05:00,aiohttp/web_ws.py,630,20,0,12
aiohttp,45b74cfccbbe44036c4a2ca45154d3dcbfc11af6,2025-05-22T17:20:52-05:00,aiohttp/web_request.py,873,0,0,27
aiohttp,45b74cfccbbe44036c4a2ca45154d3dcbfc11af6,2025-05-22T17:20:52-05:00,aiohttp/cookiejar.py,492,0,0,167
aiohttp,45b74cfccbbe44036c4a2ca45154d3dcbfc11af6,2025-05-22T17:20:52-05:00,aiohttp/web_urldispatcher.py,1275,2,0,4
aiohttp,45b74cfccbbe44036c4a2ca45154d3dcbfc11af6,2025-05-22T17:20:52-05:00,tests/test_proxy_functional.py,972,0,0,9
aiohttp,45b74cfccbbe44036c4a2ca45154d3dcbfc11af6,2025-05-22T17:20:52-05:00,tests/test_client_middleware_digest_auth.py,801,0,0,1428
aiohttp,45b74cfccbbe44036c4a2ca45154d3dcbfc11af6,2025-05-22T17:20:52-05:00,aiohttp/streams.py,668,6,0,0
aiohttp,45b74cfccbbe44036c4a2ca45154d3dcbfc11af6,2025-05-22T17:20:52-05:00,aiohttp/formdata.py,163,0,0,17
aiohttp,45b74cfccbbe44036c4a2ca45154d3dcbfc11af6,2025-05-22T17:20:52-05:00,aiohttp/_websocket/reader_py.py,487,4,0,0
aiohttp,45b74cfccbbe44036c4a2ca45154d3dcbfc11af6,2025-05-22T17:20:52-05:00,aiohttp/multipart.py,1074,0,0,252
aiohttp,45b74cfccbbe44036c4a2ca45154d3dcbfc11af6,2025-05-22T17:20:52-05:00,aiohttp/web_server.py,135,1,0,0
aiohttp,45b74cfccbbe44036c4a2ca45154d3dcbfc11af6,2025-05-22T17:20:52-05:00,tests/test_web_sendfile.py,136,0,0,60
aiohttp,45b74cfccbbe44036c4a2ca45154d3dcbfc11af6,2025-05-22T17:20:52-05:00,aiohttp/connector.py,1573,7,0,341
aiohttp,45b74cfccbbe44036c4a2ca45154d3dcbfc11af6,2025-05-22T17:20:52-05:00,tests/test_client_functional.py,4509,0,0,2547
aiohttp,45b74cfccbbe44036c4a2ca45154d3dcbfc11af6,2025-05-22T17:20:52-05:00,aiohttp/client.py,1485,3,0,70
aiohttp,45b74cfccbbe44036c4a2ca45154d3dcbfc11af6,2025-05-22T17:20:52-05:00,examples/retry_middleware.py,0,0,0,490
aiohttp,45b74cfccbbe44036c4a2ca45154d3dcbfc11af6,2025-05-22T17:20:52-05:00,tests/test_web_websocket.py,673,0,0,6
aiohttp,45b74cfccbbe44036c4a2ca45154d3dcbfc11af6,2025-05-22T17:20:52-05:00,tests/test_client_session.py,1205,0,0,334
aiohttp,45b74cfccbbe44036c4a2ca45154d3dcbfc11af6,2025-05-22T17:20:52-05:00,tests/test_client_response.py,1379,0,0,432
aiohttp,45b74cfccbbe44036c4a2ca45154d3dcbfc11af6,2025-05-22T17:20:52-05:00,aiohttp/resolver.py,235,2,0,3
aiohttp,45b74cfccbbe44036c4a2ca45154d3dcbfc11af6,2025-05-22T17:20:52-05:00,tests/test_client_request.py,1660,0,0,2256
aiohttp,45b74cfccbbe44036c4a2ca45154d3dcbfc11af6,2025-05-22T17:20:52-05:00,examples/basic_auth_middleware.py,0,0,0,380
aiohttp,45b74cfccbbe44036c4a2ca45154d3dcbfc11af6,2025-05-22T17:20:52-05:00,aiohttp/client_proto.py,324,0,0,237
aiohttp,45b74cfccbbe44036c4a2ca45154d3dcbfc11af6,2025-05-22T17:20:52-05:00,tests/test_http_writer.py,920,0,0,1566
aiohttp,45b74cfccbbe44036c4a2ca45154d3dcbfc11af6,2025-05-22T17:20:52-05:00,tests/test_resolver.py,699,0,0,33
aiohttp,45b74cfccbbe44036c4a2ca45154d3dcbfc11af6,2025-05-22T17:20:52-05:00,aiohttp/web_response.py,738,3,0,30
aiohttp,45b74cfccbbe44036c4a2ca45154d3dcbfc11af6,2025-05-22T17:20:52-05:00,tests/test_web_server.py,458,0,0,10
aiohttp,45b74cfccbbe44036c4a2ca45154d3dcbfc11af6,2025-05-22T17:20:52-05:00,aiohttp/payload.py,851,2,0,1197
aiohttp,45b74cfccbbe44036c4a2ca45154d3dcbfc11af6,2025-05-22T17:20:52-05:00,aiohttp/helpers.py,1092,1,0,0
aiohttp,45b74cfccbbe44036c4a2ca45154d3dcbfc11af6,2025-05-22T17:20:52-05:00,aiohttp/client_reqrep.py,1316,6,0,6990
aiohttp,45b74cfccbbe44036c4a2ca45154d3dcbfc11af6,2025-05-22T17:20:52-05:00,aiohttp/web_protocol.py,820,1,0,0
aiohttp,45b74cfccbbe44036c4a2ca45154d3dcbfc11af6,2025-05-22T17:20:52-05:00,aiohttp/abc.py,267,0,0,181
aiohttp,45b74cfccbbe44036c4a2ca45154d3dcbfc11af6,2025-05-22T17:20:52-05:00,tests/test_cookie_helpers.py,0,0,0,3093
aiohttp,45b74cfccbbe44036c4a2ca45154d3dcbfc11af6,2025-05-22T17:20:52-05:00,aiohttp/worker.py,247,0,1,0
aiohttp,45b74cfccbbe44036c4a2ca45154d3dcbfc11af6,2025-05-22T17:20:52-05:00,aiohttp/http_writer.py,260,2,0,316
aiohttp,45b74cfccbbe44036c4a2ca45154d3dcbfc11af6,2025-05-22T17:20:52-05:00,aiohttp/web_app.py,462,1,0,0
aiohttp,45b74cfccbbe44036c4a2ca45154d3dcbfc11af6,2025-05-22T17:20:52-05:00,examples/token_refresh_middleware.py,0,0,0,672
aiohttp,45b74cfccbbe44036c4a2ca45154d3dcbfc11af6,2025-05-22T17:20:52-05:00,tests/test_web_websocket_functional.py,1334,0,0,339
aiohttp,45b74cfccbbe44036c4a2ca45154d3dcbfc11af6,2025-05-22T17:20:52-05:00,aiohttp/client_ws.py,429,18,0,0
aiohttp,45b74cfccbbe44036c4a2ca45154d3dcbfc11af6,2025-05-22T17:20:52-05:00,tests/test_formdata.py,138,0,0,524
aiohttp,45b74cfccbbe44036c4a2ca45154d3dcbfc11af6,2025-05-22T17:20:52-05:00,tests/test_client_middleware.py,1156,0,0,344
aiohttp,45b74cfccbbe44036c4a2ca45154d3dcbfc11af6,2025-05-22T17:20:52-05:00,aiohttp/web_runner.py,438,5,0,0
aiohttp,45b74cfccbbe44036c4a2ca45154d3dcbfc11af6,2025-05-22T17:20:52-05:00,tests/test_client_proto.py,254,0,0,180
aiohttp,45b74cfccbbe44036c4a2ca45154d3dcbfc11af6,2025-05-22T17:20:52-05:00,aiohttp/http_parser.py,1018,15,0,0
aiohttp,45b74cfccbbe44036c4a2ca45154d3dcbfc11af6,2025-05-22T17:20:52-05:00,tests/test_cookiejar.py,1153,0,0,1541
aiohttp,45b74cfccbbe44036c4a2ca45154d3dcbfc11af6,2025-05-22T17:20:52-05:00,aiohttp/client_middleware_digest_auth.py,414,1,0,262
aiohttp,45b74cfccbbe44036c4a2ca45154d3dcbfc11af6,2025-05-22T17:20:52-05:00,aiohttp/__init__.py,258,0,0,46
aiohttp,45b74cfccbbe44036c4a2ca45154d3dcbfc11af6,2025-05-22T17:20:52-05:00,tests/test_payload.py,455,0,0,2479
aiohttp,45b74cfccbbe44036c4a2ca45154d3dcbfc11af6,2025-05-22T17:20:52-05:00,examples/combined_middleware.py,0,0,0,640
aiohttp,45b74cfccbbe44036c4a2ca45154d3dcbfc11af6,2025-05-22T17:20:52-05:00,examples/logging_middleware.py,0,0,0,338
aiohttp,45b74cfccbbe44036c4a2ca45154d3dcbfc11af6,2025-05-22T17:20:52-05:00,docs/conf.py,441,0,0,6
aiohttp,45b74cfccbbe44036c4a2ca45154d3dcbfc11af6,2025-05-22T17:20:52-05:00,docs/code/client_middleware_cookbook.py,0,0,0,286
aiohttp,45b74cfccbbe44036c4a2ca45154d3dcbfc11af6,2025-05-22T17:20:52-05:00,tests/test_web_request.py,903,0,0,453
aiohttp,824d387805118ce4a5749c3de52addc1b2a1e998,2025-05-26T14:22:07+00:00,aiohttp/web_fileresponse.py,418,0,0,8
aiohttp,824d387805118ce4a5749c3de52addc1b2a1e998,2025-05-26T14:22:07+00:00,tests/test_proxy.py,1032,0,0,151
aiohttp,824d387805118ce4a5749c3de52addc1b2a1e998,2025-05-26T14:22:07+00:00,aiohttp/_cookie_helpers.py,0,0,0,663
aiohttp,824d387805118ce4a5749c3de52addc1b2a1e998,2025-05-26T14:22:07+00:00,aiohttp/resolver.py,273,4,0,15
aiohttp,824d387805118ce4a5749c3de52addc1b2a1e998,2025-05-26T14:22:07+00:00,aiohttp/pytest_plugin.py,444,4,0,0
aiohttp,824d387805118ce4a5749c3de52addc1b2a1e998,2025-05-26T14:22:07+00:00,tests/test_client_request.py,2078,0,0,754
aiohttp,824d387805118ce4a5749c3de52addc1b2a1e998,2025-05-26T14:22:07+00:00,tests/conftest.py,348,0,0,24
aiohttp,824d387805118ce4a5749c3de52addc1b2a1e998,2025-05-26T14:22:07+00:00,aiohttp/client_proto.py,308,0,0,264
aiohttp,824d387805118ce4a5749c3de52addc1b2a1e998,2025-05-26T14:22:07+00:00,tests/test_connector.py,3769,0,0,1831
aiohttp,824d387805118ce4a5749c3de52addc1b2a1e998,2025-05-26T14:22:07+00:00,aiohttp/web.py,605,2,0,0
aiohttp,824d387805118ce4a5749c3de52addc1b2a1e998,2025-05-26T14:22:07+00:00,aiohttp/web_response.py,856,3,0,0
aiohttp,824d387805118ce4a5749c3de52addc1b2a1e998,2025-05-26T14:22:07+00:00,aiohttp/payload.py,1093,2,0,66
aiohttp,824d387805118ce4a5749c3de52addc1b2a1e998,2025-05-26T14:22:07+00:00,aiohttp/client_exceptions.py,421,2,0,0
aiohttp,824d387805118ce4a5749c3de52addc1b2a1e998,2025-05-26T14:22:07+00:00,aiohttp/helpers.py,958,1,0,0
aiohttp,824d387805118ce4a5749c3de52addc1b2a1e998,2025-05-26T14:22:07+00:00,aiohttp/client_reqrep.py,1518,9,0,4345
aiohttp,824d387805118ce4a5749c3de52addc1b2a1e998,2025-05-26T14:22:07+00:00,aiohttp/web_protocol.py,792,1,0,0
aiohttp,824d387805118ce4a5749c3de52addc1b2a1e998,2025-05-26T14:22:07+00:00,aiohttp/web_ws.py,631,20,0,0
aiohttp,824d387805118ce4a5749c3de52addc1b2a1e998,2025-05-26T14:22:07+00:00,aiohttp/web_request.py,914,0,0,27
aiohttp,824d387805118ce4a5749c3de52addc1b2a1e998,2025-05-26T14:22:07+00:00,aiohttp/cookiejar.py,495,0,0,167
aiohttp,824d387805118ce4a5749c3de52addc1b2a1e998,2025-05-26T14:22:07+00:00,aiohttp/abc.py,259,0,0,167
aiohttp,824d387805118ce4a5749c3de52addc1b2a1e998,2025-05-26T14:22:07+00:00,tests/test_cookie_helpers.py,0,0,0,3093
aiohttp,824d387805118ce4a5749c3de52addc1b2a1e998,2025-05-26T14:22:07+00:00,aiohttp/web_urldispatcher.py,1303,2,0,4
aiohttp,824d387805118ce4a5749c3de52addc1b2a1e998,2025-05-26T14:22:07+00:00,aiohttp/worker.py,255,0,1,0
aiohttp,824d387805118ce4a5749c3de52addc1b2a1e998,2025-05-26T14:22:07+00:00,aiohttp/http_writer.py,378,4,0,0
aiohttp,824d387805118ce4a5749c3de52addc1b2a1e998,2025-05-26T14:22:07+00:00,aiohttp/web_app.py,620,1,0,0
aiohttp,824d387805118ce4a5749c3de52addc1b2a1e998,2025-05-26T14:22:07+00:00,tests/test_client_middleware_digest_auth.py,812,0,0,1263
aiohttp,824d387805118ce4a5749c3de52addc1b2a1e998,2025-05-26T14:22:07+00:00,aiohttp/client_ws.py,428,18,0,0
aiohttp,824d387805118ce4a5749c3de52addc1b2a1e998,2025-05-26T14:22:07+00:00,aiohttp/streams.py,727,8,0,0
aiohttp,824d387805118ce4a5749c3de52addc1b2a1e998,2025-05-26T14:22:07+00:00,aiohttp/formdata.py,179,0,0,2
aiohttp,824d387805118ce4a5749c3de52addc1b2a1e998,2025-05-26T14:22:07+00:00,aiohttp/_websocket/reader_py.py,476,5,0,0
aiohttp,824d387805118ce4a5749c3de52addc1b2a1e998,2025-05-26T14:22:07+00:00,aiohttp/multipart.py,1141,0,0,39
aiohttp,824d387805118ce4a5749c3de52addc1b2a1e998,2025-05-26T14:22:07+00:00,aiohttp/web_runner.py,399,5,0,0
aiohttp,824d387805118ce4a5749c3de52addc1b2a1e998,2025-05-26T14:22:07+00:00,tests/test_client_proto.py,249,0,0,300
aiohttp,824d387805118ce4a5749c3de52addc1b2a1e998,2025-05-26T14:22:07+00:00,aiohttp/http_parser.py,1046,15,0,0
aiohttp,824d387805118ce4a5749c3de52addc1b2a1e998,2025-05-26T14:22:07+00:00,aiohttp/connector.py,1677,7,0,718
aiohttp,824d387805118ce4a5749c3de52addc1b2a1e998,2025-05-26T14:22:07+00:00,tests/test_client_functional.py,5048,0,0,760
aiohttp,824d387805118ce4a5749c3de52addc1b2a1e998,2025-05-26T14:22:07+00:00,tests/test_cookiejar.py,1129,0,0,1541
aiohttp,824d387805118ce4a5749c3de52addc1b2a1e998,2025-05-26T14:22:07+00:00,aiohttp/client_middleware_digest_auth.py,418,1,0,186
aiohttp,824d387805118ce4a5749c3de52addc1b2a1e998,2025-05-26T14:22:07+00:00,aiohttp/__init__.py,278,0,0,40
aiohttp,824d387805118ce4a5749c3de52addc1b2a1e998,2025-05-26T14:22:07+00:00,tests/test_payload.py,1130,0,0,454
aiohttp,824d387805118ce4a5749c3de52addc1b2a1e998,2025-05-26T14:22:07+00:00,aiohttp/client.py,1594,2,0,57
aiohttp,824d387805118ce4a5749c3de52addc1b2a1e998,2025-05-26T14:22:07+00:00,aiohttp/web_exceptions.py,452,4,0,0
aiohttp,824d387805118ce4a5749c3de52addc1b2a1e998,2025-05-26T14:22:07+00:00,tests/test_client_session.py,1170,0,0,601
aiohttp,824d387805118ce4a5749c3de52addc1b2a1e998,2025-05-26T14:22:07+00:00,tests/test_web_request.py,860,0,0,453
aiohttp,824d387805118ce4a5749c3de52addc1b2a1e998,2025-05-26T14:22:07+00:00,tests/test_client_response.py,1335,0,0,432
aiohttp,3665ff6f25059b0a810fdbffcaa9f8164d620d3a,2025-05-27T10:49:16+00:00,aiohttp/web_fileresponse.py,414,0,0,8
aiohttp,3665ff6f25059b0a810fdbffcaa9f8164d620d3a,2025-05-27T10:49:16+00:00,aiohttp/_cookie_helpers.py,0,0,0,993
aiohttp,3665ff6f25059b0a810fdbffcaa9f8164d620d3a,2025-05-27T10:49:16+00:00,tests/test_proxy.py,1158,0,0,151
aiohttp,3665ff6f25059b0a810fdbffcaa9f8164d620d3a,2025-05-27T10:49:16+00:00,aiohttp/resolver.py,235,2,0,15
aiohttp,3665ff6f25059b0a810fdbffcaa9f8164d620d3a,2025-05-27T10:49:16+00:00,aiohttp/pytest_plugin.py,442,4,0,0
aiohttp,3665ff6f25059b0a810fdbffcaa9f8164d620d3a,2025-05-27T10:49:16+00:00,tests/test_client_request.py,2280,0,0,172
aiohttp,3665ff6f25059b0a810fdbffcaa9f8164d620d3a,2025-05-27T10:49:16+00:00,tests/conftest.py,350,0,0,24
aiohttp,3665ff6f25059b0a810fdbffcaa9f8164d620d3a,2025-05-27T10:49:16+00:00,aiohttp/client_proto.py,324,0,0,264
aiohttp,3665ff6f25059b0a810fdbffcaa9f8164d620d3a,2025-05-27T10:49:16+00:00,tests/test_connector.py,3941,0,0,1831
aiohttp,3665ff6f25059b0a810fdbffcaa9f8164d620d3a,2025-05-27T10:49:16+00:00,aiohttp/web.py,588,2,0,0
aiohttp,3665ff6f25059b0a810fdbffcaa9f8164d620d3a,2025-05-27T10:49:16+00:00,aiohttp/web_response.py,755,3,0,0
aiohttp,3665ff6f25059b0a810fdbffcaa9f8164d620d3a,2025-05-27T10:49:16+00:00,aiohttp/payload.py,1088,2,0,66
aiohttp,3665ff6f25059b0a810fdbffcaa9f8164d620d3a,2025-05-27T10:49:16+00:00,aiohttp/helpers.py,1092,1,0,0
aiohttp,3665ff6f25059b0a810fdbffcaa9f8164d620d3a,2025-05-27T10:49:16+00:00,aiohttp/client_reqrep.py,1443,6,0,216
aiohttp,3665ff6f25059b0a810fdbffcaa9f8164d620d3a,2025-05-27T10:49:16+00:00,aiohttp/web_protocol.py,820,1,0,0
aiohttp,3665ff6f25059b0a810fdbffcaa9f8164d620d3a,2025-05-27T10:49:16+00:00,aiohttp/web_ws.py,634,20,0,0
aiohttp,3665ff6f25059b0a810fdbffcaa9f8164d620d3a,2025-05-27T10:49:16+00:00,aiohttp/web_request.py,873,0,0,54
aiohttp,3665ff6f25059b0a810fdbffcaa9f8164d620d3a,2025-05-27T10:49:16+00:00,aiohttp/cookiejar.py,492,0,0,167
aiohttp,3665ff6f25059b0a810fdbffcaa9f8164d620d3a,2025-05-27T10:49:16+00:00,aiohttp/abc.py,274,0,0,179
aiohttp,3665ff6f25059b0a810fdbffcaa9f8164d620d3a,2025-05-27T10:49:16+00:00,tests/test_cookie_helpers.py,0,0,0,5664
aiohttp,3665ff6f25059b0a810fdbffcaa9f8164d620d3a,2025-05-27T10:49:16+00:00,aiohttp/web_urldispatcher.py,1275,2,0,4
aiohttp,3665ff6f25059b0a810fdbffcaa9f8164d620d3a,2025-05-27T10:49:16+00:00,aiohttp/worker.py,247,0,1,0
aiohttp,3665ff6f25059b0a810fdbffcaa9f8164d620d3a,2025-05-27T10:49:16+00:00,aiohttp/http_writer.py,390,4,0,0
aiohttp,3665ff6f25059b0a810fdbffcaa9f8164d620d3a,2025-05-27T10:49:16+00:00,aiohttp/web_app.py,462,1,0,0
aiohttp,3665ff6f25059b0a810fdbffcaa9f8164d620d3a,2025-05-27T10:49:16+00:00,tests/test_client_middleware_digest_auth.py,812,0,0,1263
aiohttp,3665ff6f25059b0a810fdbffcaa9f8164d620d3a,2025-05-27T10:49:16+00:00,aiohttp/client_ws.py,429,18,0,0
aiohttp,3665ff6f25059b0a810fdbffcaa9f8164d620d3a,2025-05-27T10:49:16+00:00,aiohttp/streams.py,668,6,0,0
aiohttp,3665ff6f25059b0a810fdbffcaa9f8164d620d3a,2025-05-27T10:49:16+00:00,aiohttp/formdata.py,160,0,0,2
aiohttp,3665ff6f25059b0a810fdbffcaa9f8164d620d3a,2025-05-27T10:49:16+00:00,aiohttp/_websocket/reader_py.py,487,4,0,0
aiohttp,3665ff6f25059b0a810fdbffcaa9f8164d620d3a,2025-05-27T10:49:16+00:00,aiohttp/multipart.py,1145,0,0,39
aiohttp,3665ff6f25059b0a810fdbffcaa9f8164d620d3a,2025-05-27T10:49:16+00:00,aiohttp/web_runner.py,438,5,0,0
aiohttp,3665ff6f25059b0a810fdbffcaa9f8164d620d3a,2025-05-27T10:49:16+00:00,tests/test_client_proto.py,254,0,0,300
aiohttp,3665ff6f25059b0a810fdbffcaa9f8164d620d3a,2025-05-27T10:49:16+00:00,aiohttp/http_parser.py,1018,15,0,0
aiohttp,3665ff6f25059b0a810fdbffcaa9f8164d620d3a,2025-05-27T10:49:16+00:00,aiohttp/web_server.py,135,1,0,0
aiohttp,3665ff6f25059b0a810fdbffcaa9f8164d620d3a,2025-05-27T10:49:16+00:00,aiohttp/connector.py,1573,7,0,718
aiohttp,3665ff6f25059b0a810fdbffcaa9f8164d620d3a,2025-05-27T10:49:16+00:00,tests/test_client_functional.py,5119,0,0,760
aiohttp,3665ff6f25059b0a810fdbffcaa9f8164d620d3a,2025-05-27T10:49:16+00:00,tests/test_cookiejar.py,1153,0,0,1541
aiohttp,3665ff6f25059b0a810fdbffcaa9f8164d620d3a,2025-05-27T10:49:16+00:00,aiohttp/client_middleware_digest_auth.py,418,1,0,186
aiohttp,3665ff6f25059b0a810fdbffcaa9f8164d620d3a,2025-05-27T10:49:16+00:00,aiohttp/__init__.py,258,0,0,34
aiohttp,3665ff6f25059b0a810fdbffcaa9f8164d620d3a,2025-05-27T10:49:16+00:00,tests/test_payload.py,1128,0,0,454
aiohttp,3665ff6f25059b0a810fdbffcaa9f8164d620d3a,2025-05-27T10:49:16+00:00,aiohttp/client.py,1497,3,0,57
aiohttp,3665ff6f25059b0a810fdbffcaa9f8164d620d3a,2025-05-27T10:49:16+00:00,tests/test_client_session.py,1211,0,0,601
aiohttp,3665ff6f25059b0a810fdbffcaa9f8164d620d3a,2025-05-27T10:49:16+00:00,tests/test_web_request.py,903,0,0,531
aiohttp,3665ff6f25059b0a810fdbffcaa9f8164d620d3a,2025-05-27T10:49:16+00:00,tests/test_client_response.py,1379,0,0,432
aiohttp,bde886db7a60f2ddf2e7b61ed55875938e8e7759,2025-07-31T10:59:51+00:00,aiohttp/client_ws.py,428,18,0,0
aiohttp,bde886db7a60f2ddf2e7b61ed55875938e8e7759,2025-07-31T10:59:51+00:00,aiohttp/resolver.py,274,4,0,0
aiohttp,bde886db7a60f2ddf2e7b61ed55875938e8e7759,2025-07-31T10:59:51+00:00,aiohttp/pytest_plugin.py,444,4,0,0
aiohttp,bde886db7a60f2ddf2e7b61ed55875938e8e7759,2025-07-31T10:59:51+00:00,aiohttp/streams.py,727,8,0,0
aiohttp,bde886db7a60f2ddf2e7b61ed55875938e8e7759,2025-07-31T10:59:51+00:00,tests/conftest.py,356,0,0,42
aiohttp,bde886db7a60f2ddf2e7b61ed55875938e8e7759,2025-07-31T10:59:51+00:00,aiohttp/_websocket/reader_py.py,476,5,0,0
aiohttp,bde886db7a60f2ddf2e7b61ed55875938e8e7759,2025-07-31T10:59:51+00:00,aiohttp/web_runner.py,399,5,0,0
aiohttp,bde886db7a60f2ddf2e7b61ed55875938e8e7759,2025-07-31T10:59:51+00:00,aiohttp/http_parser.py,1063,17,0,0
aiohttp,bde886db7a60f2ddf2e7b61ed55875938e8e7759,2025-07-31T10:59:51+00:00,aiohttp/web.py,605,2,0,0
aiohttp,bde886db7a60f2ddf2e7b61ed55875938e8e7759,2025-07-31T10:59:51+00:00,aiohttp/connector.py,1834,10,0,0
aiohttp,bde886db7a60f2ddf2e7b61ed55875938e8e7759,2025-07-31T10:59:51+00:00,aiohttp/web_response.py,856,3,0,0
aiohttp,bde886db7a60f2ddf2e7b61ed55875938e8e7759,2025-07-31T10:59:51+00:00,aiohttp/payload.py,1120,2,0,0
aiohttp,bde886db7a60f2ddf2e7b61ed55875938e8e7759,2025-07-31T10:59:51+00:00,aiohttp/client_middleware_digest_auth.py,476,1,0,0
aiohttp,bde886db7a60f2ddf2e7b61ed55875938e8e7759,2025-07-31T10:59:51+00:00,aiohttp/client_exceptions.py,421,2,0,0
aiohttp,bde886db7a60f2ddf2e7b61ed55875938e8e7759,2025-07-31T10:59:51+00:00,aiohttp/helpers.py,958,1,0,0
aiohttp,bde886db7a60f2ddf2e7b61ed55875938e8e7759,2025-07-31T10:59:51+00:00,aiohttp/client_reqrep.py,1541,9,0,0
aiohttp,bde886db7a60f2ddf2e7b61ed55875938e8e7759,2025-07-31T10:59:51+00:00,aiohttp/web_protocol.py,792,1,0,0
aiohttp,bde886db7a60f2ddf2e7b61ed55875938e8e7759,2025-07-31T10:59:51+00:00,aiohttp/web_ws.py,631,20,0,0
aiohttp,bde886db7a60f2ddf2e7b61ed55875938e8e7759,2025-07-31T10:59:51+00:00,aiohttp/client.py,1613,3,0,0
aiohttp,bde886db7a60f2ddf2e7b61ed55875938e8e7759,2025-07-31T10:59:51+00:00,aiohttp/web_exceptions.py,452,4,0,0
aiohttp,bde886db7a60f2ddf2e7b61ed55875938e8e7759,2025-07-31T10:59:51+00:00,aiohttp/web_urldispatcher.py,1305,2,0,0
aiohttp,bde886db7a60f2ddf2e7b61ed55875938e8e7759,2025-07-31T10:59:51+00:00,aiohttp/worker.py,255,0,1,0
aiohttp,bde886db7a60f2ddf2e7b61ed55875938e8e7759,2025-07-31T10:59:51+00:00,aiohttp/http_writer.py,378,4,0,0
aiohttp,bde886db7a60f2ddf2e7b61ed55875938e8e7759,2025-07-31T10:59:51+00:00,aiohttp/web_app.py,620,1,0,0
aiohttp,33de07852848eb51e82ad4132bb7038b27c348ad,2025-09-03T10:30:41+00:00,aiohttp/client_ws.py,429,18,0,0
aiohttp,33de07852848eb51e82ad4132bb7038b27c348ad,2025-09-03T10:30:41+00:00,aiohttp/resolver.py,236,2,0,0
aiohttp,33de07852848eb51e82ad4132bb7038b27c348ad,2025-09-03T10:30:41+00:00,aiohttp/pytest_plugin.py,442,4,0,0
aiohttp,33de07852848eb51e82ad4132bb7038b27c348ad,2025-09-03T10:30:41+00:00,aiohttp/streams.py,668,6,0,0
aiohttp,33de07852848eb51e82ad4132bb7038b27c348ad,2025-09-03T10:30:41+00:00,aiohttp/_websocket/reader_py.py,487,4,0,0
aiohttp,33de07852848eb51e82ad4132bb7038b27c348ad,2025-09-03T10:30:41+00:00,aiohttp/web_runner.py,438,5,0,0
aiohttp,33de07852848eb51e82ad4132bb7038b27c348ad,2025-09-03T10:30:41+00:00,aiohttp/http_parser.py,1034,17,0,0
aiohttp,33de07852848eb51e82ad4132bb7038b27c348ad,2025-09-03T10:30:41+00:00,aiohttp/web_server.py,135,1,0,0
aiohttp,33de07852848eb51e82ad4132bb7038b27c348ad,2025-09-03T10:30:41+00:00,aiohttp/web.py,588,2,0,0
aiohttp,33de07852848eb51e82ad4132bb7038b27c348ad,2025-09-03T10:30:41+00:00,aiohttp/connector.py,1691,10,0,0
aiohttp,33de07852848eb51e82ad4132bb7038b27c348ad,2025-09-03T10:30:41+00:00,aiohttp/web_response.py,755,3,0,0
aiohttp,33de07852848eb51e82ad4132bb7038b27c348ad,2025-09-03T10:30:41+00:00,aiohttp/payload.py,1115,2,0,0
aiohttp,33de07852848eb51e82ad4132bb7038b27c348ad,2025-09-03T10:30:41+00:00,aiohttp/client_middleware_digest_auth.py,476,1,0,0
aiohttp,33de07852848eb51e82ad4132bb7038b27c348ad,2025-09-03T10:30:41+00:00,aiohttp/helpers.py,1092,1,0,0
aiohttp,33de07852848eb51e82ad4132bb7038b27c348ad,2025-09-03T10:30:41+00:00,aiohttp/client_reqrep.py,1465,6,0,0
aiohttp,33de07852848eb51e82ad4132bb7038b27c348ad,2025-09-03T10:30:41+00:00,aiohttp/web_protocol.py,820,1,0,0
aiohttp,33de07852848eb51e82ad4132bb7038b27c348ad,2025-09-03T10:30:41+00:00,aiohttp/web_ws.py,634,20,0,0
aiohttp,33de07852848eb51e82ad4132bb7038b27c348ad,2025-09-03T10:30:41+00:00,aiohttp/client.py,1514,4,0,0
aiohttp,33de07852848eb51e82ad4132bb7038b27c348ad,2025-09-03T10:30:41+00:00,tests/test_run_app.py,1361,0,0,27
aiohttp,33de07852848eb51e82ad4132bb7038b27c348ad,2025-09-03T10:30:41+00:00,aiohttp/web_urldispatcher.py,1275,2,0,0
aiohttp,33de07852848eb51e82ad4132bb7038b27c348ad,2025-09-03T10:30:41+00:00,aiohttp/worker.py,247,0,1,0
aiohttp,33de07852848eb51e82ad4132bb7038b27c348ad,2025-09-03T10:30:41+00:00,aiohttp/http_writer.py,390,4,0,0
aiohttp,33de07852848eb51e82ad4132bb7038b27c348ad,2025-09-03T10:30:41+00:00,aiohttp/web_app.py,462,1,0,0
aiohttp,e6d937325dcb0098f5b5ed6ec31e83085fa4d42f,2025-10-14T10:59:58+00:00,tests/test_proxy.py,1032,0,0,544
aiohttp,e6d937325dcb0098f5b5ed6ec31e83085fa4d42f,2025-10-14T10:59:58+00:00,aiohttp/resolver.py,274,4,0,0
aiohttp,e6d937325dcb0098f5b5ed6ec31e83085fa4d42f,2025-10-14T10:59:58+00:00,aiohttp/pytest_plugin.py,435,4,0,0
aiohttp,e6d937325dcb0098f5b5ed6ec31e83085fa4d42f,2025-10-14T10:59:58+00:00,tests/test_client_request.py,2291,0,0,1645
aiohttp,e6d937325dcb0098f5b5ed6ec31e83085fa4d42f,2025-10-14T10:59:58+00:00,tests/conftest.py,362,0,0,169
aiohttp,e6d937325dcb0098f5b5ed6ec31e83085fa4d42f,2025-10-14T10:59:58+00:00,tests/test_helpers.py,932,0,0,79
aiohttp,e6d937325dcb0098f5b5ed6ec31e83085fa4d42f,2025-10-14T10:59:58+00:00,tests/test_web_urldispatcher.py,1011,0,0,72
aiohttp,e6d937325dcb0098f5b5ed6ec31e83085fa4d42f,2025-10-14T10:59:58+00:00,tests/test_connector.py,4332,0,0,284
aiohttp,e6d937325dcb0098f5b5ed6ec31e83085fa4d42f,2025-10-14T10:59:58+00:00,tests/test_benchmarks_client_request.py,172,0,0,44
aiohttp,e6d937325dcb0098f5b5ed6ec31e83085fa4d42f,2025-10-14T10:59:58+00:00,aiohttp/http_exceptions.py,111,0,0,8
aiohttp,e6d937325dcb0098f5b5ed6ec31e83085fa4d42f,2025-10-14T10:59:58+00:00,aiohttp/web.py,593,2,0,74
aiohttp,e6d937325dcb0098f5b5ed6ec31e83085fa4d42f,2025-10-14T10:59:58+00:00,aiohttp/typedefs.py,60,0,0,54
aiohttp,e6d937325dcb0098f5b5ed6ec31e83085fa4d42f,2025-10-14T10:59:58+00:00,aiohttp/web_response.py,848,3,0,7
aiohttp,e6d937325dcb0098f5b5ed6ec31e83085fa4d42f,2025-10-14T10:59:58+00:00,tests/test_web_response.py,1585,0,0,12
aiohttp,e6d937325dcb0098f5b5ed6ec31e83085fa4d42f,2025-10-14T10:59:58+00:00,aiohttp/payload.py,1104,2,0,30
aiohttp,e6d937325dcb0098f5b5ed6ec31e83085fa4d42f,2025-10-14T10:59:58+00:00,aiohttp/client_exceptions.py,415,2,0,11
aiohttp,e6d937325dcb0098f5b5ed6ec31e83085fa4d42f,2025-10-14T10:59:58+00:00,aiohttp/helpers.py,947,1,0,102
aiohttp,e6d937325dcb0098f5b5ed6ec31e83085fa4d42f,2025-10-14T10:59:58+00:00,aiohttp/client_reqrep.py,1527,9,0,825
aiohttp,e6d937325dcb0098f5b5ed6ec31e83085fa4d42f,2025-10-14T10:59:58+00:00,aiohttp/web_protocol.py,780,1,0,0
aiohttp,e6d937325dcb0098f5b5ed6ec31e83085fa4d42f,2025-10-14T10:59:58+00:00,aiohttp/web_ws.py,630,20,0,0
aiohttp,e6d937325dcb0098f5b5ed6ec31e83085fa4d42f,2025-10-14T10:59:58+00:00,tests/test_run_app.py,1298,0,0,77
aiohttp,e6d937325dcb0098f5b5ed6ec31e83085fa4d42f,2025-10-14T10:59:58+00:00,aiohttp/web_request.py,897,1,0,0
aiohttp,e6d937325dcb0098f5b5ed6ec31e83085fa4d42f,2025-10-14T10:59:58+00:00,aiohttp/abc.py,254,0,0,10
aiohttp,e6d937325dcb0098f5b5ed6ec31e83085fa4d42f,2025-10-14T10:59:58+00:00,tests/test_cookie_helpers.py,1607,0,0,81
aiohttp,e6d937325dcb0098f5b5ed6ec31e83085fa4d42f,2025-10-14T10:59:58+00:00,aiohttp/web_urldispatcher.py,1277,2,0,96
aiohttp,e6d937325dcb0098f5b5ed6ec31e83085fa4d42f,2025-10-14T10:59:58+00:00,aiohttp/worker.py,255,0,1,15
aiohttp,e6d937325dcb0098f5b5ed6ec31e83085fa4d42f,2025-10-14T10:59:58+00:00,aiohttp/http_writer.py,378,4,0,0
aiohttp,e6d937325dcb0098f5b5ed6ec31e83085fa4d42f,2025-10-14T10:59:58+00:00,aiohttp/web_app.py,609,1,0,27
aiohttp,e6d937325dcb0098f5b5ed6ec31e83085fa4d42f,2025-10-14T10:59:58+00:00,aiohttp/client_ws.py,428,18,0,0
aiohttp,e6d937325dcb0098f5b5ed6ec31e83085fa4d42f,2025-10-14T10:59:58+00:00,tests/test_client_middleware.py,1271,0,0,5
aiohttp,e6d937325dcb0098f5b5ed6ec31e83085fa4d42f,2025-10-14T10:59:58+00:00,aiohttp/streams.py,726,8,0,0
aiohttp,e6d937325dcb0098f5b5ed6ec31e83085fa4d42f,2025-10-14T10:59:58+00:00,aiohttp/_websocket/reader_py.py,474,5,0,0
aiohttp,e6d937325dcb0098f5b5ed6ec31e83085fa4d42f,2025-10-14T10:59:58+00:00,aiohttp/web_runner.py,398,5,0,11
aiohttp,e6d937325dcb0098f5b5ed6ec31e83085fa4d42f,2025-10-14T10:59:58+00:00,tests/test_client_proto.py,345,0,0,19
aiohttp,e6d937325dcb0098f5b5ed6ec31e83085fa4d42f,2025-10-14T10:59:58+00:00,aiohttp/http_parser.py,1051,17,0,0
aiohttp,e6d937325dcb0098f5b5ed6ec31e83085fa4d42f,2025-10-14T10:59:58+00:00,aiohttp/connector.py,1815,10,0,51
aiohttp,e6d937325dcb0098f5b5ed6ec31e83085fa4d42f,2025-10-14T10:59:58+00:00,tests/test_client_functional.py,5552,0,0,451
aiohttp,e6d937325dcb0098f5b5ed6ec31e83085fa4d42f,2025-10-14T10:59:58+00:00,aiohttp/client_middleware_digest_auth.py,465,1,0,0
aiohttp,e6d937325dcb0098f5b5ed6ec31e83085fa4d42f,2025-10-14T10:59:58+00:00,aiohttp/__init__.py,278,0,0,4
aiohttp,e6d937325dcb0098f5b5ed6ec31e83085fa4d42f,2025-10-14T10:59:58+00:00,tests/test_payload.py,1355,0,0,25
aiohttp,e6d937325dcb0098f5b5ed6ec31e83085fa4d42f,2025-10-14T10:59:58+00:00,tests/autobahn/test_autobahn.py,138,0,0,3
aiohttp,e6d937325dcb0098f5b5ed6ec31e83085fa4d42f,2025-10-14T10:59:58+00:00,aiohttp/client.py,1597,2,0,93
aiohttp,e6d937325dcb0098f5b5ed6ec31e83085fa4d42f,2025-10-14T10:59:58+00:00,aiohttp/web_exceptions.py,452,4,0,0
aiohttp,e6d937325dcb0098f5b5ed6ec31e83085fa4d42f,2025-10-14T10:59:58+00:00,tests/test_client_session.py,1324,0,0,253
aiohttp,e6d937325dcb0098f5b5ed6ec31e83085fa4d42f,2025-10-14T10:59:58+00:00,tests/test_web_functional.py,2383,0,0,2
aiohttp,e6d937325dcb0098f5b5ed6ec31e83085fa4d42f,2025-10-14T10:59:58+00:00,tests/test_client_response.py,1506,0,0,348
aiohttp,bb0fdfa3a4d7d68cc4392aef55229d0c989aa0af,2026-03-31T12:03:22-10:00,aiohttp/base_protocol.py,100,0,0,70
aiohttp,bb0fdfa3a4d7d68cc4392aef55229d0c989aa0af,2026-03-31T12:03:22-10:00,aiohttp/web_fileresponse.py,419,0,0,8
aiohttp,bb0fdfa3a4d7d68cc4392aef55229d0c989aa0af,2026-03-31T12:03:22-10:00,aiohttp/pytest_plugin.py,435,4,0,0
aiohttp,bb0fdfa3a4d7d68cc4392aef55229d0c989aa0af,2026-03-31T12:03:22-10:00,tests/test_web_urldispatcher.py,1053,0,0,12
aiohttp,bb0fdfa3a4d7d68cc4392aef55229d0c989aa0af,2026-03-31T12:03:22-10:00,tests/test_multipart.py,1860,0,0,146
aiohttp,bb0fdfa3a4d7d68cc4392aef55229d0c989aa0af,2026-03-31T12:03:22-10:00,setup.py,79,0,0,46
aiohttp,bb0fdfa3a4d7d68cc4392aef55229d0c989aa0af,2026-03-31T12:03:22-10:00,aiohttp/http_exceptions.py,116,0,0,6
aiohttp,bb0fdfa3a4d7d68cc4392aef55229d0c989aa0af,2026-03-31T12:03:22-10:00,aiohttp/web.py,584,2,0,0
aiohttp,bb0fdfa3a4d7d68cc4392aef55229d0c989aa0af,2026-03-31T12:03:22-10:00,aiohttp/client_exceptions.py,426,2,0,0
aiohttp,bb0fdfa3a4d7d68cc4392aef55229d0c989aa0af,2026-03-31T12:03:22-10:00,tests/test_websocket_parser.py,689,0,0,10
aiohttp,bb0fdfa3a4d7d68cc4392aef55229d0c989aa0af,2026-03-31T12:03:22-10:00,aiohttp/web_ws.py,770,24,0,26
aiohttp,bb0fdfa3a4d7d68cc4392aef55229d0c989aa0af,2026-03-31T12:03:22-10:00,aiohttp/web_request.py,934,1,0,36
aiohttp,bb0fdfa3a4d7d68cc4392aef55229d0c989aa0af,2026-03-31T12:03:22-10:00,aiohttp/cookiejar.py,625,0,0,25
aiohttp,bb0fdfa3a4d7d68cc4392aef55229d0c989aa0af,2026-03-31T12:03:22-10:00,aiohttp/web_urldispatcher.py,1281,2,0,12
aiohttp,bb0fdfa3a4d7d68cc4392aef55229d0c989aa0af,2026-03-31T12:03:22-10:00,tests/test_http_parser.py,2304,0,0,1343
aiohttp,bb0fdfa3a4d7d68cc4392aef55229d0c989aa0af,2026-03-31T12:03:22-10:00,tests/test_benchmarks_http_websocket.py,134,0,0,26
aiohttp,bb0fdfa3a4d7d68cc4392aef55229d0c989aa0af,2026-03-31T12:03:22-10:00,aiohttp/streams.py,753,8,0,86
aiohttp,bb0fdfa3a4d7d68cc4392aef55229d0c989aa0af,2026-03-31T12:03:22-10:00,aiohttp/multipart.py,1200,0,0,78
aiohttp,bb0fdfa3a4d7d68cc4392aef55229d0c989aa0af,2026-03-31T12:03:22-10:00,aiohttp/_websocket/reader_py.py,493,5,0,0
aiohttp,bb0fdfa3a4d7d68cc4392aef55229d0c989aa0af,2026-03-31T12:03:22-10:00,aiohttp/web_server.py,84,0,0,18
aiohttp,bb0fdfa3a4d7d68cc4392aef55229d0c989aa0af,2026-03-31T12:03:22-10:00,tests/test_web_protocol.py,48,0,0,89
aiohttp,bb0fdfa3a4d7d68cc4392aef55229d0c989aa0af,2026-03-31T12:03:22-10:00,aiohttp/connector.py,1841,10,0,0
aiohttp,bb0fdfa3a4d7d68cc4392aef55229d0c989aa0af,2026-03-31T12:03:22-10:00,tests/test_client_functional.py,5850,0,0,100
aiohttp,bb0fdfa3a4d7d68cc4392aef55229d0c989aa0af,2026-03-31T12:03:22-10:00,tests/test_web_exceptions.py,291,0,0,11
aiohttp,bb0fdfa3a4d7d68cc4392aef55229d0c989aa0af,2026-03-31T12:03:22-10:00,aiohttp/compression_utils.py,375,0,0,92
aiohttp,bb0fdfa3a4d7d68cc4392aef55229d0c989aa0af,2026-03-31T12:03:22-10:00,tests/test_base_protocol.py,260,0,0,44
aiohttp,bb0fdfa3a4d7d68cc4392aef55229d0c989aa0af,2026-03-31T12:03:22-10:00,aiohttp/client.py,1757,2,0,22
aiohttp,bb0fdfa3a4d7d68cc4392aef55229d0c989aa0af,2026-03-31T12:03:22-10:00,tests/test_client_session.py,1440,0,0,4
aiohttp,bb0fdfa3a4d7d68cc4392aef55229d0c989aa0af,2026-03-31T12:03:22-10:00,tests/test_web_functional.py,2383,0,0,110
aiohttp,bb0fdfa3a4d7d68cc4392aef55229d0c989aa0af,2026-03-31T12:03:22-10:00,aiohttp/resolver.py,274,4,0,0
aiohttp,bb0fdfa3a4d7d68cc4392aef55229d0c989aa0af,2026-03-31T12:03:22-10:00,tests/test_client_request.py,2282,0,0,16
aiohttp,bb0fdfa3a4d7d68cc4392aef55229d0c989aa0af,2026-03-31T12:03:22-10:00,aiohttp/client_proto.py,370,0,0,44
aiohttp,bb0fdfa3a4d7d68cc4392aef55229d0c989aa0af,2026-03-31T12:03:22-10:00,tests/test_http_writer.py,1653,0,0,30
aiohttp,bb0fdfa3a4d7d68cc4392aef55229d0c989aa0af,2026-03-31T12:03:22-10:00,aiohttp/web_response.py,915,5,0,0
aiohttp,bb0fdfa3a4d7d68cc4392aef55229d0c989aa0af,2026-03-31T12:03:22-10:00,tests/test_web_server.py,419,0,0,106
aiohttp,bb0fdfa3a4d7d68cc4392aef55229d0c989aa0af,2026-03-31T12:03:22-10:00,aiohttp/payload.py,1128,2,0,68
aiohttp,bb0fdfa3a4d7d68cc4392aef55229d0c989aa0af,2026-03-31T12:03:22-10:00,aiohttp/helpers.py,990,1,0,8
aiohttp,bb0fdfa3a4d7d68cc4392aef55229d0c989aa0af,2026-03-31T12:03:22-10:00,aiohttp/client_reqrep.py,1521,9,0,14
aiohttp,bb0fdfa3a4d7d68cc4392aef55229d0c989aa0af,2026-03-31T12:03:22-10:00,aiohttp/web_protocol.py,794,1,0,117
aiohttp,bb0fdfa3a4d7d68cc4392aef55229d0c989aa0af,2026-03-31T12:03:22-10:00,tests/test_cookie_helpers.py,1791,0,0,36
aiohttp,bb0fdfa3a4d7d68cc4392aef55229d0c989aa0af,2026-03-31T12:03:22-10:00,aiohttp/worker.py,262,2,1,16
aiohttp,bb0fdfa3a4d7d68cc4392aef55229d0c989aa0af,2026-03-31T12:03:22-10:00,aiohttp/http_writer.py,379,4,0,0
aiohttp,bb0fdfa3a4d7d68cc4392aef55229d0c989aa0af,2026-03-31T12:03:22-10:00,tests/test_flowcontrol_streams.py,205,0,0,14
aiohttp,bb0fdfa3a4d7d68cc4392aef55229d0c989aa0af,2026-03-31T12:03:22-10:00,aiohttp/web_app.py,610,1,0,0
aiohttp,bb0fdfa3a4d7d68cc4392aef55229d0c989aa0af,2026-03-31T12:03:22-10:00,aiohttp/client_ws.py,560,22,0,0
aiohttp,bb0fdfa3a4d7d68cc4392aef55229d0c989aa0af,2026-03-31T12:03:22-10:00,tests/test_websocket_writer.py,329,0,0,26
aiohttp,bb0fdfa3a4d7d68cc4392aef55229d0c989aa0af,2026-03-31T12:03:22-10:00,aiohttp/web_runner.py,425,5,0,0
aiohttp,bb0fdfa3a4d7d68cc4392aef55229d0c989aa0af,2026-03-31T12:03:22-10:00,tests/test_client_proto.py,345,0,0,9
aiohttp,bb0fdfa3a4d7d68cc4392aef55229d0c989aa0af,2026-03-31T12:03:22-10:00,aiohttp/http_parser.py,1111,18,0,427
aiohttp,bb0fdfa3a4d7d68cc4392aef55229d0c989aa0af,2026-03-31T12:03:22-10:00,aiohttp/_websocket/writer.py,262,0,0,14
aiohttp,bb0fdfa3a4d7d68cc4392aef55229d0c989aa0af,2026-03-31T12:03:22-10:00,tests/test_cookiejar.py,1820,0,0,72
aiohttp,bb0fdfa3a4d7d68cc4392aef55229d0c989aa0af,2026-03-31T12:03:22-10:00,aiohttp/client_middleware_digest_auth.py,469,1,0,0
aiohttp,bb0fdfa3a4d7d68cc4392aef55229d0c989aa0af,2026-03-31T12:03:22-10:00,aiohttp/__init__.py,278,0,0,2
aiohttp,bb0fdfa3a4d7d68cc4392aef55229d0c989aa0af,2026-03-31T12:03:22-10:00,tests/test_payload.py,1389,0,0,144
aiohttp,bb0fdfa3a4d7d68cc4392aef55229d0c989aa0af,2026-03-31T12:03:22-10:00,aiohttp/web_exceptions.py,454,4,0,16
aiohttp,bb0fdfa3a4d7d68cc4392aef55229d0c989aa0af,2026-03-31T12:03:22-10:00,tests/test_web_request.py,1218,0,0,61
aiohttp,bb0fdfa3a4d7d68cc4392aef55229d0c989aa0af,2026-03-31T12:03:22-10:00,tests/test_benchmarks_client.py,535,0,0,58
aiohttp,bb0fdfa3a4d7d68cc4392aef55229d0c989aa0af,2026-03-31T12:03:22-10:00,tests/test_streams.py,1725,0,0,112
aiohttp,0c7ce3485dbcda196e125b4ea913a67e6b54f26c,2026-04-12T19:23:03+01:00,aiohttp/base_protocol.py,121,0,0,66
aiohttp,0c7ce3485dbcda196e125b4ea913a67e6b54f26c,2026-04-12T19:23:03+01:00,aiohttp/web_fileresponse.py,406,0,0,8
aiohttp,0c7ce3485dbcda196e125b4ea913a67e6b54f26c,2026-04-12T19:23:03+01:00,aiohttp/pytest_plugin.py,431,4,0,6
aiohttp,0c7ce3485dbcda196e125b4ea913a67e6b54f26c,2026-04-12T19:23:03+01:00,tests/conftest.py,491,0,0,9
aiohttp,0c7ce3485dbcda196e125b4ea913a67e6b54f26c,2026-04-12T19:23:03+01:00,tests/test_helpers.py,1193,0,0,41
aiohttp,0c7ce3485dbcda196e125b4ea913a67e6b54f26c,2026-04-12T19:23:03+01:00,tests/test_web_urldispatcher.py,1017,0,0,12
aiohttp,0c7ce3485dbcda196e125b4ea913a67e6b54f26c,2026-04-12T19:23:03+01:00,tests/test_multipart.py,1828,0,0,146
aiohttp,0c7ce3485dbcda196e125b4ea913a67e6b54f26c,2026-04-12T19:23:03+01:00,tests/test_connector.py,4748,0,0,463
aiohttp,0c7ce3485dbcda196e125b4ea913a67e6b54f26c,2026-04-12T19:23:03+01:00,tests/test_urldispatch.py,1421,0,0,9
aiohttp,0c7ce3485dbcda196e125b4ea913a67e6b54f26c,2026-04-12T19:23:03+01:00,aiohttp/web.py,569,2,0,0
aiohttp,0c7ce3485dbcda196e125b4ea913a67e6b54f26c,2026-04-12T19:23:03+01:00,tests/test_web_response.py,1611,0,0,40
aiohttp,0c7ce3485dbcda196e125b4ea913a67e6b54f26c,2026-04-12T19:23:03+01:00,aiohttp/http_exceptions.py,105,0,0,6
aiohttp,0c7ce3485dbcda196e125b4ea913a67e6b54f26c,2026-04-12T19:23:03+01:00,tests/test_client_ws.py,1062,0,0,202
aiohttp,0c7ce3485dbcda196e125b4ea913a67e6b54f26c,2026-04-12T19:23:03+01:00,tests/test_websocket_parser.py,679,0,0,10
aiohttp,0c7ce3485dbcda196e125b4ea913a67e6b54f26c,2026-04-12T19:23:03+01:00,aiohttp/web_ws.py,772,24,0,26
aiohttp,0c7ce3485dbcda196e125b4ea913a67e6b54f26c,2026-04-12T19:23:03+01:00,aiohttp/web_request.py,880,0,0,44
aiohttp,0c7ce3485dbcda196e125b4ea913a67e6b54f26c,2026-04-12T19:23:03+01:00,aiohttp/web_urldispatcher.py,1246,2,0,12
aiohttp,0c7ce3485dbcda196e125b4ea913a67e6b54f26c,2026-04-12T19:23:03+01:00,tests/test_http_parser.py,2614,0,0,1353
aiohttp,0c7ce3485dbcda196e125b4ea913a67e6b54f26c,2026-04-12T19:23:03+01:00,tests/test_proxy_functional.py,1016,0,0,11
aiohttp,0c7ce3485dbcda196e125b4ea913a67e6b54f26c,2026-04-12T19:23:03+01:00,tests/test_benchmarks_http_websocket.py,134,0,0,26
aiohttp,0c7ce3485dbcda196e125b4ea913a67e6b54f26c,2026-04-12T19:23:03+01:00,aiohttp/streams.py,686,6,0,212
aiohttp,0c7ce3485dbcda196e125b4ea913a67e6b54f26c,2026-04-12T19:23:03+01:00,aiohttp/multipart.py,1229,0,0,78
aiohttp,0c7ce3485dbcda196e125b4ea913a67e6b54f26c,2026-04-12T19:23:03+01:00,aiohttp/_websocket/reader_py.py,499,4,0,0
aiohttp,0c7ce3485dbcda196e125b4ea913a67e6b54f26c,2026-04-12T19:23:03+01:00,aiohttp/web_server.py,126,1,0,18
aiohttp,0c7ce3485dbcda196e125b4ea913a67e6b54f26c,2026-04-12T19:23:03+01:00,tests/test_web_middleware.py,548,0,0,31
aiohttp,0c7ce3485dbcda196e125b4ea913a67e6b54f26c,2026-04-12T19:23:03+01:00,tests/test_web_protocol.py,51,0,0,89
aiohttp,0c7ce3485dbcda196e125b4ea913a67e6b54f26c,2026-04-12T19:23:03+01:00,aiohttp/connector.py,1698,10,0,0
aiohttp,0c7ce3485dbcda196e125b4ea913a67e6b54f26c,2026-04-12T19:23:03+01:00,tests/test_client_functional.py,5884,0,0,100
aiohttp,0c7ce3485dbcda196e125b4ea913a67e6b54f26c,2026-04-12T19:23:03+01:00,tests/test_web_exceptions.py,420,0,0,11
aiohttp,0c7ce3485dbcda196e125b4ea913a67e6b54f26c,2026-04-12T19:23:03+01:00,aiohttp/compression_utils.py,410,0,0,112
aiohttp,0c7ce3485dbcda196e125b4ea913a67e6b54f26c,2026-04-12T19:23:03+01:00,tests/test_base_protocol.py,256,0,0,44
aiohttp,0c7ce3485dbcda196e125b4ea913a67e6b54f26c,2026-04-12T19:23:03+01:00,aiohttp/client.py,1654,4,0,22
aiohttp,0c7ce3485dbcda196e125b4ea913a67e6b54f26c,2026-04-12T19:23:03+01:00,tests/test_client_ws_functional.py,1620,0,0,9
aiohttp,0c7ce3485dbcda196e125b4ea913a67e6b54f26c,2026-04-12T19:23:03+01:00,tests/test_web_websocket.py,774,0,0,45
aiohttp,0c7ce3485dbcda196e125b4ea913a67e6b54f26c,2026-04-12T19:23:03+01:00,tests/test_client_session.py,1541,0,0,55
aiohttp,0c7ce3485dbcda196e125b4ea913a67e6b54f26c,2026-04-12T19:23:03+01:00,tests/test_web_functional.py,2427,0,0,82
aiohttp,0c7ce3485dbcda196e125b4ea913a67e6b54f26c,2026-04-12T19:23:03+01:00,tests/test_client_response.py,1660,0,0,112
aiohttp,0c7ce3485dbcda196e125b4ea913a67e6b54f26c,2026-04-12T19:23:03+01:00,aiohttp/resolver.py,235,2,0,0
aiohttp,0c7ce3485dbcda196e125b4ea913a67e6b54f26c,2026-04-12T19:23:03+01:00,tests/test_client_request.py,2339,0,0,362
aiohttp,0c7ce3485dbcda196e125b4ea913a67e6b54f26c,2026-04-12T19:23:03+01:00,aiohttp/client_proto.py,368,0,0,44
aiohttp,0c7ce3485dbcda196e125b4ea913a67e6b54f26c,2026-04-12T19:23:03+01:00,tests/test_http_writer.py,1718,0,0,482
aiohttp,0c7ce3485dbcda196e125b4ea913a67e6b54f26c,2026-04-12T19:23:03+01:00,tests/test_resolver.py,675,0,0,39
aiohttp,0c7ce3485dbcda196e125b4ea913a67e6b54f26c,2026-04-12T19:23:03+01:00,aiohttp/web_response.py,795,5,0,24
aiohttp,0c7ce3485dbcda196e125b4ea913a67e6b54f26c,2026-04-12T19:23:03+01:00,tests/test_web_server.py,505,0,0,36
aiohttp,0c7ce3485dbcda196e125b4ea913a67e6b54f26c,2026-04-12T19:23:03+01:00,aiohttp/payload.py,1111,2,0,68
aiohttp,0c7ce3485dbcda196e125b4ea913a67e6b54f26c,2026-04-12T19:23:03+01:00,aiohttp/helpers.py,1123,1,0,8
aiohttp,0c7ce3485dbcda196e125b4ea913a67e6b54f26c,2026-04-12T19:23:03+01:00,aiohttp/client_reqrep.py,1434,7,0,24
aiohttp,0c7ce3485dbcda196e125b4ea913a67e6b54f26c,2026-04-12T19:23:03+01:00,aiohttp/web_protocol.py,820,1,0,117
aiohttp,0c7ce3485dbcda196e125b4ea913a67e6b54f26c,2026-04-12T19:23:03+01:00,tests/test_cookie_helpers.py,1791,0,0,18
aiohttp,0c7ce3485dbcda196e125b4ea913a67e6b54f26c,2026-04-12T19:23:03+01:00,aiohttp/worker.py,246,0,1,0
aiohttp,0c7ce3485dbcda196e125b4ea913a67e6b54f26c,2026-04-12T19:23:03+01:00,aiohttp/http_writer.py,391,4,0,0
aiohttp,0c7ce3485dbcda196e125b4ea913a67e6b54f26c,2026-04-12T19:23:03+01:00,tests/test_flowcontrol_streams.py,130,0,0,18
aiohttp,0c7ce3485dbcda196e125b4ea913a67e6b54f26c,2026-04-12T19:23:03+01:00,aiohttp/web_app.py,441,1,0,0
aiohttp,0c7ce3485dbcda196e125b4ea913a67e6b54f26c,2026-04-12T19:23:03+01:00,tests/test_web_websocket_functional.py,1718,0,0,179
aiohttp,0c7ce3485dbcda196e125b4ea913a67e6b54f26c,2026-04-12T19:23:03+01:00,aiohttp/client_ws.py,560,22,0,0
aiohttp,0c7ce3485dbcda196e125b4ea913a67e6b54f26c,2026-04-12T19:23:03+01:00,tests/test_benchmarks_web_request.py,0,0,0,84
aiohttp,0c7ce3485dbcda196e125b4ea913a67e6b54f26c,2026-04-12T19:23:03+01:00,tests/test_websocket_writer.py,336,0,0,26
aiohttp,0c7ce3485dbcda196e125b4ea913a67e6b54f26c,2026-04-12T19:23:03+01:00,aiohttp/web_runner.py,453,5,0,0
aiohttp,0c7ce3485dbcda196e125b4ea913a67e6b54f26c,2026-04-12T19:23:03+01:00,tests/test_client_proto.py,359,0,0,98
aiohttp,0c7ce3485dbcda196e125b4ea913a67e6b54f26c,2026-04-12T19:23:03+01:00,aiohttp/http_parser.py,1171,18,0,445
aiohttp,0c7ce3485dbcda196e125b4ea913a67e6b54f26c,2026-04-12T19:23:03+01:00,aiohttp/_websocket/writer.py,262,0,0,14
aiohttp,0c7ce3485dbcda196e125b4ea913a67e6b54f26c,2026-04-12T19:23:03+01:00,aiohttp/client_middleware_digest_auth.py,469,1,0,0
aiohttp,0c7ce3485dbcda196e125b4ea913a67e6b54f26c,2026-04-12T19:23:03+01:00,tests/test_payload.py,1411,0,0,144
aiohttp,0c7ce3485dbcda196e125b4ea913a67e6b54f26c,2026-04-12T19:23:03+01:00,tests/test_test_utils.py,412,0,0,41
aiohttp,0c7ce3485dbcda196e125b4ea913a67e6b54f26c,2026-04-12T19:23:03+01:00,aiohttp/web_exceptions.py,511,0,0,16
aiohttp,0c7ce3485dbcda196e125b4ea913a67e6b54f26c,2026-04-12T19:23:03+01:00,tests/test_web_request.py,1243,0,0,61
aiohttp,0c7ce3485dbcda196e125b4ea913a67e6b54f26c,2026-04-12T19:23:03+01:00,tests/test_worker.py,294,0,0,11
aiohttp,0c7ce3485dbcda196e125b4ea913a67e6b54f26c,2026-04-12T19:23:03+01:00,tests/test_benchmarks_client.py,536,0,0,60
aiohttp,0c7ce3485dbcda196e125b4ea913a67e6b54f26c,2026-04-12T19:23:03+01:00,tests/test_streams.py,1710,0,0,114
aiohttp,129ef25e0fe302d4ffbfae8f5ef3f2af05efeca2,2026-04-20T19:21:36+01:00,aiohttp/resolver.py,235,2,0,0
aiohttp,129ef25e0fe302d4ffbfae8f5ef3f2af05efeca2,2026-04-20T19:21:36+01:00,aiohttp/pytest_plugin.py,433,4,0,6
aiohttp,129ef25e0fe302d4ffbfae8f5ef3f2af05efeca2,2026-04-20T19:21:36+01:00,tests/test_client_request.py,2256,0,0,365
aiohttp,129ef25e0fe302d4ffbfae8f5ef3f2af05efeca2,2026-04-20T19:21:36+01:00,tests/conftest.py,488,0,0,9
aiohttp,129ef25e0fe302d4ffbfae8f5ef3f2af05efeca2,2026-04-20T19:21:36+01:00,tests/test_helpers.py,1188,0,0,41
aiohttp,129ef25e0fe302d4ffbfae8f5ef3f2af05efeca2,2026-04-20T19:21:36+01:00,tests/test_http_writer.py,1549,0,0,452
aiohttp,129ef25e0fe302d4ffbfae8f5ef3f2af05efeca2,2026-04-20T19:21:36+01:00,tests/test_connector.py,4685,0,0,463
aiohttp,129ef25e0fe302d4ffbfae8f5ef3f2af05efeca2,2026-04-20T19:21:36+01:00,tests/test_resolver.py,662,0,0,39
aiohttp,129ef25e0fe302d4ffbfae8f5ef3f2af05efeca2,2026-04-20T19:21:36+01:00,tests/test_urldispatch.py,1416,0,0,9
aiohttp,129ef25e0fe302d4ffbfae8f5ef3f2af05efeca2,2026-04-20T19:21:36+01:00,aiohttp/web.py,569,2,0,0
aiohttp,129ef25e0fe302d4ffbfae8f5ef3f2af05efeca2,2026-04-20T19:21:36+01:00,aiohttp/web_response.py,787,5,0,0
aiohttp,129ef25e0fe302d4ffbfae8f5ef3f2af05efeca2,2026-04-20T19:21:36+01:00,tests/test_web_server.py,493,0,0,36
aiohttp,129ef25e0fe302d4ffbfae8f5ef3f2af05efeca2,2026-04-20T19:21:36+01:00,aiohttp/payload.py,1119,4,0,0
aiohttp,129ef25e0fe302d4ffbfae8f5ef3f2af05efeca2,2026-04-20T19:21:36+01:00,tests/test_client_ws.py,1004,0,0,202
aiohttp,129ef25e0fe302d4ffbfae8f5ef3f2af05efeca2,2026-04-20T19:21:36+01:00,aiohttp/helpers.py,1127,1,0,0
aiohttp,129ef25e0fe302d4ffbfae8f5ef3f2af05efeca2,2026-04-20T19:21:36+01:00,aiohttp/client_reqrep.py,1440,7,0,22
aiohttp,129ef25e0fe302d4ffbfae8f5ef3f2af05efeca2,2026-04-20T19:21:36+01:00,aiohttp/web_protocol.py,820,1,0,3
aiohttp,129ef25e0fe302d4ffbfae8f5ef3f2af05efeca2,2026-04-20T19:21:36+01:00,aiohttp/web_ws.py,774,24,0,0
aiohttp,129ef25e0fe302d4ffbfae8f5ef3f2af05efeca2,2026-04-20T19:21:36+01:00,aiohttp/web_urldispatcher.py,1246,2,0,4
aiohttp,129ef25e0fe302d4ffbfae8f5ef3f2af05efeca2,2026-04-20T19:21:36+01:00,tests/test_http_parser.py,2686,0,0,10
aiohttp,129ef25e0fe302d4ffbfae8f5ef3f2af05efeca2,2026-04-20T19:21:36+01:00,aiohttp/worker.py,246,0,1,2
aiohttp,129ef25e0fe302d4ffbfae8f5ef3f2af05efeca2,2026-04-20T19:21:36+01:00,aiohttp/http_writer.py,391,4,0,0
aiohttp,129ef25e0fe302d4ffbfae8f5ef3f2af05efeca2,2026-04-20T19:21:36+01:00,aiohttp/web_app.py,441,1,0,0
aiohttp,129ef25e0fe302d4ffbfae8f5ef3f2af05efeca2,2026-04-20T19:21:36+01:00,tests/test_proxy_functional.py,1007,0,0,11
aiohttp,129ef25e0fe302d4ffbfae8f5ef3f2af05efeca2,2026-04-20T19:21:36+01:00,tests/test_web_websocket_functional.py,1653,0,0,179
aiohttp,129ef25e0fe302d4ffbfae8f5ef3f2af05efeca2,2026-04-20T19:21:36+01:00,aiohttp/client_ws.py,560,22,0,0
aiohttp,129ef25e0fe302d4ffbfae8f5ef3f2af05efeca2,2026-04-20T19:21:36+01:00,aiohttp/web_log.py,222,0,0,44
aiohttp,129ef25e0fe302d4ffbfae8f5ef3f2af05efeca2,2026-04-20T19:21:36+01:00,aiohttp/streams.py,692,4,0,0
aiohttp,129ef25e0fe302d4ffbfae8f5ef3f2af05efeca2,2026-04-20T19:21:36+01:00,aiohttp/_websocket/reader_py.py,499,4,0,0
aiohttp,129ef25e0fe302d4ffbfae8f5ef3f2af05efeca2,2026-04-20T19:21:36+01:00,aiohttp/web_runner.py,453,5,0,0
aiohttp,129ef25e0fe302d4ffbfae8f5ef3f2af05efeca2,2026-04-20T19:21:36+01:00,tests/test_client_proto.py,350,0,0,89
aiohttp,129ef25e0fe302d4ffbfae8f5ef3f2af05efeca2,2026-04-20T19:21:36+01:00,aiohttp/http_parser.py,1177,18,0,0
aiohttp,129ef25e0fe302d4ffbfae8f5ef3f2af05efeca2,2026-04-20T19:21:36+01:00,aiohttp/web_server.py,133,1,0,0
aiohttp,129ef25e0fe302d4ffbfae8f5ef3f2af05efeca2,2026-04-20T19:21:36+01:00,tests/test_web_middleware.py,533,0,0,31
aiohttp,129ef25e0fe302d4ffbfae8f5ef3f2af05efeca2,2026-04-20T19:21:36+01:00,aiohttp/connector.py,1698,10,0,0
aiohttp,129ef25e0fe302d4ffbfae8f5ef3f2af05efeca2,2026-04-20T19:21:36+01:00,tests/test_client_functional.py,5884,0,0,2
aiohttp,129ef25e0fe302d4ffbfae8f5ef3f2af05efeca2,2026-04-20T19:21:36+01:00,aiohttp/client_middleware_digest_auth.py,469,1,0,0
aiohttp,129ef25e0fe302d4ffbfae8f5ef3f2af05efeca2,2026-04-20T19:21:36+01:00,tests/test_test_utils.py,397,0,0,41
aiohttp,129ef25e0fe302d4ffbfae8f5ef3f2af05efeca2,2026-04-20T19:21:36+01:00,aiohttp/client.py,1655,4,0,4
aiohttp,129ef25e0fe302d4ffbfae8f5ef3f2af05efeca2,2026-04-20T19:21:36+01:00,tests/test_client_ws_functional.py,1619,0,0,9
aiohttp,129ef25e0fe302d4ffbfae8f5ef3f2af05efeca2,2026-04-20T19:21:36+01:00,tests/test_web_websocket.py,759,0,0,45
aiohttp,129ef25e0fe302d4ffbfae8f5ef3f2af05efeca2,2026-04-20T19:21:36+01:00,tests/test_client_session.py,1524,0,0,51
aiohttp,129ef25e0fe302d4ffbfae8f5ef3f2af05efeca2,2026-04-20T19:21:36+01:00,aiohttp/web_routedef.py,203,0,0,6
aiohttp,129ef25e0fe302d4ffbfae8f5ef3f2af05efeca2,2026-04-20T19:21:36+01:00,tests/test_web_request.py,1248,0,0,2
aiohttp,129ef25e0fe302d4ffbfae8f5ef3f2af05efeca2,2026-04-20T19:21:36+01:00,tests/test_client_response.py,1636,0,0,112
aiohttp,129ef25e0fe302d4ffbfae8f5ef3f2af05efeca2,2026-04-20T19:21:36+01:00,tests/test_worker.py,291,0,0,11
aiohttp,129ef25e0fe302d4ffbfae8f5ef3f2af05efeca2,2026-04-20T19:21:36+01:00,tests/test_streams.py,1711,0,0,2
aiohttp,d15bcd2e071d6663988aeeef8115b678039a346e,2026-06-02T15:53:05+00:00,aiohttp/base_protocol.py,121,0,0,75
aiohttp,d15bcd2e071d6663988aeeef8115b678039a346e,2026-06-02T15:53:05+00:00,aiohttp/test_utils.py,808,0,0,4
aiohttp,d15bcd2e071d6663988aeeef8115b678039a346e,2026-06-02T15:53:05+00:00,aiohttp/_cookie_helpers.py,361,2,0,0
aiohttp,d15bcd2e071d6663988aeeef8115b678039a346e,2026-06-02T15:53:05+00:00,aiohttp/pytest_plugin.py,439,4,0,32
aiohttp,d15bcd2e071d6663988aeeef8115b678039a346e,2026-06-02T15:53:05+00:00,tests/conftest.py,465,0,0,19
aiohttp,d15bcd2e071d6663988aeeef8115b678039a346e,2026-06-02T15:53:05+00:00,tests/test_helpers.py,990,0,0,267
aiohttp,d15bcd2e071d6663988aeeef8115b678039a346e,2026-06-02T15:53:05+00:00,tests/test_multipart.py,1910,0,0,21
aiohttp,d15bcd2e071d6663988aeeef8115b678039a346e,2026-06-02T15:53:05+00:00,tests/test_connector.py,4527,0,0,248
aiohttp,d15bcd2e071d6663988aeeef8115b678039a346e,2026-06-02T15:53:05+00:00,tests/test_benchmarks_client_request.py,177,0,0,38
aiohttp,d15bcd2e071d6663988aeeef8115b678039a346e,2026-06-02T15:53:05+00:00,tests/test_urldispatch.py,1384,0,0,19
aiohttp,d15bcd2e071d6663988aeeef8115b678039a346e,2026-06-02T15:53:05+00:00,aiohttp/web.py,593,2,0,0
aiohttp,d15bcd2e071d6663988aeeef8115b678039a346e,2026-06-02T15:53:05+00:00,aiohttp/http_exceptions.py,118,0,0,12
aiohttp,d15bcd2e071d6663988aeeef8115b678039a346e,2026-06-02T15:53:05+00:00,tests/test_web_response.py,1715,0,0,219
aiohttp,d15bcd2e071d6663988aeeef8115b678039a346e,2026-06-02T15:53:05+00:00,aiohttp/client_exceptions.py,426,2,0,22
aiohttp,d15bcd2e071d6663988aeeef8115b678039a346e,2026-06-02T15:53:05+00:00,tests/test_client_ws.py,1000,0,0,8
aiohttp,d15bcd2e071d6663988aeeef8115b678039a346e,2026-06-02T15:53:05+00:00,tests/test_websocket_parser.py,690,0,0,204
aiohttp,d15bcd2e071d6663988aeeef8115b678039a346e,2026-06-02T15:53:05+00:00,aiohttp/web_ws.py,783,24,0,0
aiohttp,d15bcd2e071d6663988aeeef8115b678039a346e,2026-06-02T15:53:05+00:00,tests/test_client_exceptions.py,347,0,0,40
aiohttp,d15bcd2e071d6663988aeeef8115b678039a346e,2026-06-02T15:53:05+00:00,aiohttp/web_request.py,948,1,0,0
aiohttp,d15bcd2e071d6663988aeeef8115b678039a346e,2026-06-02T15:53:05+00:00,aiohttp/cookiejar.py,660,0,0,156
aiohttp,d15bcd2e071d6663988aeeef8115b678039a346e,2026-06-02T15:53:05+00:00,aiohttp/web_urldispatcher.py,1281,2,0,12
aiohttp,d15bcd2e071d6663988aeeef8115b678039a346e,2026-06-02T15:53:05+00:00,tests/test_http_parser.py,2879,0,0,497
aiohttp,d15bcd2e071d6663988aeeef8115b678039a346e,2026-06-02T15:53:05+00:00,tests/test_proxy_functional.py,951,0,0,165
aiohttp,d15bcd2e071d6663988aeeef8115b678039a346e,2026-06-02T15:53:05+00:00,tests/test_client_middleware_digest_auth.py,1397,0,0,510
aiohttp,d15bcd2e071d6663988aeeef8115b678039a346e,2026-06-02T15:53:05+00:00,aiohttp/streams.py,753,6,0,63
aiohttp,d15bcd2e071d6663988aeeef8115b678039a346e,2026-06-02T15:53:05+00:00,tests/test_benchmarks_client_ws.py,179,0,0,44
aiohttp,d15bcd2e071d6663988aeeef8115b678039a346e,2026-06-02T15:53:05+00:00,aiohttp/multipart.py,1228,0,0,15
aiohttp,d15bcd2e071d6663988aeeef8115b678039a346e,2026-06-02T15:53:05+00:00,aiohttp/_websocket/reader_py.py,493,5,0,126
aiohttp,d15bcd2e071d6663988aeeef8115b678039a346e,2026-06-02T15:53:05+00:00,aiohttp/client_middlewares.py,55,0,0,11
aiohttp,d15bcd2e071d6663988aeeef8115b678039a346e,2026-06-02T15:53:05+00:00,tests/test_web_protocol.py,50,0,0,279
aiohttp,d15bcd2e071d6663988aeeef8115b678039a346e,2026-06-02T15:53:05+00:00,aiohttp/connector.py,1841,10,0,58
aiohttp,d15bcd2e071d6663988aeeef8115b678039a346e,2026-06-02T15:53:05+00:00,tests/test_client_functional.py,6049,0,0,111
aiohttp,d15bcd2e071d6663988aeeef8115b678039a346e,2026-06-02T15:53:05+00:00,aiohttp/client.py,1808,10,0,204
aiohttp,d15bcd2e071d6663988aeeef8115b678039a346e,2026-06-02T15:53:05+00:00,tests/test_client_session.py,1473,0,0,51
aiohttp,d15bcd2e071d6663988aeeef8115b678039a346e,2026-06-02T15:53:05+00:00,tests/test_web_functional.py,2403,0,0,586
aiohttp,d15bcd2e071d6663988aeeef8115b678039a346e,2026-06-02T15:53:05+00:00,aiohttp/resolver.py,273,4,0,0
aiohttp,d15bcd2e071d6663988aeeef8115b678039a346e,2026-06-02T15:53:05+00:00,tests/test_client_request.py,2302,0,0,84
aiohttp,d15bcd2e071d6663988aeeef8115b678039a346e,2026-06-02T15:53:05+00:00,aiohttp/client_proto.py,368,0,0,12
aiohttp,d15bcd2e071d6663988aeeef8115b678039a346e,2026-06-02T15:53:05+00:00,aiohttp/web_response.py,907,5,0,18
aiohttp,d15bcd2e071d6663988aeeef8115b678039a346e,2026-06-02T15:53:05+00:00,aiohttp/payload.py,1138,4,0,0
aiohttp,d15bcd2e071d6663988aeeef8115b678039a346e,2026-06-02T15:53:05+00:00,aiohttp/helpers.py,1024,1,0,80
aiohttp,d15bcd2e071d6663988aeeef8115b678039a346e,2026-06-02T15:53:05+00:00,aiohttp/client_reqrep.py,1555,9,0,95
aiohttp,d15bcd2e071d6663988aeeef8115b678039a346e,2026-06-02T15:53:05+00:00,aiohttp/web_protocol.py,802,1,0,242
aiohttp,d15bcd2e071d6663988aeeef8115b678039a346e,2026-06-02T15:53:05+00:00,tests/test_benchmarks_web_fileresponse.py,112,0,0,154
aiohttp,d15bcd2e071d6663988aeeef8115b678039a346e,2026-06-02T15:53:05+00:00,aiohttp/worker.py,266,2,1,72
aiohttp,d15bcd2e071d6663988aeeef8115b678039a346e,2026-06-02T15:53:05+00:00,aiohttp/http_writer.py,381,4,0,0
aiohttp,d15bcd2e071d6663988aeeef8115b678039a346e,2026-06-02T15:53:05+00:00,tests/test_http_exceptions.py,147,0,0,20
aiohttp,d15bcd2e071d6663988aeeef8115b678039a346e,2026-06-02T15:53:05+00:00,aiohttp/web_app.py,610,1,0,0
aiohttp,d15bcd2e071d6663988aeeef8115b678039a346e,2026-06-02T15:53:05+00:00,tests/test_web_websocket_functional.py,1690,0,0,295
aiohttp,d15bcd2e071d6663988aeeef8115b678039a346e,2026-06-02T15:53:05+00:00,aiohttp/client_ws.py,560,22,0,0
aiohttp,d15bcd2e071d6663988aeeef8115b678039a346e,2026-06-02T15:53:05+00:00,tests/test_client_middleware.py,1271,0,0,75
aiohttp,d15bcd2e071d6663988aeeef8115b678039a346e,2026-06-02T15:53:05+00:00,aiohttp/web_runner.py,425,5,0,0
aiohttp,d15bcd2e071d6663988aeeef8115b678039a346e,2026-06-02T15:53:05+00:00,tests/test_client_proto.py,358,0,0,166
aiohttp,d15bcd2e071d6663988aeeef8115b678039a346e,2026-06-02T15:53:05+00:00,aiohttp/http_parser.py,1193,18,0,72
aiohttp,d15bcd2e071d6663988aeeef8115b678039a346e,2026-06-02T15:53:05+00:00,tests/test_cookiejar.py,1908,0,0,405
aiohttp,d15bcd2e071d6663988aeeef8115b678039a346e,2026-06-02T15:53:05+00:00,aiohttp/client_middleware_digest_auth.py,473,1,0,63
aiohttp,d15bcd2e071d6663988aeeef8115b678039a346e,2026-06-02T15:53:05+00:00,aiohttp/__init__.py,279,0,0,4
aiohttp,d15bcd2e071d6663988aeeef8115b678039a346e,2026-06-02T15:53:05+00:00,aiohttp/web_exceptions.py,450,4,0,0
aiohttp,d15bcd2e071d6663988aeeef8115b678039a346e,2026-06-02T15:53:05+00:00,tests/test_worker.py,314,0,0,84
aiohttp,d15bcd2e071d6663988aeeef8115b678039a346e,2026-06-02T15:53:05+00:00,tests/test_benchmarks_client.py,572,0,0,102
aiohttp,d15bcd2e071d6663988aeeef8115b678039a346e,2026-06-02T15:53:05+00:00,tests/test_streams.py,1725,0,0,84
aiohttp,86c33baaa748bcb240a085e2d2e89cf2055a160a,2026-06-08T02:13:19+01:00,aiohttp/base_protocol.py,140,2,0,0
aiohttp,86c33baaa748bcb240a085e2d2e89cf2055a160a,2026-06-08T02:13:19+01:00,aiohttp/test_utils.py,665,0,0,4
aiohttp,86c33baaa748bcb240a085e2d2e89cf2055a160a,2026-06-08T02:13:19+01:00,aiohttp/_cookie_helpers.py,361,2,0,0
aiohttp,86c33baaa748bcb240a085e2d2e89cf2055a160a,2026-06-08T02:13:19+01:00,aiohttp/resolver.py,235,2,0,0
aiohttp,86c33baaa748bcb240a085e2d2e89cf2055a160a,2026-06-08T02:13:19+01:00,tests/test_client_request.py,2282,0,0,36
aiohttp,86c33baaa748bcb240a085e2d2e89cf2055a160a,2026-06-08T02:13:19+01:00,aiohttp/pytest_plugin.py,0,0,0,32
aiohttp,86c33baaa748bcb240a085e2d2e89cf2055a160a,2026-06-08T02:13:19+01:00,tests/conftest.py,496,0,0,19
aiohttp,86c33baaa748bcb240a085e2d2e89cf2055a160a,2026-06-08T02:13:19+01:00,aiohttp/client_proto.py,371,0,0,12
aiohttp,86c33baaa748bcb240a085e2d2e89cf2055a160a,2026-06-08T02:13:19+01:00,tests/test_multipart.py,1830,0,0,21
aiohttp,86c33baaa748bcb240a085e2d2e89cf2055a160a,2026-06-08T02:13:19+01:00,tests/test_connector.py,4776,0,0,36
aiohttp,86c33baaa748bcb240a085e2d2e89cf2055a160a,2026-06-08T02:13:19+01:00,tests/test_benchmarks_client_request.py,180,0,0,38
aiohttp,86c33baaa748bcb240a085e2d2e89cf2055a160a,2026-06-08T02:13:19+01:00,tests/test_urldispatch.py,1416,0,0,19
aiohttp,86c33baaa748bcb240a085e2d2e89cf2055a160a,2026-06-08T02:13:19+01:00,aiohttp/web.py,578,2,0,0
aiohttp,86c33baaa748bcb240a085e2d2e89cf2055a160a,2026-06-08T02:13:19+01:00,aiohttp/http_exceptions.py,107,0,0,12
aiohttp,86c33baaa748bcb240a085e2d2e89cf2055a160a,2026-06-08T02:13:19+01:00,aiohttp/web_response.py,789,5,0,0
aiohttp,86c33baaa748bcb240a085e2d2e89cf2055a160a,2026-06-08T02:13:19+01:00,aiohttp/payload.py,1121,4,0,0
aiohttp,86c33baaa748bcb240a085e2d2e89cf2055a160a,2026-06-08T02:13:19+01:00,aiohttp/client_exceptions.py,387,0,0,22
aiohttp,86c33baaa748bcb240a085e2d2e89cf2055a160a,2026-06-08T02:13:19+01:00,tests/test_multipart_helpers.py,699,0,0,48
aiohttp,86c33baaa748bcb240a085e2d2e89cf2055a160a,2026-06-08T02:13:19+01:00,tests/test_client_ws.py,1003,0,0,8
aiohttp,86c33baaa748bcb240a085e2d2e89cf2055a160a,2026-06-08T02:13:19+01:00,aiohttp/web_protocol.py,902,3,0,0
aiohttp,86c33baaa748bcb240a085e2d2e89cf2055a160a,2026-06-08T02:13:19+01:00,aiohttp/client_reqrep.py,1455,7,0,88
aiohttp,86c33baaa748bcb240a085e2d2e89cf2055a160a,2026-06-08T02:13:19+01:00,aiohttp/helpers.py,1173,0,0,14
aiohttp,86c33baaa748bcb240a085e2d2e89cf2055a160a,2026-06-08T02:13:19+01:00,aiohttp/web_ws.py,774,24,0,0
aiohttp,86c33baaa748bcb240a085e2d2e89cf2055a160a,2026-06-08T02:13:19+01:00,tests/test_client_exceptions.py,316,0,0,40
aiohttp,86c33baaa748bcb240a085e2d2e89cf2055a160a,2026-06-08T02:13:19+01:00,tests/test_benchmarks_web_fileresponse.py,144,0,0,154
aiohttp,86c33baaa748bcb240a085e2d2e89cf2055a160a,2026-06-08T02:13:19+01:00,aiohttp/web_urldispatcher.py,1246,2,0,12
aiohttp,86c33baaa748bcb240a085e2d2e89cf2055a160a,2026-06-08T02:13:19+01:00,tests/test_http_parser.py,3123,0,0,56
aiohttp,86c33baaa748bcb240a085e2d2e89cf2055a160a,2026-06-08T02:13:19+01:00,aiohttp/worker.py,243,0,1,72
aiohttp,86c33baaa748bcb240a085e2d2e89cf2055a160a,2026-06-08T02:13:19+01:00,aiohttp/http_writer.py,397,4,0,0
aiohttp,86c33baaa748bcb240a085e2d2e89cf2055a160a,2026-06-08T02:13:19+01:00,tests/test_http_exceptions.py,155,0,0,20
aiohttp,86c33baaa748bcb240a085e2d2e89cf2055a160a,2026-06-08T02:13:19+01:00,aiohttp/web_app.py,441,1,0,0
aiohttp,86c33baaa748bcb240a085e2d2e89cf2055a160a,2026-06-08T02:13:19+01:00,aiohttp/client_ws.py,560,22,0,0
aiohttp,86c33baaa748bcb240a085e2d2e89cf2055a160a,2026-06-08T02:13:19+01:00,tests/test_client_middleware.py,1266,0,0,75
aiohttp,86c33baaa748bcb240a085e2d2e89cf2055a160a,2026-06-08T02:13:19+01:00,aiohttp/streams.py,699,4,0,0
aiohttp,86c33baaa748bcb240a085e2d2e89cf2055a160a,2026-06-08T02:13:19+01:00,tests/test_benchmarks_client_ws.py,211,0,0,44
aiohttp,86c33baaa748bcb240a085e2d2e89cf2055a160a,2026-06-08T02:13:19+01:00,aiohttp/multipart.py,1232,0,0,21
aiohttp,86c33baaa748bcb240a085e2d2e89cf2055a160a,2026-06-08T02:13:19+01:00,aiohttp/_websocket/reader_py.py,515,4,0,0
aiohttp,86c33baaa748bcb240a085e2d2e89cf2055a160a,2026-06-08T02:13:19+01:00,aiohttp/web_runner.py,453,5,0,0
aiohttp,86c33baaa748bcb240a085e2d2e89cf2055a160a,2026-06-08T02:13:19+01:00,tests/test_client_proto.py,389,0,0,79
aiohttp,86c33baaa748bcb240a085e2d2e89cf2055a160a,2026-06-08T02:13:19+01:00,aiohttp/http_parser.py,1205,18,0,0
aiohttp,86c33baaa748bcb240a085e2d2e89cf2055a160a,2026-06-08T02:13:19+01:00,aiohttp/web_server.py,133,1,0,0
aiohttp,86c33baaa748bcb240a085e2d2e89cf2055a160a,2026-06-08T02:13:19+01:00,aiohttp/client_middlewares.py,55,0,0,11
aiohttp,86c33baaa748bcb240a085e2d2e89cf2055a160a,2026-06-08T02:13:19+01:00,aiohttp/connector.py,1706,11,0,16
aiohttp,86c33baaa748bcb240a085e2d2e89cf2055a160a,2026-06-08T02:13:19+01:00,tests/test_client_functional.py,5952,0,0,129
aiohttp,86c33baaa748bcb240a085e2d2e89cf2055a160a,2026-06-08T02:13:19+01:00,aiohttp/client.py,1614,4,0,184
aiohttp,86c33baaa748bcb240a085e2d2e89cf2055a160a,2026-06-08T02:13:19+01:00,tests/test_client_session.py,1516,0,0,51
aiohttp,86c33baaa748bcb240a085e2d2e89cf2055a160a,2026-06-08T02:13:19+01:00,tests/test_worker.py,291,0,0,84
aiohttp,86c33baaa748bcb240a085e2d2e89cf2055a160a,2026-06-08T02:13:19+01:00,tests/test_benchmarks_client.py,599,0,0,102
aiohttp,1dc00b227773ff8e462f913d33941781121f4586,2026-07-20T10:44:22+00:00,aiohttp/base_protocol.py,140,2,0,0
aiohttp,1dc00b227773ff8e462f913d33941781121f4586,2026-07-20T10:44:22+00:00,aiohttp/_cookie_helpers.py,361,2,0,0
aiohttp,1dc00b227773ff8e462f913d33941781121f4586,2026-07-20T10:44:22+00:00,aiohttp/resolver.py,263,6,0,0
aiohttp,1dc00b227773ff8e462f913d33941781121f4586,2026-07-20T10:44:22+00:00,tests/test_client_request.py,2308,0,0,6
aiohttp,1dc00b227773ff8e462f913d33941781121f4586,2026-07-20T10:44:22+00:00,tests/test_helpers.py,1219,0,0,5
aiohttp,1dc00b227773ff8e462f913d33941781121f4586,2026-07-20T10:44:22+00:00,aiohttp/web.py,578,2,0,0
aiohttp,1dc00b227773ff8e462f913d33941781121f4586,2026-07-20T10:44:22+00:00,tests/test_web_response.py,1662,0,0,51
aiohttp,1dc00b227773ff8e462f913d33941781121f4586,2026-07-20T10:44:22+00:00,aiohttp/web_response.py,789,5,0,6
aiohttp,1dc00b227773ff8e462f913d33941781121f4586,2026-07-20T10:44:22+00:00,aiohttp/payload.py,1121,4,0,0
aiohttp,1dc00b227773ff8e462f913d33941781121f4586,2026-07-20T10:44:22+00:00,tests/test_multipart_helpers.py,763,0,0,46
aiohttp,1dc00b227773ff8e462f913d33941781121f4586,2026-07-20T10:44:22+00:00,aiohttp/web_protocol.py,897,3,0,0
aiohttp,1dc00b227773ff8e462f913d33941781121f4586,2026-07-20T10:44:22+00:00,aiohttp/client_reqrep.py,1547,7,0,5
aiohttp,1dc00b227773ff8e462f913d33941781121f4586,2026-07-20T10:44:22+00:00,tests/test_websocket_parser.py,793,0,0,25
aiohttp,1dc00b227773ff8e462f913d33941781121f4586,2026-07-20T10:44:22+00:00,aiohttp/web_ws.py,774,24,0,0
aiohttp,1dc00b227773ff8e462f913d33941781121f4586,2026-07-20T10:44:22+00:00,aiohttp/web_request.py,917,0,0,21
aiohttp,1dc00b227773ff8e462f913d33941781121f4586,2026-07-20T10:44:22+00:00,tests/test_cookie_helpers.py,1904,0,0,18
aiohttp,1dc00b227773ff8e462f913d33941781121f4586,2026-07-20T10:44:22+00:00,aiohttp/web_urldispatcher.py,1248,2,0,0
aiohttp,1dc00b227773ff8e462f913d33941781121f4586,2026-07-20T10:44:22+00:00,tests/test_http_parser.py,3294,0,0,430
aiohttp,1dc00b227773ff8e462f913d33941781121f4586,2026-07-20T10:44:22+00:00,tests/test_benchmarks_cookie_helpers.py,0,0,0,28
aiohttp,1dc00b227773ff8e462f913d33941781121f4586,2026-07-20T10:44:22+00:00,aiohttp/worker.py,255,0,1,0
aiohttp,1dc00b227773ff8e462f913d33941781121f4586,2026-07-20T10:44:22+00:00,aiohttp/http_writer.py,397,4,0,0
aiohttp,1dc00b227773ff8e462f913d33941781121f4586,2026-07-20T10:44:22+00:00,aiohttp/web_app.py,447,1,0,0
aiohttp,1dc00b227773ff8e462f913d33941781121f4586,2026-07-20T10:44:22+00:00,tests/test_client_middleware_digest_auth.py,1662,0,0,90
aiohttp,1dc00b227773ff8e462f913d33941781121f4586,2026-07-20T10:44:22+00:00,aiohttp/client_ws.py,560,22,0,0
aiohttp,1dc00b227773ff8e462f913d33941781121f4586,2026-07-20T10:44:22+00:00,aiohttp/streams.py,745,4,0,0
aiohttp,1dc00b227773ff8e462f913d33941781121f4586,2026-07-20T10:44:22+00:00,aiohttp/multipart.py,1251,0,0,6
aiohttp,1dc00b227773ff8e462f913d33941781121f4586,2026-07-20T10:44:22+00:00,aiohttp/_websocket/reader_py.py,522,4,0,34
aiohttp,1dc00b227773ff8e462f913d33941781121f4586,2026-07-20T10:44:22+00:00,aiohttp/web_runner.py,501,8,0,0
aiohttp,1dc00b227773ff8e462f913d33941781121f4586,2026-07-20T10:44:22+00:00,aiohttp/http_parser.py,1235,20,0,5
aiohttp,1dc00b227773ff8e462f913d33941781121f4586,2026-07-20T10:44:22+00:00,aiohttp/web_server.py,142,2,0,0
aiohttp,1dc00b227773ff8e462f913d33941781121f4586,2026-07-20T10:44:22+00:00,tests/test_web_middleware.py,610,0,0,28
aiohttp,1dc00b227773ff8e462f913d33941781121f4586,2026-07-20T10:44:22+00:00,aiohttp/connector.py,1788,15,0,0
aiohttp,1dc00b227773ff8e462f913d33941781121f4586,2026-07-20T10:44:22+00:00,tests/test_client_functional.py,6063,0,0,141
aiohttp,1dc00b227773ff8e462f913d33941781121f4586,2026-07-20T10:44:22+00:00,aiohttp/client_middleware_digest_auth.py,507,0,0,24
aiohttp,1dc00b227773ff8e462f913d33941781121f4586,2026-07-20T10:44:22+00:00,aiohttp/__init__.py,258,0,0,6
aiohttp,1dc00b227773ff8e462f913d33941781121f4586,2026-07-20T10:44:22+00:00,aiohttp/client.py,1599,5,0,18
aiohttp,1dc00b227773ff8e462f913d33941781121f4586,2026-07-20T10:44:22+00:00,tests/test_client_ws_functional.py,1669,0,0,61
aiohttp,1dc00b227773ff8e462f913d33941781121f4586,2026-07-20T10:44:22+00:00,tests/test_web_request.py,1377,0,0,37
aiohttp,423b04bf22f76f284fe0d72a9e78ac26ff3ba01c,2026-08-13T23:55:25+02:00,aiohttp/base_protocol.py,140,2,0,0
aiohttp,423b04bf22f76f284fe0d72a9e78ac26ff3ba01c,2026-08-13T23:55:25+02:00,aiohttp/_websocket/reader_c.py,1,0,0,1
aiohttp,423b04bf22f76f284fe0d72a9e78ac26ff3ba01c,2026-08-13T23:55:25+02:00,aiohttp/_cookie_helpers.py,361,2,0,0
aiohttp,423b04bf22f76f284fe0d72a9e78ac26ff3ba01c,2026-08-13T23:55:25+02:00,tests/test_benchmarks_multipart.py,0,0,0,88
aiohttp,423b04bf22f76f284fe0d72a9e78ac26ff3ba01c,2026-08-13T23:55:25+02:00,aiohttp/resolver.py,263,6,0,0
aiohttp,423b04bf22f76f284fe0d72a9e78ac26ff3ba01c,2026-08-13T23:55:25+02:00,tests/test_client_request.py,2314,0,0,11
aiohttp,423b04bf22f76f284fe0d72a9e78ac26ff3ba01c,2026-08-13T23:55:25+02:00,tests/conftest.py,516,0,0,12
aiohttp,423b04bf22f76f284fe0d72a9e78ac26ff3ba01c,2026-08-13T23:55:25+02:00,tests/test_helpers.py,1224,0,0,16
aiohttp,423b04bf22f76f284fe0d72a9e78ac26ff3ba01c,2026-08-13T23:55:25+02:00,tests/test_web_urldispatcher.py,1017,0,0,16
aiohttp,423b04bf22f76f284fe0d72a9e78ac26ff3ba01c,2026-08-13T23:55:25+02:00,tests/test_multipart.py,1894,0,0,121
aiohttp,423b04bf22f76f284fe0d72a9e78ac26ff3ba01c,2026-08-13T23:55:25+02:00,tests/test_urldispatch.py,1436,0,0,8
aiohttp,423b04bf22f76f284fe0d72a9e78ac26ff3ba01c,2026-08-13T23:55:25+02:00,aiohttp/web.py,578,2,0,0
aiohttp,423b04bf22f76f284fe0d72a9e78ac26ff3ba01c,2026-08-13T23:55:25+02:00,aiohttp/web_response.py,791,5,0,3
aiohttp,423b04bf22f76f284fe0d72a9e78ac26ff3ba01c,2026-08-13T23:55:25+02:00,aiohttp/payload.py,1124,4,0,0
aiohttp,423b04bf22f76f284fe0d72a9e78ac26ff3ba01c,2026-08-13T23:55:25+02:00,tests/test_circular_imports.py,122,0,0,9
aiohttp,423b04bf22f76f284fe0d72a9e78ac26ff3ba01c,2026-08-13T23:55:25+02:00,aiohttp/web_protocol.py,903,3,0,78
aiohttp,423b04bf22f76f284fe0d72a9e78ac26ff3ba01c,2026-08-13T23:55:25+02:00,aiohttp/client_reqrep.py,1552,7,0,27
aiohttp,423b04bf22f76f284fe0d72a9e78ac26ff3ba01c,2026-08-13T23:55:25+02:00,tests/test_websocket_parser.py,935,0,0,446
aiohttp,423b04bf22f76f284fe0d72a9e78ac26ff3ba01c,2026-08-13T23:55:25+02:00,aiohttp/web_ws.py,774,24,0,109
aiohttp,423b04bf22f76f284fe0d72a9e78ac26ff3ba01c,2026-08-13T23:55:25+02:00,aiohttp/helpers.py,1180,0,0,3
aiohttp,423b04bf22f76f284fe0d72a9e78ac26ff3ba01c,2026-08-13T23:55:25+02:00,tests/test_benchmarks_helpers.py,0,0,0,36
aiohttp,423b04bf22f76f284fe0d72a9e78ac26ff3ba01c,2026-08-13T23:55:25+02:00,aiohttp/web_request.py,917,0,0,95
aiohttp,423b04bf22f76f284fe0d72a9e78ac26ff3ba01c,2026-08-13T23:55:25+02:00,tests/test_benchmarks_client_response.py,0,0,0,39
aiohttp,423b04bf22f76f284fe0d72a9e78ac26ff3ba01c,2026-08-13T23:55:25+02:00,aiohttp/web_urldispatcher.py,1248,2,0,0
aiohttp,423b04bf22f76f284fe0d72a9e78ac26ff3ba01c,2026-08-13T23:55:25+02:00,tests/test_http_parser.py,3616,0,0,23
aiohttp,423b04bf22f76f284fe0d72a9e78ac26ff3ba01c,2026-08-13T23:55:25+02:00,aiohttp/worker.py,255,0,1,0
aiohttp,423b04bf22f76f284fe0d72a9e78ac26ff3ba01c,2026-08-13T23:55:25+02:00,aiohttp/http_writer.py,397,4,0,0
aiohttp,423b04bf22f76f284fe0d72a9e78ac26ff3ba01c,2026-08-13T23:55:25+02:00,aiohttp/web_app.py,447,1,0,0
aiohttp,423b04bf22f76f284fe0d72a9e78ac26ff3ba01c,2026-08-13T23:55:25+02:00,tests/test_benchmarks_web_response.py,70,0,0,35
aiohttp,423b04bf22f76f284fe0d72a9e78ac26ff3ba01c,2026-08-13T23:55:25+02:00,tests/test_web_websocket_functional.py,1775,0,0,333
aiohttp,423b04bf22f76f284fe0d72a9e78ac26ff3ba01c,2026-08-13T23:55:25+02:00,aiohttp/client_ws.py,560,22,0,71
aiohttp,423b04bf22f76f284fe0d72a9e78ac26ff3ba01c,2026-08-13T23:55:25+02:00,aiohttp/streams.py,745,4,0,0
aiohttp,423b04bf22f76f284fe0d72a9e78ac26ff3ba01c,2026-08-13T23:55:25+02:00,aiohttp/multipart.py,1260,0,0,74
aiohttp,423b04bf22f76f284fe0d72a9e78ac26ff3ba01c,2026-08-13T23:55:25+02:00,aiohttp/_websocket/reader_py.py,545,2,0,99
aiohttp,423b04bf22f76f284fe0d72a9e78ac26ff3ba01c,2026-08-13T23:55:25+02:00,aiohttp/web_runner.py,501,8,0,0
aiohttp,423b04bf22f76f284fe0d72a9e78ac26ff3ba01c,2026-08-13T23:55:25+02:00,aiohttp/http_parser.py,1246,22,0,7
aiohttp,423b04bf22f76f284fe0d72a9e78ac26ff3ba01c,2026-08-13T23:55:25+02:00,aiohttp/web_server.py,142,2,0,0
aiohttp,423b04bf22f76f284fe0d72a9e78ac26ff3ba01c,2026-08-13T23:55:25+02:00,tests/test_web_protocol.py,144,0,0,82
aiohttp,423b04bf22f76f284fe0d72a9e78ac26ff3ba01c,2026-08-13T23:55:25+02:00,aiohttp/connector.py,1788,15,0,18
aiohttp,423b04bf22f76f284fe0d72a9e78ac26ff3ba01c,2026-08-13T23:55:25+02:00,aiohttp/_websocket/writer.py,261,0,0,18
aiohttp,423b04bf22f76f284fe0d72a9e78ac26ff3ba01c,2026-08-13T23:55:25+02:00,tests/autobahn/test_autobahn.py,197,0,0,30
aiohttp,423b04bf22f76f284fe0d72a9e78ac26ff3ba01c,2026-08-13T23:55:25+02:00,aiohttp/client.py,1610,5,0,4
aiohttp,423b04bf22f76f284fe0d72a9e78ac26ff3ba01c,2026-08-13T23:55:25+02:00,tests/test_client_ws_functional.py,1680,0,0,163
aiohttp,423b04bf22f76f284fe0d72a9e78ac26ff3ba01c,2026-08-13T23:55:25+02:00,tests/test_web_functional.py,2728,0,0,400
aiohttp,423b04bf22f76f284fe0d72a9e78ac26ff3ba01c,2026-08-13T23:55:25+02:00,tests/test_web_request.py,1377,0,0,17
