repo,sha,date,file,loc,warns_dup,warns_em,churn_14d
black,6ba615092e0b323072058f0a90bb7ab301957b7f,2018-03-16T17:09:23-07:00,blib2to3/pgen2/pgen.py,386,2,0,0
black,6ba615092e0b323072058f0a90bb7ab301957b7f,2018-03-16T17:09:23-07:00,blib2to3/pgen2/driver.py,178,0,0,9
black,6ba615092e0b323072058f0a90bb7ab301957b7f,2018-03-16T17:09:23-07:00,tests/debug_visitor.py,0,0,0,32
black,6ba615092e0b323072058f0a90bb7ab301957b7f,2018-03-16T17:09:23-07:00,blib2to3/pgen2/tokenize.py,518,0,0,111
black,6ba615092e0b323072058f0a90bb7ab301957b7f,2018-03-16T17:09:23-07:00,tests/empty_lines.py,0,0,0,185
black,6ba615092e0b323072058f0a90bb7ab301957b7f,2018-03-16T17:09:23-07:00,tests/comments4.py,0,0,0,76
black,6ba615092e0b323072058f0a90bb7ab301957b7f,2018-03-16T17:09:23-07:00,tests/python2.py,0,0,0,33
black,6ba615092e0b323072058f0a90bb7ab301957b7f,2018-03-16T17:09:23-07:00,tests/function.py,167,0,0,42
black,6ba615092e0b323072058f0a90bb7ab301957b7f,2018-03-16T17:09:23-07:00,tests/import_spacing.py,71,0,0,2
black,6ba615092e0b323072058f0a90bb7ab301957b7f,2018-03-16T17:09:23-07:00,tests/comments3.py,0,0,0,38
black,6ba615092e0b323072058f0a90bb7ab301957b7f,2018-03-16T17:09:23-07:00,blib2to3/pygram.py,40,0,0,7
black,6ba615092e0b323072058f0a90bb7ab301957b7f,2018-03-16T17:09:23-07:00,blib2to3/pgen2/token.py,83,0,0,6
black,6ba615092e0b323072058f0a90bb7ab301957b7f,2018-03-16T17:09:23-07:00,tests/comments.py,60,0,0,28
black,6ba615092e0b323072058f0a90bb7ab301957b7f,2018-03-16T17:09:23-07:00,docs/conf.py,0,0,0,310
black,6ba615092e0b323072058f0a90bb7ab301957b7f,2018-03-16T17:09:23-07:00,tests/test_black.py,247,0,0,110
black,6ba615092e0b323072058f0a90bb7ab301957b7f,2018-03-16T17:09:23-07:00,black.py,1542,10,0,1339
black,6ba615092e0b323072058f0a90bb7ab301957b7f,2018-03-16T17:09:23-07:00,setup.py,69,0,0,19
black,6ba615092e0b323072058f0a90bb7ab301957b7f,2018-03-16T17:09:23-07:00,tests/fmtonoff.py,0,0,0,177
black,6ba615092e0b323072058f0a90bb7ab301957b7f,2018-03-16T17:09:23-07:00,blib2to3/pgen2/conv.py,257,2,0,0
black,6ba615092e0b323072058f0a90bb7ab301957b7f,2018-03-16T17:09:23-07:00,blib2to3/pytree.py,854,2,0,0
black,6ba615092e0b323072058f0a90bb7ab301957b7f,2018-03-16T17:09:23-07:00,tests/expression.py,257,0,0,82
black,6ba615092e0b323072058f0a90bb7ab301957b7f,2018-03-16T17:09:23-07:00,tests/comments2.py,202,0,0,53
black,fa159bb3576b0d8a79eb4a93f13b38c29adbcfa0,2018-03-29T21:20:50-07:00,blib2to3/pgen2/pgen.py,386,2,0,0
black,fa159bb3576b0d8a79eb4a93f13b38c29adbcfa0,2018-03-29T21:20:50-07:00,tests/fstring.py,5,0,0,8
black,fa159bb3576b0d8a79eb4a93f13b38c29adbcfa0,2018-03-29T21:20:50-07:00,blib2to3/pgen2/driver.py,183,0,0,6
black,fa159bb3576b0d8a79eb4a93f13b38c29adbcfa0,2018-03-29T21:20:50-07:00,blib2to3/pgen2/tokenize.py,591,0,0,105
black,fa159bb3576b0d8a79eb4a93f13b38c29adbcfa0,2018-03-29T21:20:50-07:00,tests/string_quotes.py,0,0,0,83
black,fa159bb3576b0d8a79eb4a93f13b38c29adbcfa0,2018-03-29T21:20:50-07:00,tests/empty_lines.py,177,0,0,65
black,fa159bb3576b0d8a79eb4a93f13b38c29adbcfa0,2018-03-29T21:20:50-07:00,tests/python2.py,33,0,0,4
black,fa159bb3576b0d8a79eb4a93f13b38c29adbcfa0,2018-03-29T21:20:50-07:00,tests/comments4.py,76,0,0,2
black,fa159bb3576b0d8a79eb4a93f13b38c29adbcfa0,2018-03-29T21:20:50-07:00,tests/composition.py,21,0,0,25
black,fa159bb3576b0d8a79eb4a93f13b38c29adbcfa0,2018-03-29T21:20:50-07:00,tests/function.py,185,0,0,27
black,fa159bb3576b0d8a79eb4a93f13b38c29adbcfa0,2018-03-29T21:20:50-07:00,tests/import_spacing.py,73,0,0,50
black,fa159bb3576b0d8a79eb4a93f13b38c29adbcfa0,2018-03-29T21:20:50-07:00,tests/comments3.py,38,0,0,2
black,fa159bb3576b0d8a79eb4a93f13b38c29adbcfa0,2018-03-29T21:20:50-07:00,tests/comments.py,86,0,0,4
black,fa159bb3576b0d8a79eb4a93f13b38c29adbcfa0,2018-03-29T21:20:50-07:00,tests/test_black.py,337,0,0,242
black,fa159bb3576b0d8a79eb4a93f13b38c29adbcfa0,2018-03-29T21:20:50-07:00,black.py,1990,19,0,884
black,fa159bb3576b0d8a79eb4a93f13b38c29adbcfa0,2018-03-29T21:20:50-07:00,blib2to3/pgen2/grammar.py,211,0,0,28
black,fa159bb3576b0d8a79eb4a93f13b38c29adbcfa0,2018-03-29T21:20:50-07:00,setup.py,58,0,0,56
black,fa159bb3576b0d8a79eb4a93f13b38c29adbcfa0,2018-03-29T21:20:50-07:00,tests/fmtonoff.py,177,0,0,42
black,fa159bb3576b0d8a79eb4a93f13b38c29adbcfa0,2018-03-29T21:20:50-07:00,blib2to3/pgen2/conv.py,257,2,0,0
black,fa159bb3576b0d8a79eb4a93f13b38c29adbcfa0,2018-03-29T21:20:50-07:00,blib2to3/pytree.py,854,2,0,0
black,fa159bb3576b0d8a79eb4a93f13b38c29adbcfa0,2018-03-29T21:20:50-07:00,tests/expression.py,333,0,0,135
black,fa159bb3576b0d8a79eb4a93f13b38c29adbcfa0,2018-03-29T21:20:50-07:00,tests/comments2.py,243,0,0,52
black,3455389e486e0bb1d8a8318cb5f266b7ec8964dd,2018-03-31T11:52:11-07:00,blib2to3/pgen2/pgen.py,386,2,0,0
black,3455389e486e0bb1d8a8318cb5f266b7ec8964dd,2018-03-31T11:52:11-07:00,blib2to3/pgen2/tokenize.py,591,0,0,105
black,3455389e486e0bb1d8a8318cb5f266b7ec8964dd,2018-03-31T11:52:11-07:00,blib2to3/pgen2/driver.py,183,0,0,6
black,3455389e486e0bb1d8a8318cb5f266b7ec8964dd,2018-03-31T11:52:11-07:00,tests/string_quotes.py,37,0,0,54
black,3455389e486e0bb1d8a8318cb5f266b7ec8964dd,2018-03-31T11:52:11-07:00,tests/empty_lines.py,177,0,0,51
black,3455389e486e0bb1d8a8318cb5f266b7ec8964dd,2018-03-31T11:52:11-07:00,tests/python2.py,33,0,0,4
black,3455389e486e0bb1d8a8318cb5f266b7ec8964dd,2018-03-31T11:52:11-07:00,tests/composition.py,21,0,0,13
black,3455389e486e0bb1d8a8318cb5f266b7ec8964dd,2018-03-31T11:52:11-07:00,tests/function.py,185,0,0,19
black,3455389e486e0bb1d8a8318cb5f266b7ec8964dd,2018-03-31T11:52:11-07:00,tests/import_spacing.py,73,0,0,50
black,3455389e486e0bb1d8a8318cb5f266b7ec8964dd,2018-03-31T11:52:11-07:00,tests/test_black.py,345,0,0,110
black,3455389e486e0bb1d8a8318cb5f266b7ec8964dd,2018-03-31T11:52:11-07:00,black.py,2105,17,0,618
black,3455389e486e0bb1d8a8318cb5f266b7ec8964dd,2018-03-31T11:52:11-07:00,blib2to3/pgen2/grammar.py,211,0,0,28
black,3455389e486e0bb1d8a8318cb5f266b7ec8964dd,2018-03-31T11:52:11-07:00,tests/fmtonoff.py,177,0,0,24
black,3455389e486e0bb1d8a8318cb5f266b7ec8964dd,2018-03-31T11:52:11-07:00,blib2to3/pgen2/conv.py,257,2,0,0
black,3455389e486e0bb1d8a8318cb5f266b7ec8964dd,2018-03-31T11:52:11-07:00,blib2to3/pytree.py,854,2,0,0
black,3455389e486e0bb1d8a8318cb5f266b7ec8964dd,2018-03-31T11:52:11-07:00,tests/expression.py,399,0,0,99
black,3455389e486e0bb1d8a8318cb5f266b7ec8964dd,2018-03-31T11:52:11-07:00,tests/comments2.py,243,0,0,18
black,f8e9544c930a1469bee8b3f131687e2cae52e59b,2018-04-04T13:19:30-07:00,blib2to3/pgen2/pgen.py,386,2,0,0
black,f8e9544c930a1469bee8b3f131687e2cae52e59b,2018-04-04T13:19:30-07:00,blib2to3/pgen2/tokenize.py,591,0,0,105
black,f8e9544c930a1469bee8b3f131687e2cae52e59b,2018-04-04T13:19:30-07:00,blib2to3/pgen2/driver.py,183,0,0,6
black,f8e9544c930a1469bee8b3f131687e2cae52e59b,2018-04-04T13:19:30-07:00,tests/string_quotes.py,37,0,0,54
black,f8e9544c930a1469bee8b3f131687e2cae52e59b,2018-04-04T13:19:30-07:00,tests/empty_lines.py,177,0,0,51
black,f8e9544c930a1469bee8b3f131687e2cae52e59b,2018-04-04T13:19:30-07:00,tests/python2.py,33,0,0,4
black,f8e9544c930a1469bee8b3f131687e2cae52e59b,2018-04-04T13:19:30-07:00,tests/function.py,200,0,0,20
black,f8e9544c930a1469bee8b3f131687e2cae52e59b,2018-04-04T13:19:30-07:00,tests/composition.py,21,0,0,13
black,f8e9544c930a1469bee8b3f131687e2cae52e59b,2018-04-04T13:19:30-07:00,tests/import_spacing.py,73,0,0,10
black,f8e9544c930a1469bee8b3f131687e2cae52e59b,2018-04-04T13:19:30-07:00,tests/test_black.py,440,0,0,13
black,f8e9544c930a1469bee8b3f131687e2cae52e59b,2018-04-04T13:19:30-07:00,black.py,2194,17,0,441
black,f8e9544c930a1469bee8b3f131687e2cae52e59b,2018-04-04T13:19:30-07:00,blib2to3/pgen2/conv.py,257,2,0,0
black,f8e9544c930a1469bee8b3f131687e2cae52e59b,2018-04-04T13:19:30-07:00,blib2to3/pytree.py,854,2,0,0
black,f8e9544c930a1469bee8b3f131687e2cae52e59b,2018-04-04T13:19:30-07:00,tests/expression.py,399,0,0,76
black,f8e9544c930a1469bee8b3f131687e2cae52e59b,2018-04-04T13:19:30-07:00,tests/comments2.py,243,0,0,18
black,e36b8c71bb78f70735b8b4f239b0f574a6e0f277,2018-04-05T02:29:01-07:00,blib2to3/pgen2/pgen.py,386,2,0,0
black,e36b8c71bb78f70735b8b4f239b0f574a6e0f277,2018-04-05T02:29:01-07:00,blib2to3/pgen2/tokenize.py,598,0,0,105
black,e36b8c71bb78f70735b8b4f239b0f574a6e0f277,2018-04-05T02:29:01-07:00,blib2to3/pgen2/driver.py,183,0,0,6
black,e36b8c71bb78f70735b8b4f239b0f574a6e0f277,2018-04-05T02:29:01-07:00,tests/string_quotes.py,65,0,0,26
black,e36b8c71bb78f70735b8b4f239b0f574a6e0f277,2018-04-05T02:29:01-07:00,tests/empty_lines.py,177,0,0,51
black,e36b8c71bb78f70735b8b4f239b0f574a6e0f277,2018-04-05T02:29:01-07:00,tests/python2.py,33,0,0,4
black,e36b8c71bb78f70735b8b4f239b0f574a6e0f277,2018-04-05T02:29:01-07:00,tests/function.py,200,0,0,20
black,e36b8c71bb78f70735b8b4f239b0f574a6e0f277,2018-04-05T02:29:01-07:00,tests/composition.py,21,0,0,13
black,e36b8c71bb78f70735b8b4f239b0f574a6e0f277,2018-04-05T02:29:01-07:00,tests/import_spacing.py,73,0,0,10
black,e36b8c71bb78f70735b8b4f239b0f574a6e0f277,2018-04-05T02:29:01-07:00,tests/test_black.py,440,0,0,208
black,e36b8c71bb78f70735b8b4f239b0f574a6e0f277,2018-04-05T02:29:01-07:00,black.py,2208,17,0,753
black,e36b8c71bb78f70735b8b4f239b0f574a6e0f277,2018-04-05T02:29:01-07:00,setup.py,58,0,0,2
black,e36b8c71bb78f70735b8b4f239b0f574a6e0f277,2018-04-05T02:29:01-07:00,blib2to3/pgen2/conv.py,257,2,0,0
black,e36b8c71bb78f70735b8b4f239b0f574a6e0f277,2018-04-05T02:29:01-07:00,blib2to3/pytree.py,854,2,0,0
black,e36b8c71bb78f70735b8b4f239b0f574a6e0f277,2018-04-05T02:29:01-07:00,tests/expression.py,403,0,0,76
black,e36b8c71bb78f70735b8b4f239b0f574a6e0f277,2018-04-05T02:29:01-07:00,tests/comments2.py,243,0,0,18
black,c4a477bc693bebcdd176ed23608532df13373c36,2018-04-05T13:45:16-07:00,blib2to3/pgen2/pgen.py,386,2,0,0
black,c4a477bc693bebcdd176ed23608532df13373c36,2018-04-05T13:45:16-07:00,blib2to3/pgen2/tokenize.py,598,0,0,88
black,c4a477bc693bebcdd176ed23608532df13373c36,2018-04-05T13:45:16-07:00,blib2to3/pgen2/driver.py,183,0,0,6
black,c4a477bc693bebcdd176ed23608532df13373c36,2018-04-05T13:45:16-07:00,tests/string_quotes.py,65,0,0,26
black,c4a477bc693bebcdd176ed23608532df13373c36,2018-04-05T13:45:16-07:00,tests/empty_lines.py,177,0,0,51
black,c4a477bc693bebcdd176ed23608532df13373c36,2018-04-05T13:45:16-07:00,tests/python2.py,33,0,0,4
black,c4a477bc693bebcdd176ed23608532df13373c36,2018-04-05T13:45:16-07:00,tests/function.py,200,0,0,20
black,c4a477bc693bebcdd176ed23608532df13373c36,2018-04-05T13:45:16-07:00,tests/composition.py,21,0,0,13
black,c4a477bc693bebcdd176ed23608532df13373c36,2018-04-05T13:45:16-07:00,tests/import_spacing.py,73,0,0,10
black,c4a477bc693bebcdd176ed23608532df13373c36,2018-04-05T13:45:16-07:00,tests/test_black.py,440,0,0,208
black,c4a477bc693bebcdd176ed23608532df13373c36,2018-04-05T13:45:16-07:00,black.py,2208,17,0,753
black,c4a477bc693bebcdd176ed23608532df13373c36,2018-04-05T13:45:16-07:00,setup.py,58,0,0,2
black,c4a477bc693bebcdd176ed23608532df13373c36,2018-04-05T13:45:16-07:00,blib2to3/pgen2/conv.py,257,2,0,0
black,c4a477bc693bebcdd176ed23608532df13373c36,2018-04-05T13:45:16-07:00,blib2to3/pytree.py,854,2,0,0
black,c4a477bc693bebcdd176ed23608532df13373c36,2018-04-05T13:45:16-07:00,tests/expression.py,403,0,0,72
black,c4a477bc693bebcdd176ed23608532df13373c36,2018-04-05T13:45:16-07:00,tests/comments2.py,243,0,0,18
black,06e95b1e9bcd43c4574840f8174ba4b2c5d281bd,2018-04-23T12:00:03-07:00,blib2to3/pgen2/pgen.py,386,2,0,0
black,06e95b1e9bcd43c4574840f8174ba4b2c5d281bd,2018-04-23T12:00:03-07:00,blib2to3/pgen2/driver.py,189,0,0,34
black,06e95b1e9bcd43c4574840f8174ba4b2c5d281bd,2018-04-23T12:00:03-07:00,blib2to3/pgen2/tokenize.py,570,0,0,11
black,06e95b1e9bcd43c4574840f8174ba4b2c5d281bd,2018-04-23T12:00:03-07:00,tests/empty_lines.py,186,0,0,10
black,06e95b1e9bcd43c4574840f8174ba4b2c5d281bd,2018-04-23T12:00:03-07:00,tests/function.py,216,0,0,4
black,06e95b1e9bcd43c4574840f8174ba4b2c5d281bd,2018-04-23T12:00:03-07:00,tests/import_spacing.py,81,0,0,25
black,06e95b1e9bcd43c4574840f8174ba4b2c5d281bd,2018-04-23T12:00:03-07:00,blib2to3/pygram.py,47,0,0,6
black,06e95b1e9bcd43c4574840f8174ba4b2c5d281bd,2018-04-23T12:00:03-07:00,blib2to3/pgen2/token.py,85,0,0,2
black,06e95b1e9bcd43c4574840f8174ba4b2c5d281bd,2018-04-23T12:00:03-07:00,tests/slices.py,0,0,0,31
black,06e95b1e9bcd43c4574840f8174ba4b2c5d281bd,2018-04-23T12:00:03-07:00,tests/test_black.py,623,0,0,92
black,06e95b1e9bcd43c4574840f8174ba4b2c5d281bd,2018-04-23T12:00:03-07:00,tests/comments6.py,0,0,0,16
black,06e95b1e9bcd43c4574840f8174ba4b2c5d281bd,2018-04-23T12:00:03-07:00,black.py,2519,13,0,273
black,06e95b1e9bcd43c4574840f8174ba4b2c5d281bd,2018-04-23T12:00:03-07:00,tests/class_blank_parentheses.py,0,0,0,87
black,06e95b1e9bcd43c4574840f8174ba4b2c5d281bd,2018-04-23T12:00:03-07:00,setup.py,58,0,0,7
black,06e95b1e9bcd43c4574840f8174ba4b2c5d281bd,2018-04-23T12:00:03-07:00,tests/comments5.py,0,0,0,71
black,06e95b1e9bcd43c4574840f8174ba4b2c5d281bd,2018-04-23T12:00:03-07:00,tests/fmtonoff.py,201,0,0,4
black,06e95b1e9bcd43c4574840f8174ba4b2c5d281bd,2018-04-23T12:00:03-07:00,blib2to3/pgen2/conv.py,257,2,0,0
black,06e95b1e9bcd43c4574840f8174ba4b2c5d281bd,2018-04-23T12:00:03-07:00,blib2to3/pytree.py,854,2,0,0
black,06e95b1e9bcd43c4574840f8174ba4b2c5d281bd,2018-04-23T12:00:03-07:00,tests/expression.py,473,0,0,34
black,06e95b1e9bcd43c4574840f8174ba4b2c5d281bd,2018-04-23T12:00:03-07:00,tests/comments2.py,259,0,0,8
black,9d671bdbe13ab68cea1bba15001c43e90cf2c1a6,2018-04-24T12:21:56-07:00,blib2to3/pgen2/pgen.py,386,2,0,0
black,9d671bdbe13ab68cea1bba15001c43e90cf2c1a6,2018-04-24T12:21:56-07:00,tests/slices.py,0,0,0,31
black,9d671bdbe13ab68cea1bba15001c43e90cf2c1a6,2018-04-24T12:21:56-07:00,tests/test_black.py,643,0,0,22
black,9d671bdbe13ab68cea1bba15001c43e90cf2c1a6,2018-04-24T12:21:56-07:00,tests/function.py,216,0,0,4
black,9d671bdbe13ab68cea1bba15001c43e90cf2c1a6,2018-04-24T12:21:56-07:00,black.py,2547,15,0,247
black,9d671bdbe13ab68cea1bba15001c43e90cf2c1a6,2018-04-24T12:21:56-07:00,tests/import_spacing.py,81,0,0,29
black,9d671bdbe13ab68cea1bba15001c43e90cf2c1a6,2018-04-24T12:21:56-07:00,tests/class_blank_parentheses.py,0,0,0,87
black,9d671bdbe13ab68cea1bba15001c43e90cf2c1a6,2018-04-24T12:21:56-07:00,setup.py,58,0,0,7
black,9d671bdbe13ab68cea1bba15001c43e90cf2c1a6,2018-04-24T12:21:56-07:00,tests/fmtonoff.py,199,0,0,2
black,9d671bdbe13ab68cea1bba15001c43e90cf2c1a6,2018-04-24T12:21:56-07:00,blib2to3/pgen2/conv.py,257,2,0,0
black,9d671bdbe13ab68cea1bba15001c43e90cf2c1a6,2018-04-24T12:21:56-07:00,blib2to3/pytree.py,854,2,0,0
black,9d671bdbe13ab68cea1bba15001c43e90cf2c1a6,2018-04-24T12:21:56-07:00,tests/expression.py,479,0,0,34
black,9d671bdbe13ab68cea1bba15001c43e90cf2c1a6,2018-04-24T12:21:56-07:00,blib2to3/pgen2/token.py,85,0,0,2
black,a677713ebf1340de1806ee806e0377fa6b122ee7,2018-05-15T01:05:39-07:00,blib2to3/pgen2/pgen.py,386,2,0,0
black,a677713ebf1340de1806ee806e0377fa6b122ee7,2018-05-15T01:05:39-07:00,blib2to3/pgen2/driver.py,223,0,0,15
black,a677713ebf1340de1806ee806e0377fa6b122ee7,2018-05-15T01:05:39-07:00,tests/cantfit.py,67,0,0,4
black,a677713ebf1340de1806ee806e0377fa6b122ee7,2018-05-15T01:05:39-07:00,tests/empty_lines.py,196,0,0,51
black,a677713ebf1340de1806ee806e0377fa6b122ee7,2018-05-15T01:05:39-07:00,tests/comments4.py,76,0,0,54
black,a677713ebf1340de1806ee806e0377fa6b122ee7,2018-05-15T01:05:39-07:00,tests/function2.py,18,0,0,35
black,a677713ebf1340de1806ee806e0377fa6b122ee7,2018-05-15T01:05:39-07:00,tests/composition.py,34,0,0,186
black,a677713ebf1340de1806ee806e0377fa6b122ee7,2018-05-15T01:05:39-07:00,tests/function.py,240,0,0,16
black,a677713ebf1340de1806ee806e0377fa6b122ee7,2018-05-15T01:05:39-07:00,tests/import_spacing.py,110,0,0,2
black,a677713ebf1340de1806ee806e0377fa6b122ee7,2018-05-15T01:05:39-07:00,tests/comments3.py,38,0,0,3
black,a677713ebf1340de1806ee806e0377fa6b122ee7,2018-05-15T01:05:39-07:00,blib2to3/pygram.py,47,0,0,42
black,a677713ebf1340de1806ee806e0377fa6b122ee7,2018-05-15T01:05:39-07:00,tests/force_pyi.py,0,0,0,6
black,a677713ebf1340de1806ee806e0377fa6b122ee7,2018-05-15T01:05:39-07:00,tests/force_py36.py,0,0,0,16
black,a677713ebf1340de1806ee806e0377fa6b122ee7,2018-05-15T01:05:39-07:00,tests/test_black.py,717,0,0,118
black,a677713ebf1340de1806ee806e0377fa6b122ee7,2018-05-15T01:05:39-07:00,black.py,2789,15,0,1131
black,a677713ebf1340de1806ee806e0377fa6b122ee7,2018-05-15T01:05:39-07:00,tests/class_blank_parentheses.py,61,0,0,3
black,a677713ebf1340de1806ee806e0377fa6b122ee7,2018-05-15T01:05:39-07:00,tests/class_methods_new_line.py,0,0,0,270
black,a677713ebf1340de1806ee806e0377fa6b122ee7,2018-05-15T01:05:39-07:00,setup.py,59,0,0,2
black,a677713ebf1340de1806ee806e0377fa6b122ee7,2018-05-15T01:05:39-07:00,tests/fmtonoff.py,199,0,0,25
black,a677713ebf1340de1806ee806e0377fa6b122ee7,2018-05-15T01:05:39-07:00,blib2to3/pgen2/conv.py,257,2,0,0
black,a677713ebf1340de1806ee806e0377fa6b122ee7,2018-05-15T01:05:39-07:00,blib2to3/pytree.py,854,2,0,0
black,a677713ebf1340de1806ee806e0377fa6b122ee7,2018-05-15T01:05:39-07:00,tests/expression.py,514,0,0,74
black,a677713ebf1340de1806ee806e0377fa6b122ee7,2018-05-15T01:05:39-07:00,tests/comments2.py,257,0,0,47
black,d320e283aa6698ea7f7b80e2ff6f58a864fcfe0f,2018-05-28T23:06:02-07:00,profiling/list_huge.py,0,0,0,22431
black,d320e283aa6698ea7f7b80e2ff6f58a864fcfe0f,2018-05-28T23:06:02-07:00,tests/data/profile_small.py,0,0,0,102
black,d320e283aa6698ea7f7b80e2ff6f58a864fcfe0f,2018-05-28T23:06:02-07:00,tests/{ => data}/comments.py,0,0,0,0
black,d320e283aa6698ea7f7b80e2ff6f58a864fcfe0f,2018-05-28T23:06:02-07:00,tests/cantfit.py,69,0,0,18
black,d320e283aa6698ea7f7b80e2ff6f58a864fcfe0f,2018-05-28T23:06:02-07:00,tests/{ => data}/string_prefixes.py,0,0,0,0
black,d320e283aa6698ea7f7b80e2ff6f58a864fcfe0f,2018-05-28T23:06:02-07:00,tests/comments4.py,97,0,0,1
black,d320e283aa6698ea7f7b80e2ff6f58a864fcfe0f,2018-05-28T23:06:02-07:00,tests/function2.py,28,0,0,25
black,d320e283aa6698ea7f7b80e2ff6f58a864fcfe0f,2018-05-28T23:06:02-07:00,tests/composition.py,183,0,0,1
black,d320e283aa6698ea7f7b80e2ff6f58a864fcfe0f,2018-05-28T23:06:02-07:00,tests/{ => data}/include_exclude_tests/b/dont_exclude/a.py,0,0,0,0
black,d320e283aa6698ea7f7b80e2ff6f58a864fcfe0f,2018-05-28T23:06:02-07:00,profiling/dict_huge.py,0,0,0,41440
black,d320e283aa6698ea7f7b80e2ff6f58a864fcfe0f,2018-05-28T23:06:02-07:00,tests/{ => data}/function.py,0,0,0,0
black,d320e283aa6698ea7f7b80e2ff6f58a864fcfe0f,2018-05-28T23:06:02-07:00,tests/{ => data}/python2_unicode_literals.py,0,0,0,0
black,d320e283aa6698ea7f7b80e2ff6f58a864fcfe0f,2018-05-28T23:06:02-07:00,tests/{ => data}/comments3.py,0,0,0,0
black,d320e283aa6698ea7f7b80e2ff6f58a864fcfe0f,2018-05-28T23:06:02-07:00,tests/{ => data}/include_exclude_tests/b/.definitely_exclude/a.py,0,0,0,0
black,d320e283aa6698ea7f7b80e2ff6f58a864fcfe0f,2018-05-28T23:06:02-07:00,tests/include_exclude_tests/b/.definitely_exclude/a.py,0,0,0,0
black,d320e283aa6698ea7f7b80e2ff6f58a864fcfe0f,2018-05-28T23:06:02-07:00,tests/data/profile_small.py => profiling/mix_small.py,0,0,0,0
black,d320e283aa6698ea7f7b80e2ff6f58a864fcfe0f,2018-05-28T23:06:02-07:00,tests/{ => data}/include_exclude_tests/b/exclude/a.py,0,0,0,0
black,d320e283aa6698ea7f7b80e2ff6f58a864fcfe0f,2018-05-28T23:06:02-07:00,tests/{ => data}/class_methods_new_line.py,0,0,0,0
black,d320e283aa6698ea7f7b80e2ff6f58a864fcfe0f,2018-05-28T23:06:02-07:00,tests/{ => data}/class_blank_parentheses.py,0,0,0,0
black,d320e283aa6698ea7f7b80e2ff6f58a864fcfe0f,2018-05-28T23:06:02-07:00,tests/data/string_wayne.py,0,0,0,2
black,d320e283aa6698ea7f7b80e2ff6f58a864fcfe0f,2018-05-28T23:06:02-07:00,tests/test_black.py,823,0,0,564
black,d320e283aa6698ea7f7b80e2ff6f58a864fcfe0f,2018-05-28T23:06:02-07:00,tests/data/profile_huge => profiling/mix_huge.py,0,0,0,0
black,d320e283aa6698ea7f7b80e2ff6f58a864fcfe0f,2018-05-28T23:06:02-07:00,tests/data/profile_tiny.py,0,0,0,10
black,d320e283aa6698ea7f7b80e2ff6f58a864fcfe0f,2018-05-28T23:06:02-07:00,tests/class_methods_new_line.py,0,0,0,270
black,d320e283aa6698ea7f7b80e2ff6f58a864fcfe0f,2018-05-28T23:06:02-07:00,blib2to3/pgen2/conv.py,257,2,0,0
black,d320e283aa6698ea7f7b80e2ff6f58a864fcfe0f,2018-05-28T23:06:02-07:00,blib2to3/pytree.py,854,2,0,46
black,d320e283aa6698ea7f7b80e2ff6f58a864fcfe0f,2018-05-28T23:06:02-07:00,tests/{ => data}/fstring.py,0,0,0,0
black,d320e283aa6698ea7f7b80e2ff6f58a864fcfe0f,2018-05-28T23:06:02-07:00,tests/data/fstring.py,0,0,0,18
black,d320e283aa6698ea7f7b80e2ff6f58a864fcfe0f,2018-05-28T23:06:02-07:00,tests/{ => data}/string_quotes.py,0,0,0,0
black,d320e283aa6698ea7f7b80e2ff6f58a864fcfe0f,2018-05-28T23:06:02-07:00,tests/expression.py,556,0,0,4
black,d320e283aa6698ea7f7b80e2ff6f58a864fcfe0f,2018-05-28T23:06:02-07:00,tests/include_exclude_tests/b/exclude/a.py,0,0,0,0
black,d320e283aa6698ea7f7b80e2ff6f58a864fcfe0f,2018-05-28T23:06:02-07:00,blib2to3/pgen2/pgen.py,386,2,0,0
black,d320e283aa6698ea7f7b80e2ff6f58a864fcfe0f,2018-05-28T23:06:02-07:00,tests/{ => data}/comments5.py,0,0,0,0
black,d320e283aa6698ea7f7b80e2ff6f58a864fcfe0f,2018-05-28T23:06:02-07:00,tests/{ => data}/composition.py,0,0,0,0
black,d320e283aa6698ea7f7b80e2ff6f58a864fcfe0f,2018-05-28T23:06:02-07:00,tests/include_exclude_tests/b/dont_exclude/a.py,0,0,0,0
black,d320e283aa6698ea7f7b80e2ff6f58a864fcfe0f,2018-05-28T23:06:02-07:00,tests/{ => data}/cantfit.py,0,0,0,0
black,d320e283aa6698ea7f7b80e2ff6f58a864fcfe0f,2018-05-28T23:06:02-07:00,tests/data/string_quotes.py,0,0,0,4
black,d320e283aa6698ea7f7b80e2ff6f58a864fcfe0f,2018-05-28T23:06:02-07:00,profiling/dict_big.py,0,0,0,8001
black,d320e283aa6698ea7f7b80e2ff6f58a864fcfe0f,2018-05-28T23:06:02-07:00,tests/{ => data}/fmtonoff.py,0,0,0,0
black,d320e283aa6698ea7f7b80e2ff6f58a864fcfe0f,2018-05-28T23:06:02-07:00,tests/{ => data}/comments2.py,0,0,0,0
black,d320e283aa6698ea7f7b80e2ff6f58a864fcfe0f,2018-05-28T23:06:02-07:00,tests/{ => data}/expression.py,0,0,0,0
black,d320e283aa6698ea7f7b80e2ff6f58a864fcfe0f,2018-05-28T23:06:02-07:00,tests/data/profile_big.py => profiling/mix_big.py,0,0,0,0
black,d320e283aa6698ea7f7b80e2ff6f58a864fcfe0f,2018-05-28T23:06:02-07:00,tests/{ => data}/empty_lines.py,0,0,0,0
black,d320e283aa6698ea7f7b80e2ff6f58a864fcfe0f,2018-05-28T23:06:02-07:00,tests/data/profile_big.py,0,0,0,1002
black,d320e283aa6698ea7f7b80e2ff6f58a864fcfe0f,2018-05-28T23:06:02-07:00,tests/{ => data}/force_pyi.py,0,0,0,0
black,d320e283aa6698ea7f7b80e2ff6f58a864fcfe0f,2018-05-28T23:06:02-07:00,profiling/list_big.py,0,0,0,4000
black,d320e283aa6698ea7f7b80e2ff6f58a864fcfe0f,2018-05-28T23:06:02-07:00,tests/{ => data}/import_spacing.py,0,0,0,0
black,d320e283aa6698ea7f7b80e2ff6f58a864fcfe0f,2018-05-28T23:06:02-07:00,docs/conf.py,280,0,0,139
black,d320e283aa6698ea7f7b80e2ff6f58a864fcfe0f,2018-05-28T23:06:02-07:00,tests/{ => data}/force_py36.py,0,0,0,0
black,d320e283aa6698ea7f7b80e2ff6f58a864fcfe0f,2018-05-28T23:06:02-07:00,black.py,3196,15,0,874
black,d320e283aa6698ea7f7b80e2ff6f58a864fcfe0f,2018-05-28T23:06:02-07:00,tests/{ => data}/slices.py,0,0,0,0
black,d320e283aa6698ea7f7b80e2ff6f58a864fcfe0f,2018-05-28T23:06:02-07:00,setup.py,59,0,0,4
black,d320e283aa6698ea7f7b80e2ff6f58a864fcfe0f,2018-05-28T23:06:02-07:00,tests/{ => data}/comments4.py,0,0,0,0
black,d320e283aa6698ea7f7b80e2ff6f58a864fcfe0f,2018-05-28T23:06:02-07:00,tests/class_blank_parentheses.py,61,0,0,3
black,d320e283aa6698ea7f7b80e2ff6f58a864fcfe0f,2018-05-28T23:06:02-07:00,tests/{ => data}/function2.py,0,0,0,0
black,d320e283aa6698ea7f7b80e2ff6f58a864fcfe0f,2018-05-28T23:06:02-07:00,tests/{ => data}/debug_visitor.py,0,0,0,0
black,d320e283aa6698ea7f7b80e2ff6f58a864fcfe0f,2018-05-28T23:06:02-07:00,tests/{ => data}/python2.py,0,0,0,0
black,1b189f6cdeca7b1f9669e0152c92875dff7b761a,2018-05-31T10:53:26-07:00,profiling/list_huge.py,0,0,0,22431
black,1b189f6cdeca7b1f9669e0152c92875dff7b761a,2018-05-31T10:53:26-07:00,tests/data/profile_small.py,0,0,0,102
black,1b189f6cdeca7b1f9669e0152c92875dff7b761a,2018-05-31T10:53:26-07:00,tests/{ => data}/comments.py,0,0,0,0
black,1b189f6cdeca7b1f9669e0152c92875dff7b761a,2018-05-31T10:53:26-07:00,tests/cantfit.py,69,0,0,18
black,1b189f6cdeca7b1f9669e0152c92875dff7b761a,2018-05-31T10:53:26-07:00,tests/{ => data}/string_prefixes.py,0,0,0,0
black,1b189f6cdeca7b1f9669e0152c92875dff7b761a,2018-05-31T10:53:26-07:00,tests/{ => data}/include_exclude_tests/b/dont_exclude/a.py,0,0,0,0
black,1b189f6cdeca7b1f9669e0152c92875dff7b761a,2018-05-31T10:53:26-07:00,profiling/dict_huge.py,0,0,0,41440
black,1b189f6cdeca7b1f9669e0152c92875dff7b761a,2018-05-31T10:53:26-07:00,tests/{ => data}/function.py,0,0,0,0
black,1b189f6cdeca7b1f9669e0152c92875dff7b761a,2018-05-31T10:53:26-07:00,tests/{ => data}/python2_unicode_literals.py,0,0,0,0
black,1b189f6cdeca7b1f9669e0152c92875dff7b761a,2018-05-31T10:53:26-07:00,tests/{ => data}/comments3.py,0,0,0,0
black,1b189f6cdeca7b1f9669e0152c92875dff7b761a,2018-05-31T10:53:26-07:00,tests/{ => data}/include_exclude_tests/b/.definitely_exclude/a.py,0,0,0,0
black,1b189f6cdeca7b1f9669e0152c92875dff7b761a,2018-05-31T10:53:26-07:00,tests/include_exclude_tests/b/.definitely_exclude/a.py,0,0,0,0
black,1b189f6cdeca7b1f9669e0152c92875dff7b761a,2018-05-31T10:53:26-07:00,tests/data/profile_small.py => profiling/mix_small.py,0,0,0,0
black,1b189f6cdeca7b1f9669e0152c92875dff7b761a,2018-05-31T10:53:26-07:00,tests/{ => data}/include_exclude_tests/b/exclude/a.py,0,0,0,0
black,1b189f6cdeca7b1f9669e0152c92875dff7b761a,2018-05-31T10:53:26-07:00,tests/{ => data}/class_methods_new_line.py,0,0,0,0
black,1b189f6cdeca7b1f9669e0152c92875dff7b761a,2018-05-31T10:53:26-07:00,tests/{ => data}/class_blank_parentheses.py,0,0,0,0
black,1b189f6cdeca7b1f9669e0152c92875dff7b761a,2018-05-31T10:53:26-07:00,tests/test_black.py,856,0,0,522
black,1b189f6cdeca7b1f9669e0152c92875dff7b761a,2018-05-31T10:53:26-07:00,tests/data/string_wayne.py,0,0,0,2
black,1b189f6cdeca7b1f9669e0152c92875dff7b761a,2018-05-31T10:53:26-07:00,tests/data/profile_huge => profiling/mix_huge.py,0,0,0,0
black,1b189f6cdeca7b1f9669e0152c92875dff7b761a,2018-05-31T10:53:26-07:00,tests/data/profile_tiny.py,0,0,0,10
black,1b189f6cdeca7b1f9669e0152c92875dff7b761a,2018-05-31T10:53:26-07:00,blib2to3/pgen2/conv.py,257,2,0,0
black,1b189f6cdeca7b1f9669e0152c92875dff7b761a,2018-05-31T10:53:26-07:00,blib2to3/pytree.py,854,2,0,46
black,1b189f6cdeca7b1f9669e0152c92875dff7b761a,2018-05-31T10:53:26-07:00,tests/{ => data}/fstring.py,0,0,0,0
black,1b189f6cdeca7b1f9669e0152c92875dff7b761a,2018-05-31T10:53:26-07:00,tests/data/fstring.py,0,0,0,18
black,1b189f6cdeca7b1f9669e0152c92875dff7b761a,2018-05-31T10:53:26-07:00,tests/{ => data}/string_quotes.py,0,0,0,0
black,1b189f6cdeca7b1f9669e0152c92875dff7b761a,2018-05-31T10:53:26-07:00,tests/expression.py,556,0,0,4
black,1b189f6cdeca7b1f9669e0152c92875dff7b761a,2018-05-31T10:53:26-07:00,tests/include_exclude_tests/b/exclude/a.py,0,0,0,0
black,1b189f6cdeca7b1f9669e0152c92875dff7b761a,2018-05-31T10:53:26-07:00,blib2to3/pgen2/pgen.py,386,2,0,0
black,1b189f6cdeca7b1f9669e0152c92875dff7b761a,2018-05-31T10:53:26-07:00,tests/{ => data}/comments5.py,0,0,0,0
black,1b189f6cdeca7b1f9669e0152c92875dff7b761a,2018-05-31T10:53:26-07:00,tests/{ => data}/composition.py,0,0,0,0
black,1b189f6cdeca7b1f9669e0152c92875dff7b761a,2018-05-31T10:53:26-07:00,tests/include_exclude_tests/b/dont_exclude/a.py,0,0,0,0
black,1b189f6cdeca7b1f9669e0152c92875dff7b761a,2018-05-31T10:53:26-07:00,tests/{ => data}/cantfit.py,0,0,0,0
black,1b189f6cdeca7b1f9669e0152c92875dff7b761a,2018-05-31T10:53:26-07:00,tests/data/string_quotes.py,0,0,0,4
black,1b189f6cdeca7b1f9669e0152c92875dff7b761a,2018-05-31T10:53:26-07:00,profiling/dict_big.py,0,0,0,8001
black,1b189f6cdeca7b1f9669e0152c92875dff7b761a,2018-05-31T10:53:26-07:00,tests/{ => data}/fmtonoff.py,0,0,0,0
black,1b189f6cdeca7b1f9669e0152c92875dff7b761a,2018-05-31T10:53:26-07:00,tests/{ => data}/comments2.py,0,0,0,0
black,1b189f6cdeca7b1f9669e0152c92875dff7b761a,2018-05-31T10:53:26-07:00,tests/{ => data}/expression.py,0,0,0,0
black,1b189f6cdeca7b1f9669e0152c92875dff7b761a,2018-05-31T10:53:26-07:00,tests/data/profile_big.py => profiling/mix_big.py,0,0,0,0
black,1b189f6cdeca7b1f9669e0152c92875dff7b761a,2018-05-31T10:53:26-07:00,tests/{ => data}/empty_lines.py,0,0,0,0
black,1b189f6cdeca7b1f9669e0152c92875dff7b761a,2018-05-31T10:53:26-07:00,tests/data/profile_big.py,0,0,0,1002
black,1b189f6cdeca7b1f9669e0152c92875dff7b761a,2018-05-31T10:53:26-07:00,tests/{ => data}/force_pyi.py,0,0,0,0
black,1b189f6cdeca7b1f9669e0152c92875dff7b761a,2018-05-31T10:53:26-07:00,profiling/list_big.py,0,0,0,4000
black,1b189f6cdeca7b1f9669e0152c92875dff7b761a,2018-05-31T10:53:26-07:00,tests/{ => data}/import_spacing.py,0,0,0,0
black,1b189f6cdeca7b1f9669e0152c92875dff7b761a,2018-05-31T10:53:26-07:00,docs/conf.py,280,0,0,139
black,1b189f6cdeca7b1f9669e0152c92875dff7b761a,2018-05-31T10:53:26-07:00,tests/{ => data}/force_py36.py,0,0,0,0
black,1b189f6cdeca7b1f9669e0152c92875dff7b761a,2018-05-31T10:53:26-07:00,black.py,3207,13,0,712
black,1b189f6cdeca7b1f9669e0152c92875dff7b761a,2018-05-31T10:53:26-07:00,tests/{ => data}/slices.py,0,0,0,0
black,1b189f6cdeca7b1f9669e0152c92875dff7b761a,2018-05-31T10:53:26-07:00,setup.py,59,0,0,2
black,1b189f6cdeca7b1f9669e0152c92875dff7b761a,2018-05-31T10:53:26-07:00,tests/{ => data}/comments4.py,0,0,0,0
black,1b189f6cdeca7b1f9669e0152c92875dff7b761a,2018-05-31T10:53:26-07:00,tests/{ => data}/function2.py,0,0,0,0
black,1b189f6cdeca7b1f9669e0152c92875dff7b761a,2018-05-31T10:53:26-07:00,tests/{ => data}/debug_visitor.py,0,0,0,0
black,1b189f6cdeca7b1f9669e0152c92875dff7b761a,2018-05-31T10:53:26-07:00,tests/{ => data}/python2.py,0,0,0,0
black,ecb3d8c472a369bdf04ec22adad3ef4793183bc1,2018-06-03T11:46:59-07:00,profiling/list_huge.py,0,0,0,22431
black,ecb3d8c472a369bdf04ec22adad3ef4793183bc1,2018-06-03T11:46:59-07:00,tests/data/profile_small.py,0,0,0,102
black,ecb3d8c472a369bdf04ec22adad3ef4793183bc1,2018-06-03T11:46:59-07:00,tests/{ => data}/comments.py,0,0,0,0
black,ecb3d8c472a369bdf04ec22adad3ef4793183bc1,2018-06-03T11:46:59-07:00,tests/cantfit.py,69,0,0,18
black,ecb3d8c472a369bdf04ec22adad3ef4793183bc1,2018-06-03T11:46:59-07:00,tests/{ => data}/string_prefixes.py,0,0,0,0
black,ecb3d8c472a369bdf04ec22adad3ef4793183bc1,2018-06-03T11:46:59-07:00,tests/{ => data}/include_exclude_tests/b/dont_exclude/a.py,0,0,0,0
black,ecb3d8c472a369bdf04ec22adad3ef4793183bc1,2018-06-03T11:46:59-07:00,profiling/dict_huge.py,0,0,0,41440
black,ecb3d8c472a369bdf04ec22adad3ef4793183bc1,2018-06-03T11:46:59-07:00,tests/{ => data}/function.py,0,0,0,0
black,ecb3d8c472a369bdf04ec22adad3ef4793183bc1,2018-06-03T11:46:59-07:00,tests/{ => data}/python2_unicode_literals.py,0,0,0,0
black,ecb3d8c472a369bdf04ec22adad3ef4793183bc1,2018-06-03T11:46:59-07:00,tests/{ => data}/comments3.py,0,0,0,0
black,ecb3d8c472a369bdf04ec22adad3ef4793183bc1,2018-06-03T11:46:59-07:00,tests/{ => data}/include_exclude_tests/b/.definitely_exclude/a.py,0,0,0,0
black,ecb3d8c472a369bdf04ec22adad3ef4793183bc1,2018-06-03T11:46:59-07:00,tests/data/profile_small.py => profiling/mix_small.py,0,0,0,0
black,ecb3d8c472a369bdf04ec22adad3ef4793183bc1,2018-06-03T11:46:59-07:00,tests/{ => data}/include_exclude_tests/b/exclude/a.py,0,0,0,0
black,ecb3d8c472a369bdf04ec22adad3ef4793183bc1,2018-06-03T11:46:59-07:00,tests/{ => data}/class_methods_new_line.py,0,0,0,0
black,ecb3d8c472a369bdf04ec22adad3ef4793183bc1,2018-06-03T11:46:59-07:00,tests/{ => data}/class_blank_parentheses.py,0,0,0,0
black,ecb3d8c472a369bdf04ec22adad3ef4793183bc1,2018-06-03T11:46:59-07:00,tests/test_black.py,918,0,0,444
black,ecb3d8c472a369bdf04ec22adad3ef4793183bc1,2018-06-03T11:46:59-07:00,tests/data/string_wayne.py,0,0,0,2
black,ecb3d8c472a369bdf04ec22adad3ef4793183bc1,2018-06-03T11:46:59-07:00,tests/data/profile_huge => profiling/mix_huge.py,0,0,0,0
black,ecb3d8c472a369bdf04ec22adad3ef4793183bc1,2018-06-03T11:46:59-07:00,tests/data/profile_tiny.py,0,0,0,10
black,ecb3d8c472a369bdf04ec22adad3ef4793183bc1,2018-06-03T11:46:59-07:00,blib2to3/pgen2/conv.py,257,2,0,0
black,ecb3d8c472a369bdf04ec22adad3ef4793183bc1,2018-06-03T11:46:59-07:00,blib2to3/pytree.py,854,2,0,46
black,ecb3d8c472a369bdf04ec22adad3ef4793183bc1,2018-06-03T11:46:59-07:00,tests/{ => data}/fstring.py,0,0,0,0
black,ecb3d8c472a369bdf04ec22adad3ef4793183bc1,2018-06-03T11:46:59-07:00,tests/data/fstring.py,0,0,0,18
black,ecb3d8c472a369bdf04ec22adad3ef4793183bc1,2018-06-03T11:46:59-07:00,tests/{ => data}/string_quotes.py,0,0,0,0
black,ecb3d8c472a369bdf04ec22adad3ef4793183bc1,2018-06-03T11:46:59-07:00,tests/expression.py,556,0,0,4
black,ecb3d8c472a369bdf04ec22adad3ef4793183bc1,2018-06-03T11:46:59-07:00,blib2to3/pgen2/pgen.py,386,2,0,0
black,ecb3d8c472a369bdf04ec22adad3ef4793183bc1,2018-06-03T11:46:59-07:00,tests/{ => data}/comments5.py,0,0,0,0
black,ecb3d8c472a369bdf04ec22adad3ef4793183bc1,2018-06-03T11:46:59-07:00,tests/{ => data}/composition.py,0,0,0,0
black,ecb3d8c472a369bdf04ec22adad3ef4793183bc1,2018-06-03T11:46:59-07:00,tests/{ => data}/cantfit.py,0,0,0,0
black,ecb3d8c472a369bdf04ec22adad3ef4793183bc1,2018-06-03T11:46:59-07:00,tests/data/string_quotes.py,0,0,0,4
black,ecb3d8c472a369bdf04ec22adad3ef4793183bc1,2018-06-03T11:46:59-07:00,profiling/dict_big.py,0,0,0,8001
black,ecb3d8c472a369bdf04ec22adad3ef4793183bc1,2018-06-03T11:46:59-07:00,tests/{ => data}/fmtonoff.py,0,0,0,0
black,ecb3d8c472a369bdf04ec22adad3ef4793183bc1,2018-06-03T11:46:59-07:00,tests/{ => data}/comments2.py,0,0,0,0
black,ecb3d8c472a369bdf04ec22adad3ef4793183bc1,2018-06-03T11:46:59-07:00,tests/{ => data}/expression.py,0,0,0,0
black,ecb3d8c472a369bdf04ec22adad3ef4793183bc1,2018-06-03T11:46:59-07:00,tests/data/profile_big.py => profiling/mix_big.py,0,0,0,0
black,ecb3d8c472a369bdf04ec22adad3ef4793183bc1,2018-06-03T11:46:59-07:00,tests/{ => data}/empty_lines.py,0,0,0,0
black,ecb3d8c472a369bdf04ec22adad3ef4793183bc1,2018-06-03T11:46:59-07:00,tests/data/profile_big.py,0,0,0,1002
black,ecb3d8c472a369bdf04ec22adad3ef4793183bc1,2018-06-03T11:46:59-07:00,tests/{ => data}/force_pyi.py,0,0,0,0
black,ecb3d8c472a369bdf04ec22adad3ef4793183bc1,2018-06-03T11:46:59-07:00,profiling/list_big.py,0,0,0,4000
black,ecb3d8c472a369bdf04ec22adad3ef4793183bc1,2018-06-03T11:46:59-07:00,tests/{ => data}/import_spacing.py,0,0,0,0
black,ecb3d8c472a369bdf04ec22adad3ef4793183bc1,2018-06-03T11:46:59-07:00,docs/conf.py,280,0,0,139
black,ecb3d8c472a369bdf04ec22adad3ef4793183bc1,2018-06-03T11:46:59-07:00,tests/{ => data}/force_py36.py,0,0,0,0
black,ecb3d8c472a369bdf04ec22adad3ef4793183bc1,2018-06-03T11:46:59-07:00,black.py,3242,13,0,611
black,ecb3d8c472a369bdf04ec22adad3ef4793183bc1,2018-06-03T11:46:59-07:00,tests/{ => data}/slices.py,0,0,0,0
black,ecb3d8c472a369bdf04ec22adad3ef4793183bc1,2018-06-03T11:46:59-07:00,setup.py,59,0,0,2
black,ecb3d8c472a369bdf04ec22adad3ef4793183bc1,2018-06-03T11:46:59-07:00,tests/{ => data}/comments4.py,0,0,0,0
black,ecb3d8c472a369bdf04ec22adad3ef4793183bc1,2018-06-03T11:46:59-07:00,tests/{ => data}/function2.py,0,0,0,0
black,ecb3d8c472a369bdf04ec22adad3ef4793183bc1,2018-06-03T11:46:59-07:00,tests/{ => data}/debug_visitor.py,0,0,0,0
black,ecb3d8c472a369bdf04ec22adad3ef4793183bc1,2018-06-03T11:46:59-07:00,tests/{ => data}/python2.py,0,0,0,0
black,affc0ec3f90803e77fbba62376e7be9b71fe0807,2018-06-06T15:46:30-07:00,profiling/list_huge.py,0,0,0,22431
black,affc0ec3f90803e77fbba62376e7be9b71fe0807,2018-06-06T15:46:30-07:00,tests/data/fmtonoff2.py,0,0,0,40
black,affc0ec3f90803e77fbba62376e7be9b71fe0807,2018-06-06T15:46:30-07:00,blib2to3/pgen2/driver.py,228,0,0,19
black,affc0ec3f90803e77fbba62376e7be9b71fe0807,2018-06-06T15:46:30-07:00,tests/data/fmtonoff.py,0,0,0,117
black,affc0ec3f90803e77fbba62376e7be9b71fe0807,2018-06-06T15:46:30-07:00,tests/data/profile_small.py,0,0,0,102
black,affc0ec3f90803e77fbba62376e7be9b71fe0807,2018-06-06T15:46:30-07:00,tests/{ => data}/comments.py,0,0,0,0
black,affc0ec3f90803e77fbba62376e7be9b71fe0807,2018-06-06T15:46:30-07:00,tests/{ => data}/string_prefixes.py,0,0,0,0
black,affc0ec3f90803e77fbba62376e7be9b71fe0807,2018-06-06T15:46:30-07:00,tests/{ => data}/include_exclude_tests/b/dont_exclude/a.py,0,0,0,0
black,affc0ec3f90803e77fbba62376e7be9b71fe0807,2018-06-06T15:46:30-07:00,profiling/dict_huge.py,0,0,0,41440
black,affc0ec3f90803e77fbba62376e7be9b71fe0807,2018-06-06T15:46:30-07:00,tests/{ => data}/function.py,0,0,0,0
black,affc0ec3f90803e77fbba62376e7be9b71fe0807,2018-06-06T15:46:30-07:00,tests/{ => data}/python2_unicode_literals.py,0,0,0,0
black,affc0ec3f90803e77fbba62376e7be9b71fe0807,2018-06-06T15:46:30-07:00,tests/{ => data}/comments3.py,0,0,0,0
black,affc0ec3f90803e77fbba62376e7be9b71fe0807,2018-06-06T15:46:30-07:00,tests/{ => data}/include_exclude_tests/b/.definitely_exclude/a.py,0,0,0,0
black,affc0ec3f90803e77fbba62376e7be9b71fe0807,2018-06-06T15:46:30-07:00,tests/data/profile_small.py => profiling/mix_small.py,0,0,0,0
black,affc0ec3f90803e77fbba62376e7be9b71fe0807,2018-06-06T15:46:30-07:00,tests/{ => data}/include_exclude_tests/b/exclude/a.py,0,0,0,0
black,affc0ec3f90803e77fbba62376e7be9b71fe0807,2018-06-06T15:46:30-07:00,tests/{ => data}/class_methods_new_line.py,0,0,0,0
black,affc0ec3f90803e77fbba62376e7be9b71fe0807,2018-06-06T15:46:30-07:00,tests/{ => data}/class_blank_parentheses.py,0,0,0,0
black,affc0ec3f90803e77fbba62376e7be9b71fe0807,2018-06-06T15:46:30-07:00,tests/test_black.py,1166,0,0,144
black,affc0ec3f90803e77fbba62376e7be9b71fe0807,2018-06-06T15:46:30-07:00,tests/data/string_wayne.py,0,0,0,2
black,affc0ec3f90803e77fbba62376e7be9b71fe0807,2018-06-06T15:46:30-07:00,tests/data/profile_huge => profiling/mix_huge.py,0,0,0,0
black,affc0ec3f90803e77fbba62376e7be9b71fe0807,2018-06-06T15:46:30-07:00,tests/data/profile_tiny.py,0,0,0,10
black,affc0ec3f90803e77fbba62376e7be9b71fe0807,2018-06-06T15:46:30-07:00,blib2to3/pgen2/conv.py,257,2,0,0
black,affc0ec3f90803e77fbba62376e7be9b71fe0807,2018-06-06T15:46:30-07:00,blib2to3/pytree.py,854,2,0,46
black,affc0ec3f90803e77fbba62376e7be9b71fe0807,2018-06-06T15:46:30-07:00,tests/{ => data}/fstring.py,0,0,0,0
black,affc0ec3f90803e77fbba62376e7be9b71fe0807,2018-06-06T15:46:30-07:00,tests/data/fstring.py,0,0,0,18
black,affc0ec3f90803e77fbba62376e7be9b71fe0807,2018-06-06T15:46:30-07:00,tests/{ => data}/string_quotes.py,0,0,0,0
black,affc0ec3f90803e77fbba62376e7be9b71fe0807,2018-06-06T15:46:30-07:00,blib2to3/pgen2/pgen.py,386,2,0,0
black,affc0ec3f90803e77fbba62376e7be9b71fe0807,2018-06-06T15:46:30-07:00,tests/{ => data}/comments5.py,0,0,0,0
black,affc0ec3f90803e77fbba62376e7be9b71fe0807,2018-06-06T15:46:30-07:00,tests/{ => data}/composition.py,0,0,0,0
black,affc0ec3f90803e77fbba62376e7be9b71fe0807,2018-06-06T15:46:30-07:00,tests/{ => data}/cantfit.py,0,0,0,0
black,affc0ec3f90803e77fbba62376e7be9b71fe0807,2018-06-06T15:46:30-07:00,tests/data/string_quotes.py,0,0,0,4
black,affc0ec3f90803e77fbba62376e7be9b71fe0807,2018-06-06T15:46:30-07:00,profiling/dict_big.py,0,0,0,8001
black,affc0ec3f90803e77fbba62376e7be9b71fe0807,2018-06-06T15:46:30-07:00,tests/{ => data}/fmtonoff.py,0,0,0,0
black,affc0ec3f90803e77fbba62376e7be9b71fe0807,2018-06-06T15:46:30-07:00,tests/{ => data}/comments2.py,0,0,0,0
black,affc0ec3f90803e77fbba62376e7be9b71fe0807,2018-06-06T15:46:30-07:00,tests/{ => data}/expression.py,0,0,0,0
black,affc0ec3f90803e77fbba62376e7be9b71fe0807,2018-06-06T15:46:30-07:00,tests/data/profile_big.py => profiling/mix_big.py,0,0,0,0
black,affc0ec3f90803e77fbba62376e7be9b71fe0807,2018-06-06T15:46:30-07:00,tests/{ => data}/empty_lines.py,0,0,0,0
black,affc0ec3f90803e77fbba62376e7be9b71fe0807,2018-06-06T15:46:30-07:00,tests/data/profile_big.py,0,0,0,1002
black,affc0ec3f90803e77fbba62376e7be9b71fe0807,2018-06-06T15:46:30-07:00,docs/conf.py,279,0,0,1
black,affc0ec3f90803e77fbba62376e7be9b71fe0807,2018-06-06T15:46:30-07:00,profiling/list_big.py,0,0,0,4000
black,affc0ec3f90803e77fbba62376e7be9b71fe0807,2018-06-06T15:46:30-07:00,tests/{ => data}/force_pyi.py,0,0,0,0
black,affc0ec3f90803e77fbba62376e7be9b71fe0807,2018-06-06T15:46:30-07:00,tests/{ => data}/import_spacing.py,0,0,0,0
black,affc0ec3f90803e77fbba62376e7be9b71fe0807,2018-06-06T15:46:30-07:00,tests/{ => data}/force_py36.py,0,0,0,0
black,affc0ec3f90803e77fbba62376e7be9b71fe0807,2018-06-06T15:46:30-07:00,black.py,3402,13,0,663
black,affc0ec3f90803e77fbba62376e7be9b71fe0807,2018-06-06T15:46:30-07:00,tests/{ => data}/slices.py,0,0,0,0
black,affc0ec3f90803e77fbba62376e7be9b71fe0807,2018-06-06T15:46:30-07:00,setup.py,59,0,0,2
black,affc0ec3f90803e77fbba62376e7be9b71fe0807,2018-06-06T15:46:30-07:00,tests/{ => data}/comments4.py,0,0,0,0
black,affc0ec3f90803e77fbba62376e7be9b71fe0807,2018-06-06T15:46:30-07:00,tests/{ => data}/function2.py,0,0,0,0
black,affc0ec3f90803e77fbba62376e7be9b71fe0807,2018-06-06T15:46:30-07:00,tests/{ => data}/debug_visitor.py,0,0,0,0
black,affc0ec3f90803e77fbba62376e7be9b71fe0807,2018-06-06T15:46:30-07:00,tests/{ => data}/python2.py,0,0,0,0
black,fac4cf995c16441dc2e37bc002484d85329f06d6,2018-06-06T17:04:32-07:00,blib2to3/pgen2/pgen.py,386,2,0,0
black,fac4cf995c16441dc2e37bc002484d85329f06d6,2018-06-06T17:04:32-07:00,profiling/list_huge.py,0,0,0,22431
black,fac4cf995c16441dc2e37bc002484d85329f06d6,2018-06-06T17:04:32-07:00,tests/data/fmtonoff2.py,0,0,0,40
black,fac4cf995c16441dc2e37bc002484d85329f06d6,2018-06-06T17:04:32-07:00,blib2to3/pgen2/driver.py,228,0,0,19
black,fac4cf995c16441dc2e37bc002484d85329f06d6,2018-06-06T17:04:32-07:00,tests/data/fmtonoff.py,220,0,0,117
black,fac4cf995c16441dc2e37bc002484d85329f06d6,2018-06-06T17:04:32-07:00,tests/data/profile_small.py,0,0,0,102
black,fac4cf995c16441dc2e37bc002484d85329f06d6,2018-06-06T17:04:32-07:00,profiling/dict_huge.py,0,0,0,41440
black,fac4cf995c16441dc2e37bc002484d85329f06d6,2018-06-06T17:04:32-07:00,tests/data/string_quotes.py,91,0,0,4
black,fac4cf995c16441dc2e37bc002484d85329f06d6,2018-06-06T17:04:32-07:00,profiling/dict_big.py,0,0,0,8001
black,fac4cf995c16441dc2e37bc002484d85329f06d6,2018-06-06T17:04:32-07:00,tests/data/profile_small.py => profiling/mix_small.py,0,0,0,0
black,fac4cf995c16441dc2e37bc002484d85329f06d6,2018-06-06T17:04:32-07:00,tests/data/profile_big.py => profiling/mix_big.py,0,0,0,0
black,fac4cf995c16441dc2e37bc002484d85329f06d6,2018-06-06T17:04:32-07:00,tests/data/profile_big.py,0,0,0,1002
black,fac4cf995c16441dc2e37bc002484d85329f06d6,2018-06-06T17:04:32-07:00,docs/conf.py,279,0,0,1
black,fac4cf995c16441dc2e37bc002484d85329f06d6,2018-06-06T17:04:32-07:00,profiling/list_big.py,0,0,0,4000
black,fac4cf995c16441dc2e37bc002484d85329f06d6,2018-06-06T17:04:32-07:00,tests/test_black.py,1167,0,0,107
black,fac4cf995c16441dc2e37bc002484d85329f06d6,2018-06-06T17:04:32-07:00,tests/data/string_wayne.py,0,0,0,2
black,fac4cf995c16441dc2e37bc002484d85329f06d6,2018-06-06T17:04:32-07:00,black.py,3455,13,0,578
black,fac4cf995c16441dc2e37bc002484d85329f06d6,2018-06-06T17:04:32-07:00,tests/data/profile_huge => profiling/mix_huge.py,0,0,0,0
black,fac4cf995c16441dc2e37bc002484d85329f06d6,2018-06-06T17:04:32-07:00,tests/data/profile_tiny.py,0,0,0,10
black,fac4cf995c16441dc2e37bc002484d85329f06d6,2018-06-06T17:04:32-07:00,setup.py,59,0,0,2
black,fac4cf995c16441dc2e37bc002484d85329f06d6,2018-06-06T17:04:32-07:00,blib2to3/pgen2/conv.py,257,2,0,0
black,fac4cf995c16441dc2e37bc002484d85329f06d6,2018-06-06T17:04:32-07:00,blib2to3/pytree.py,854,2,0,46
black,fac4cf995c16441dc2e37bc002484d85329f06d6,2018-06-06T17:04:32-07:00,tests/data/fstring.py,5,0,0,18
black,013cb2b374cc6d649d25bc35ba592a8f88f484df,2018-06-18T22:37:46-07:00,blib2to3/pgen2/pgen.py,386,2,0,0
black,013cb2b374cc6d649d25bc35ba592a8f88f484df,2018-06-18T22:37:46-07:00,tests/data/fmtonoff2.py,0,0,0,40
black,013cb2b374cc6d649d25bc35ba592a8f88f484df,2018-06-18T22:37:46-07:00,blib2to3/pgen2/driver.py,228,0,0,19
black,013cb2b374cc6d649d25bc35ba592a8f88f484df,2018-06-18T22:37:46-07:00,tests/data/fmtonoff.py,220,0,0,125
black,013cb2b374cc6d649d25bc35ba592a8f88f484df,2018-06-18T22:37:46-07:00,tests/data/python2_unicode_literals.py,16,0,0,8
black,013cb2b374cc6d649d25bc35ba592a8f88f484df,2018-06-18T22:37:46-07:00,tests/test_black.py,1210,0,0,68
black,013cb2b374cc6d649d25bc35ba592a8f88f484df,2018-06-18T22:37:46-07:00,black.py,3503,13,0,473
black,013cb2b374cc6d649d25bc35ba592a8f88f484df,2018-06-18T22:37:46-07:00,blib2to3/pgen2/conv.py,257,2,0,0
black,3fb451687293c993b10d860449eb405ddd44f377,2018-08-17T16:45:47+01:00,blib2to3/pgen2/pgen.py,386,2,0,0
black,3fb451687293c993b10d860449eb405ddd44f377,2018-08-17T16:45:47+01:00,blib2to3/pgen2/tokenize.py,567,0,0,7
black,3fb451687293c993b10d860449eb405ddd44f377,2018-08-17T16:45:47+01:00,tests/data/numeric_literals.py,36,0,0,4
black,3fb451687293c993b10d860449eb405ddd44f377,2018-08-17T16:45:47+01:00,tests/test_black.py,1259,0,0,59
black,3fb451687293c993b10d860449eb405ddd44f377,2018-08-17T16:45:47+01:00,black.py,3583,12,0,231
black,3fb451687293c993b10d860449eb405ddd44f377,2018-08-17T16:45:47+01:00,tests/data/python37.py,0,0,0,13
black,3fb451687293c993b10d860449eb405ddd44f377,2018-08-17T16:45:47+01:00,setup.py,59,0,0,1
black,3fb451687293c993b10d860449eb405ddd44f377,2018-08-17T16:45:47+01:00,tests/data/numeric_literals_py2.py,12,0,0,4
black,3fb451687293c993b10d860449eb405ddd44f377,2018-08-17T16:45:47+01:00,tests/data/bracketmatch.py,0,0,0,15
black,3fb451687293c993b10d860449eb405ddd44f377,2018-08-17T16:45:47+01:00,blib2to3/pgen2/conv.py,257,2,0,0
black,3fb451687293c993b10d860449eb405ddd44f377,2018-08-17T16:45:47+01:00,tests/data/cantfit.py,87,0,0,6
black,ebbb98919d26caa641a6aa4ed6d3beb11a897cf2,2018-08-17T10:17:37-07:00,blib2to3/pgen2/pgen.py,386,2,0,0
black,ebbb98919d26caa641a6aa4ed6d3beb11a897cf2,2018-08-17T10:17:37-07:00,blib2to3/pgen2/tokenize.py,567,0,0,7
black,ebbb98919d26caa641a6aa4ed6d3beb11a897cf2,2018-08-17T10:17:37-07:00,tests/data/numeric_literals.py,36,0,0,4
black,ebbb98919d26caa641a6aa4ed6d3beb11a897cf2,2018-08-17T10:17:37-07:00,tests/test_black.py,1259,0,0,59
black,ebbb98919d26caa641a6aa4ed6d3beb11a897cf2,2018-08-17T10:17:37-07:00,black.py,3580,12,0,202
black,ebbb98919d26caa641a6aa4ed6d3beb11a897cf2,2018-08-17T10:17:37-07:00,tests/data/python37.py,0,0,0,13
black,ebbb98919d26caa641a6aa4ed6d3beb11a897cf2,2018-08-17T10:17:37-07:00,setup.py,59,0,0,1
black,ebbb98919d26caa641a6aa4ed6d3beb11a897cf2,2018-08-17T10:17:37-07:00,tests/data/numeric_literals_py2.py,12,0,0,4
black,ebbb98919d26caa641a6aa4ed6d3beb11a897cf2,2018-08-17T10:17:37-07:00,tests/data/bracketmatch.py,0,0,0,15
black,ebbb98919d26caa641a6aa4ed6d3beb11a897cf2,2018-08-17T10:17:37-07:00,blib2to3/pgen2/conv.py,257,2,0,0
black,ebbb98919d26caa641a6aa4ed6d3beb11a897cf2,2018-08-17T10:17:37-07:00,tests/data/cantfit.py,87,0,0,6
black,401836d02eb7516829fe1f84ca10791d04606f01,2018-08-26T21:19:22+01:00,blib2to3/pgen2/pgen.py,386,2,0,0
black,401836d02eb7516829fe1f84ca10791d04606f01,2018-08-26T21:19:22+01:00,setup.py,59,0,0,1
black,401836d02eb7516829fe1f84ca10791d04606f01,2018-08-26T21:19:22+01:00,blib2to3/pgen2/conv.py,257,2,0,0
black,401836d02eb7516829fe1f84ca10791d04606f01,2018-08-26T21:19:22+01:00,tests/test_black.py,1293,0,0,37
black,401836d02eb7516829fe1f84ca10791d04606f01,2018-08-26T21:19:22+01:00,black.py,3620,12,0,11
black,401836d02eb7516829fe1f84ca10791d04606f01,2018-08-26T21:19:22+01:00,tests/data/python37.py,13,0,0,28
black,bbf38400ceef34119e63c18c71e3316040a90a59,2018-09-25T16:01:56+01:00,blib2to3/pgen2/pgen.py,386,2,0,0
black,bbf38400ceef34119e63c18c71e3316040a90a59,2018-09-25T16:01:56+01:00,tests/data/fmtonoff.py,405,0,0,2
black,bbf38400ceef34119e63c18c71e3316040a90a59,2018-09-25T16:01:56+01:00,blackd.py,106,0,0,9
black,bbf38400ceef34119e63c18c71e3316040a90a59,2018-09-25T16:01:56+01:00,tests/data/function.py,244,0,0,2
black,bbf38400ceef34119e63c18c71e3316040a90a59,2018-09-25T16:01:56+01:00,tests/data/comments2.py,294,0,0,14
black,bbf38400ceef34119e63c18c71e3316040a90a59,2018-09-25T16:01:56+01:00,tests/data/comments3.py,41,0,0,6
black,bbf38400ceef34119e63c18c71e3316040a90a59,2018-09-25T16:01:56+01:00,tests/data/comments.py,86,0,0,3
black,bbf38400ceef34119e63c18c71e3316040a90a59,2018-09-25T16:01:56+01:00,tests/data/comments4.py,96,0,0,8
black,bbf38400ceef34119e63c18c71e3316040a90a59,2018-09-25T16:01:56+01:00,tests/data/numeric_literals.py,40,0,0,8
black,bbf38400ceef34119e63c18c71e3316040a90a59,2018-09-25T16:01:56+01:00,tests/test_black.py,1488,0,0,11
black,bbf38400ceef34119e63c18c71e3316040a90a59,2018-09-25T16:01:56+01:00,black.py,3636,12,0,152
black,bbf38400ceef34119e63c18c71e3316040a90a59,2018-09-25T16:01:56+01:00,setup.py,61,0,0,2
black,bbf38400ceef34119e63c18c71e3316040a90a59,2018-09-25T16:01:56+01:00,tests/data/numeric_literals_py2.py,16,0,0,2
black,bbf38400ceef34119e63c18c71e3316040a90a59,2018-09-25T16:01:56+01:00,blib2to3/pgen2/conv.py,257,2,0,0
black,bbf38400ceef34119e63c18c71e3316040a90a59,2018-09-25T16:01:56+01:00,tests/data/import_spacing.py,112,0,0,2
black,bbf38400ceef34119e63c18c71e3316040a90a59,2018-09-25T16:01:56+01:00,tests/data/numeric_literals_skip_underscores.py,0,0,0,23
black,0c5c5374313566dd9047c3e992a3c23a7ea4b8f2,2018-09-26T07:41:34-07:00,blib2to3/pgen2/pgen.py,386,2,0,0
black,0c5c5374313566dd9047c3e992a3c23a7ea4b8f2,2018-09-26T07:41:34-07:00,tests/data/comments3.py,41,0,0,6
black,0c5c5374313566dd9047c3e992a3c23a7ea4b8f2,2018-09-26T07:41:34-07:00,tests/data/comments.py,86,0,0,3
black,0c5c5374313566dd9047c3e992a3c23a7ea4b8f2,2018-09-26T07:41:34-07:00,tests/data/comments4.py,96,0,0,8
black,0c5c5374313566dd9047c3e992a3c23a7ea4b8f2,2018-09-26T07:41:34-07:00,black.py,3663,8,0,108
black,0c5c5374313566dd9047c3e992a3c23a7ea4b8f2,2018-09-26T07:41:34-07:00,setup.py,61,0,0,2
black,0c5c5374313566dd9047c3e992a3c23a7ea4b8f2,2018-09-26T07:41:34-07:00,blib2to3/pgen2/conv.py,257,2,0,0
black,0c5c5374313566dd9047c3e992a3c23a7ea4b8f2,2018-09-26T07:41:34-07:00,tests/data/comments2.py,294,0,0,14
black,1610fd6bc5d594c4f27698825913d2f791d3ea02,2018-09-26T08:26:35-07:00,blib2to3/pgen2/pgen.py,386,2,0,0
black,1610fd6bc5d594c4f27698825913d2f791d3ea02,2018-09-26T08:26:35-07:00,tests/data/comments3.py,41,0,0,6
black,1610fd6bc5d594c4f27698825913d2f791d3ea02,2018-09-26T08:26:35-07:00,tests/data/comments.py,86,0,0,3
black,1610fd6bc5d594c4f27698825913d2f791d3ea02,2018-09-26T08:26:35-07:00,tests/data/comments4.py,104,0,0,8
black,1610fd6bc5d594c4f27698825913d2f791d3ea02,2018-09-26T08:26:35-07:00,black.py,3664,8,0,35
black,1610fd6bc5d594c4f27698825913d2f791d3ea02,2018-09-26T08:26:35-07:00,setup.py,61,0,0,2
black,1610fd6bc5d594c4f27698825913d2f791d3ea02,2018-09-26T08:26:35-07:00,blib2to3/pgen2/conv.py,257,2,0,0
black,1610fd6bc5d594c4f27698825913d2f791d3ea02,2018-09-26T08:26:35-07:00,tests/data/comments2.py,308,0,0,14
black,a862795e1acf5010141939a11a33a694f6fe024e,2019-02-04T19:08:06-08:00,blib2to3/pgen2/pgen.py,386,2,0,0
black,a862795e1acf5010141939a11a33a694f6fe024e,2019-02-04T19:08:06-08:00,tests/data/fmtonoff.py,405,0,0,4
black,a862795e1acf5010141939a11a33a694f6fe024e,2019-02-04T19:08:06-08:00,blackd.py,140,0,0,96
black,a862795e1acf5010141939a11a33a694f6fe024e,2019-02-04T19:08:06-08:00,tests/data/numeric_literals.py,44,0,0,20
black,a862795e1acf5010141939a11a33a694f6fe024e,2019-02-04T19:08:06-08:00,tests/test_black.py,1521,0,0,383
black,a862795e1acf5010141939a11a33a694f6fe024e,2019-02-04T19:08:06-08:00,black.py,3689,8,0,424
black,a862795e1acf5010141939a11a33a694f6fe024e,2019-02-04T19:08:06-08:00,tests/data/function.py,244,0,0,2
black,a862795e1acf5010141939a11a33a694f6fe024e,2019-02-04T19:08:06-08:00,setup.py,66,0,0,2
black,a862795e1acf5010141939a11a33a694f6fe024e,2019-02-04T19:08:06-08:00,blib2to3/pgen2/conv.py,257,2,0,0
black,a23f4cfdbd6d74a568b43628881a1d1750a81c7a,2019-05-07T22:16:29+02:00,blib2to3/pgen2/pgen.py,386,2,0,0
black,a23f4cfdbd6d74a568b43628881a1d1750a81c7a,2019-05-07T22:16:29+02:00,blib2to3/pgen2/driver.py,221,0,0,22
black,a23f4cfdbd6d74a568b43628881a1d1750a81c7a,2019-05-07T22:16:29+02:00,blib2to3/pgen2/tokenize.py,568,0,0,23
black,a23f4cfdbd6d74a568b43628881a1d1750a81c7a,2019-05-07T22:16:29+02:00,tests/data/async_as_identifier.py,0,0,0,49
black,a23f4cfdbd6d74a568b43628881a1d1750a81c7a,2019-05-07T22:16:29+02:00,tests/data/comment_after_escaped_newline.py,0,0,0,18
black,a23f4cfdbd6d74a568b43628881a1d1750a81c7a,2019-05-07T22:16:29+02:00,tests/data/expression.py,574,0,0,2
black,a23f4cfdbd6d74a568b43628881a1d1750a81c7a,2019-05-07T22:16:29+02:00,blib2to3/pygram.py,57,0,0,9
black,a23f4cfdbd6d74a568b43628881a1d1750a81c7a,2019-05-07T22:16:29+02:00,tests/data/comments6.py,86,0,0,6
black,a23f4cfdbd6d74a568b43628881a1d1750a81c7a,2019-05-07T22:16:29+02:00,tests/data/comments.py,89,0,0,2
black,a23f4cfdbd6d74a568b43628881a1d1750a81c7a,2019-05-07T22:16:29+02:00,tests/test_black.py,1603,0,0,56
black,a23f4cfdbd6d74a568b43628881a1d1750a81c7a,2019-05-07T22:16:29+02:00,tests/data/remove_parens.py,0,0,0,10
black,a23f4cfdbd6d74a568b43628881a1d1750a81c7a,2019-05-07T22:16:29+02:00,black.py,3798,8,0,242
black,a23f4cfdbd6d74a568b43628881a1d1750a81c7a,2019-05-07T22:16:29+02:00,tests/data/python37.py,41,0,0,28
black,a23f4cfdbd6d74a568b43628881a1d1750a81c7a,2019-05-07T22:16:29+02:00,blib2to3/pgen2/grammar.py,190,0,0,3
black,a23f4cfdbd6d74a568b43628881a1d1750a81c7a,2019-05-07T22:16:29+02:00,setup.py,66,0,0,8
black,a23f4cfdbd6d74a568b43628881a1d1750a81c7a,2019-05-07T22:16:29+02:00,blib2to3/pgen2/conv.py,257,2,0,0
black,c4d2db43231cb927c89a403e2837b7fee92a6ad5,2019-09-04T09:11:07+01:00,blib2to3/pgen2/pgen.py,386,2,0,0
black,c4d2db43231cb927c89a403e2837b7fee92a6ad5,2019-09-04T09:11:07+01:00,versioneer.py,1885,75,0,0
black,c4d2db43231cb927c89a403e2837b7fee92a6ad5,2019-09-04T09:11:07+01:00,blib2to3/pgen2/conv.py,257,2,0,0
black,c4d2db43231cb927c89a403e2837b7fee92a6ad5,2019-09-04T09:11:07+01:00,tests/data/comments6.py,89,0,0,14
black,c4d2db43231cb927c89a403e2837b7fee92a6ad5,2019-09-04T09:11:07+01:00,_version.py,556,67,0,0
black,c4d2db43231cb927c89a403e2837b7fee92a6ad5,2019-09-04T09:11:07+01:00,tests/test_black.py,1667,0,0,6
black,c4d2db43231cb927c89a403e2837b7fee92a6ad5,2019-09-04T09:11:07+01:00,black.py,4018,10,0,31
black,5938106ac4932cb9015122352c87e2f1daba55e8,2019-09-18T13:34:20+01:00,blib2to3/pgen2/pgen.py,386,2,0,0
black,5938106ac4932cb9015122352c87e2f1daba55e8,2019-09-18T13:34:20+01:00,versioneer.py,0,0,0,1885
black,5938106ac4932cb9015122352c87e2f1daba55e8,2019-09-18T13:34:20+01:00,docs/conf.py,282,0,0,14
black,5938106ac4932cb9015122352c87e2f1daba55e8,2019-09-18T13:34:20+01:00,black.py,4031,10,0,8
black,5938106ac4932cb9015122352c87e2f1daba55e8,2019-09-18T13:34:20+01:00,setup.py,64,0,0,7
black,5938106ac4932cb9015122352c87e2f1daba55e8,2019-09-18T13:34:20+01:00,blib2to3/pgen2/conv.py,257,2,0,0
black,5938106ac4932cb9015122352c87e2f1daba55e8,2019-09-18T13:34:20+01:00,_version.py,0,0,0,556
black,7b11f04d54d6da117ed5e640fd9420727f07ef81,2019-10-14T18:15:18-07:00,tests/data/fmtonoff.py,405,0,0,22
black,7b11f04d54d6da117ed5e640fd9420727f07ef81,2019-10-14T18:15:18-07:00,blib2to3/pgen2/driver.py,229,0,0,38
black,7b11f04d54d6da117ed5e640fd9420727f07ef81,2019-10-14T18:15:18-07:00,tests/data/blackd_diff.py,0,0,0,6
black,7b11f04d54d6da117ed5e640fd9420727f07ef81,2019-10-14T18:15:18-07:00,tests/data/composition.py,179,0,0,25
black,7b11f04d54d6da117ed5e640fd9420727f07ef81,2019-10-14T18:15:18-07:00,tests/data/expression.py,574,0,0,26
black,7b11f04d54d6da117ed5e640fd9420727f07ef81,2019-10-14T18:15:18-07:00,blib2to3/pygram.py,63,0,0,16
black,7b11f04d54d6da117ed5e640fd9420727f07ef81,2019-10-14T18:15:18-07:00,blib2to3/pgen2/parse.py,201,0,0,14
black,7b11f04d54d6da117ed5e640fd9420727f07ef81,2019-10-14T18:15:18-07:00,tests/data/comments6.py,116,0,0,2
black,7b11f04d54d6da117ed5e640fd9420727f07ef81,2019-10-14T18:15:18-07:00,tests/data/function_trailing_comma.py,14,0,0,15
black,7b11f04d54d6da117ed5e640fd9420727f07ef81,2019-10-14T18:15:18-07:00,tests/test_black.py,1681,0,0,166
black,7b11f04d54d6da117ed5e640fd9420727f07ef81,2019-10-14T18:15:18-07:00,tests/data/function2.py,53,0,0,8
black,7b11f04d54d6da117ed5e640fd9420727f07ef81,2019-10-14T18:15:18-07:00,blib2to3/pgen2/conv.py,257,2,0,61
black,7b11f04d54d6da117ed5e640fd9420727f07ef81,2019-10-14T18:15:18-07:00,blib2to3/pytree.py,868,0,0,99
black,7b11f04d54d6da117ed5e640fd9420727f07ef81,2019-10-14T18:15:18-07:00,blib2to3/pgen2/literals.py,60,0,0,35
black,7b11f04d54d6da117ed5e640fd9420727f07ef81,2019-10-14T18:15:18-07:00,blib2to3/pgen2/pgen.py,386,2,0,67
black,7b11f04d54d6da117ed5e640fd9420727f07ef81,2019-10-14T18:15:18-07:00,tests/data/tupleassign.py,10,0,0,13
black,7b11f04d54d6da117ed5e640fd9420727f07ef81,2019-10-14T18:15:18-07:00,blib2to3/pgen2/tokenize.py,571,0,0,355
black,7b11f04d54d6da117ed5e640fd9420727f07ef81,2019-10-14T18:15:18-07:00,blackd.py,176,0,0,20
black,7b11f04d54d6da117ed5e640fd9420727f07ef81,2019-10-14T18:15:18-07:00,tests/data/collections.py,0,0,0,167
black,7b11f04d54d6da117ed5e640fd9420727f07ef81,2019-10-14T18:15:18-07:00,tests/data/function.py,244,0,0,2
black,7b11f04d54d6da117ed5e640fd9420727f07ef81,2019-10-14T18:15:18-07:00,tests/data/comments2.py,323,0,0,6
black,7b11f04d54d6da117ed5e640fd9420727f07ef81,2019-10-14T18:15:18-07:00,blib2to3/pgen2/token.py,84,0,0,6
black,7b11f04d54d6da117ed5e640fd9420727f07ef81,2019-10-14T18:15:18-07:00,tests/data/remove_parens.py,120,0,0,32
black,7b11f04d54d6da117ed5e640fd9420727f07ef81,2019-10-14T18:15:18-07:00,black.py,4068,10,0,423
black,7b11f04d54d6da117ed5e640fd9420727f07ef81,2019-10-14T18:15:18-07:00,blib2to3/pgen2/grammar.py,194,0,0,15
black,7b11f04d54d6da117ed5e640fd9420727f07ef81,2019-10-14T18:15:18-07:00,setup.py,65,0,0,9
black,7b11f04d54d6da117ed5e640fd9420727f07ef81,2019-10-14T18:15:18-07:00,tests/data/fmtonoff3.py,0,0,0,35
black,7b11f04d54d6da117ed5e640fd9420727f07ef81,2019-10-14T18:15:18-07:00,blib2to3/__init__.py,1,0,0,2
black,7b11f04d54d6da117ed5e640fd9420727f07ef81,2019-10-14T18:15:18-07:00,tests/data/comments7.py,115,0,0,2
black,c53853f5716f2b5100b17b8f8509e026dd7fa4e2,2019-11-22T08:14:57+00:00,blib2to3/pgen2/pgen.py,430,2,0,0
black,c53853f5716f2b5100b17b8f8509e026dd7fa4e2,2019-11-22T08:14:57+00:00,tests/data/comments7.py,115,0,0,4
black,c53853f5716f2b5100b17b8f8509e026dd7fa4e2,2019-11-22T08:14:57+00:00,blib2to3/pgen2/conv.py,256,2,0,0
black,c53853f5716f2b5100b17b8f8509e026dd7fa4e2,2019-11-22T08:14:57+00:00,tests/data/comments2.py,323,0,0,13
black,c53853f5716f2b5100b17b8f8509e026dd7fa4e2,2019-11-22T08:14:57+00:00,black.py,4164,10,0,5
black,383857273c79ad0bbe12f63716b4825de526a522,2020-01-26T13:31:49+00:00,blib2to3/pgen2/pgen.py,430,2,0,0
black,383857273c79ad0bbe12f63716b4825de526a522,2020-01-26T13:31:49+00:00,black.py,4168,10,0,0
black,383857273c79ad0bbe12f63716b4825de526a522,2020-01-26T13:31:49+00:00,blib2to3/pgen2/conv.py,256,2,0,0
black,5fc9f2baab4884db9cc75678169dcccaa632a80a,2020-03-09T14:38:54+01:00,blib2to3/pgen2/pgen.py,430,2,0,0
black,5fc9f2baab4884db9cc75678169dcccaa632a80a,2020-03-09T14:38:54+01:00,gallery/gallery.py,0,0,0,321
black,5fc9f2baab4884db9cc75678169dcccaa632a80a,2020-03-09T14:38:54+01:00,black.py,4194,10,0,0
black,5fc9f2baab4884db9cc75678169dcccaa632a80a,2020-03-09T14:38:54+01:00,blib2to3/pgen2/conv.py,256,2,0,0
black,729f2d8cafd1b8e44d7c0a6bd841453ffac01c8e,2020-03-12T19:42:17+00:00,blib2to3/pgen2/pgen.py,430,2,0,0
black,729f2d8cafd1b8e44d7c0a6bd841453ffac01c8e,2020-03-12T19:42:17+00:00,black.py,4194,10,0,0
black,729f2d8cafd1b8e44d7c0a6bd841453ffac01c8e,2020-03-12T19:42:17+00:00,blib2to3/pgen2/conv.py,256,2,0,0
black,c5f87fb4ef49a0e0e497c75dffa2260a9cc33585,2020-05-08T16:06:33+02:00,blib2to3/pgen2/pgen.py,430,2,0,0
black,c5f87fb4ef49a0e0e497c75dffa2260a9cc33585,2020-05-08T16:06:33+02:00,{blib2to3 => src/blib2to3}/pgen2/literals.py,0,0,0,0
black,c5f87fb4ef49a0e0e497c75dffa2260a9cc33585,2020-05-08T16:06:33+02:00,src/black/__init__.py,0,0,0,43
black,c5f87fb4ef49a0e0e497c75dffa2260a9cc33585,2020-05-08T16:06:33+02:00,{blib2to3 => src/blib2to3}/pgen2/pgen.py,0,0,0,0
black,c5f87fb4ef49a0e0e497c75dffa2260a9cc33585,2020-05-08T16:06:33+02:00,{blib2to3 => src/blib2to3}/pgen2/driver.py,0,0,0,0
black,c5f87fb4ef49a0e0e497c75dffa2260a9cc33585,2020-05-08T16:06:33+02:00,tests/test_primer.py,0,0,0,221
black,c5f87fb4ef49a0e0e497c75dffa2260a9cc33585,2020-05-08T16:06:33+02:00,tests/data/docstring.py,138,0,0,16
black,c5f87fb4ef49a0e0e497c75dffa2260a9cc33585,2020-05-08T16:06:33+02:00,{blib2to3 => src/blib2to3}/pgen2/parse.py,0,0,0,0
black,c5f87fb4ef49a0e0e497c75dffa2260a9cc33585,2020-05-08T16:06:33+02:00,gallery/gallery.py,304,0,0,2
black,c5f87fb4ef49a0e0e497c75dffa2260a9cc33585,2020-05-08T16:06:33+02:00,{blib2to3 => src/blib2to3}/pygram.py,0,0,0,0
black,c5f87fb4ef49a0e0e497c75dffa2260a9cc33585,2020-05-08T16:06:33+02:00,{blib2to3 => src/blib2to3}/__init__.py,0,0,0,0
black,c5f87fb4ef49a0e0e497c75dffa2260a9cc33585,2020-05-08T16:06:33+02:00,{blib2to3 => src/blib2to3}/pgen2/token.py,0,0,0,0
black,c5f87fb4ef49a0e0e497c75dffa2260a9cc33585,2020-05-08T16:06:33+02:00,blackd.py => src/blackd/__init__.py,0,0,0,0
black,c5f87fb4ef49a0e0e497c75dffa2260a9cc33585,2020-05-08T16:06:33+02:00,{blib2to3 => src/blib2to3}/pgen2/grammar.py,0,0,0,0
black,c5f87fb4ef49a0e0e497c75dffa2260a9cc33585,2020-05-08T16:06:33+02:00,tests/test_black.py,1922,0,0,109
black,c5f87fb4ef49a0e0e497c75dffa2260a9cc33585,2020-05-08T16:06:33+02:00,black.py,6391,20,0,198
black,c5f87fb4ef49a0e0e497c75dffa2260a9cc33585,2020-05-08T16:06:33+02:00,{blib2to3 => src/blib2to3}/pgen2/__init__.py,0,0,0,0
black,c5f87fb4ef49a0e0e497c75dffa2260a9cc33585,2020-05-08T16:06:33+02:00,{blib2to3 => src/blib2to3}/pgen2/conv.py,0,0,0,0
black,c5f87fb4ef49a0e0e497c75dffa2260a9cc33585,2020-05-08T16:06:33+02:00,src/black_primer/cli.py,0,0,0,154
black,c5f87fb4ef49a0e0e497c75dffa2260a9cc33585,2020-05-08T16:06:33+02:00,setup.py,106,0,0,30
black,c5f87fb4ef49a0e0e497c75dffa2260a9cc33585,2020-05-08T16:06:33+02:00,src/black_primer/lib.py,0,0,0,394
black,c5f87fb4ef49a0e0e497c75dffa2260a9cc33585,2020-05-08T16:06:33+02:00,blib2to3/pgen2/conv.py,256,2,0,0
black,c5f87fb4ef49a0e0e497c75dffa2260a9cc33585,2020-05-08T16:06:33+02:00,{blib2to3 => src/blib2to3}/pytree.py,0,0,0,0
black,c5f87fb4ef49a0e0e497c75dffa2260a9cc33585,2020-05-08T16:06:33+02:00,black.py => src/black/__init__.py,0,0,0,0
black,c5f87fb4ef49a0e0e497c75dffa2260a9cc33585,2020-05-08T16:06:33+02:00,{blib2to3 => src/blib2to3}/pgen2/tokenize.py,0,0,0,0
black,d46268cd671760d4c370476006795919951b1076,2020-08-24T21:33:51+02:00,src/black/__init__.py,6502,20,0,446
black,d46268cd671760d4c370476006795919951b1076,2020-08-24T21:33:51+02:00,tests/data/trailing_comma_optional_parens1.py,0,0,0,3
black,d46268cd671760d4c370476006795919951b1076,2020-08-24T21:33:51+02:00,tests/data/pep_572.py,43,0,0,4
black,d46268cd671760d4c370476006795919951b1076,2020-08-24T21:33:51+02:00,tests/data/docstring.py,166,0,0,59
black,d46268cd671760d4c370476006795919951b1076,2020-08-24T21:33:51+02:00,tests/data/docstring_no_string_normalization.py,0,0,0,209
black,d46268cd671760d4c370476006795919951b1076,2020-08-24T21:33:51+02:00,tests/data/long_strings__regression.py,704,0,0,90
black,d46268cd671760d4c370476006795919951b1076,2020-08-24T21:33:51+02:00,src/blib2to3/pgen2/conv.py,256,2,0,0
black,d46268cd671760d4c370476006795919951b1076,2020-08-24T21:33:51+02:00,tests/data/trailing_comma_optional_parens2.py,0,0,0,3
black,d46268cd671760d4c370476006795919951b1076,2020-08-24T21:33:51+02:00,tests/data/function_trailing_comma.py,67,0,0,21
black,d46268cd671760d4c370476006795919951b1076,2020-08-24T21:33:51+02:00,tests/data/function_trailing_comma_wip.py,5,0,0,5
black,d46268cd671760d4c370476006795919951b1076,2020-08-24T21:33:51+02:00,tests/test_black.py,2101,0,0,132
black,d46268cd671760d4c370476006795919951b1076,2020-08-24T21:33:51+02:00,tests/data/long_strings_flag_disabled.py,292,0,0,13
black,d46268cd671760d4c370476006795919951b1076,2020-08-24T21:33:51+02:00,src/blib2to3/pgen2/pgen.py,430,2,0,3
black,d46268cd671760d4c370476006795919951b1076,2020-08-24T21:33:51+02:00,tests/data/long_strings.py,591,0,0,6
black,d46268cd671760d4c370476006795919951b1076,2020-08-24T21:33:51+02:00,setup.py,108,0,0,5
black,d46268cd671760d4c370476006795919951b1076,2020-08-24T21:33:51+02:00,fuzz.py,59,0,0,4
black,d46268cd671760d4c370476006795919951b1076,2020-08-24T21:33:51+02:00,tests/data/trailing_comma_optional_parens3.py,0,0,0,8
black,d46268cd671760d4c370476006795919951b1076,2020-08-24T21:33:51+02:00,tests/data/cantfit.py,103,0,0,12
black,7bca930ca3d84bbd01e98937b6b8a493d0254c7c,2020-09-06T08:02:57-07:00,src/black/__init__.py,6675,20,0,145
black,7bca930ca3d84bbd01e98937b6b8a493d0254c7c,2020-09-06T08:02:57-07:00,tests/data/python39.py,0,0,0,37
black,7bca930ca3d84bbd01e98937b6b8a493d0254c7c,2020-09-06T08:02:57-07:00,tests/test_black.py,2203,0,0,68
black,7bca930ca3d84bbd01e98937b6b8a493d0254c7c,2020-09-06T08:02:57-07:00,tests/data/decorators.py,0,0,0,176
black,7bca930ca3d84bbd01e98937b6b8a493d0254c7c,2020-09-06T08:02:57-07:00,src/blib2to3/pgen2/pgen.py,429,2,0,0
black,7bca930ca3d84bbd01e98937b6b8a493d0254c7c,2020-09-06T08:02:57-07:00,tests/data/force_pyi.py,6,0,0,67
black,7bca930ca3d84bbd01e98937b6b8a493d0254c7c,2020-09-06T08:02:57-07:00,tests/data/long_strings__regression.py,744,0,0,78
black,7bca930ca3d84bbd01e98937b6b8a493d0254c7c,2020-09-06T08:02:57-07:00,src/blib2to3/pgen2/conv.py,256,2,0,0
black,f07832eac44eb38f8b048aae3e1de3512a06057c,2021-01-01T10:54:35-08:00,src/blib2to3/pgen2/token.py,89,0,0,7
black,f07832eac44eb38f8b048aae3e1de3512a06057c,2021-01-01T10:54:35-08:00,src/blib2to3/pgen2/pgen.py,429,2,0,0
black,f07832eac44eb38f8b048aae3e1de3512a06057c,2021-01-01T10:54:35-08:00,setup.py,108,0,0,2
black,f07832eac44eb38f8b048aae3e1de3512a06057c,2021-01-01T10:54:35-08:00,src/black/__init__.py,6857,20,0,8
black,f07832eac44eb38f8b048aae3e1de3512a06057c,2021-01-01T10:54:35-08:00,src/blib2to3/pgen2/conv.py,256,2,0,0
black,4310f39bd94c7fa29fc31079247d2aab4bd50f1a,2021-01-13T15:17:30-08:00,src/black/__init__.py,6861,20,0,89
black,4310f39bd94c7fa29fc31079247d2aab4bd50f1a,2021-01-13T15:17:30-08:00,tests/test_black.py,1796,0,0,25
black,4310f39bd94c7fa29fc31079247d2aab4bd50f1a,2021-01-13T15:17:30-08:00,src/blib2to3/pgen2/pgen.py,429,2,0,0
black,4310f39bd94c7fa29fc31079247d2aab4bd50f1a,2021-01-13T15:17:30-08:00,src/black_primer/lib.py,334,0,0,4
black,4310f39bd94c7fa29fc31079247d2aab4bd50f1a,2021-01-13T15:17:30-08:00,fuzz.py,59,0,0,13
black,4310f39bd94c7fa29fc31079247d2aab4bd50f1a,2021-01-13T15:17:30-08:00,src/blib2to3/pgen2/conv.py,256,2,0,0
black,4310f39bd94c7fa29fc31079247d2aab4bd50f1a,2021-01-13T15:17:30-08:00,src/blackd/__init__.py,205,0,0,6
black,988c686d312986760a42cc7edd9a79a8f31c4769,2021-02-01T09:54:19-08:00,tests/data/fmtskip.py,0,0,0,3
black,988c686d312986760a42cc7edd9a79a8f31c4769,2021-02-01T09:54:19-08:00,src/black/__init__.py,6900,21,0,120
black,988c686d312986760a42cc7edd9a79a8f31c4769,2021-02-01T09:54:19-08:00,tests/test_black.py,1821,0,0,44
black,988c686d312986760a42cc7edd9a79a8f31c4769,2021-02-01T09:54:19-08:00,tests/data/fmtskip5.py,0,0,0,22
black,988c686d312986760a42cc7edd9a79a8f31c4769,2021-02-01T09:54:19-08:00,tests/data/fmtskip2.py,0,0,0,17
black,988c686d312986760a42cc7edd9a79a8f31c4769,2021-02-01T09:54:19-08:00,src/blib2to3/pgen2/pgen.py,429,2,0,0
black,988c686d312986760a42cc7edd9a79a8f31c4769,2021-02-01T09:54:19-08:00,src/black_primer/lib.py,337,0,0,13
black,988c686d312986760a42cc7edd9a79a8f31c4769,2021-02-01T09:54:19-08:00,tests/test_format.py,98,0,0,5
black,988c686d312986760a42cc7edd9a79a8f31c4769,2021-02-01T09:54:19-08:00,src/blib2to3/pgen2/conv.py,256,2,0,0
black,988c686d312986760a42cc7edd9a79a8f31c4769,2021-02-01T09:54:19-08:00,tests/data/fmtskip3.py,0,0,0,20
black,988c686d312986760a42cc7edd9a79a8f31c4769,2021-02-01T09:54:19-08:00,tests/data/fmtskip4.py,0,0,0,13
black,97b8496d67741a10f30eefbb3d6c97a0e541fba4,2021-02-16T13:10:23-08:00,src/black/__init__.py,6928,21,0,202
black,97b8496d67741a10f30eefbb3d6c97a0e541fba4,2021-02-16T13:10:23-08:00,tests/data/missing_final_newline.py,0,0,0,3
black,97b8496d67741a10f30eefbb3d6c97a0e541fba4,2021-02-16T13:10:23-08:00,tests/test_black.py,1829,0,0,118
black,97b8496d67741a10f30eefbb3d6c97a0e541fba4,2021-02-16T13:10:23-08:00,tests/data/remove_parens.py,144,0,0,2
black,97b8496d67741a10f30eefbb3d6c97a0e541fba4,2021-02-16T13:10:23-08:00,tests/data/pep_572.py,47,0,0,4
black,97b8496d67741a10f30eefbb3d6c97a0e541fba4,2021-02-16T13:10:23-08:00,src/blib2to3/pgen2/pgen.py,429,2,0,0
black,97b8496d67741a10f30eefbb3d6c97a0e541fba4,2021-02-16T13:10:23-08:00,fuzz.py,72,0,0,17
black,97b8496d67741a10f30eefbb3d6c97a0e541fba4,2021-02-16T13:10:23-08:00,tests/data/expression.py,606,0,0,24
black,97b8496d67741a10f30eefbb3d6c97a0e541fba4,2021-02-16T13:10:23-08:00,src/blib2to3/pgen2/conv.py,256,2,0,0
black,97b8496d67741a10f30eefbb3d6c97a0e541fba4,2021-02-16T13:10:23-08:00,tests/data/pep_572_remove_parens.py,0,0,0,38
black,fe4a9d6bee21c471139e07fa27b464187477556c,2021-02-22T07:46:38-08:00,src/black/__init__.py,6939,21,0,172
black,fe4a9d6bee21c471139e07fa27b464187477556c,2021-02-22T07:46:38-08:00,tests/test_black.py,1850,0,0,123
black,fe4a9d6bee21c471139e07fa27b464187477556c,2021-02-22T07:46:38-08:00,src/blib2to3/pytree.py,981,0,0,1
black,fe4a9d6bee21c471139e07fa27b464187477556c,2021-02-22T07:46:38-08:00,tests/data/pep_572.py,47,0,0,4
black,fe4a9d6bee21c471139e07fa27b464187477556c,2021-02-22T07:46:38-08:00,tests/data/remove_parens.py,144,0,0,2
black,fe4a9d6bee21c471139e07fa27b464187477556c,2021-02-22T07:46:38-08:00,src/blib2to3/pgen2/pgen.py,429,2,0,1
black,fe4a9d6bee21c471139e07fa27b464187477556c,2021-02-22T07:46:38-08:00,setup.py,108,0,0,4
black,fe4a9d6bee21c471139e07fa27b464187477556c,2021-02-22T07:46:38-08:00,fuzz.py,85,0,0,4
black,fe4a9d6bee21c471139e07fa27b464187477556c,2021-02-22T07:46:38-08:00,tests/data/expression.py,606,0,0,24
black,fe4a9d6bee21c471139e07fa27b464187477556c,2021-02-22T07:46:38-08:00,src/blib2to3/pgen2/conv.py,256,2,0,0
black,fe4a9d6bee21c471139e07fa27b464187477556c,2021-02-22T07:46:38-08:00,src/blib2to3/pgen2/driver.py,256,0,0,3
black,fe4a9d6bee21c471139e07fa27b464187477556c,2021-02-22T07:46:38-08:00,src/blib2to3/pgen2/parse.py,237,0,0,2
black,fe4a9d6bee21c471139e07fa27b464187477556c,2021-02-22T07:46:38-08:00,tests/data/pep_572_remove_parens.py,0,0,0,38
black,858225d34dc49ca353f9e573dd82dd5845766115,2021-02-27T17:20:23-08:00,src/black/__init__.py,6954,21,0,149
black,858225d34dc49ca353f9e573dd82dd5845766115,2021-02-27T17:20:23-08:00,tests/test_black.py,1859,0,0,123
black,858225d34dc49ca353f9e573dd82dd5845766115,2021-02-27T17:20:23-08:00,src/blib2to3/pytree.py,981,0,0,1
black,858225d34dc49ca353f9e573dd82dd5845766115,2021-02-27T17:20:23-08:00,tests/data/pep_572.py,47,0,0,4
black,858225d34dc49ca353f9e573dd82dd5845766115,2021-02-27T17:20:23-08:00,tests/data/remove_parens.py,142,0,0,2
black,858225d34dc49ca353f9e573dd82dd5845766115,2021-02-27T17:20:23-08:00,src/blib2to3/pgen2/pgen.py,429,2,0,1
black,858225d34dc49ca353f9e573dd82dd5845766115,2021-02-27T17:20:23-08:00,setup.py,108,0,0,4
black,858225d34dc49ca353f9e573dd82dd5845766115,2021-02-27T17:20:23-08:00,src/blib2to3/pgen2/conv.py,256,2,0,0
black,858225d34dc49ca353f9e573dd82dd5845766115,2021-02-27T17:20:23-08:00,src/blib2to3/pgen2/driver.py,256,0,0,3
black,858225d34dc49ca353f9e573dd82dd5845766115,2021-02-27T17:20:23-08:00,src/blib2to3/pgen2/parse.py,237,0,0,2
black,858225d34dc49ca353f9e573dd82dd5845766115,2021-02-27T17:20:23-08:00,tests/data/pep_572_remove_parens.py,38,0,0,38
black,beecd6fd0a9103aa91b1019dcf8fc774b667ea6c,2021-03-01T14:07:36-08:00,src/black/__init__.py,6980,21,0,139
black,beecd6fd0a9103aa91b1019dcf8fc774b667ea6c,2021-03-01T14:07:36-08:00,tests/test_black.py,1917,0,0,114
black,beecd6fd0a9103aa91b1019dcf8fc774b667ea6c,2021-03-01T14:07:36-08:00,src/blib2to3/pytree.py,981,0,0,1
black,beecd6fd0a9103aa91b1019dcf8fc774b667ea6c,2021-03-01T14:07:36-08:00,src/blib2to3/pgen2/pgen.py,429,2,0,1
black,beecd6fd0a9103aa91b1019dcf8fc774b667ea6c,2021-03-01T14:07:36-08:00,setup.py,108,0,0,4
black,beecd6fd0a9103aa91b1019dcf8fc774b667ea6c,2021-03-01T14:07:36-08:00,src/blib2to3/pgen2/conv.py,256,2,0,0
black,beecd6fd0a9103aa91b1019dcf8fc774b667ea6c,2021-03-01T14:07:36-08:00,src/blib2to3/pgen2/driver.py,256,0,0,3
black,beecd6fd0a9103aa91b1019dcf8fc774b667ea6c,2021-03-01T14:07:36-08:00,src/blib2to3/pgen2/parse.py,237,0,0,2
black,e293473ea9c6a4408d4eb489d9d61fc87dbec639,2021-03-03T16:46:27-08:00,src/black/__init__.py,6977,21,0,0
black,e293473ea9c6a4408d4eb489d9d61fc87dbec639,2021-03-03T16:46:27-08:00,src/blib2to3/pytree.py,981,0,0,1
black,e293473ea9c6a4408d4eb489d9d61fc87dbec639,2021-03-03T16:46:27-08:00,src/blib2to3/pgen2/pgen.py,429,2,0,1
black,e293473ea9c6a4408d4eb489d9d61fc87dbec639,2021-03-03T16:46:27-08:00,setup.py,108,0,0,4
black,e293473ea9c6a4408d4eb489d9d61fc87dbec639,2021-03-03T16:46:27-08:00,src/blib2to3/pgen2/conv.py,256,2,0,0
black,e293473ea9c6a4408d4eb489d9d61fc87dbec639,2021-03-03T16:46:27-08:00,src/blib2to3/pgen2/driver.py,256,0,0,3
black,e293473ea9c6a4408d4eb489d9d61fc87dbec639,2021-03-03T16:46:27-08:00,src/blib2to3/pgen2/parse.py,237,0,0,2
black,dc8b0a43837a6280e0d7d7d4e71a5282083c6b01,2021-03-28T16:01:37-07:00,tests/data/comments_non_breaking_space.py,0,0,0,44
black,dc8b0a43837a6280e0d7d7d4e71a5282083c6b01,2021-03-28T16:01:37-07:00,src/black/__init__.py,6977,21,0,73
black,dc8b0a43837a6280e0d7d7d4e71a5282083c6b01,2021-03-28T16:01:37-07:00,tests/test_black.py,1917,0,0,36
black,dc8b0a43837a6280e0d7d7d4e71a5282083c6b01,2021-03-28T16:01:37-07:00,src/blib2to3/pgen2/pgen.py,428,2,0,0
black,dc8b0a43837a6280e0d7d7d4e71a5282083c6b01,2021-03-28T16:01:37-07:00,setup.py,108,0,0,3
black,dc8b0a43837a6280e0d7d7d4e71a5282083c6b01,2021-03-28T16:01:37-07:00,src/black_primer/lib.py,337,0,0,47
black,dc8b0a43837a6280e0d7d7d4e71a5282083c6b01,2021-03-28T16:01:37-07:00,tests/data/comments7.py,266,0,0,7
black,dc8b0a43837a6280e0d7d7d4e71a5282083c6b01,2021-03-28T16:01:37-07:00,tests/test_format.py,103,0,0,1
black,dc8b0a43837a6280e0d7d7d4e71a5282083c6b01,2021-03-28T16:01:37-07:00,src/blib2to3/pgen2/conv.py,256,2,0,0
black,1fc3215e8c8856094b20d497e4e0e3e547ed38eb,2021-04-22T08:23:41-07:00,src/black/__init__.py,7036,21,0,131
black,1fc3215e8c8856094b20d497e4e0e3e547ed38eb,2021-04-22T08:23:41-07:00,tests/test_primer.py,216,0,0,1
black,1fc3215e8c8856094b20d497e4e0e3e547ed38eb,2021-04-22T08:23:41-07:00,tests/data/docstring.py,310,0,0,103
black,1fc3215e8c8856094b20d497e4e0e3e547ed38eb,2021-04-22T08:23:41-07:00,tests/data/docstring_no_string_normalization.py,209,0,0,40
black,1fc3215e8c8856094b20d497e4e0e3e547ed38eb,2021-04-22T08:23:41-07:00,src/blib2to3/pgen2/conv.py,256,2,0,0
black,1fc3215e8c8856094b20d497e4e0e3e547ed38eb,2021-04-22T08:23:41-07:00,tests/data/numeric_literals.py,44,0,0,4
black,1fc3215e8c8856094b20d497e4e0e3e547ed38eb,2021-04-22T08:23:41-07:00,tests/data/pep_572_remove_parens.py,38,0,0,67
black,1fc3215e8c8856094b20d497e4e0e3e547ed38eb,2021-04-22T08:23:41-07:00,docs/conf.py,427,0,0,3
black,1fc3215e8c8856094b20d497e4e0e3e547ed38eb,2021-04-22T08:23:41-07:00,tests/test_black.py,1949,0,0,115
black,1fc3215e8c8856094b20d497e4e0e3e547ed38eb,2021-04-22T08:23:41-07:00,tests/util.py,83,0,0,2
black,1fc3215e8c8856094b20d497e4e0e3e547ed38eb,2021-04-22T08:23:41-07:00,src/blib2to3/pytree.py,980,0,0,2
black,1fc3215e8c8856094b20d497e4e0e3e547ed38eb,2021-04-22T08:23:41-07:00,tests/data/decorators.py,176,0,0,6
black,1fc3215e8c8856094b20d497e4e0e3e547ed38eb,2021-04-22T08:23:41-07:00,src/blib2to3/pgen2/pgen.py,428,2,0,0
black,1fc3215e8c8856094b20d497e4e0e3e547ed38eb,2021-04-22T08:23:41-07:00,src/black_primer/cli.py,136,0,0,17
black,1fc3215e8c8856094b20d497e4e0e3e547ed38eb,2021-04-22T08:23:41-07:00,setup.py,109,0,0,8
black,1fc3215e8c8856094b20d497e4e0e3e547ed38eb,2021-04-22T08:23:41-07:00,src/black_primer/lib.py,346,0,0,29
black,1fc3215e8c8856094b20d497e4e0e3e547ed38eb,2021-04-22T08:23:41-07:00,tests/data/numeric_literals_py2.py,16,0,0,4
black,1fc3215e8c8856094b20d497e4e0e3e547ed38eb,2021-04-22T08:23:41-07:00,tests/test_format.py,104,0,0,53
black,1fc3215e8c8856094b20d497e4e0e3e547ed38eb,2021-04-22T08:23:41-07:00,tests/data/pep_572_do_not_remove_parens.py,0,0,0,21
black,1fc3215e8c8856094b20d497e4e0e3e547ed38eb,2021-04-22T08:23:41-07:00,tests/data/numeric_literals_skip_underscores.py,23,0,0,6
black,5e09fa07f5db113c9b0858da15eff6bb31fe2417,2021-04-25T19:44:06+02:00,src/black/cache.py,0,0,0,83
black,5e09fa07f5db113c9b0858da15eff6bb31fe2417,2021-04-25T19:44:06+02:00,src/black/__init__.py,7041,21,0,6487
black,5e09fa07f5db113c9b0858da15eff6bb31fe2417,2021-04-25T19:44:06+02:00,src/black/const.py,0,0,0,4
black,5e09fa07f5db113c9b0858da15eff6bb31fe2417,2021-04-25T19:44:06+02:00,tests/data/docstring_no_string_normalization.py,209,0,0,40
black,5e09fa07f5db113c9b0858da15eff6bb31fe2417,2021-04-25T19:44:06+02:00,src/black/brackets.py,0,0,0,334
black,5e09fa07f5db113c9b0858da15eff6bb31fe2417,2021-04-25T19:44:06+02:00,src/black/concurrency.py,0,0,0,39
black,5e09fa07f5db113c9b0858da15eff6bb31fe2417,2021-04-25T19:44:06+02:00,src/blib2to3/pgen2/conv.py,256,2,0,0
black,5e09fa07f5db113c9b0858da15eff6bb31fe2417,2021-04-25T19:44:06+02:00,src/black/files.py,0,0,0,241
black,5e09fa07f5db113c9b0858da15eff6bb31fe2417,2021-04-25T19:44:06+02:00,src/black/numerics.py,0,0,0,65
black,5e09fa07f5db113c9b0858da15eff6bb31fe2417,2021-04-25T19:44:06+02:00,src/black/report.py,0,0,0,100
black,5e09fa07f5db113c9b0858da15eff6bb31fe2417,2021-04-25T19:44:06+02:00,tests/test_black.py,1969,0,0,183
black,5e09fa07f5db113c9b0858da15eff6bb31fe2417,2021-04-25T19:44:06+02:00,src/black_primer/cli.py,136,0,0,17
black,5e09fa07f5db113c9b0858da15eff6bb31fe2417,2021-04-25T19:44:06+02:00,src/black_primer/lib.py,346,0,0,29
black,5e09fa07f5db113c9b0858da15eff6bb31fe2417,2021-04-25T19:44:06+02:00,tests/test_format.py,104,0,0,90
black,5e09fa07f5db113c9b0858da15eff6bb31fe2417,2021-04-25T19:44:06+02:00,tests/data/pep_572_do_not_remove_parens.py,0,0,0,21
black,5e09fa07f5db113c9b0858da15eff6bb31fe2417,2021-04-25T19:44:06+02:00,tests/data/pep_572_remove_parens.py,38,0,0,67
black,5e09fa07f5db113c9b0858da15eff6bb31fe2417,2021-04-25T19:44:06+02:00,src/black/mode.py,0,0,0,123
black,5e09fa07f5db113c9b0858da15eff6bb31fe2417,2021-04-25T19:44:06+02:00,src/black/linegen.py,0,0,0,984
black,5e09fa07f5db113c9b0858da15eff6bb31fe2417,2021-04-25T19:44:06+02:00,src/black/nodes.py,0,0,0,843
black,5e09fa07f5db113c9b0858da15eff6bb31fe2417,2021-04-25T19:44:06+02:00,tests/test_primer.py,216,0,0,1
black,5e09fa07f5db113c9b0858da15eff6bb31fe2417,2021-04-25T19:44:06+02:00,tests/data/docstring.py,318,0,0,59
black,5e09fa07f5db113c9b0858da15eff6bb31fe2417,2021-04-25T19:44:06+02:00,src/black/comments.py,0,0,0,269
black,5e09fa07f5db113c9b0858da15eff6bb31fe2417,2021-04-25T19:44:06+02:00,src/black/parsing.py,0,0,0,215
black,5e09fa07f5db113c9b0858da15eff6bb31fe2417,2021-04-25T19:44:06+02:00,src/black/lines.py,0,0,0,734
black,5e09fa07f5db113c9b0858da15eff6bb31fe2417,2021-04-25T19:44:06+02:00,tests/optional.py,0,0,0,119
black,5e09fa07f5db113c9b0858da15eff6bb31fe2417,2021-04-25T19:44:06+02:00,src/black/output.py,0,0,0,83
black,5e09fa07f5db113c9b0858da15eff6bb31fe2417,2021-04-25T19:44:06+02:00,src/black/strings.py,0,0,0,216
black,5e09fa07f5db113c9b0858da15eff6bb31fe2417,2021-04-25T19:44:06+02:00,tests/conftest.py,0,0,0,1
black,5e09fa07f5db113c9b0858da15eff6bb31fe2417,2021-04-25T19:44:06+02:00,src/black/debug.py,0,0,0,48
black,5e09fa07f5db113c9b0858da15eff6bb31fe2417,2021-04-25T19:44:06+02:00,docs/conf.py,427,0,0,232
black,5e09fa07f5db113c9b0858da15eff6bb31fe2417,2021-04-25T19:44:06+02:00,tests/test_blackd.py,192,0,0,32
black,5e09fa07f5db113c9b0858da15eff6bb31fe2417,2021-04-25T19:44:06+02:00,src/black/rusty.py,0,0,0,28
black,5e09fa07f5db113c9b0858da15eff6bb31fe2417,2021-04-25T19:44:06+02:00,tests/util.py,83,0,0,35
black,5e09fa07f5db113c9b0858da15eff6bb31fe2417,2021-04-25T19:44:06+02:00,tests/data/decorators.py,176,0,0,6
black,5e09fa07f5db113c9b0858da15eff6bb31fe2417,2021-04-25T19:44:06+02:00,src/blib2to3/pgen2/pgen.py,428,2,0,0
black,5e09fa07f5db113c9b0858da15eff6bb31fe2417,2021-04-25T19:44:06+02:00,setup.py,109,0,0,10
black,5e09fa07f5db113c9b0858da15eff6bb31fe2417,2021-04-25T19:44:06+02:00,src/black/trans.py,0,0,0,1925
black,303a0b2c4d0c828ba6cd4ef6d480f1ff2b5a11c6,2021-04-26T16:59:45-04:00,src/black/cache.py,0,0,0,83
black,303a0b2c4d0c828ba6cd4ef6d480f1ff2b5a11c6,2021-04-26T16:59:45-04:00,src/black/__init__.py,7067,21,0,6441
black,303a0b2c4d0c828ba6cd4ef6d480f1ff2b5a11c6,2021-04-26T16:59:45-04:00,src/black/const.py,0,0,0,4
black,303a0b2c4d0c828ba6cd4ef6d480f1ff2b5a11c6,2021-04-26T16:59:45-04:00,src/black/brackets.py,0,0,0,334
black,303a0b2c4d0c828ba6cd4ef6d480f1ff2b5a11c6,2021-04-26T16:59:45-04:00,src/black/concurrency.py,0,0,0,39
black,303a0b2c4d0c828ba6cd4ef6d480f1ff2b5a11c6,2021-04-26T16:59:45-04:00,src/blib2to3/pgen2/conv.py,256,2,0,0
black,303a0b2c4d0c828ba6cd4ef6d480f1ff2b5a11c6,2021-04-26T16:59:45-04:00,gallery/gallery.py,307,0,0,8
black,303a0b2c4d0c828ba6cd4ef6d480f1ff2b5a11c6,2021-04-26T16:59:45-04:00,src/black/files.py,0,0,0,241
black,303a0b2c4d0c828ba6cd4ef6d480f1ff2b5a11c6,2021-04-26T16:59:45-04:00,src/black/numerics.py,0,0,0,65
black,303a0b2c4d0c828ba6cd4ef6d480f1ff2b5a11c6,2021-04-26T16:59:45-04:00,src/black/report.py,0,0,0,100
black,303a0b2c4d0c828ba6cd4ef6d480f1ff2b5a11c6,2021-04-26T16:59:45-04:00,tests/test_black.py,1996,0,0,150
black,303a0b2c4d0c828ba6cd4ef6d480f1ff2b5a11c6,2021-04-26T16:59:45-04:00,src/black_primer/cli.py,136,0,0,17
black,303a0b2c4d0c828ba6cd4ef6d480f1ff2b5a11c6,2021-04-26T16:59:45-04:00,src/black_primer/lib.py,346,0,0,29
black,303a0b2c4d0c828ba6cd4ef6d480f1ff2b5a11c6,2021-04-26T16:59:45-04:00,tests/test_format.py,111,0,0,53
black,303a0b2c4d0c828ba6cd4ef6d480f1ff2b5a11c6,2021-04-26T16:59:45-04:00,src/black/mode.py,0,0,0,123
black,303a0b2c4d0c828ba6cd4ef6d480f1ff2b5a11c6,2021-04-26T16:59:45-04:00,src/black/linegen.py,0,0,0,984
black,303a0b2c4d0c828ba6cd4ef6d480f1ff2b5a11c6,2021-04-26T16:59:45-04:00,src/black/nodes.py,0,0,0,843
black,303a0b2c4d0c828ba6cd4ef6d480f1ff2b5a11c6,2021-04-26T16:59:45-04:00,tests/test_primer.py,216,0,0,1
black,303a0b2c4d0c828ba6cd4ef6d480f1ff2b5a11c6,2021-04-26T16:59:45-04:00,src/black/comments.py,0,0,0,269
black,303a0b2c4d0c828ba6cd4ef6d480f1ff2b5a11c6,2021-04-26T16:59:45-04:00,src/black/parsing.py,0,0,0,215
black,303a0b2c4d0c828ba6cd4ef6d480f1ff2b5a11c6,2021-04-26T16:59:45-04:00,src/black/lines.py,0,0,0,734
black,303a0b2c4d0c828ba6cd4ef6d480f1ff2b5a11c6,2021-04-26T16:59:45-04:00,tests/optional.py,0,0,0,119
black,303a0b2c4d0c828ba6cd4ef6d480f1ff2b5a11c6,2021-04-26T16:59:45-04:00,src/black/output.py,0,0,0,83
black,303a0b2c4d0c828ba6cd4ef6d480f1ff2b5a11c6,2021-04-26T16:59:45-04:00,src/black/strings.py,0,0,0,216
black,303a0b2c4d0c828ba6cd4ef6d480f1ff2b5a11c6,2021-04-26T16:59:45-04:00,tests/conftest.py,0,0,0,1
black,303a0b2c4d0c828ba6cd4ef6d480f1ff2b5a11c6,2021-04-26T16:59:45-04:00,src/black/debug.py,0,0,0,48
black,303a0b2c4d0c828ba6cd4ef6d480f1ff2b5a11c6,2021-04-26T16:59:45-04:00,docs/conf.py,427,0,0,231
black,303a0b2c4d0c828ba6cd4ef6d480f1ff2b5a11c6,2021-04-26T16:59:45-04:00,tests/test_blackd.py,192,0,0,32
black,303a0b2c4d0c828ba6cd4ef6d480f1ff2b5a11c6,2021-04-26T16:59:45-04:00,src/black/rusty.py,0,0,0,28
black,303a0b2c4d0c828ba6cd4ef6d480f1ff2b5a11c6,2021-04-26T16:59:45-04:00,tests/util.py,83,0,0,33
black,303a0b2c4d0c828ba6cd4ef6d480f1ff2b5a11c6,2021-04-26T16:59:45-04:00,tests/data/decorators.py,176,0,0,6
black,303a0b2c4d0c828ba6cd4ef6d480f1ff2b5a11c6,2021-04-26T16:59:45-04:00,src/blib2to3/pgen2/pgen.py,428,2,0,0
black,303a0b2c4d0c828ba6cd4ef6d480f1ff2b5a11c6,2021-04-26T16:59:45-04:00,setup.py,109,0,0,10
black,303a0b2c4d0c828ba6cd4ef6d480f1ff2b5a11c6,2021-04-26T16:59:45-04:00,src/black/trans.py,0,0,0,1925
black,1728bb441e6cc3ba5a5ce52ec62014bbfa435a82,2021-04-27T07:40:08-07:00,src/black/cache.py,0,0,0,83
black,1728bb441e6cc3ba5a5ce52ec62014bbfa435a82,2021-04-27T07:40:08-07:00,src/black/__init__.py,7067,21,0,6441
black,1728bb441e6cc3ba5a5ce52ec62014bbfa435a82,2021-04-27T07:40:08-07:00,src/black/const.py,0,0,0,4
black,1728bb441e6cc3ba5a5ce52ec62014bbfa435a82,2021-04-27T07:40:08-07:00,src/black/brackets.py,0,0,0,334
black,1728bb441e6cc3ba5a5ce52ec62014bbfa435a82,2021-04-27T07:40:08-07:00,src/black/concurrency.py,0,0,0,39
black,1728bb441e6cc3ba5a5ce52ec62014bbfa435a82,2021-04-27T07:40:08-07:00,src/blib2to3/pgen2/conv.py,256,2,0,0
black,1728bb441e6cc3ba5a5ce52ec62014bbfa435a82,2021-04-27T07:40:08-07:00,gallery/gallery.py,307,0,0,8
black,1728bb441e6cc3ba5a5ce52ec62014bbfa435a82,2021-04-27T07:40:08-07:00,src/black/files.py,0,0,0,241
black,1728bb441e6cc3ba5a5ce52ec62014bbfa435a82,2021-04-27T07:40:08-07:00,src/black/numerics.py,0,0,0,65
black,1728bb441e6cc3ba5a5ce52ec62014bbfa435a82,2021-04-27T07:40:08-07:00,src/black/report.py,0,0,0,100
black,1728bb441e6cc3ba5a5ce52ec62014bbfa435a82,2021-04-27T07:40:08-07:00,tests/test_black.py,1996,0,0,150
black,1728bb441e6cc3ba5a5ce52ec62014bbfa435a82,2021-04-27T07:40:08-07:00,src/black_primer/cli.py,136,0,0,17
black,1728bb441e6cc3ba5a5ce52ec62014bbfa435a82,2021-04-27T07:40:08-07:00,src/black_primer/lib.py,346,0,0,29
black,1728bb441e6cc3ba5a5ce52ec62014bbfa435a82,2021-04-27T07:40:08-07:00,tests/test_format.py,111,0,0,53
black,1728bb441e6cc3ba5a5ce52ec62014bbfa435a82,2021-04-27T07:40:08-07:00,src/black/mode.py,0,0,0,123
black,1728bb441e6cc3ba5a5ce52ec62014bbfa435a82,2021-04-27T07:40:08-07:00,src/black/linegen.py,0,0,0,984
black,1728bb441e6cc3ba5a5ce52ec62014bbfa435a82,2021-04-27T07:40:08-07:00,src/black/nodes.py,0,0,0,843
black,1728bb441e6cc3ba5a5ce52ec62014bbfa435a82,2021-04-27T07:40:08-07:00,tests/test_primer.py,216,0,0,1
black,1728bb441e6cc3ba5a5ce52ec62014bbfa435a82,2021-04-27T07:40:08-07:00,src/black/comments.py,0,0,0,269
black,1728bb441e6cc3ba5a5ce52ec62014bbfa435a82,2021-04-27T07:40:08-07:00,src/black/parsing.py,0,0,0,215
black,1728bb441e6cc3ba5a5ce52ec62014bbfa435a82,2021-04-27T07:40:08-07:00,src/black/lines.py,0,0,0,734
black,1728bb441e6cc3ba5a5ce52ec62014bbfa435a82,2021-04-27T07:40:08-07:00,tests/optional.py,0,0,0,119
black,1728bb441e6cc3ba5a5ce52ec62014bbfa435a82,2021-04-27T07:40:08-07:00,src/black/output.py,0,0,0,83
black,1728bb441e6cc3ba5a5ce52ec62014bbfa435a82,2021-04-27T07:40:08-07:00,src/black/strings.py,0,0,0,216
black,1728bb441e6cc3ba5a5ce52ec62014bbfa435a82,2021-04-27T07:40:08-07:00,tests/conftest.py,0,0,0,1
black,1728bb441e6cc3ba5a5ce52ec62014bbfa435a82,2021-04-27T07:40:08-07:00,src/black/debug.py,0,0,0,48
black,1728bb441e6cc3ba5a5ce52ec62014bbfa435a82,2021-04-27T07:40:08-07:00,docs/conf.py,427,0,0,231
black,1728bb441e6cc3ba5a5ce52ec62014bbfa435a82,2021-04-27T07:40:08-07:00,tests/test_blackd.py,192,0,0,32
black,1728bb441e6cc3ba5a5ce52ec62014bbfa435a82,2021-04-27T07:40:08-07:00,src/black/rusty.py,0,0,0,28
black,1728bb441e6cc3ba5a5ce52ec62014bbfa435a82,2021-04-27T07:40:08-07:00,tests/util.py,83,0,0,33
black,1728bb441e6cc3ba5a5ce52ec62014bbfa435a82,2021-04-27T07:40:08-07:00,tests/data/decorators.py,176,0,0,6
black,1728bb441e6cc3ba5a5ce52ec62014bbfa435a82,2021-04-27T07:40:08-07:00,src/blib2to3/pgen2/pgen.py,428,2,0,0
black,1728bb441e6cc3ba5a5ce52ec62014bbfa435a82,2021-04-27T07:40:08-07:00,setup.py,109,0,0,10
black,1728bb441e6cc3ba5a5ce52ec62014bbfa435a82,2021-04-27T07:40:08-07:00,src/black/trans.py,0,0,0,1925
black,921c24af8032416101f532e148e6a382d28e28c9,2021-05-17T14:38:43-04:00,src/black/linegen.py,984,7,0,4
black,921c24af8032416101f532e148e6a382d28e28c9,2021-05-17T14:38:43-04:00,src/black/nodes.py,843,1,0,0
black,921c24af8032416101f532e148e6a382d28e28c9,2021-05-17T14:38:43-04:00,src/black/__init__.py,1062,0,0,12
black,921c24af8032416101f532e148e6a382d28e28c9,2021-05-17T14:38:43-04:00,tests/data/docstring.py,377,0,0,16
black,921c24af8032416101f532e148e6a382d28e28c9,2021-05-17T14:38:43-04:00,src/black/parsing.py,215,2,0,0
black,921c24af8032416101f532e148e6a382d28e28c9,2021-05-17T14:38:43-04:00,tests/data/long_strings__regression.py,888,0,0,116
black,921c24af8032416101f532e148e6a382d28e28c9,2021-05-17T14:38:43-04:00,src/blib2to3/pgen2/conv.py,256,2,0,0
black,921c24af8032416101f532e148e6a382d28e28c9,2021-05-17T14:38:43-04:00,src/black/files.py,243,0,0,2
black,921c24af8032416101f532e148e6a382d28e28c9,2021-05-17T14:38:43-04:00,src/black/debug.py,48,1,0,0
black,921c24af8032416101f532e148e6a382d28e28c9,2021-05-17T14:38:43-04:00,docs/conf.py,227,0,0,8
black,921c24af8032416101f532e148e6a382d28e28c9,2021-05-17T14:38:43-04:00,src/blib2to3/pgen2/pgen.py,428,2,0,0
black,921c24af8032416101f532e148e6a382d28e28c9,2021-05-17T14:38:43-04:00,setup.py,113,0,0,1
black,921c24af8032416101f532e148e6a382d28e28c9,2021-05-17T14:38:43-04:00,src/black_primer/cli.py,147,0,0,8
black,921c24af8032416101f532e148e6a382d28e28c9,2021-05-17T14:38:43-04:00,src/black/trans.py,1925,10,0,96
black,921c24af8032416101f532e148e6a382d28e28c9,2021-05-17T14:38:43-04:00,src/blackd/__init__.py,211,0,0,8
black,7190d4f6c0dfcc7fce9adfffc1afc7254a01eae6,2021-05-17T11:47:34-07:00,src/black/linegen.py,984,7,0,4
black,7190d4f6c0dfcc7fce9adfffc1afc7254a01eae6,2021-05-17T11:47:34-07:00,src/black/nodes.py,843,1,0,0
black,7190d4f6c0dfcc7fce9adfffc1afc7254a01eae6,2021-05-17T11:47:34-07:00,src/black/__init__.py,1062,0,0,12
black,7190d4f6c0dfcc7fce9adfffc1afc7254a01eae6,2021-05-17T11:47:34-07:00,tests/data/docstring.py,377,0,0,16
black,7190d4f6c0dfcc7fce9adfffc1afc7254a01eae6,2021-05-17T11:47:34-07:00,src/black/parsing.py,215,2,0,0
black,7190d4f6c0dfcc7fce9adfffc1afc7254a01eae6,2021-05-17T11:47:34-07:00,tests/data/long_strings__regression.py,888,0,0,116
black,7190d4f6c0dfcc7fce9adfffc1afc7254a01eae6,2021-05-17T11:47:34-07:00,src/blib2to3/pgen2/conv.py,256,2,0,0
black,7190d4f6c0dfcc7fce9adfffc1afc7254a01eae6,2021-05-17T11:47:34-07:00,src/black/files.py,243,0,0,2
black,7190d4f6c0dfcc7fce9adfffc1afc7254a01eae6,2021-05-17T11:47:34-07:00,src/black/debug.py,48,1,0,0
black,7190d4f6c0dfcc7fce9adfffc1afc7254a01eae6,2021-05-17T11:47:34-07:00,docs/conf.py,227,0,0,8
black,7190d4f6c0dfcc7fce9adfffc1afc7254a01eae6,2021-05-17T11:47:34-07:00,src/blib2to3/pgen2/pgen.py,428,2,0,0
black,7190d4f6c0dfcc7fce9adfffc1afc7254a01eae6,2021-05-17T11:47:34-07:00,setup.py,113,0,0,1
black,7190d4f6c0dfcc7fce9adfffc1afc7254a01eae6,2021-05-17T11:47:34-07:00,src/black_primer/cli.py,147,0,0,8
black,7190d4f6c0dfcc7fce9adfffc1afc7254a01eae6,2021-05-17T11:47:34-07:00,src/black/trans.py,1925,10,0,96
black,7190d4f6c0dfcc7fce9adfffc1afc7254a01eae6,2021-05-17T11:47:34-07:00,src/blackd/__init__.py,211,0,0,8
black,6613e76658143bcbbe363da76461e0202d589400,2021-05-26T19:04:10-07:00,src/black/linegen.py,984,7,0,5
black,6613e76658143bcbbe363da76461e0202d589400,2021-05-26T19:04:10-07:00,src/black/nodes.py,843,1,0,0
black,6613e76658143bcbbe363da76461e0202d589400,2021-05-26T19:04:10-07:00,tests/data/string_prefixes.py,18,0,0,21
black,6613e76658143bcbbe363da76461e0202d589400,2021-05-26T19:04:10-07:00,src/black/__init__.py,1069,0,0,161
black,6613e76658143bcbbe363da76461e0202d589400,2021-05-26T19:04:10-07:00,tests/data/fmtskip6.py,0,0,0,13
black,6613e76658143bcbbe363da76461e0202d589400,2021-05-26T19:04:10-07:00,src/black/parsing.py,215,2,0,0
black,6613e76658143bcbbe363da76461e0202d589400,2021-05-26T19:04:10-07:00,src/black/comments.py,269,0,0,5
black,6613e76658143bcbbe363da76461e0202d589400,2021-05-26T19:04:10-07:00,action/main.py,0,0,0,39
black,6613e76658143bcbbe363da76461e0202d589400,2021-05-26T19:04:10-07:00,tests/data/long_strings__regression.py,888,0,0,264
black,6613e76658143bcbbe363da76461e0202d589400,2021-05-26T19:04:10-07:00,src/blib2to3/pgen2/conv.py,256,2,0,0
black,6613e76658143bcbbe363da76461e0202d589400,2021-05-26T19:04:10-07:00,src/black/concurrency.py,39,0,0,15
black,6613e76658143bcbbe363da76461e0202d589400,2021-05-26T19:04:10-07:00,src/black/output.py,83,0,0,3
black,6613e76658143bcbbe363da76461e0202d589400,2021-05-26T19:04:10-07:00,tests/data/comments2.py,342,0,0,4
black,6613e76658143bcbbe363da76461e0202d589400,2021-05-26T19:04:10-07:00,src/black/files.py,243,0,0,2
black,6613e76658143bcbbe363da76461e0202d589400,2021-05-26T19:04:10-07:00,src/black/strings.py,216,0,0,2
black,6613e76658143bcbbe363da76461e0202d589400,2021-05-26T19:04:10-07:00,src/black/debug.py,48,1,0,0
black,6613e76658143bcbbe363da76461e0202d589400,2021-05-26T19:04:10-07:00,docs/conf.py,233,0,0,8
black,6613e76658143bcbbe363da76461e0202d589400,2021-05-26T19:04:10-07:00,tests/test_black.py,2100,0,0,154
black,6613e76658143bcbbe363da76461e0202d589400,2021-05-26T19:04:10-07:00,src/blib2to3/pgen2/pgen.py,428,2,0,0
black,6613e76658143bcbbe363da76461e0202d589400,2021-05-26T19:04:10-07:00,tests/data/long_strings.py,589,0,0,72
black,6613e76658143bcbbe363da76461e0202d589400,2021-05-26T19:04:10-07:00,src/black_primer/lib.py,361,0,0,2
black,6613e76658143bcbbe363da76461e0202d589400,2021-05-26T19:04:10-07:00,tests/test_format.py,144,0,0,1
black,6613e76658143bcbbe363da76461e0202d589400,2021-05-26T19:04:10-07:00,src/black/trans.py,1925,10,0,260
black,6613e76658143bcbbe363da76461e0202d589400,2021-05-26T19:04:10-07:00,src/blackd/__init__.py,219,0,0,10
black,6613e76658143bcbbe363da76461e0202d589400,2021-05-26T19:04:10-07:00,tests/data/long_strings__edge_case.py,110,0,0,30
black,ef7c45f28132a7704a4549072ce5b272034fa196,2021-08-18T12:24:14-04:00,src/black/nodes.py,843,1,0,2
black,ef7c45f28132a7704a4549072ce5b272034fa196,2021-08-18T12:24:14-04:00,src/black/linegen.py,990,7,0,16
black,ef7c45f28132a7704a4549072ce5b272034fa196,2021-08-18T12:24:14-04:00,src/black/__init__.py,1283,3,0,30
black,ef7c45f28132a7704a4549072ce5b272034fa196,2021-08-18T12:24:14-04:00,scripts/check_pre_commit_rev_in_example.py,0,0,0,54
black,ef7c45f28132a7704a4549072ce5b272034fa196,2021-08-18T12:24:14-04:00,tests/data/pep_572_py39.py,0,0,0,7
black,ef7c45f28132a7704a4549072ce5b272034fa196,2021-08-18T12:24:14-04:00,tests/test_primer.py,226,0,0,7
black,ef7c45f28132a7704a4549072ce5b272034fa196,2021-08-18T12:24:14-04:00,tests/data/string_quotes.py,102,0,0,10
black,ef7c45f28132a7704a4549072ce5b272034fa196,2021-08-18T12:24:14-04:00,src/black/parsing.py,223,2,0,0
black,ef7c45f28132a7704a4549072ce5b272034fa196,2021-08-18T12:24:14-04:00,tests/data/invalid_nested_gitignore_tests/a/a.py,0,0,0,0
black,ef7c45f28132a7704a4549072ce5b272034fa196,2021-08-18T12:24:14-04:00,src/blib2to3/pgen2/conv.py,256,2,0,0
black,ef7c45f28132a7704a4549072ce5b272034fa196,2021-08-18T12:24:14-04:00,tests/data/pep_572_py310.py,0,0,0,4
black,ef7c45f28132a7704a4549072ce5b272034fa196,2021-08-18T12:24:14-04:00,src/black/strings.py,216,0,0,4
black,ef7c45f28132a7704a4549072ce5b272034fa196,2021-08-18T12:24:14-04:00,src/black/files.py,254,0,0,7
black,ef7c45f28132a7704a4549072ce5b272034fa196,2021-08-18T12:24:14-04:00,tests/data/function_trailing_comma.py,88,0,0,64
black,ef7c45f28132a7704a4549072ce5b272034fa196,2021-08-18T12:24:14-04:00,src/black/debug.py,48,1,0,0
black,ef7c45f28132a7704a4549072ce5b272034fa196,2021-08-18T12:24:14-04:00,scripts/__init__.py,0,0,0,0
black,ef7c45f28132a7704a4549072ce5b272034fa196,2021-08-18T12:24:14-04:00,tests/data/invalid_nested_gitignore_tests/a.py,0,0,0,0
black,ef7c45f28132a7704a4549072ce5b272034fa196,2021-08-18T12:24:14-04:00,tests/test_black.py,2243,0,0,57
black,ef7c45f28132a7704a4549072ce5b272034fa196,2021-08-18T12:24:14-04:00,src/blib2to3/pgen2/pgen.py,428,2,0,0
black,ef7c45f28132a7704a4549072ce5b272034fa196,2021-08-18T12:24:14-04:00,setup.py,115,0,0,7
black,ef7c45f28132a7704a4549072ce5b272034fa196,2021-08-18T12:24:14-04:00,tests/data/invalid_gitignore_tests/a.py,0,0,0,0
black,ef7c45f28132a7704a4549072ce5b272034fa196,2021-08-18T12:24:14-04:00,src/black_primer/lib.py,384,0,0,42
black,ef7c45f28132a7704a4549072ce5b272034fa196,2021-08-18T12:24:14-04:00,src/black/trans.py,2011,10,0,0
black,ef7c45f28132a7704a4549072ce5b272034fa196,2021-08-18T12:24:14-04:00,src/blackd/__init__.py,213,0,0,9
black,ef7c45f28132a7704a4549072ce5b272034fa196,2021-08-18T12:24:14-04:00,src/black/handle_ipynb_magics.py,457,3,0,12
black,8a59528c2d8ae1ef5f366039c728614aaf1a470b,2021-08-25T18:32:27-07:00,src/black/nodes.py,845,1,0,2
black,8a59528c2d8ae1ef5f366039c728614aaf1a470b,2021-08-25T18:32:27-07:00,src/black/linegen.py,1004,7,0,16
black,8a59528c2d8ae1ef5f366039c728614aaf1a470b,2021-08-25T18:32:27-07:00,src/black/__init__.py,1287,3,0,2
black,8a59528c2d8ae1ef5f366039c728614aaf1a470b,2021-08-25T18:32:27-07:00,scripts/check_pre_commit_rev_in_example.py,0,0,0,54
black,8a59528c2d8ae1ef5f366039c728614aaf1a470b,2021-08-25T18:32:27-07:00,tests/data/pep_572_py39.py,0,0,0,7
black,8a59528c2d8ae1ef5f366039c728614aaf1a470b,2021-08-25T18:32:27-07:00,src/black/parsing.py,223,2,0,0
black,8a59528c2d8ae1ef5f366039c728614aaf1a470b,2021-08-25T18:32:27-07:00,src/blib2to3/pgen2/conv.py,256,2,0,0
black,8a59528c2d8ae1ef5f366039c728614aaf1a470b,2021-08-25T18:32:27-07:00,tests/data/pep_572_py310.py,0,0,0,4
black,8a59528c2d8ae1ef5f366039c728614aaf1a470b,2021-08-25T18:32:27-07:00,tests/data/function_trailing_comma.py,150,0,0,64
black,8a59528c2d8ae1ef5f366039c728614aaf1a470b,2021-08-25T18:32:27-07:00,src/black/debug.py,48,1,0,0
black,8a59528c2d8ae1ef5f366039c728614aaf1a470b,2021-08-25T18:32:27-07:00,scripts/__init__.py,0,0,0,0
black,8a59528c2d8ae1ef5f366039c728614aaf1a470b,2021-08-25T18:32:27-07:00,tests/test_black.py,2267,0,0,33
black,8a59528c2d8ae1ef5f366039c728614aaf1a470b,2021-08-25T18:32:27-07:00,src/blib2to3/pgen2/pgen.py,428,2,0,0
black,8a59528c2d8ae1ef5f366039c728614aaf1a470b,2021-08-25T18:32:27-07:00,setup.py,115,0,0,5
black,8a59528c2d8ae1ef5f366039c728614aaf1a470b,2021-08-25T18:32:27-07:00,src/black/trans.py,2011,10,0,0
black,8a59528c2d8ae1ef5f366039c728614aaf1a470b,2021-08-25T18:32:27-07:00,src/black/handle_ipynb_magics.py,457,3,0,12
black,366a0806eb4edd94d4d20cc6912333586bdc9fa7,2021-08-26T13:59:01-07:00,src/black/debug.py,48,1,0,0
black,366a0806eb4edd94d4d20cc6912333586bdc9fa7,2021-08-26T13:59:01-07:00,src/black/nodes.py,845,1,0,0
black,366a0806eb4edd94d4d20cc6912333586bdc9fa7,2021-08-26T13:59:01-07:00,src/black/linegen.py,1004,7,0,0
black,366a0806eb4edd94d4d20cc6912333586bdc9fa7,2021-08-26T13:59:01-07:00,scripts/__init__.py,0,0,0,0
black,366a0806eb4edd94d4d20cc6912333586bdc9fa7,2021-08-26T13:59:01-07:00,src/black/__init__.py,1287,3,0,2
black,366a0806eb4edd94d4d20cc6912333586bdc9fa7,2021-08-26T13:59:01-07:00,scripts/check_pre_commit_rev_in_example.py,0,0,0,54
black,366a0806eb4edd94d4d20cc6912333586bdc9fa7,2021-08-26T13:59:01-07:00,tests/data/pep_572_py39.py,7,0,0,7
black,366a0806eb4edd94d4d20cc6912333586bdc9fa7,2021-08-26T13:59:01-07:00,tests/test_black.py,2276,0,0,33
black,366a0806eb4edd94d4d20cc6912333586bdc9fa7,2021-08-26T13:59:01-07:00,src/black/parsing.py,223,2,0,0
black,366a0806eb4edd94d4d20cc6912333586bdc9fa7,2021-08-26T13:59:01-07:00,src/blib2to3/pgen2/pgen.py,428,2,0,0
black,366a0806eb4edd94d4d20cc6912333586bdc9fa7,2021-08-26T13:59:01-07:00,setup.py,115,0,0,5
black,366a0806eb4edd94d4d20cc6912333586bdc9fa7,2021-08-26T13:59:01-07:00,tests/data/pep_572_py310.py,4,0,0,4
black,366a0806eb4edd94d4d20cc6912333586bdc9fa7,2021-08-26T13:59:01-07:00,src/blib2to3/pgen2/conv.py,256,2,0,0
black,366a0806eb4edd94d4d20cc6912333586bdc9fa7,2021-08-26T13:59:01-07:00,src/black/trans.py,2011,10,0,0
black,366a0806eb4edd94d4d20cc6912333586bdc9fa7,2021-08-26T13:59:01-07:00,src/black/handle_ipynb_magics.py,457,3,0,12
black,72de89f54e744a8b3bbc9d3ea71f78a67d8ba82e,2021-09-01T18:05:11-04:00,src/black/debug.py,48,1,0,0
black,72de89f54e744a8b3bbc9d3ea71f78a67d8ba82e,2021-09-01T18:05:11-04:00,src/black/nodes.py,845,1,0,0
black,72de89f54e744a8b3bbc9d3ea71f78a67d8ba82e,2021-09-01T18:05:11-04:00,src/black/linegen.py,1004,7,0,0
black,72de89f54e744a8b3bbc9d3ea71f78a67d8ba82e,2021-09-01T18:05:11-04:00,src/black/__init__.py,1287,3,0,0
black,72de89f54e744a8b3bbc9d3ea71f78a67d8ba82e,2021-09-01T18:05:11-04:00,src/black/parsing.py,223,2,0,0
black,72de89f54e744a8b3bbc9d3ea71f78a67d8ba82e,2021-09-01T18:05:11-04:00,src/blib2to3/pgen2/pgen.py,428,2,0,0
black,72de89f54e744a8b3bbc9d3ea71f78a67d8ba82e,2021-09-01T18:05:11-04:00,src/blib2to3/pgen2/conv.py,256,2,0,0
black,72de89f54e744a8b3bbc9d3ea71f78a67d8ba82e,2021-09-01T18:05:11-04:00,src/black/trans.py,2011,10,0,0
black,72de89f54e744a8b3bbc9d3ea71f78a67d8ba82e,2021-09-01T18:05:11-04:00,src/black/handle_ipynb_magics.py,461,3,0,0
black,911470a610e47d9da5ea938b0887c3df62819b85,2021-09-13T19:23:11-07:00,src/black/debug.py,48,1,0,0
black,911470a610e47d9da5ea938b0887c3df62819b85,2021-09-13T19:23:11-07:00,src/black/nodes.py,845,1,0,0
black,911470a610e47d9da5ea938b0887c3df62819b85,2021-09-13T19:23:11-07:00,src/black/linegen.py,1004,7,0,10
black,911470a610e47d9da5ea938b0887c3df62819b85,2021-09-13T19:23:11-07:00,src/blackd/middlewares.py,0,0,0,34
black,911470a610e47d9da5ea938b0887c3df62819b85,2021-09-13T19:23:11-07:00,src/black/__init__.py,1287,3,0,19
black,911470a610e47d9da5ea938b0887c3df62819b85,2021-09-13T19:23:11-07:00,tests/test_blackd.py,166,0,0,21
black,911470a610e47d9da5ea938b0887c3df62819b85,2021-09-13T19:23:11-07:00,scripts/check_version_in_basics_example.py,0,0,0,47
black,911470a610e47d9da5ea938b0887c3df62819b85,2021-09-13T19:23:11-07:00,src/black/parsing.py,223,2,0,0
black,911470a610e47d9da5ea938b0887c3df62819b85,2021-09-13T19:23:11-07:00,src/blib2to3/pgen2/pgen.py,428,2,0,0
black,911470a610e47d9da5ea938b0887c3df62819b85,2021-09-13T19:23:11-07:00,tests/test_ipynb.py,455,0,0,9
black,911470a610e47d9da5ea938b0887c3df62819b85,2021-09-13T19:23:11-07:00,setup.py,118,0,0,4
black,911470a610e47d9da5ea938b0887c3df62819b85,2021-09-13T19:23:11-07:00,src/blib2to3/pgen2/conv.py,256,2,0,0
black,911470a610e47d9da5ea938b0887c3df62819b85,2021-09-13T19:23:11-07:00,src/black/trans.py,2011,10,0,0
black,911470a610e47d9da5ea938b0887c3df62819b85,2021-09-13T19:23:11-07:00,src/blackd/__init__.py,210,0,0,21
black,911470a610e47d9da5ea938b0887c3df62819b85,2021-09-13T19:23:11-07:00,src/black/handle_ipynb_magics.py,461,3,0,7
black,09915f4bd2d13652c089b9a96408b39116d82eb0,2021-09-28T17:31:29-07:00,src/black/debug.py,48,1,0,0
black,09915f4bd2d13652c089b9a96408b39116d82eb0,2021-09-28T17:31:29-07:00,src/black/nodes.py,845,1,0,0
black,09915f4bd2d13652c089b9a96408b39116d82eb0,2021-09-28T17:31:29-07:00,src/black/linegen.py,1004,7,0,0
black,09915f4bd2d13652c089b9a96408b39116d82eb0,2021-09-28T17:31:29-07:00,src/black/__init__.py,1288,3,0,27
black,09915f4bd2d13652c089b9a96408b39116d82eb0,2021-09-28T17:31:29-07:00,tests/util.py,86,0,0,87
black,09915f4bd2d13652c089b9a96408b39116d82eb0,2021-09-28T17:31:29-07:00,tests/test_black.py,2300,0,0,1460
black,09915f4bd2d13652c089b9a96408b39116d82eb0,2021-09-28T17:31:29-07:00,src/black/parsing.py,223,2,0,0
black,09915f4bd2d13652c089b9a96408b39116d82eb0,2021-09-28T17:31:29-07:00,src/blib2to3/pgen2/pgen.py,428,2,0,0
black,09915f4bd2d13652c089b9a96408b39116d82eb0,2021-09-28T17:31:29-07:00,setup.py,118,0,0,2
black,09915f4bd2d13652c089b9a96408b39116d82eb0,2021-09-28T17:31:29-07:00,tests/test_format.py,145,0,0,159
black,09915f4bd2d13652c089b9a96408b39116d82eb0,2021-09-28T17:31:29-07:00,src/blib2to3/pgen2/conv.py,256,2,0,0
black,09915f4bd2d13652c089b9a96408b39116d82eb0,2021-09-28T17:31:29-07:00,src/black/trans.py,2011,10,0,0
black,09915f4bd2d13652c089b9a96408b39116d82eb0,2021-09-28T17:31:29-07:00,src/black/handle_ipynb_magics.py,462,3,0,0
black,bd961304b63ad8178610df7242edf180d825e336,2021-10-31T17:43:34-07:00,src/black/cache.py,83,0,0,2
black,bd961304b63ad8178610df7242edf180d825e336,2021-10-31T17:43:34-07:00,src/black/mode.py,133,0,0,17
black,bd961304b63ad8178610df7242edf180d825e336,2021-10-31T17:43:34-07:00,src/blib2to3/pgen2/token.py,97,0,0,3
black,bd961304b63ad8178610df7242edf180d825e336,2021-10-31T17:43:34-07:00,src/black/linegen.py,1004,7,0,6
black,bd961304b63ad8178610df7242edf180d825e336,2021-10-31T17:43:34-07:00,src/black/nodes.py,845,1,0,0
black,bd961304b63ad8178610df7242edf180d825e336,2021-10-31T17:43:34-07:00,tests/data/pattern_matching_simple.py,0,0,0,92
black,bd961304b63ad8178610df7242edf180d825e336,2021-10-31T17:43:34-07:00,src/blib2to3/pgen2/parse.py,235,0,0,135
black,bd961304b63ad8178610df7242edf180d825e336,2021-10-31T17:43:34-07:00,src/black/__init__.py,1327,2,0,38
black,bd961304b63ad8178610df7242edf180d825e336,2021-10-31T17:43:34-07:00,tests/data/python2_detection.py,0,0,0,90
black,bd961304b63ad8178610df7242edf180d825e336,2021-10-31T17:43:34-07:00,src/black/parsing.py,223,2,0,28
black,bd961304b63ad8178610df7242edf180d825e336,2021-10-31T17:43:34-07:00,src/blib2to3/pgen2/conv.py,256,2,0,0
black,bd961304b63ad8178610df7242edf180d825e336,2021-10-31T17:43:34-07:00,tests/data/pattern_matching_complex.py,0,0,0,144
black,bd961304b63ad8178610df7242edf180d825e336,2021-10-31T17:43:34-07:00,src/black/debug.py,48,1,0,0
black,bd961304b63ad8178610df7242edf180d825e336,2021-10-31T17:43:34-07:00,tests/data/pattern_matching_extras.py,0,0,0,9
black,bd961304b63ad8178610df7242edf180d825e336,2021-10-31T17:43:34-07:00,tests/test_black.py,2060,0,0,17
black,bd961304b63ad8178610df7242edf180d825e336,2021-10-31T17:43:34-07:00,src/blib2to3/pygram.py,197,0,0,19
black,bd961304b63ad8178610df7242edf180d825e336,2021-10-31T17:43:34-07:00,src/blib2to3/pgen2/pgen.py,428,2,0,11
black,bd961304b63ad8178610df7242edf180d825e336,2021-10-31T17:43:34-07:00,setup.py,118,0,0,3
black,bd961304b63ad8178610df7242edf180d825e336,2021-10-31T17:43:34-07:00,src/blib2to3/pgen2/grammar.py,223,0,0,2
black,bd961304b63ad8178610df7242edf180d825e336,2021-10-31T17:43:34-07:00,tests/test_format.py,236,0,0,13
black,bd961304b63ad8178610df7242edf180d825e336,2021-10-31T17:43:34-07:00,src/black/trans.py,2011,10,0,0
black,bd961304b63ad8178610df7242edf180d825e336,2021-10-31T17:43:34-07:00,src/blib2to3/pgen2/driver.py,253,0,0,81
black,bd961304b63ad8178610df7242edf180d825e336,2021-10-31T17:43:34-07:00,tests/data/parenthesized_context_managers.py,0,0,0,21
black,d7b091e762121ee38ca313ab25006abf4723d203,2021-11-15T18:38:40-08:00,src/black/mode.py,150,0,0,12
black,d7b091e762121ee38ca313ab25006abf4723d203,2021-11-15T18:38:40-08:00,src/black/linegen.py,1008,7,0,25
black,d7b091e762121ee38ca313ab25006abf4723d203,2021-11-15T18:38:40-08:00,src/black/nodes.py,845,1,0,37
black,d7b091e762121ee38ca313ab25006abf4723d203,2021-11-15T18:38:40-08:00,src/black/__init__.py,1357,2,0,34
black,d7b091e762121ee38ca313ab25006abf4723d203,2021-11-15T18:38:40-08:00,src/black/parsing.py,235,2,0,27
black,d7b091e762121ee38ca313ab25006abf4723d203,2021-11-15T18:38:40-08:00,src/black/comments.py,272,0,0,15
black,d7b091e762121ee38ca313ab25006abf4723d203,2021-11-15T18:38:40-08:00,src/black/brackets.py,334,0,0,2
black,d7b091e762121ee38ca313ab25006abf4723d203,2021-11-15T18:38:40-08:00,src/blib2to3/pgen2/tokenize.py,681,0,0,33
black,d7b091e762121ee38ca313ab25006abf4723d203,2021-11-15T18:38:40-08:00,src/blib2to3/pgen2/conv.py,256,2,0,0
black,d7b091e762121ee38ca313ab25006abf4723d203,2021-11-15T18:38:40-08:00,tests/optional.py,119,0,0,2
black,d7b091e762121ee38ca313ab25006abf4723d203,2021-11-15T18:38:40-08:00,src/black/output.py,102,0,0,7
black,d7b091e762121ee38ca313ab25006abf4723d203,2021-11-15T18:38:40-08:00,src/black/strings.py,216,0,0,30
black,d7b091e762121ee38ca313ab25006abf4723d203,2021-11-15T18:38:40-08:00,src/black/files.py,259,0,0,4
black,d7b091e762121ee38ca313ab25006abf4723d203,2021-11-15T18:38:40-08:00,src/black/debug.py,48,1,0,0
black,d7b091e762121ee38ca313ab25006abf4723d203,2021-11-15T18:38:40-08:00,tests/data/pattern_matching_extras.py,29,0,0,36
black,d7b091e762121ee38ca313ab25006abf4723d203,2021-11-15T18:38:40-08:00,tests/test_black.py,2075,0,0,28
black,d7b091e762121ee38ca313ab25006abf4723d203,2021-11-15T18:38:40-08:00,src/blib2to3/pytree.py,983,0,0,20
black,d7b091e762121ee38ca313ab25006abf4723d203,2021-11-15T18:38:40-08:00,src/blib2to3/pgen2/pgen.py,433,2,0,0
black,d7b091e762121ee38ca313ab25006abf4723d203,2021-11-15T18:38:40-08:00,tests/test_ipynb.py,451,0,0,9
black,d7b091e762121ee38ca313ab25006abf4723d203,2021-11-15T18:38:40-08:00,src/black_primer/cli.py,196,0,0,3
black,d7b091e762121ee38ca313ab25006abf4723d203,2021-11-15T18:38:40-08:00,setup.py,119,0,0,49
black,d7b091e762121ee38ca313ab25006abf4723d203,2021-11-15T18:38:40-08:00,src/black/trans.py,2011,10,0,59
black,d7b091e762121ee38ca313ab25006abf4723d203,2021-11-15T18:38:40-08:00,src/blib2to3/pgen2/driver.py,330,0,0,23
black,d7b091e762121ee38ca313ab25006abf4723d203,2021-11-15T18:38:40-08:00,src/blib2to3/pgen2/parse.py,352,0,0,80
black,d7b091e762121ee38ca313ab25006abf4723d203,2021-11-15T18:38:40-08:00,src/black/handle_ipynb_magics.py,464,0,0,65
black,1d7163957a34e8f071aaf9ac59467b912449fb07,2021-11-15T18:47:21-08:00,src/black/mode.py,150,0,0,12
black,1d7163957a34e8f071aaf9ac59467b912449fb07,2021-11-15T18:47:21-08:00,src/black/linegen.py,1008,7,0,25
black,1d7163957a34e8f071aaf9ac59467b912449fb07,2021-11-15T18:47:21-08:00,src/black/nodes.py,845,1,0,37
black,1d7163957a34e8f071aaf9ac59467b912449fb07,2021-11-15T18:47:21-08:00,src/black/__init__.py,1357,2,0,34
black,1d7163957a34e8f071aaf9ac59467b912449fb07,2021-11-15T18:47:21-08:00,src/black/parsing.py,235,2,0,27
black,1d7163957a34e8f071aaf9ac59467b912449fb07,2021-11-15T18:47:21-08:00,src/black/comments.py,272,0,0,15
black,1d7163957a34e8f071aaf9ac59467b912449fb07,2021-11-15T18:47:21-08:00,src/black/brackets.py,334,0,0,2
black,1d7163957a34e8f071aaf9ac59467b912449fb07,2021-11-15T18:47:21-08:00,src/blib2to3/pgen2/tokenize.py,681,0,0,33
black,1d7163957a34e8f071aaf9ac59467b912449fb07,2021-11-15T18:47:21-08:00,src/blib2to3/pgen2/conv.py,256,2,0,0
black,1d7163957a34e8f071aaf9ac59467b912449fb07,2021-11-15T18:47:21-08:00,tests/optional.py,119,0,0,2
black,1d7163957a34e8f071aaf9ac59467b912449fb07,2021-11-15T18:47:21-08:00,src/black/output.py,102,0,0,7
black,1d7163957a34e8f071aaf9ac59467b912449fb07,2021-11-15T18:47:21-08:00,src/black/strings.py,216,0,0,30
black,1d7163957a34e8f071aaf9ac59467b912449fb07,2021-11-15T18:47:21-08:00,src/black/files.py,259,0,0,4
black,1d7163957a34e8f071aaf9ac59467b912449fb07,2021-11-15T18:47:21-08:00,src/black/debug.py,48,1,0,0
black,1d7163957a34e8f071aaf9ac59467b912449fb07,2021-11-15T18:47:21-08:00,tests/data/pattern_matching_extras.py,29,0,0,16
black,1d7163957a34e8f071aaf9ac59467b912449fb07,2021-11-15T18:47:21-08:00,tests/test_black.py,2075,0,0,28
black,1d7163957a34e8f071aaf9ac59467b912449fb07,2021-11-15T18:47:21-08:00,src/blib2to3/pytree.py,983,0,0,15
black,1d7163957a34e8f071aaf9ac59467b912449fb07,2021-11-15T18:47:21-08:00,src/blib2to3/pgen2/pgen.py,433,2,0,0
black,1d7163957a34e8f071aaf9ac59467b912449fb07,2021-11-15T18:47:21-08:00,tests/test_ipynb.py,451,0,0,9
black,1d7163957a34e8f071aaf9ac59467b912449fb07,2021-11-15T18:47:21-08:00,src/black_primer/cli.py,196,0,0,3
black,1d7163957a34e8f071aaf9ac59467b912449fb07,2021-11-15T18:47:21-08:00,setup.py,119,0,0,49
black,1d7163957a34e8f071aaf9ac59467b912449fb07,2021-11-15T18:47:21-08:00,src/black/trans.py,2011,10,0,59
black,1d7163957a34e8f071aaf9ac59467b912449fb07,2021-11-15T18:47:21-08:00,src/blib2to3/pgen2/driver.py,330,0,0,23
black,1d7163957a34e8f071aaf9ac59467b912449fb07,2021-11-15T18:47:21-08:00,src/blib2to3/pgen2/parse.py,352,0,0,80
black,1d7163957a34e8f071aaf9ac59467b912449fb07,2021-11-15T18:47:21-08:00,src/black/handle_ipynb_magics.py,464,0,0,65
black,dc90d4951f66ac665582159537b902017d9a0361,2021-12-15T16:17:33-08:00,src/black/mode.py,183,0,0,8
black,dc90d4951f66ac665582159537b902017d9a0361,2021-12-15T16:17:33-08:00,src/black/nodes.py,856,1,0,28
black,dc90d4951f66ac665582159537b902017d9a0361,2021-12-15T16:17:33-08:00,src/black/linegen.py,1025,7,0,16
black,dc90d4951f66ac665582159537b902017d9a0361,2021-12-15T16:17:33-08:00,src/black/__init__.py,1397,2,0,20
black,dc90d4951f66ac665582159537b902017d9a0361,2021-12-15T16:17:33-08:00,src/black/parsing.py,285,2,0,24
black,dc90d4951f66ac665582159537b902017d9a0361,2021-12-15T16:17:33-08:00,src/blib2to3/pgen2/conv.py,256,2,0,0
black,dc90d4951f66ac665582159537b902017d9a0361,2021-12-15T16:17:33-08:00,tests/optional.py,119,0,0,11
black,dc90d4951f66ac665582159537b902017d9a0361,2021-12-15T16:17:33-08:00,src/black/files.py,261,0,0,4
black,dc90d4951f66ac665582159537b902017d9a0361,2021-12-15T16:17:33-08:00,tests/test_no_ipynb.py,37,0,0,8
black,dc90d4951f66ac665582159537b902017d9a0361,2021-12-15T16:17:33-08:00,src/black/debug.py,48,1,0,0
black,dc90d4951f66ac665582159537b902017d9a0361,2021-12-15T16:17:33-08:00,tests/data/pattern_matching_extras.py,94,0,0,11
black,dc90d4951f66ac665582159537b902017d9a0361,2021-12-15T16:17:33-08:00,tests/test_black.py,2136,0,0,20
black,dc90d4951f66ac665582159537b902017d9a0361,2021-12-15T16:17:33-08:00,src/blib2to3/pgen2/pgen.py,433,2,0,0
black,dc90d4951f66ac665582159537b902017d9a0361,2021-12-15T16:17:33-08:00,tests/test_ipynb.py,456,0,0,22
black,dc90d4951f66ac665582159537b902017d9a0361,2021-12-15T16:17:33-08:00,setup.py,143,0,0,2
black,dc90d4951f66ac665582159537b902017d9a0361,2021-12-15T16:17:33-08:00,src/black/trans.py,2064,10,0,0
black,dc90d4951f66ac665582159537b902017d9a0361,2021-12-15T16:17:33-08:00,src/black/handle_ipynb_magics.py,465,2,0,0
black,668bace2aba1589aaa2bfd7c11787d79410bfd05,2022-01-07T18:19:03+02:00,tests/data/pattern_matching_style.py,27,0,0,68
black,668bace2aba1589aaa2bfd7c11787d79410bfd05,2022-01-07T18:19:03+02:00,src/black/__init__.py,1405,2,0,134
black,668bace2aba1589aaa2bfd7c11787d79410bfd05,2022-01-07T18:19:03+02:00,action/main.py,39,0,0,2
black,668bace2aba1589aaa2bfd7c11787d79410bfd05,2022-01-07T18:19:03+02:00,src/blib2to3/pgen2/tokenize.py,688,0,0,2
black,668bace2aba1589aaa2bfd7c11787d79410bfd05,2022-01-07T18:19:03+02:00,src/blib2to3/pgen2/conv.py,256,2,0,0
black,668bace2aba1589aaa2bfd7c11787d79410bfd05,2022-01-07T18:19:03+02:00,src/black/files.py,261,0,0,28
black,668bace2aba1589aaa2bfd7c11787d79410bfd05,2022-01-07T18:19:03+02:00,src/black/numerics.py,65,0,0,15
black,668bace2aba1589aaa2bfd7c11787d79410bfd05,2022-01-07T18:19:03+02:00,src/black/report.py,104,0,0,6
black,668bace2aba1589aaa2bfd7c11787d79410bfd05,2022-01-07T18:19:03+02:00,tests/test_black.py,2148,0,0,106
black,668bace2aba1589aaa2bfd7c11787d79410bfd05,2022-01-07T18:19:03+02:00,tests/test_ipynb.py,456,0,0,66
black,668bace2aba1589aaa2bfd7c11787d79410bfd05,2022-01-07T18:19:03+02:00,tests/data/numeric_literals_py2.py,16,0,0,16
black,668bace2aba1589aaa2bfd7c11787d79410bfd05,2022-01-07T18:19:03+02:00,tests/test_format.py,268,0,0,67
black,668bace2aba1589aaa2bfd7c11787d79410bfd05,2022-01-07T18:19:03+02:00,src/blackd/__init__.py,201,0,0,6
black,668bace2aba1589aaa2bfd7c11787d79410bfd05,2022-01-07T18:19:03+02:00,tests/data/pattern_matching_generic.py,0,0,0,107
black,668bace2aba1589aaa2bfd7c11787d79410bfd05,2022-01-07T18:19:03+02:00,src/blib2to3/pgen2/parse.py,346,0,0,95
black,668bace2aba1589aaa2bfd7c11787d79410bfd05,2022-01-07T18:19:03+02:00,src/black/mode.py,187,0,0,80
black,668bace2aba1589aaa2bfd7c11787d79410bfd05,2022-01-07T18:19:03+02:00,src/black/nodes.py,876,1,0,10
black,668bace2aba1589aaa2bfd7c11787d79410bfd05,2022-01-07T18:19:03+02:00,src/black/linegen.py,1027,7,0,16
black,668bace2aba1589aaa2bfd7c11787d79410bfd05,2022-01-07T18:19:03+02:00,tests/data/string_prefixes.py,39,0,0,30
black,668bace2aba1589aaa2bfd7c11787d79410bfd05,2022-01-07T18:19:03+02:00,tests/data/python2_unicode_literals.py,20,0,0,20
black,668bace2aba1589aaa2bfd7c11787d79410bfd05,2022-01-07T18:19:03+02:00,tests/data/python2.py,33,0,0,33
black,668bace2aba1589aaa2bfd7c11787d79410bfd05,2022-01-07T18:19:03+02:00,tests/test_primer.py,291,0,0,2
black,668bace2aba1589aaa2bfd7c11787d79410bfd05,2022-01-07T18:19:03+02:00,src/black/parsing.py,291,2,0,85
black,668bace2aba1589aaa2bfd7c11787d79410bfd05,2022-01-07T18:19:03+02:00,src/black/lines.py,754,0,0,21
black,668bace2aba1589aaa2bfd7c11787d79410bfd05,2022-01-07T18:19:03+02:00,src/black/strings.py,234,0,0,20
black,668bace2aba1589aaa2bfd7c11787d79410bfd05,2022-01-07T18:19:03+02:00,src/black/debug.py,48,1,0,0
black,668bace2aba1589aaa2bfd7c11787d79410bfd05,2022-01-07T18:19:03+02:00,tests/data/pattern_matching_extras.py,105,0,0,14
black,668bace2aba1589aaa2bfd7c11787d79410bfd05,2022-01-07T18:19:03+02:00,tests/test_blackd.py,187,0,0,7
black,668bace2aba1589aaa2bfd7c11787d79410bfd05,2022-01-07T18:19:03+02:00,scripts/diff_shades_gha_helper.py,0,0,0,326
black,668bace2aba1589aaa2bfd7c11787d79410bfd05,2022-01-07T18:19:03+02:00,tests/data/python2_print_function.py,16,0,0,16
black,668bace2aba1589aaa2bfd7c11787d79410bfd05,2022-01-07T18:19:03+02:00,src/blib2to3/pgen2/pgen.py,433,2,0,0
black,668bace2aba1589aaa2bfd7c11787d79410bfd05,2022-01-07T18:19:03+02:00,setup.py,143,0,0,6
black,668bace2aba1589aaa2bfd7c11787d79410bfd05,2022-01-07T18:19:03+02:00,src/black/trans.py,2064,10,0,0
black,668bace2aba1589aaa2bfd7c11787d79410bfd05,2022-01-07T18:19:03+02:00,src/black/handle_ipynb_magics.py,465,2,0,0
black,fa7f01592b02229ff47f3bcab39a9b7d6c59f07c,2022-03-16T10:00:30-07:00,src/black/mode.py,188,0,0,6
black,fa7f01592b02229ff47f3bcab39a9b7d6c59f07c,2022-03-16T10:00:30-07:00,src/black/nodes.py,837,1,0,12
black,fa7f01592b02229ff47f3bcab39a9b7d6c59f07c,2022-03-16T10:00:30-07:00,src/black/linegen.py,1054,7,0,66
black,fa7f01592b02229ff47f3bcab39a9b7d6c59f07c,2022-03-16T10:00:30-07:00,src/black/__init__.py,1448,2,0,19
black,fa7f01592b02229ff47f3bcab39a9b7d6c59f07c,2022-03-16T10:00:30-07:00,src/black/parsing.py,272,4,0,4
black,fa7f01592b02229ff47f3bcab39a9b7d6c59f07c,2022-03-16T10:00:30-07:00,src/black/comments.py,277,0,0,48
black,fa7f01592b02229ff47f3bcab39a9b7d6c59f07c,2022-03-16T10:00:30-07:00,src/black/lines.py,758,0,0,21
black,fa7f01592b02229ff47f3bcab39a9b7d6c59f07c,2022-03-16T10:00:30-07:00,tests/data/long_strings__regression.py,1166,0,0,2
black,fa7f01592b02229ff47f3bcab39a9b7d6c59f07c,2022-03-16T10:00:30-07:00,src/blib2to3/pgen2/conv.py,256,2,0,0
black,fa7f01592b02229ff47f3bcab39a9b7d6c59f07c,2022-03-16T10:00:30-07:00,tests/data/comments8.py,0,0,0,15
black,fa7f01592b02229ff47f3bcab39a9b7d6c59f07c,2022-03-16T10:00:30-07:00,src/black/debug.py,48,1,0,0
black,fa7f01592b02229ff47f3bcab39a9b7d6c59f07c,2022-03-16T10:00:30-07:00,tests/data/one_element_subscript.py,0,0,0,36
black,fa7f01592b02229ff47f3bcab39a9b7d6c59f07c,2022-03-16T10:00:30-07:00,tests/data/remove_for_brackets.py,0,0,0,40
black,fa7f01592b02229ff47f3bcab39a9b7d6c59f07c,2022-03-16T10:00:30-07:00,tests/data/remove_except_parens.py,0,0,0,79
black,fa7f01592b02229ff47f3bcab39a9b7d6c59f07c,2022-03-16T10:00:30-07:00,tests/test_black.py,2129,0,0,2
black,fa7f01592b02229ff47f3bcab39a9b7d6c59f07c,2022-03-16T10:00:30-07:00,scripts/diff_shades_gha_helper.py,268,0,0,105
black,fa7f01592b02229ff47f3bcab39a9b7d6c59f07c,2022-03-16T10:00:30-07:00,src/blib2to3/pgen2/pgen.py,433,2,0,0
black,fa7f01592b02229ff47f3bcab39a9b7d6c59f07c,2022-03-16T10:00:30-07:00,tests/test_format.py,264,0,0,4
black,fa7f01592b02229ff47f3bcab39a9b7d6c59f07c,2022-03-16T10:00:30-07:00,src/black/trans.py,2146,10,0,12
black,fa7f01592b02229ff47f3bcab39a9b7d6c59f07c,2022-03-16T10:00:30-07:00,src/black/handle_ipynb_magics.py,465,2,0,0
black,3800ebd81df6a1c31d1eac8cc15899537b9cbb61,2022-03-23T19:16:09-07:00,src/black/mode.py,187,0,0,6
black,3800ebd81df6a1c31d1eac8cc15899537b9cbb61,2022-03-23T19:16:09-07:00,src/black/nodes.py,843,1,0,12
black,3800ebd81df6a1c31d1eac8cc15899537b9cbb61,2022-03-23T19:16:09-07:00,src/black/linegen.py,1063,7,0,148
black,3800ebd81df6a1c31d1eac8cc15899537b9cbb61,2022-03-23T19:16:09-07:00,src/black/__init__.py,1448,2,0,27
black,3800ebd81df6a1c31d1eac8cc15899537b9cbb61,2022-03-23T19:16:09-07:00,src/black/parsing.py,272,4,0,4
black,3800ebd81df6a1c31d1eac8cc15899537b9cbb61,2022-03-23T19:16:09-07:00,src/black/lines.py,773,0,0,21
black,3800ebd81df6a1c31d1eac8cc15899537b9cbb61,2022-03-23T19:16:09-07:00,tests/data/long_strings__regression.py,1166,0,0,2
black,3800ebd81df6a1c31d1eac8cc15899537b9cbb61,2022-03-23T19:16:09-07:00,src/blib2to3/pgen2/conv.py,256,2,0,0
black,3800ebd81df6a1c31d1eac8cc15899537b9cbb61,2022-03-23T19:16:09-07:00,gallery/gallery.py,307,0,0,13
black,3800ebd81df6a1c31d1eac8cc15899537b9cbb61,2022-03-23T19:16:09-07:00,src/black/files.py,278,0,0,6
black,3800ebd81df6a1c31d1eac8cc15899537b9cbb61,2022-03-23T19:16:09-07:00,src/black/debug.py,48,1,0,0
black,3800ebd81df6a1c31d1eac8cc15899537b9cbb61,2022-03-23T19:16:09-07:00,tests/data/one_element_subscript.py,36,0,0,36
black,3800ebd81df6a1c31d1eac8cc15899537b9cbb61,2022-03-23T19:16:09-07:00,tests/data/remove_for_brackets.py,0,0,0,48
black,3800ebd81df6a1c31d1eac8cc15899537b9cbb61,2022-03-23T19:16:09-07:00,docs/conf.py,212,0,0,4
black,3800ebd81df6a1c31d1eac8cc15899537b9cbb61,2022-03-23T19:16:09-07:00,tests/test_blackd.py,186,0,0,15
black,3800ebd81df6a1c31d1eac8cc15899537b9cbb61,2022-03-23T19:16:09-07:00,tests/data/remove_with_brackets.py,0,0,0,119
black,3800ebd81df6a1c31d1eac8cc15899537b9cbb61,2022-03-23T19:16:09-07:00,tests/test_black.py,2129,0,0,12
black,3800ebd81df6a1c31d1eac8cc15899537b9cbb61,2022-03-23T19:16:09-07:00,tests/data/remove_except_parens.py,0,0,0,79
black,3800ebd81df6a1c31d1eac8cc15899537b9cbb61,2022-03-23T19:16:09-07:00,scripts/diff_shades_gha_helper.py,268,0,0,105
black,3800ebd81df6a1c31d1eac8cc15899537b9cbb61,2022-03-23T19:16:09-07:00,src/blib2to3/pgen2/pgen.py,433,2,0,0
black,3800ebd81df6a1c31d1eac8cc15899537b9cbb61,2022-03-23T19:16:09-07:00,setup.py,136,0,0,2
black,3800ebd81df6a1c31d1eac8cc15899537b9cbb61,2022-03-23T19:16:09-07:00,tests/test_format.py,266,0,0,13
black,3800ebd81df6a1c31d1eac8cc15899537b9cbb61,2022-03-23T19:16:09-07:00,src/black/trans.py,2146,10,0,12
black,3800ebd81df6a1c31d1eac8cc15899537b9cbb61,2022-03-23T19:16:09-07:00,src/black/handle_ipynb_magics.py,465,2,0,0
black,c940f75d5b646777427aef1beb18a0d2c391f5e2,2022-05-03T07:08:33-06:00,tests/data/{ => simple_cases}/composition.py,0,0,0,0
black,c940f75d5b646777427aef1beb18a0d2c391f5e2,2022-05-03T07:08:33-06:00,tests/data/{ => simple_cases}/bracketmatch.py,0,0,0,0
black,c940f75d5b646777427aef1beb18a0d2c391f5e2,2022-05-03T07:08:33-06:00,tests/data/{ => simple_cases}/tupleassign.py,0,0,0,0
black,c940f75d5b646777427aef1beb18a0d2c391f5e2,2022-05-03T07:08:33-06:00,tests/data/{ => simple_cases}/fmtskip.py,0,0,0,0
black,c940f75d5b646777427aef1beb18a0d2c391f5e2,2022-05-03T07:08:33-06:00,tests/data/{ => simple_cases}/comment_after_escaped_newline.py,0,0,0,0
black,c940f75d5b646777427aef1beb18a0d2c391f5e2,2022-05-03T07:08:33-06:00,tests/data/{ => simple_cases}/comments6.py,0,0,0,0
black,c940f75d5b646777427aef1beb18a0d2c391f5e2,2022-05-03T07:08:33-06:00,tests/data/{ => simple_cases}/fmtskip4.py,0,0,0,0
black,c940f75d5b646777427aef1beb18a0d2c391f5e2,2022-05-03T07:08:33-06:00,src/black/__init__.py,1472,2,0,9
black,c940f75d5b646777427aef1beb18a0d2c391f5e2,2022-05-03T07:08:33-06:00,tests/data/{ => simple_cases}/fmtskip6.py,0,0,0,0
black,c940f75d5b646777427aef1beb18a0d2c391f5e2,2022-05-03T07:08:33-06:00,tests/data/{ => simple_cases}/torture.py,0,0,0,0
black,c940f75d5b646777427aef1beb18a0d2c391f5e2,2022-05-03T07:08:33-06:00,tests/data/{ => simple_cases}/tricky_unicode_symbols.py,0,0,0,0
black,c940f75d5b646777427aef1beb18a0d2c391f5e2,2022-05-03T07:08:33-06:00,tests/data/{ => simple_cases}/empty_lines.py,0,0,0,0
black,c940f75d5b646777427aef1beb18a0d2c391f5e2,2022-05-03T07:08:33-06:00,tests/data/{ => simple_cases}/fmtonoff2.py,0,0,0,0
black,c940f75d5b646777427aef1beb18a0d2c391f5e2,2022-05-03T07:08:33-06:00,tests/data/{ => simple_cases}/string_prefixes.py,0,0,0,0
black,c940f75d5b646777427aef1beb18a0d2c391f5e2,2022-05-03T07:08:33-06:00,tests/data/{ => simple_cases}/trailing_comma_optional_parens2.py,0,0,0,0
black,c940f75d5b646777427aef1beb18a0d2c391f5e2,2022-05-03T07:08:33-06:00,tests/data/docstring_preview.py,0,0,0,89
black,c940f75d5b646777427aef1beb18a0d2c391f5e2,2022-05-03T07:08:33-06:00,tests/data/{ => simple_cases}/function_trailing_comma.py,0,0,0,0
black,c940f75d5b646777427aef1beb18a0d2c391f5e2,2022-05-03T07:08:33-06:00,tests/data/{ => simple_cases}/beginning_backslash.py,0,0,0,0
black,c940f75d5b646777427aef1beb18a0d2c391f5e2,2022-05-03T07:08:33-06:00,tests/data/{ => simple_cases}/import_spacing.py,0,0,0,0
black,c940f75d5b646777427aef1beb18a0d2c391f5e2,2022-05-03T07:08:33-06:00,src/blib2to3/pgen2/conv.py,256,2,0,0
black,c940f75d5b646777427aef1beb18a0d2c391f5e2,2022-05-03T07:08:33-06:00,tests/data/{ => simple_cases}/slices.py,0,0,0,0
black,c940f75d5b646777427aef1beb18a0d2c391f5e2,2022-05-03T07:08:33-06:00,tests/data/{ => simple_cases}/comments4.py,0,0,0,0
black,c940f75d5b646777427aef1beb18a0d2c391f5e2,2022-05-03T07:08:33-06:00,tests/data/{ => simple_cases}/comments_non_breaking_space.py,0,0,0,0
black,c940f75d5b646777427aef1beb18a0d2c391f5e2,2022-05-03T07:08:33-06:00,tests/data/{ => simple_cases}/fmtonoff3.py,0,0,0,0
black,c940f75d5b646777427aef1beb18a0d2c391f5e2,2022-05-03T07:08:33-06:00,tests/data/{ => simple_cases}/collections.py,0,0,0,0
black,c940f75d5b646777427aef1beb18a0d2c391f5e2,2022-05-03T07:08:33-06:00,tests/data/{ => simple_cases}/function.py,0,0,0,0
black,c940f75d5b646777427aef1beb18a0d2c391f5e2,2022-05-03T07:08:33-06:00,tests/data/{ => simple_cases}/power_op_spacing.py,0,0,0,0
black,c940f75d5b646777427aef1beb18a0d2c391f5e2,2022-05-03T07:08:33-06:00,tests/test_black.py,2137,0,0,32
black,c940f75d5b646777427aef1beb18a0d2c391f5e2,2022-05-03T07:08:33-06:00,tests/data/{ => simple_cases}/comments2.py,0,0,0,0
black,c940f75d5b646777427aef1beb18a0d2c391f5e2,2022-05-03T07:08:33-06:00,tests/data/{ => simple_cases}/comments3.py,0,0,0,0
black,c940f75d5b646777427aef1beb18a0d2c391f5e2,2022-05-03T07:08:33-06:00,tests/data/{ => simple_cases}/fmtskip3.py,0,0,0,0
black,c940f75d5b646777427aef1beb18a0d2c391f5e2,2022-05-03T07:08:33-06:00,tests/data/{ => simple_cases}/fmtskip5.py,0,0,0,0
black,c940f75d5b646777427aef1beb18a0d2c391f5e2,2022-05-03T07:08:33-06:00,tests/test_format.py,293,0,0,52
black,c940f75d5b646777427aef1beb18a0d2c391f5e2,2022-05-03T07:08:33-06:00,tests/data/{ => simple_cases}/trailing_comma_optional_parens1.py,0,0,0,0
black,c940f75d5b646777427aef1beb18a0d2c391f5e2,2022-05-03T07:08:33-06:00,tests/data/{ => simple_cases}/remove_parens.py,0,0,0,0
black,c940f75d5b646777427aef1beb18a0d2c391f5e2,2022-05-03T07:08:33-06:00,src/black/mode.py,206,0,0,1
black,c940f75d5b646777427aef1beb18a0d2c391f5e2,2022-05-03T07:08:33-06:00,src/black/nodes.py,847,1,0,0
black,c940f75d5b646777427aef1beb18a0d2c391f5e2,2022-05-03T07:08:33-06:00,src/black/linegen.py,1223,7,0,26
black,c940f75d5b646777427aef1beb18a0d2c391f5e2,2022-05-03T07:08:33-06:00,tests/data/{ => simple_cases}/fmtskip7.py,0,0,0,0
black,c940f75d5b646777427aef1beb18a0d2c391f5e2,2022-05-03T07:08:33-06:00,tests/data/{ => simple_cases}/docstring.py,0,0,0,0
black,c940f75d5b646777427aef1beb18a0d2c391f5e2,2022-05-03T07:08:33-06:00,tests/data/{ => simple_cases}/trailing_comma_optional_parens3.py,0,0,0,0
black,c940f75d5b646777427aef1beb18a0d2c391f5e2,2022-05-03T07:08:33-06:00,tests/data/{ => simple_cases}/comments.py,0,0,0,0
black,c940f75d5b646777427aef1beb18a0d2c391f5e2,2022-05-03T07:08:33-06:00,tests/data/docstring.py,377,0,0,42
black,c940f75d5b646777427aef1beb18a0d2c391f5e2,2022-05-03T07:08:33-06:00,src/black/parsing.py,272,4,0,0
black,c940f75d5b646777427aef1beb18a0d2c391f5e2,2022-05-03T07:08:33-06:00,tests/data/{ => simple_cases}/fmtskip2.py,0,0,0,0
black,c940f75d5b646777427aef1beb18a0d2c391f5e2,2022-05-03T07:08:33-06:00,tests/data/{ => simple_cases}/fmtonoff4.py,0,0,0,0
black,c940f75d5b646777427aef1beb18a0d2c391f5e2,2022-05-03T07:08:33-06:00,tests/data/{ => simple_cases}/fstring.py,0,0,0,0
black,c940f75d5b646777427aef1beb18a0d2c391f5e2,2022-05-03T07:08:33-06:00,tests/data/{ => simple_cases}/function2.py,0,0,0,0
black,c940f75d5b646777427aef1beb18a0d2c391f5e2,2022-05-03T07:08:33-06:00,tests/data/{ => simple_cases}/expression.py,0,0,0,0
black,c940f75d5b646777427aef1beb18a0d2c391f5e2,2022-05-03T07:08:33-06:00,tests/data/{ => simple_cases}/class_blank_parentheses.py,0,0,0,0
black,c940f75d5b646777427aef1beb18a0d2c391f5e2,2022-05-03T07:08:33-06:00,tests/data/{ => simple_cases}/class_methods_new_line.py,0,0,0,0
black,c940f75d5b646777427aef1beb18a0d2c391f5e2,2022-05-03T07:08:33-06:00,src/black/debug.py,48,1,0,0
black,c940f75d5b646777427aef1beb18a0d2c391f5e2,2022-05-03T07:08:33-06:00,tests/data/{ => simple_cases}/composition_no_trailing_comma.py,0,0,0,0
black,c940f75d5b646777427aef1beb18a0d2c391f5e2,2022-05-03T07:08:33-06:00,tests/data/{ => simple_cases}/fmtonoff.py,0,0,0,0
black,c940f75d5b646777427aef1beb18a0d2c391f5e2,2022-05-03T07:08:33-06:00,tests/util.py,128,0,0,11
black,c940f75d5b646777427aef1beb18a0d2c391f5e2,2022-05-03T07:08:33-06:00,tests/data/{ => simple_cases}/comments5.py,0,0,0,0
black,c940f75d5b646777427aef1beb18a0d2c391f5e2,2022-05-03T07:08:33-06:00,src/blib2to3/pgen2/pgen.py,433,2,0,0
black,c940f75d5b646777427aef1beb18a0d2c391f5e2,2022-05-03T07:08:33-06:00,tests/data/{ => simple_cases}/attribute_access_on_number_literals.py,0,0,0,0
black,c940f75d5b646777427aef1beb18a0d2c391f5e2,2022-05-03T07:08:33-06:00,src/black/trans.py,2146,10,0,0
black,c940f75d5b646777427aef1beb18a0d2c391f5e2,2022-05-03T07:08:33-06:00,src/black/handle_ipynb_magics.py,465,2,0,0
black,eaa048925e4443cc0e2b57b795f2852bedb4287f,2022-07-29T20:38:39-07:00,src/black/mode.py,210,0,0,5
black,eaa048925e4443cc0e2b57b795f2852bedb4287f,2022-07-29T20:38:39-07:00,src/black/debug.py,47,1,0,0
black,eaa048925e4443cc0e2b57b795f2852bedb4287f,2022-07-29T20:38:39-07:00,src/black/nodes.py,848,1,0,0
black,eaa048925e4443cc0e2b57b795f2852bedb4287f,2022-07-29T20:38:39-07:00,src/black/linegen.py,1294,7,0,0
black,eaa048925e4443cc0e2b57b795f2852bedb4287f,2022-07-29T20:38:39-07:00,fuzz.py => scripts/fuzz.py,0,0,0,0
black,eaa048925e4443cc0e2b57b795f2852bedb4287f,2022-07-29T20:38:39-07:00,src/black/__init__.py,1505,2,0,7
black,eaa048925e4443cc0e2b57b795f2852bedb4287f,2022-07-29T20:38:39-07:00,tests/test_blackd.py,194,0,0,7
black,eaa048925e4443cc0e2b57b795f2852bedb4287f,2022-07-29T20:38:39-07:00,tests/test_black.py,2146,0,0,20
black,eaa048925e4443cc0e2b57b795f2852bedb4287f,2022-07-29T20:38:39-07:00,src/black/parsing.py,278,4,0,0
black,eaa048925e4443cc0e2b57b795f2852bedb4287f,2022-07-29T20:38:39-07:00,src/blib2to3/pgen2/pgen.py,433,2,0,0
black,eaa048925e4443cc0e2b57b795f2852bedb4287f,2022-07-29T20:38:39-07:00,setup.py,137,0,0,5
black,eaa048925e4443cc0e2b57b795f2852bedb4287f,2022-07-29T20:38:39-07:00,tests/data/miscellaneous/docstring_preview_no_string_normalization.py,10,0,0,4
black,eaa048925e4443cc0e2b57b795f2852bedb4287f,2022-07-29T20:38:39-07:00,src/blib2to3/pgen2/conv.py,256,2,0,0
black,eaa048925e4443cc0e2b57b795f2852bedb4287f,2022-07-29T20:38:39-07:00,src/black/trans.py,2152,10,0,0
black,eaa048925e4443cc0e2b57b795f2852bedb4287f,2022-07-29T20:38:39-07:00,src/blackd/__init__.py,200,0,0,4
black,eaa048925e4443cc0e2b57b795f2852bedb4287f,2022-07-29T20:38:39-07:00,src/blib2to3/pgen2/parse.py,393,0,0,2
black,eaa048925e4443cc0e2b57b795f2852bedb4287f,2022-07-29T20:38:39-07:00,src/black/handle_ipynb_magics.py,459,2,0,0
black,e269f44b25737360e0dc65379f889dfa931dc68a,2022-08-26T21:11:00-04:00,src/black/linegen.py,1294,7,0,0
black,e269f44b25737360e0dc65379f889dfa931dc68a,2022-08-26T21:11:00-04:00,src/black/nodes.py,848,1,0,0
black,e269f44b25737360e0dc65379f889dfa931dc68a,2022-08-26T21:11:00-04:00,src/blackd/middlewares.py,35,0,0,22
black,e269f44b25737360e0dc65379f889dfa931dc68a,2022-08-26T21:11:00-04:00,src/black/__init__.py,1391,1,0,184
black,e269f44b25737360e0dc65379f889dfa931dc68a,2022-08-26T21:11:00-04:00,tests/data/preview/comments7.py,271,0,0,46
black,e269f44b25737360e0dc65379f889dfa931dc68a,2022-08-26T21:11:00-04:00,tests/data/preview/long_strings__regression.py,1166,0,0,32
black,e269f44b25737360e0dc65379f889dfa931dc68a,2022-08-26T21:11:00-04:00,src/black/parsing.py,278,4,0,0
black,e269f44b25737360e0dc65379f889dfa931dc68a,2022-08-26T21:11:00-04:00,src/black/concurrency.py,198,1,0,156
black,e269f44b25737360e0dc65379f889dfa931dc68a,2022-08-26T21:11:00-04:00,src/blib2to3/pgen2/conv.py,256,2,0,0
black,e269f44b25737360e0dc65379f889dfa931dc68a,2022-08-26T21:11:00-04:00,tests/optional.py,124,0,0,2
black,e269f44b25737360e0dc65379f889dfa931dc68a,2022-08-26T21:11:00-04:00,src/black/debug.py,47,1,0,0
black,e269f44b25737360e0dc65379f889dfa931dc68a,2022-08-26T21:11:00-04:00,docs/conf.py,216,0,0,2
black,e269f44b25737360e0dc65379f889dfa931dc68a,2022-08-26T21:11:00-04:00,tests/test_blackd.py,208,0,0,413
black,e269f44b25737360e0dc65379f889dfa931dc68a,2022-08-26T21:11:00-04:00,tests/test_black.py,2174,0,0,37
black,e269f44b25737360e0dc65379f889dfa931dc68a,2022-08-26T21:11:00-04:00,src/blib2to3/pytree.py,983,0,0,18
black,e269f44b25737360e0dc65379f889dfa931dc68a,2022-08-26T21:11:00-04:00,tests/data/preview/long_strings.py,696,0,0,81
black,e269f44b25737360e0dc65379f889dfa931dc68a,2022-08-26T21:11:00-04:00,src/blib2to3/pgen2/pgen.py,433,2,0,0
black,e269f44b25737360e0dc65379f889dfa931dc68a,2022-08-26T21:11:00-04:00,scripts/fuzz.py,89,0,0,5
black,e269f44b25737360e0dc65379f889dfa931dc68a,2022-08-26T21:11:00-04:00,src/black/trans.py,2166,10,0,50
black,e269f44b25737360e0dc65379f889dfa931dc68a,2022-08-26T21:11:00-04:00,src/black/handle_ipynb_magics.py,459,2,0,0
black,04bce6ad2ecf38656149fd261f01f84699cf0b6a,2022-09-14T22:31:26-04:00,src/black/linegen.py,1294,7,0,0
black,04bce6ad2ecf38656149fd261f01f84699cf0b6a,2022-09-14T22:31:26-04:00,src/black/nodes.py,848,1,0,14
black,04bce6ad2ecf38656149fd261f01f84699cf0b6a,2022-09-14T22:31:26-04:00,src/black/__init__.py,1388,1,0,4
black,04bce6ad2ecf38656149fd261f01f84699cf0b6a,2022-09-14T22:31:26-04:00,src/black/parsing.py,278,4,0,0
black,04bce6ad2ecf38656149fd261f01f84699cf0b6a,2022-09-14T22:31:26-04:00,src/black/comments.py,335,0,0,37
black,04bce6ad2ecf38656149fd261f01f84699cf0b6a,2022-09-14T22:31:26-04:00,action/main.py,39,0,0,14
black,04bce6ad2ecf38656149fd261f01f84699cf0b6a,2022-09-14T22:31:26-04:00,src/black/concurrency.py,199,1,0,12
black,04bce6ad2ecf38656149fd261f01f84699cf0b6a,2022-09-14T22:31:26-04:00,src/blib2to3/pgen2/conv.py,256,2,0,0
black,04bce6ad2ecf38656149fd261f01f84699cf0b6a,2022-09-14T22:31:26-04:00,src/black/files.py,286,0,0,3
black,04bce6ad2ecf38656149fd261f01f84699cf0b6a,2022-09-14T22:31:26-04:00,src/black/debug.py,47,1,0,0
black,04bce6ad2ecf38656149fd261f01f84699cf0b6a,2022-09-14T22:31:26-04:00,src/blib2to3/pgen2/pgen.py,433,2,0,0
black,04bce6ad2ecf38656149fd261f01f84699cf0b6a,2022-09-14T22:31:26-04:00,setup.py,141,0,0,141
black,04bce6ad2ecf38656149fd261f01f84699cf0b6a,2022-09-14T22:31:26-04:00,src/black/trans.py,2222,10,0,2
black,04bce6ad2ecf38656149fd261f01f84699cf0b6a,2022-09-14T22:31:26-04:00,tests/data/simple_cases/fmtonoff5.py,36,0,0,122
black,04bce6ad2ecf38656149fd261f01f84699cf0b6a,2022-09-14T22:31:26-04:00,src/black/handle_ipynb_magics.py,459,2,0,0
black,27932494bcefac03497dd92dcf0c59a04c10d757,2022-11-14T07:31:43-08:00,src/black/debug.py,47,1,0,0
black,27932494bcefac03497dd92dcf0c59a04c10d757,2022-11-14T07:31:43-08:00,src/black/linegen.py,1338,7,0,0
black,27932494bcefac03497dd92dcf0c59a04c10d757,2022-11-14T07:31:43-08:00,src/black/nodes.py,850,1,0,0
black,27932494bcefac03497dd92dcf0c59a04c10d757,2022-11-14T07:31:43-08:00,src/black/__init__.py,1419,1,0,0
black,27932494bcefac03497dd92dcf0c59a04c10d757,2022-11-14T07:31:43-08:00,src/black/parsing.py,277,4,0,0
black,27932494bcefac03497dd92dcf0c59a04c10d757,2022-11-14T07:31:43-08:00,src/blib2to3/pgen2/pgen.py,433,2,0,0
black,27932494bcefac03497dd92dcf0c59a04c10d757,2022-11-14T07:31:43-08:00,src/black/concurrency.py,187,1,0,0
black,27932494bcefac03497dd92dcf0c59a04c10d757,2022-11-14T07:31:43-08:00,src/blib2to3/pgen2/conv.py,256,2,0,0
black,27932494bcefac03497dd92dcf0c59a04c10d757,2022-11-14T07:31:43-08:00,src/black/trans.py,2207,10,0,0
black,27932494bcefac03497dd92dcf0c59a04c10d757,2022-11-14T07:31:43-08:00,src/black/handle_ipynb_magics.py,459,2,0,0
black,658c8d8d96047c5ba77be4aecc2545a22d5e35b9,2022-12-15T08:25:28-08:00,src/black/mode.py,225,0,0,4
black,658c8d8d96047c5ba77be4aecc2545a22d5e35b9,2022-12-15T08:25:28-08:00,tests/data/preview/long_dict_values.py,53,0,0,90
black,658c8d8d96047c5ba77be4aecc2545a22d5e35b9,2022-12-15T08:25:28-08:00,src/black/linegen.py,1354,9,0,147
black,658c8d8d96047c5ba77be4aecc2545a22d5e35b9,2022-12-15T08:25:28-08:00,src/black/nodes.py,850,1,0,12
black,658c8d8d96047c5ba77be4aecc2545a22d5e35b9,2022-12-15T08:25:28-08:00,src/black/__init__.py,1422,1,0,0
black,658c8d8d96047c5ba77be4aecc2545a22d5e35b9,2022-12-15T08:25:28-08:00,tests/data/preview/long_strings__regression.py,1195,0,0,63
black,658c8d8d96047c5ba77be4aecc2545a22d5e35b9,2022-12-15T08:25:28-08:00,src/black/parsing.py,277,4,0,0
black,658c8d8d96047c5ba77be4aecc2545a22d5e35b9,2022-12-15T08:25:28-08:00,tests/data/preview/long_strings__type_annotations.py,0,0,0,59
black,658c8d8d96047c5ba77be4aecc2545a22d5e35b9,2022-12-15T08:25:28-08:00,src/black/brackets.py,371,0,0,16
black,658c8d8d96047c5ba77be4aecc2545a22d5e35b9,2022-12-15T08:25:28-08:00,src/black/lines.py,877,0,0,3
black,658c8d8d96047c5ba77be4aecc2545a22d5e35b9,2022-12-15T08:25:28-08:00,src/black/concurrency.py,187,1,0,0
black,658c8d8d96047c5ba77be4aecc2545a22d5e35b9,2022-12-15T08:25:28-08:00,src/blib2to3/pgen2/conv.py,256,2,0,0
black,658c8d8d96047c5ba77be4aecc2545a22d5e35b9,2022-12-15T08:25:28-08:00,tests/data/preview/comments9.py,254,0,0,51
black,658c8d8d96047c5ba77be4aecc2545a22d5e35b9,2022-12-15T08:25:28-08:00,src/black/debug.py,47,1,0,0
black,658c8d8d96047c5ba77be4aecc2545a22d5e35b9,2022-12-15T08:25:28-08:00,tests/data/preview/prefer_rhs_split.py,0,0,0,87
black,658c8d8d96047c5ba77be4aecc2545a22d5e35b9,2022-12-15T08:25:28-08:00,tests/data/py_310/pattern_matching_extras.py,119,0,0,2
black,658c8d8d96047c5ba77be4aecc2545a22d5e35b9,2022-12-15T08:25:28-08:00,tests/data/preview/prefer_rhs_split_reformatted.py,0,0,0,38
black,658c8d8d96047c5ba77be4aecc2545a22d5e35b9,2022-12-15T08:25:28-08:00,tests/util.py,161,0,0,54
black,658c8d8d96047c5ba77be4aecc2545a22d5e35b9,2022-12-15T08:25:28-08:00,tests/data/preview/long_strings.py,830,0,0,59
black,658c8d8d96047c5ba77be4aecc2545a22d5e35b9,2022-12-15T08:25:28-08:00,src/blib2to3/pgen2/pgen.py,433,2,0,0
black,658c8d8d96047c5ba77be4aecc2545a22d5e35b9,2022-12-15T08:25:28-08:00,src/black/trans.py,2229,10,0,349
black,658c8d8d96047c5ba77be4aecc2545a22d5e35b9,2022-12-15T08:25:28-08:00,src/black/handle_ipynb_magics.py,459,2,0,0
black,59f03d1b9d3c77f214087948b4d5e3dbb024d0b3,2022-12-20T15:00:06-08:00,src/black/mode.py,226,0,0,1
black,59f03d1b9d3c77f214087948b4d5e3dbb024d0b3,2022-12-20T15:00:06-08:00,src/black/linegen.py,1450,9,0,16
black,59f03d1b9d3c77f214087948b4d5e3dbb024d0b3,2022-12-20T15:00:06-08:00,src/black/nodes.py,862,1,0,0
black,59f03d1b9d3c77f214087948b4d5e3dbb024d0b3,2022-12-20T15:00:06-08:00,src/black/__init__.py,1422,1,0,16
black,59f03d1b9d3c77f214087948b4d5e3dbb024d0b3,2022-12-20T15:00:06-08:00,src/black/parsing.py,277,4,0,0
black,59f03d1b9d3c77f214087948b4d5e3dbb024d0b3,2022-12-20T15:00:06-08:00,tests/data/conditional_expression.py,0,0,0,160
black,59f03d1b9d3c77f214087948b4d5e3dbb024d0b3,2022-12-20T15:00:06-08:00,src/black/lines.py,877,0,0,3
black,59f03d1b9d3c77f214087948b4d5e3dbb024d0b3,2022-12-20T15:00:06-08:00,src/black/concurrency.py,187,1,0,0
black,59f03d1b9d3c77f214087948b4d5e3dbb024d0b3,2022-12-20T15:00:06-08:00,src/blib2to3/pgen2/conv.py,256,2,0,0
black,59f03d1b9d3c77f214087948b4d5e3dbb024d0b3,2022-12-20T15:00:06-08:00,tests/data/preview/comments9.py,254,0,0,51
black,59f03d1b9d3c77f214087948b4d5e3dbb024d0b3,2022-12-20T15:00:06-08:00,src/black/debug.py,47,1,0,0
black,59f03d1b9d3c77f214087948b4d5e3dbb024d0b3,2022-12-20T15:00:06-08:00,tests/data/preview/prefer_rhs_split.py,85,0,0,2
black,59f03d1b9d3c77f214087948b4d5e3dbb024d0b3,2022-12-20T15:00:06-08:00,tests/data/preview/long_strings.py,830,0,0,31
black,59f03d1b9d3c77f214087948b4d5e3dbb024d0b3,2022-12-20T15:00:06-08:00,src/blib2to3/pgen2/pgen.py,433,2,0,0
black,59f03d1b9d3c77f214087948b4d5e3dbb024d0b3,2022-12-20T15:00:06-08:00,src/black/trans.py,2235,10,0,279
black,59f03d1b9d3c77f214087948b4d5e3dbb024d0b3,2022-12-20T15:00:06-08:00,src/black/handle_ipynb_magics.py,459,2,0,0
black,29dd25725303992d36c3a75c3a071080ac06085f,2022-12-20T17:58:02-08:00,src/black/mode.py,226,0,0,1
black,29dd25725303992d36c3a75c3a071080ac06085f,2022-12-20T17:58:02-08:00,src/black/linegen.py,1450,9,0,16
black,29dd25725303992d36c3a75c3a071080ac06085f,2022-12-20T17:58:02-08:00,src/black/nodes.py,862,1,0,0
black,29dd25725303992d36c3a75c3a071080ac06085f,2022-12-20T17:58:02-08:00,src/black/__init__.py,1422,1,0,16
black,29dd25725303992d36c3a75c3a071080ac06085f,2022-12-20T17:58:02-08:00,src/black/parsing.py,277,4,0,0
black,29dd25725303992d36c3a75c3a071080ac06085f,2022-12-20T17:58:02-08:00,tests/data/conditional_expression.py,0,0,0,160
black,29dd25725303992d36c3a75c3a071080ac06085f,2022-12-20T17:58:02-08:00,src/black/lines.py,878,0,0,3
black,29dd25725303992d36c3a75c3a071080ac06085f,2022-12-20T17:58:02-08:00,src/black/concurrency.py,187,1,0,0
black,29dd25725303992d36c3a75c3a071080ac06085f,2022-12-20T17:58:02-08:00,src/blib2to3/pgen2/conv.py,256,2,0,0
black,29dd25725303992d36c3a75c3a071080ac06085f,2022-12-20T17:58:02-08:00,tests/data/preview/comments9.py,305,0,0,51
black,29dd25725303992d36c3a75c3a071080ac06085f,2022-12-20T17:58:02-08:00,src/black/debug.py,47,1,0,0
black,29dd25725303992d36c3a75c3a071080ac06085f,2022-12-20T17:58:02-08:00,tests/data/preview/prefer_rhs_split.py,85,0,0,2
black,29dd25725303992d36c3a75c3a071080ac06085f,2022-12-20T17:58:02-08:00,tests/data/preview/long_strings.py,830,0,0,31
black,29dd25725303992d36c3a75c3a071080ac06085f,2022-12-20T17:58:02-08:00,src/blib2to3/pgen2/pgen.py,433,2,0,0
black,29dd25725303992d36c3a75c3a071080ac06085f,2022-12-20T17:58:02-08:00,src/black/trans.py,2235,10,0,279
black,29dd25725303992d36c3a75c3a071080ac06085f,2022-12-20T17:58:02-08:00,src/black/handle_ipynb_magics.py,459,2,0,0
black,60a2e8e2c26d6312cd86b40f680c5037571acafc,2023-01-16T12:26:03-08:00,src/black/mode.py,227,0,0,6
black,60a2e8e2c26d6312cd86b40f680c5037571acafc,2023-01-16T12:26:03-08:00,src/black/linegen.py,1470,9,0,113
black,60a2e8e2c26d6312cd86b40f680c5037571acafc,2023-01-16T12:26:03-08:00,src/black/nodes.py,862,1,0,11
black,60a2e8e2c26d6312cd86b40f680c5037571acafc,2023-01-16T12:26:03-08:00,tests/data/preview_context_managers/targeting_py38.py,0,0,0,38
black,60a2e8e2c26d6312cd86b40f680c5037571acafc,2023-01-16T12:26:03-08:00,src/black/__init__.py,1426,1,0,33
black,60a2e8e2c26d6312cd86b40f680c5037571acafc,2023-01-16T12:26:03-08:00,tests/data/fast/pep_572_do_not_remove_parens.py,21,0,0,4
black,60a2e8e2c26d6312cd86b40f680c5037571acafc,2023-01-16T12:26:03-08:00,tests/data/preview/long_strings__regression.py,1237,0,0,18
black,60a2e8e2c26d6312cd86b40f680c5037571acafc,2023-01-16T12:26:03-08:00,src/black/parsing.py,277,4,0,0
black,60a2e8e2c26d6312cd86b40f680c5037571acafc,2023-01-16T12:26:03-08:00,tests/data/preview_context_managers/auto_detect/features_3_8.py,0,0,0,30
black,60a2e8e2c26d6312cd86b40f680c5037571acafc,2023-01-16T12:26:03-08:00,src/black/concurrency.py,187,1,0,0
black,60a2e8e2c26d6312cd86b40f680c5037571acafc,2023-01-16T12:26:03-08:00,src/blib2to3/pgen2/conv.py,256,2,0,0
black,60a2e8e2c26d6312cd86b40f680c5037571acafc,2023-01-16T12:26:03-08:00,src/black/strings.py,238,0,0,44
black,60a2e8e2c26d6312cd86b40f680c5037571acafc,2023-01-16T12:26:03-08:00,tests/data/preview_context_managers/auto_detect/features_3_11.py,0,0,0,37
black,60a2e8e2c26d6312cd86b40f680c5037571acafc,2023-01-16T12:26:03-08:00,tests/data/preview/format_unicode_escape_seq.py,0,0,0,33
black,60a2e8e2c26d6312cd86b40f680c5037571acafc,2023-01-16T12:26:03-08:00,tests/data/preview_context_managers/targeting_py39.py,0,0,0,104
black,60a2e8e2c26d6312cd86b40f680c5037571acafc,2023-01-16T12:26:03-08:00,src/black/debug.py,47,1,0,0
black,60a2e8e2c26d6312cd86b40f680c5037571acafc,2023-01-16T12:26:03-08:00,tests/data/simple_cases/docstring.py,444,0,0,11
black,60a2e8e2c26d6312cd86b40f680c5037571acafc,2023-01-16T12:26:03-08:00,tests/data/preview_context_managers/auto_detect/features_3_9.py,0,0,0,34
black,60a2e8e2c26d6312cd86b40f680c5037571acafc,2023-01-16T12:26:03-08:00,tests/test_black.py,2378,0,0,47
black,60a2e8e2c26d6312cd86b40f680c5037571acafc,2023-01-16T12:26:03-08:00,tests/data/preview_context_managers/auto_detect/features_3_10.py,0,0,0,35
black,60a2e8e2c26d6312cd86b40f680c5037571acafc,2023-01-16T12:26:03-08:00,tests/data/miscellaneous/linelength6.py,5,0,0,5
black,60a2e8e2c26d6312cd86b40f680c5037571acafc,2023-01-16T12:26:03-08:00,src/blib2to3/pgen2/pgen.py,433,2,0,0
black,60a2e8e2c26d6312cd86b40f680c5037571acafc,2023-01-16T12:26:03-08:00,tests/data/py_38/pep_572_remove_parens.py,105,0,0,40
black,60a2e8e2c26d6312cd86b40f680c5037571acafc,2023-01-16T12:26:03-08:00,tests/test_format.py,184,0,0,31
black,60a2e8e2c26d6312cd86b40f680c5037571acafc,2023-01-16T12:26:03-08:00,src/black/trans.py,2362,15,0,30
black,60a2e8e2c26d6312cd86b40f680c5037571acafc,2023-01-16T12:26:03-08:00,src/black/handle_ipynb_magics.py,459,2,0,0
black,9c8464ca7ddd48d1c19112d895ae12d783f01563,2023-02-07T14:48:09-08:00,src/black/debug.py,47,1,0,0
black,9c8464ca7ddd48d1c19112d895ae12d783f01563,2023-02-07T14:48:09-08:00,src/black/linegen.py,1547,7,0,2
black,9c8464ca7ddd48d1c19112d895ae12d783f01563,2023-02-07T14:48:09-08:00,src/black/nodes.py,873,1,0,0
black,9c8464ca7ddd48d1c19112d895ae12d783f01563,2023-02-07T14:48:09-08:00,src/black/__init__.py,1451,1,0,0
black,9c8464ca7ddd48d1c19112d895ae12d783f01563,2023-02-07T14:48:09-08:00,tests/data/preview/prefer_rhs_split.py,85,0,0,2
black,9c8464ca7ddd48d1c19112d895ae12d783f01563,2023-02-07T14:48:09-08:00,src/black/parsing.py,277,3,0,0
black,9c8464ca7ddd48d1c19112d895ae12d783f01563,2023-02-07T14:48:09-08:00,src/blib2to3/pgen2/pgen.py,433,2,0,0
black,9c8464ca7ddd48d1c19112d895ae12d783f01563,2023-02-07T14:48:09-08:00,src/black/lines.py,868,2,0,0
black,9c8464ca7ddd48d1c19112d895ae12d783f01563,2023-02-07T14:48:09-08:00,src/black/concurrency.py,187,1,0,0
black,9c8464ca7ddd48d1c19112d895ae12d783f01563,2023-02-07T14:48:09-08:00,src/blib2to3/pgen2/conv.py,256,2,0,0
black,9c8464ca7ddd48d1c19112d895ae12d783f01563,2023-02-07T14:48:09-08:00,src/black/trans.py,2396,15,0,0
black,9c8464ca7ddd48d1c19112d895ae12d783f01563,2023-02-07T14:48:09-08:00,src/black/handle_ipynb_magics.py,459,2,0,0
black,9c8464ca7ddd48d1c19112d895ae12d783f01563,2023-02-07T14:48:09-08:00,tests/data/simple_cases/prefer_rhs_split_reformatted.py,38,0,0,4
black,c97b9c55b488a478afe171537c0e4c0f10631ca1,2023-05-15T14:35:39-07:00,src/black/mode.py,227,0,0,1
black,c97b9c55b488a478afe171537c0e4c0f10631ca1,2023-05-15T14:35:39-07:00,src/black/debug.py,47,1,0,0
black,c97b9c55b488a478afe171537c0e4c0f10631ca1,2023-05-15T14:35:39-07:00,src/black/linegen.py,1547,7,0,0
black,c97b9c55b488a478afe171537c0e4c0f10631ca1,2023-05-15T14:35:39-07:00,src/black/nodes.py,900,1,0,0
black,c97b9c55b488a478afe171537c0e4c0f10631ca1,2023-05-15T14:35:39-07:00,src/black/__init__.py,1449,1,0,0
black,c97b9c55b488a478afe171537c0e4c0f10631ca1,2023-05-15T14:35:39-07:00,src/black/const.py,4,0,0,2
black,c97b9c55b488a478afe171537c0e4c0f10631ca1,2023-05-15T14:35:39-07:00,scripts/check_version_in_basics_example.py,47,0,0,17
black,c97b9c55b488a478afe171537c0e4c0f10631ca1,2023-05-15T14:35:39-07:00,src/black/parsing.py,287,3,0,0
black,c97b9c55b488a478afe171537c0e4c0f10631ca1,2023-05-15T14:35:39-07:00,src/blib2to3/pgen2/pgen.py,433,2,0,3
black,c97b9c55b488a478afe171537c0e4c0f10631ca1,2023-05-15T14:35:39-07:00,action/main.py,77,0,0,20
black,c97b9c55b488a478afe171537c0e4c0f10631ca1,2023-05-15T14:35:39-07:00,src/black/lines.py,1010,2,0,2
black,c97b9c55b488a478afe171537c0e4c0f10631ca1,2023-05-15T14:35:39-07:00,src/black/concurrency.py,187,1,0,0
black,c97b9c55b488a478afe171537c0e4c0f10631ca1,2023-05-15T14:35:39-07:00,src/blib2to3/pgen2/conv.py,256,2,0,0
black,c97b9c55b488a478afe171537c0e4c0f10631ca1,2023-05-15T14:35:39-07:00,src/black/trans.py,2423,15,0,0
black,c97b9c55b488a478afe171537c0e4c0f10631ca1,2023-05-15T14:35:39-07:00,tests/data/preview/no_blank_line_before_docstring.py,0,0,0,58
black,c97b9c55b488a478afe171537c0e4c0f10631ca1,2023-05-15T14:35:39-07:00,src/black/handle_ipynb_magics.py,459,2,0,0
black,eedfc3832290b3a32825b3c0f2dfa3f3d7ee9d1c,2023-05-19T10:00:29-07:00,src/black/mode.py,228,0,0,21
black,eedfc3832290b3a32825b3c0f2dfa3f3d7ee9d1c,2023-05-19T10:00:29-07:00,src/black/linegen.py,1547,7,0,12
black,eedfc3832290b3a32825b3c0f2dfa3f3d7ee9d1c,2023-05-19T10:00:29-07:00,src/black/nodes.py,900,1,0,0
black,eedfc3832290b3a32825b3c0f2dfa3f3d7ee9d1c,2023-05-19T10:00:29-07:00,src/black/__init__.py,1449,1,0,3
black,eedfc3832290b3a32825b3c0f2dfa3f3d7ee9d1c,2023-05-19T10:00:29-07:00,scripts/check_version_in_basics_example.py,47,0,0,17
black,eedfc3832290b3a32825b3c0f2dfa3f3d7ee9d1c,2023-05-19T10:00:29-07:00,src/black/parsing.py,287,3,0,0
black,eedfc3832290b3a32825b3c0f2dfa3f3d7ee9d1c,2023-05-19T10:00:29-07:00,src/black/lines.py,1012,2,0,0
black,eedfc3832290b3a32825b3c0f2dfa3f3d7ee9d1c,2023-05-19T10:00:29-07:00,src/black/concurrency.py,187,1,0,0
black,eedfc3832290b3a32825b3c0f2dfa3f3d7ee9d1c,2023-05-19T10:00:29-07:00,src/blib2to3/pgen2/conv.py,256,2,0,0
black,eedfc3832290b3a32825b3c0f2dfa3f3d7ee9d1c,2023-05-19T10:00:29-07:00,tests/data/py_312/type_params.py,0,0,0,57
black,eedfc3832290b3a32825b3c0f2dfa3f3d7ee9d1c,2023-05-19T10:00:29-07:00,src/black/debug.py,47,1,0,0
black,eedfc3832290b3a32825b3c0f2dfa3f3d7ee9d1c,2023-05-19T10:00:29-07:00,tests/test_black.py,2450,0,0,30
black,eedfc3832290b3a32825b3c0f2dfa3f3d7ee9d1c,2023-05-19T10:00:29-07:00,src/blib2to3/pygram.py,218,0,0,6
black,eedfc3832290b3a32825b3c0f2dfa3f3d7ee9d1c,2023-05-19T10:00:29-07:00,src/blib2to3/pgen2/pgen.py,432,2,0,3
black,eedfc3832290b3a32825b3c0f2dfa3f3d7ee9d1c,2023-05-19T10:00:29-07:00,tests/test_format.py,205,0,0,7
black,eedfc3832290b3a32825b3c0f2dfa3f3d7ee9d1c,2023-05-19T10:00:29-07:00,src/black/trans.py,2423,15,0,0
black,eedfc3832290b3a32825b3c0f2dfa3f3d7ee9d1c,2023-05-19T10:00:29-07:00,src/blackd/__init__.py,227,0,0,10
black,eedfc3832290b3a32825b3c0f2dfa3f3d7ee9d1c,2023-05-19T10:00:29-07:00,tests/data/py_312/type_aliases.py,0,0,0,13
black,eedfc3832290b3a32825b3c0f2dfa3f3d7ee9d1c,2023-05-19T10:00:29-07:00,src/black/handle_ipynb_magics.py,459,2,0,0
black,c99417ffe8aa51015f08a96220072fa0dbcce51d,2023-05-24T19:52:59-07:00,src/black/mode.py,228,0,0,21
black,c99417ffe8aa51015f08a96220072fa0dbcce51d,2023-05-24T19:52:59-07:00,src/black/linegen.py,1547,7,0,12
black,c99417ffe8aa51015f08a96220072fa0dbcce51d,2023-05-24T19:52:59-07:00,src/black/nodes.py,900,1,0,0
black,c99417ffe8aa51015f08a96220072fa0dbcce51d,2023-05-24T19:52:59-07:00,src/black/__init__.py,1449,1,0,3
black,c99417ffe8aa51015f08a96220072fa0dbcce51d,2023-05-24T19:52:59-07:00,scripts/check_version_in_basics_example.py,47,0,0,17
black,c99417ffe8aa51015f08a96220072fa0dbcce51d,2023-05-24T19:52:59-07:00,src/black/parsing.py,287,3,0,0
black,c99417ffe8aa51015f08a96220072fa0dbcce51d,2023-05-24T19:52:59-07:00,src/black/lines.py,1012,2,0,0
black,c99417ffe8aa51015f08a96220072fa0dbcce51d,2023-05-24T19:52:59-07:00,src/black/concurrency.py,187,1,0,0
black,c99417ffe8aa51015f08a96220072fa0dbcce51d,2023-05-24T19:52:59-07:00,src/blib2to3/pgen2/conv.py,256,2,0,0
black,c99417ffe8aa51015f08a96220072fa0dbcce51d,2023-05-24T19:52:59-07:00,tests/data/py_312/type_params.py,0,0,0,57
black,c99417ffe8aa51015f08a96220072fa0dbcce51d,2023-05-24T19:52:59-07:00,src/black/debug.py,47,1,0,0
black,c99417ffe8aa51015f08a96220072fa0dbcce51d,2023-05-24T19:52:59-07:00,tests/test_black.py,2450,0,0,30
black,c99417ffe8aa51015f08a96220072fa0dbcce51d,2023-05-24T19:52:59-07:00,src/blib2to3/pygram.py,218,0,0,6
black,c99417ffe8aa51015f08a96220072fa0dbcce51d,2023-05-24T19:52:59-07:00,src/blib2to3/pgen2/pgen.py,432,2,0,0
black,c99417ffe8aa51015f08a96220072fa0dbcce51d,2023-05-24T19:52:59-07:00,tests/test_format.py,205,0,0,7
black,c99417ffe8aa51015f08a96220072fa0dbcce51d,2023-05-24T19:52:59-07:00,src/black/trans.py,2423,15,0,0
black,c99417ffe8aa51015f08a96220072fa0dbcce51d,2023-05-24T19:52:59-07:00,src/blackd/__init__.py,227,0,0,10
black,c99417ffe8aa51015f08a96220072fa0dbcce51d,2023-05-24T19:52:59-07:00,tests/data/py_312/type_aliases.py,0,0,0,13
black,c99417ffe8aa51015f08a96220072fa0dbcce51d,2023-05-24T19:52:59-07:00,src/black/handle_ipynb_magics.py,459,2,0,0
black,ade371fd1c7118b8a82b281c28425fefb8cb719e,2023-08-16T00:01:21-07:00,src/black/cache.py,97,0,0,160
black,ade371fd1c7118b8a82b281c28425fefb8cb719e,2023-08-16T00:01:21-07:00,src/black/debug.py,47,1,0,0
black,ade371fd1c7118b8a82b281c28425fefb8cb719e,2023-08-16T00:01:21-07:00,src/black/linegen.py,1576,7,0,0
black,ade371fd1c7118b8a82b281c28425fefb8cb719e,2023-08-16T00:01:21-07:00,src/black/nodes.py,920,1,0,0
black,ade371fd1c7118b8a82b281c28425fefb8cb719e,2023-08-16T00:01:21-07:00,src/black/__init__.py,1425,1,0,25
black,ade371fd1c7118b8a82b281c28425fefb8cb719e,2023-08-16T00:01:21-07:00,docs/conf.py,216,0,0,2
black,ade371fd1c7118b8a82b281c28425fefb8cb719e,2023-08-16T00:01:21-07:00,tests/test_black.py,2465,0,0,183
black,ade371fd1c7118b8a82b281c28425fefb8cb719e,2023-08-16T00:01:21-07:00,src/black/parsing.py,227,3,0,0
black,ade371fd1c7118b8a82b281c28425fefb8cb719e,2023-08-16T00:01:21-07:00,src/blib2to3/pgen2/pgen.py,428,2,0,0
black,ade371fd1c7118b8a82b281c28425fefb8cb719e,2023-08-16T00:01:21-07:00,src/black/lines.py,1037,2,0,0
black,ade371fd1c7118b8a82b281c28425fefb8cb719e,2023-08-16T00:01:21-07:00,src/black/concurrency.py,188,1,0,9
black,ade371fd1c7118b8a82b281c28425fefb8cb719e,2023-08-16T00:01:21-07:00,src/blib2to3/pgen2/conv.py,256,2,0,0
black,ade371fd1c7118b8a82b281c28425fefb8cb719e,2023-08-16T00:01:21-07:00,src/black/trans.py,2422,15,0,0
black,ade371fd1c7118b8a82b281c28425fefb8cb719e,2023-08-16T00:01:21-07:00,src/black/handle_ipynb_magics.py,458,2,0,0
black,4e93f2aa01606154dc6af6e494b9f2b7e4c8c7fa,2023-09-08T22:16:25-07:00,src/black/cache.py,135,0,0,10
black,4e93f2aa01606154dc6af6e494b9f2b7e4c8c7fa,2023-09-08T22:16:25-07:00,src/black/mode.py,246,0,0,1
black,4e93f2aa01606154dc6af6e494b9f2b7e4c8c7fa,2023-09-08T22:16:25-07:00,src/black/debug.py,47,1,0,0
black,4e93f2aa01606154dc6af6e494b9f2b7e4c8c7fa,2023-09-08T22:16:25-07:00,src/black/linegen.py,1576,7,0,30
black,4e93f2aa01606154dc6af6e494b9f2b7e4c8c7fa,2023-09-08T22:16:25-07:00,src/black/nodes.py,926,1,0,0
black,4e93f2aa01606154dc6af6e494b9f2b7e4c8c7fa,2023-09-08T22:16:25-07:00,src/black/__init__.py,1424,1,0,11
black,4e93f2aa01606154dc6af6e494b9f2b7e4c8c7fa,2023-09-08T22:16:25-07:00,tests/test_black.py,2512,0,0,37
black,4e93f2aa01606154dc6af6e494b9f2b7e4c8c7fa,2023-09-08T22:16:25-07:00,src/black/parsing.py,227,3,0,0
black,4e93f2aa01606154dc6af6e494b9f2b7e4c8c7fa,2023-09-08T22:16:25-07:00,src/blib2to3/pgen2/pgen.py,428,2,0,0
black,4e93f2aa01606154dc6af6e494b9f2b7e4c8c7fa,2023-09-08T22:16:25-07:00,tests/data/preview/long_strings__type_annotations.py,59,0,0,2
black,4e93f2aa01606154dc6af6e494b9f2b7e4c8c7fa,2023-09-08T22:16:25-07:00,src/black/lines.py,1050,2,0,0
black,4e93f2aa01606154dc6af6e494b9f2b7e4c8c7fa,2023-09-08T22:16:25-07:00,src/black/concurrency.py,187,1,0,0
black,4e93f2aa01606154dc6af6e494b9f2b7e4c8c7fa,2023-09-08T22:16:25-07:00,src/blib2to3/pgen2/conv.py,256,2,0,0
black,4e93f2aa01606154dc6af6e494b9f2b7e4c8c7fa,2023-09-08T22:16:25-07:00,src/black/trans.py,2422,15,0,0
black,4e93f2aa01606154dc6af6e494b9f2b7e4c8c7fa,2023-09-08T22:16:25-07:00,tests/data/preview_py_310/pep604_union_types_line_breaks.py,0,0,0,187
black,4e93f2aa01606154dc6af6e494b9f2b7e4c8c7fa,2023-09-08T22:16:25-07:00,src/black/handle_ipynb_magics.py,458,2,0,0
black,e87737140f32d3cd7c44ede75f02dcd58e55820e,2023-09-10T17:35:41-07:00,src/black/mode.py,246,0,0,1
black,e87737140f32d3cd7c44ede75f02dcd58e55820e,2023-09-10T17:35:41-07:00,src/black/debug.py,47,1,0,0
black,e87737140f32d3cd7c44ede75f02dcd58e55820e,2023-09-10T17:35:41-07:00,src/black/linegen.py,1576,7,0,30
black,e87737140f32d3cd7c44ede75f02dcd58e55820e,2023-09-10T17:35:41-07:00,src/black/nodes.py,926,1,0,0
black,e87737140f32d3cd7c44ede75f02dcd58e55820e,2023-09-10T17:35:41-07:00,src/black/__init__.py,1419,1,0,0
black,e87737140f32d3cd7c44ede75f02dcd58e55820e,2023-09-10T17:35:41-07:00,src/black/parsing.py,227,3,0,0
black,e87737140f32d3cd7c44ede75f02dcd58e55820e,2023-09-10T17:35:41-07:00,src/blib2to3/pgen2/pgen.py,428,2,0,0
black,e87737140f32d3cd7c44ede75f02dcd58e55820e,2023-09-10T17:35:41-07:00,tests/data/preview/long_strings__type_annotations.py,59,0,0,2
black,e87737140f32d3cd7c44ede75f02dcd58e55820e,2023-09-10T17:35:41-07:00,src/black/lines.py,1050,2,0,0
black,e87737140f32d3cd7c44ede75f02dcd58e55820e,2023-09-10T17:35:41-07:00,src/black/concurrency.py,187,1,0,0
black,e87737140f32d3cd7c44ede75f02dcd58e55820e,2023-09-10T17:35:41-07:00,src/blib2to3/pgen2/conv.py,256,2,0,0
black,e87737140f32d3cd7c44ede75f02dcd58e55820e,2023-09-10T17:35:41-07:00,src/black/trans.py,2422,15,0,0
black,e87737140f32d3cd7c44ede75f02dcd58e55820e,2023-09-10T17:35:41-07:00,tests/data/preview_py_310/pep604_union_types_line_breaks.py,0,0,0,187
black,e87737140f32d3cd7c44ede75f02dcd58e55820e,2023-09-10T17:35:41-07:00,src/black/handle_ipynb_magics.py,458,2,0,0
black,e808e61db8c7a8f9c7fd4b2fff2281141f6b2517,2023-11-06T14:30:04-08:00,src/black/cache.py,143,0,0,6
black,e808e61db8c7a8f9c7fd4b2fff2281141f6b2517,2023-11-06T14:30:04-08:00,tests/test_ranges.py,0,0,0,185
black,e808e61db8c7a8f9c7fd4b2fff2281141f6b2517,2023-11-06T14:30:04-08:00,tests/data/cases/module_docstring_followed_by_function.py,11,0,0,11
black,e808e61db8c7a8f9c7fd4b2fff2281141f6b2517,2023-11-06T14:30:04-08:00,tests/data/cases/docstring_preview.py,103,0,0,3
black,e808e61db8c7a8f9c7fd4b2fff2281141f6b2517,2023-11-06T14:30:04-08:00,src/black/__init__.py,1416,1,0,154
black,e808e61db8c7a8f9c7fd4b2fff2281141f6b2517,2023-11-06T14:30:04-08:00,scripts/check_pre_commit_rev_in_example.py,54,0,0,2
black,e808e61db8c7a8f9c7fd4b2fff2281141f6b2517,2023-11-06T14:30:04-08:00,scripts/check_version_in_basics_example.py,48,0,0,2
black,e808e61db8c7a8f9c7fd4b2fff2281141f6b2517,2023-11-06T14:30:04-08:00,tests/data/line_ranges_formatted/basic.py,0,0,0,50
black,e808e61db8c7a8f9c7fd4b2fff2281141f6b2517,2023-11-06T14:30:04-08:00,src/black/brackets.py,375,0,0,7
black,e808e61db8c7a8f9c7fd4b2fff2281141f6b2517,2023-11-06T14:30:04-08:00,tests/data/cases/line_ranges_fmt_off_overlap.py,0,0,0,37
black,e808e61db8c7a8f9c7fd4b2fff2281141f6b2517,2023-11-06T14:30:04-08:00,src/black/concurrency.py,190,1,0,2
black,e808e61db8c7a8f9c7fd4b2fff2281141f6b2517,2023-11-06T14:30:04-08:00,src/blib2to3/pgen2/conv.py,256,2,0,0
black,e808e61db8c7a8f9c7fd4b2fff2281141f6b2517,2023-11-06T14:30:04-08:00,tests/data/cases/module_docstring_followed_by_class.py,11,0,0,11
black,e808e61db8c7a8f9c7fd4b2fff2281141f6b2517,2023-11-06T14:30:04-08:00,tests/data/cases/line_ranges_basic.py,0,0,0,107
black,e808e61db8c7a8f9c7fd4b2fff2281141f6b2517,2023-11-06T14:30:04-08:00,tests/data/cases/comments_in_blocks.py,0,0,0,111
black,e808e61db8c7a8f9c7fd4b2fff2281141f6b2517,2023-11-06T14:30:04-08:00,scripts/make_width_table.py,66,0,0,2
black,e808e61db8c7a8f9c7fd4b2fff2281141f6b2517,2023-11-06T14:30:04-08:00,tests/data/cases/line_ranges_two_passes.py,0,0,0,27
black,e808e61db8c7a8f9c7fd4b2fff2281141f6b2517,2023-11-06T14:30:04-08:00,tests/data/cases/line_ranges_indentation.py,0,0,0,27
black,e808e61db8c7a8f9c7fd4b2fff2281141f6b2517,2023-11-06T14:30:04-08:00,tests/test_black.py,2620,0,0,104
black,e808e61db8c7a8f9c7fd4b2fff2281141f6b2517,2023-11-06T14:30:04-08:00,tests/data/cases/preview_hug_parens_with_braces_and_square_brackets.py,325,0,0,142
black,e808e61db8c7a8f9c7fd4b2fff2281141f6b2517,2023-11-06T14:30:04-08:00,tests/data/cases/line_ranges_fmt_off.py,0,0,0,49
black,e808e61db8c7a8f9c7fd4b2fff2281141f6b2517,2023-11-06T14:30:04-08:00,scripts/fuzz.py,92,0,0,2
black,e808e61db8c7a8f9c7fd4b2fff2281141f6b2517,2023-11-06T14:30:04-08:00,tests/test_format.py,64,0,0,26
black,e808e61db8c7a8f9c7fd4b2fff2281141f6b2517,2023-11-06T14:30:04-08:00,tests/data/line_ranges_formatted/pattern_matching.py,0,0,0,25
black,e808e61db8c7a8f9c7fd4b2fff2281141f6b2517,2023-11-06T14:30:04-08:00,src/blackd/__init__.py,235,0,0,4
black,e808e61db8c7a8f9c7fd4b2fff2281141f6b2517,2023-11-06T14:30:04-08:00,tests/data/cases/preview_pattern_matching_trailing_comma.py,0,0,0,39
black,e808e61db8c7a8f9c7fd4b2fff2281141f6b2517,2023-11-06T14:30:04-08:00,src/black/mode.py,254,0,0,1
black,e808e61db8c7a8f9c7fd4b2fff2281141f6b2517,2023-11-06T14:30:04-08:00,src/black/linegen.py,1670,9,0,97
black,e808e61db8c7a8f9c7fd4b2fff2281141f6b2517,2023-11-06T14:30:04-08:00,src/black/nodes.py,937,1,0,30
black,e808e61db8c7a8f9c7fd4b2fff2281141f6b2517,2023-11-06T14:30:04-08:00,tests/data/cases/line_ranges_unwrapping.py,0,0,0,25
black,e808e61db8c7a8f9c7fd4b2fff2281141f6b2517,2023-11-06T14:30:04-08:00,tests/data/cases/pattern_matching_extras.py,120,0,0,22
black,e808e61db8c7a8f9c7fd4b2fff2281141f6b2517,2023-11-06T14:30:04-08:00,tests/data/cases/f_docstring.py,0,0,0,20
black,e808e61db8c7a8f9c7fd4b2fff2281141f6b2517,2023-11-06T14:30:04-08:00,src/black/parsing.py,216,2,0,4
black,e808e61db8c7a8f9c7fd4b2fff2281141f6b2517,2023-11-06T14:30:04-08:00,src/black/lines.py,1105,2,0,49
black,e808e61db8c7a8f9c7fd4b2fff2281141f6b2517,2023-11-06T14:30:04-08:00,tests/data/cases/line_ranges_fmt_off_decorator.py,0,0,0,27
black,e808e61db8c7a8f9c7fd4b2fff2281141f6b2517,2023-11-06T14:30:04-08:00,tests/optional.py,124,0,0,10
black,e808e61db8c7a8f9c7fd4b2fff2281141f6b2517,2023-11-06T14:30:04-08:00,src/black/debug.py,54,1,0,0
black,e808e61db8c7a8f9c7fd4b2fff2281141f6b2517,2023-11-06T14:30:04-08:00,docs/conf.py,223,0,0,36
black,e808e61db8c7a8f9c7fd4b2fff2281141f6b2517,2023-11-06T14:30:04-08:00,tests/util.py,303,0,0,29
black,e808e61db8c7a8f9c7fd4b2fff2281141f6b2517,2023-11-06T14:30:04-08:00,scripts/diff_shades_gha_helper.py,236,0,0,2
black,e808e61db8c7a8f9c7fd4b2fff2281141f6b2517,2023-11-06T14:30:04-08:00,src/blib2to3/pgen2/pgen.py,428,2,0,0
black,e808e61db8c7a8f9c7fd4b2fff2281141f6b2517,2023-11-06T14:30:04-08:00,tests/data/cases/preview_long_strings__regression.py,1248,0,0,15
black,e808e61db8c7a8f9c7fd4b2fff2281141f6b2517,2023-11-06T14:30:04-08:00,tests/data/cases/preview_pattern_matching_long.py,0,0,0,34
black,e808e61db8c7a8f9c7fd4b2fff2281141f6b2517,2023-11-06T14:30:04-08:00,tests/data/cases/preview_long_strings.py,848,0,0,80
black,e808e61db8c7a8f9c7fd4b2fff2281141f6b2517,2023-11-06T14:30:04-08:00,tests/data/cases/line_ranges_imports.py,0,0,0,9
black,e808e61db8c7a8f9c7fd4b2fff2281141f6b2517,2023-11-06T14:30:04-08:00,src/black/trans.py,2438,15,0,21
black,e808e61db8c7a8f9c7fd4b2fff2281141f6b2517,2023-11-06T14:30:04-08:00,src/black/ranges.py,0,0,0,496
black,e808e61db8c7a8f9c7fd4b2fff2281141f6b2517,2023-11-06T14:30:04-08:00,src/black/handle_ipynb_magics.py,458,2,0,54
black,58f31a70efe6509ce8213afac998bc5d5bb7e34d,2023-11-07T22:10:35-08:00,src/black/cache.py,143,0,0,6
black,58f31a70efe6509ce8213afac998bc5d5bb7e34d,2023-11-07T22:10:35-08:00,src/black/__init__.py,1508,1,0,9
black,58f31a70efe6509ce8213afac998bc5d5bb7e34d,2023-11-07T22:10:35-08:00,scripts/check_pre_commit_rev_in_example.py,54,0,0,2
black,58f31a70efe6509ce8213afac998bc5d5bb7e34d,2023-11-07T22:10:35-08:00,tests/data/cases/line_ranges_diff_edge_case.py,0,0,0,28
black,58f31a70efe6509ce8213afac998bc5d5bb7e34d,2023-11-07T22:10:35-08:00,scripts/check_version_in_basics_example.py,48,0,0,2
black,58f31a70efe6509ce8213afac998bc5d5bb7e34d,2023-11-07T22:10:35-08:00,src/black/concurrency.py,190,1,0,2
black,58f31a70efe6509ce8213afac998bc5d5bb7e34d,2023-11-07T22:10:35-08:00,src/blib2to3/pgen2/conv.py,256,2,0,0
black,58f31a70efe6509ce8213afac998bc5d5bb7e34d,2023-11-07T22:10:35-08:00,scripts/make_width_table.py,66,0,0,2
black,58f31a70efe6509ce8213afac998bc5d5bb7e34d,2023-11-07T22:10:35-08:00,tests/data/cases/preview_hug_parens_with_braces_and_square_brackets.py,345,0,0,122
black,58f31a70efe6509ce8213afac998bc5d5bb7e34d,2023-11-07T22:10:35-08:00,src/blib2to3/pgen2/driver.py,314,0,0,2
black,58f31a70efe6509ce8213afac998bc5d5bb7e34d,2023-11-07T22:10:35-08:00,scripts/fuzz.py,92,0,0,2
black,58f31a70efe6509ce8213afac998bc5d5bb7e34d,2023-11-07T22:10:35-08:00,src/blackd/__init__.py,235,0,0,4
black,58f31a70efe6509ce8213afac998bc5d5bb7e34d,2023-11-07T22:10:35-08:00,src/black/mode.py,255,0,0,1
black,58f31a70efe6509ce8213afac998bc5d5bb7e34d,2023-11-07T22:10:35-08:00,src/black/linegen.py,1690,9,0,94
black,58f31a70efe6509ce8213afac998bc5d5bb7e34d,2023-11-07T22:10:35-08:00,src/black/nodes.py,965,3,0,7
black,58f31a70efe6509ce8213afac998bc5d5bb7e34d,2023-11-07T22:10:35-08:00,src/black/parsing.py,216,2,0,4
black,58f31a70efe6509ce8213afac998bc5d5bb7e34d,2023-11-07T22:10:35-08:00,src/black/comments.py,368,0,0,39
black,58f31a70efe6509ce8213afac998bc5d5bb7e34d,2023-11-07T22:10:35-08:00,src/black/lines.py,1109,0,0,14
black,58f31a70efe6509ce8213afac998bc5d5bb7e34d,2023-11-07T22:10:35-08:00,tests/optional.py,124,0,0,10
black,58f31a70efe6509ce8213afac998bc5d5bb7e34d,2023-11-07T22:10:35-08:00,src/black/output.py,105,0,0,23
black,58f31a70efe6509ce8213afac998bc5d5bb7e34d,2023-11-07T22:10:35-08:00,src/black/debug.py,54,1,0,0
black,58f31a70efe6509ce8213afac998bc5d5bb7e34d,2023-11-07T22:10:35-08:00,docs/conf.py,223,0,0,36
black,58f31a70efe6509ce8213afac998bc5d5bb7e34d,2023-11-07T22:10:35-08:00,scripts/diff_shades_gha_helper.py,236,0,0,2
black,58f31a70efe6509ce8213afac998bc5d5bb7e34d,2023-11-07T22:10:35-08:00,src/blib2to3/pgen2/pgen.py,428,2,0,0
black,58f31a70efe6509ce8213afac998bc5d5bb7e34d,2023-11-07T22:10:35-08:00,tests/data/cases/preview_form_feeds.py,0,0,0,225
black,58f31a70efe6509ce8213afac998bc5d5bb7e34d,2023-11-07T22:10:35-08:00,tests/data/cases/preview_long_strings__regression.py,1248,0,0,15
black,58f31a70efe6509ce8213afac998bc5d5bb7e34d,2023-11-07T22:10:35-08:00,src/black/trans.py,2449,15,0,0
black,58f31a70efe6509ce8213afac998bc5d5bb7e34d,2023-11-07T22:10:35-08:00,src/black/ranges.py,496,2,0,0
black,58f31a70efe6509ce8213afac998bc5d5bb7e34d,2023-11-07T22:10:35-08:00,src/black/handle_ipynb_magics.py,458,2,0,54
black,85b1c71a3445f32860d7b139ae4de4824f6ae102,2023-11-18T11:15:07-08:00,src/black/cache.py,143,0,0,6
black,85b1c71a3445f32860d7b139ae4de4824f6ae102,2023-11-18T11:15:07-08:00,src/black/__init__.py,1508,1,0,9
black,85b1c71a3445f32860d7b139ae4de4824f6ae102,2023-11-18T11:15:07-08:00,scripts/check_pre_commit_rev_in_example.py,54,0,0,2
black,85b1c71a3445f32860d7b139ae4de4824f6ae102,2023-11-18T11:15:07-08:00,tests/data/cases/line_ranges_diff_edge_case.py,0,0,0,28
black,85b1c71a3445f32860d7b139ae4de4824f6ae102,2023-11-18T11:15:07-08:00,scripts/check_version_in_basics_example.py,48,0,0,2
black,85b1c71a3445f32860d7b139ae4de4824f6ae102,2023-11-18T11:15:07-08:00,src/blib2to3/pgen2/tokenize.py,701,0,0,7
black,85b1c71a3445f32860d7b139ae4de4824f6ae102,2023-11-18T11:15:07-08:00,src/black/concurrency.py,190,1,0,0
black,85b1c71a3445f32860d7b139ae4de4824f6ae102,2023-11-18T11:15:07-08:00,src/blib2to3/pgen2/conv.py,256,2,0,0
black,85b1c71a3445f32860d7b139ae4de4824f6ae102,2023-11-18T11:15:07-08:00,scripts/make_width_table.py,66,0,0,2
black,85b1c71a3445f32860d7b139ae4de4824f6ae102,2023-11-18T11:15:07-08:00,tests/data/cases/preview_hug_parens_with_braces_and_square_brackets.py,345,0,0,122
black,85b1c71a3445f32860d7b139ae4de4824f6ae102,2023-11-18T11:15:07-08:00,src/blib2to3/pgen2/driver.py,314,0,0,2
black,85b1c71a3445f32860d7b139ae4de4824f6ae102,2023-11-18T11:15:07-08:00,scripts/fuzz.py,92,0,0,2
black,85b1c71a3445f32860d7b139ae4de4824f6ae102,2023-11-18T11:15:07-08:00,src/blackd/__init__.py,235,0,0,4
black,85b1c71a3445f32860d7b139ae4de4824f6ae102,2023-11-18T11:15:07-08:00,src/black/mode.py,255,0,0,1
black,85b1c71a3445f32860d7b139ae4de4824f6ae102,2023-11-18T11:15:07-08:00,src/black/linegen.py,1690,9,0,158
black,85b1c71a3445f32860d7b139ae4de4824f6ae102,2023-11-18T11:15:07-08:00,src/black/nodes.py,965,3,0,7
black,85b1c71a3445f32860d7b139ae4de4824f6ae102,2023-11-18T11:15:07-08:00,src/black/parsing.py,216,2,0,4
black,85b1c71a3445f32860d7b139ae4de4824f6ae102,2023-11-18T11:15:07-08:00,src/black/comments.py,368,0,0,39
black,85b1c71a3445f32860d7b139ae4de4824f6ae102,2023-11-18T11:15:07-08:00,src/black/lines.py,1109,0,0,19
black,85b1c71a3445f32860d7b139ae4de4824f6ae102,2023-11-18T11:15:07-08:00,tests/optional.py,124,0,0,10
black,85b1c71a3445f32860d7b139ae4de4824f6ae102,2023-11-18T11:15:07-08:00,src/black/output.py,105,0,0,23
black,85b1c71a3445f32860d7b139ae4de4824f6ae102,2023-11-18T11:15:07-08:00,src/black/debug.py,54,1,0,0
black,85b1c71a3445f32860d7b139ae4de4824f6ae102,2023-11-18T11:15:07-08:00,docs/conf.py,223,0,0,36
black,85b1c71a3445f32860d7b139ae4de4824f6ae102,2023-11-18T11:15:07-08:00,scripts/diff_shades_gha_helper.py,236,0,0,2
black,85b1c71a3445f32860d7b139ae4de4824f6ae102,2023-11-18T11:15:07-08:00,src/blib2to3/pgen2/pgen.py,428,2,0,0
black,85b1c71a3445f32860d7b139ae4de4824f6ae102,2023-11-18T11:15:07-08:00,tests/data/cases/preview_form_feeds.py,0,0,0,225
black,85b1c71a3445f32860d7b139ae4de4824f6ae102,2023-11-18T11:15:07-08:00,tests/data/cases/preview_long_strings__regression.py,1248,0,0,15
black,85b1c71a3445f32860d7b139ae4de4824f6ae102,2023-11-18T11:15:07-08:00,tests/data/cases/preview_prefer_rhs_split.py,86,0,0,21
black,85b1c71a3445f32860d7b139ae4de4824f6ae102,2023-11-18T11:15:07-08:00,src/black/trans.py,2449,15,0,0
black,85b1c71a3445f32860d7b139ae4de4824f6ae102,2023-11-18T11:15:07-08:00,src/black/ranges.py,496,2,0,0
black,85b1c71a3445f32860d7b139ae4de4824f6ae102,2023-11-18T11:15:07-08:00,src/black/handle_ipynb_magics.py,458,2,0,54
black,ce28be2705ab29f184ec4a00aa3d23340630796d,2023-12-09T21:14:25-08:00,src/black/mode.py,257,0,0,1
black,ce28be2705ab29f184ec4a00aa3d23340630796d,2023-12-09T21:14:25-08:00,src/black/linegen.py,1736,9,0,16
black,ce28be2705ab29f184ec4a00aa3d23340630796d,2023-12-09T21:14:25-08:00,src/black/nodes.py,972,3,0,26
black,ce28be2705ab29f184ec4a00aa3d23340630796d,2023-12-09T21:14:25-08:00,src/black/__init__.py,1529,1,0,18
black,ce28be2705ab29f184ec4a00aa3d23340630796d,2023-12-09T21:14:25-08:00,src/black/parsing.py,216,2,0,0
black,ce28be2705ab29f184ec4a00aa3d23340630796d,2023-12-09T21:14:25-08:00,src/black/lines.py,1118,0,0,2
black,ce28be2705ab29f184ec4a00aa3d23340630796d,2023-12-09T21:14:25-08:00,src/black/concurrency.py,190,1,0,0
black,ce28be2705ab29f184ec4a00aa3d23340630796d,2023-12-09T21:14:25-08:00,src/blib2to3/pgen2/conv.py,256,2,0,0
black,ce28be2705ab29f184ec4a00aa3d23340630796d,2023-12-09T21:14:25-08:00,src/black/debug.py,54,1,0,0
black,ce28be2705ab29f184ec4a00aa3d23340630796d,2023-12-09T21:14:25-08:00,tests/test_black.py,2722,0,0,132
black,ce28be2705ab29f184ec4a00aa3d23340630796d,2023-12-09T21:14:25-08:00,src/blib2to3/pgen2/pgen.py,428,2,0,0
black,ce28be2705ab29f184ec4a00aa3d23340630796d,2023-12-09T21:14:25-08:00,tests/data/cases/pep_572_remove_parens.py,144,0,0,2
black,ce28be2705ab29f184ec4a00aa3d23340630796d,2023-12-09T21:14:25-08:00,tests/data/cases/preview_dummy_implementations.py,100,0,0,27
black,ce28be2705ab29f184ec4a00aa3d23340630796d,2023-12-09T21:14:25-08:00,src/black/trans.py,2449,15,0,0
black,ce28be2705ab29f184ec4a00aa3d23340630796d,2023-12-09T21:14:25-08:00,src/black/ranges.py,496,2,0,0
black,ce28be2705ab29f184ec4a00aa3d23340630796d,2023-12-09T21:14:25-08:00,src/black/handle_ipynb_magics.py,452,2,0,0
black,c8f1a5542c257491e1e093b1404481ece7f7e02c,2024-04-01T15:51:24-07:00,src/black/debug.py,54,1,0,0
black,c8f1a5542c257491e1e093b1404481ece7f7e02c,2024-04-01T15:51:24-07:00,src/black/linegen.py,1745,6,0,0
black,c8f1a5542c257491e1e093b1404481ece7f7e02c,2024-04-01T15:51:24-07:00,src/black/nodes.py,1007,3,0,0
black,c8f1a5542c257491e1e093b1404481ece7f7e02c,2024-04-01T15:51:24-07:00,src/black/__init__.py,1605,2,0,0
black,c8f1a5542c257491e1e093b1404481ece7f7e02c,2024-04-01T15:51:24-07:00,src/black/parsing.py,244,2,0,0
black,c8f1a5542c257491e1e093b1404481ece7f7e02c,2024-04-01T15:51:24-07:00,src/blib2to3/pgen2/pgen.py,428,2,0,0
black,c8f1a5542c257491e1e093b1404481ece7f7e02c,2024-04-01T15:51:24-07:00,action/main.py,79,0,0,103
black,c8f1a5542c257491e1e093b1404481ece7f7e02c,2024-04-01T15:51:24-07:00,src/black/concurrency.py,190,1,0,0
black,c8f1a5542c257491e1e093b1404481ece7f7e02c,2024-04-01T15:51:24-07:00,src/blib2to3/pgen2/conv.py,256,2,0,0
black,c8f1a5542c257491e1e093b1404481ece7f7e02c,2024-04-01T15:51:24-07:00,src/black/trans.py,2534,15,0,0
black,c8f1a5542c257491e1e093b1404481ece7f7e02c,2024-04-01T15:51:24-07:00,src/blackd/__init__.py,259,1,0,0
black,c8f1a5542c257491e1e093b1404481ece7f7e02c,2024-04-01T15:51:24-07:00,src/black/ranges.py,521,2,0,0
black,c8f1a5542c257491e1e093b1404481ece7f7e02c,2024-04-01T15:51:24-07:00,src/black/handle_ipynb_magics.py,452,2,0,0
black,5683242fd432d93c9c37540948a39afd06ea4f7d,2024-04-24T20:22:56-07:00,src/black/linegen.py,1789,6,0,0
black,5683242fd432d93c9c37540948a39afd06ea4f7d,2024-04-24T20:22:56-07:00,src/black/nodes.py,1037,3,0,0
black,5683242fd432d93c9c37540948a39afd06ea4f7d,2024-04-24T20:22:56-07:00,src/black/__init__.py,1606,2,0,0
black,5683242fd432d93c9c37540948a39afd06ea4f7d,2024-04-24T20:22:56-07:00,scripts/migrate-black.py,96,0,0,14
black,5683242fd432d93c9c37540948a39afd06ea4f7d,2024-04-24T20:22:56-07:00,src/black/parsing.py,244,2,0,0
black,5683242fd432d93c9c37540948a39afd06ea4f7d,2024-04-24T20:22:56-07:00,scripts/release.py,245,0,0,7
black,5683242fd432d93c9c37540948a39afd06ea4f7d,2024-04-24T20:22:56-07:00,action/main.py,181,3,0,0
black,5683242fd432d93c9c37540948a39afd06ea4f7d,2024-04-24T20:22:56-07:00,src/blib2to3/pgen2/tokenize.py,1040,8,0,195
black,5683242fd432d93c9c37540948a39afd06ea4f7d,2024-04-24T20:22:56-07:00,src/black/concurrency.py,190,1,0,0
black,5683242fd432d93c9c37540948a39afd06ea4f7d,2024-04-24T20:22:56-07:00,src/blib2to3/pgen2/conv.py,256,2,0,0
black,5683242fd432d93c9c37540948a39afd06ea4f7d,2024-04-24T20:22:56-07:00,tests/optional.py,132,0,0,4
black,5683242fd432d93c9c37540948a39afd06ea4f7d,2024-04-24T20:22:56-07:00,src/black/debug.py,54,1,0,0
black,5683242fd432d93c9c37540948a39afd06ea4f7d,2024-04-24T20:22:56-07:00,tests/data/cases/pep_701.py,242,0,0,18
black,5683242fd432d93c9c37540948a39afd06ea4f7d,2024-04-24T20:22:56-07:00,docs/conf.py,218,0,0,47
black,5683242fd432d93c9c37540948a39afd06ea4f7d,2024-04-24T20:22:56-07:00,tests/test_black.py,3015,0,0,2
black,5683242fd432d93c9c37540948a39afd06ea4f7d,2024-04-24T20:22:56-07:00,tests/util.py,354,0,0,4
black,5683242fd432d93c9c37540948a39afd06ea4f7d,2024-04-24T20:22:56-07:00,scripts/diff_shades_gha_helper.py,236,0,0,7
black,5683242fd432d93c9c37540948a39afd06ea4f7d,2024-04-24T20:22:56-07:00,src/blib2to3/pgen2/pgen.py,428,2,0,0
black,5683242fd432d93c9c37540948a39afd06ea4f7d,2024-04-24T20:22:56-07:00,src/black/trans.py,2534,15,0,0
black,5683242fd432d93c9c37540948a39afd06ea4f7d,2024-04-24T20:22:56-07:00,src/blackd/__init__.py,259,1,0,0
black,5683242fd432d93c9c37540948a39afd06ea4f7d,2024-04-24T20:22:56-07:00,src/black/ranges.py,521,2,0,0
black,5683242fd432d93c9c37540948a39afd06ea4f7d,2024-04-24T20:22:56-07:00,src/black/handle_ipynb_magics.py,452,2,0,0
black,978bc505acc06cdc56f1d46f10cc74e07e134a1f,2024-07-01T17:18:22-07:00,src/black/debug.py,54,1,0,0
black,978bc505acc06cdc56f1d46f10cc74e07e134a1f,2024-07-01T17:18:22-07:00,src/black/linegen.py,1789,6,0,9
black,978bc505acc06cdc56f1d46f10cc74e07e134a1f,2024-07-01T17:18:22-07:00,src/black/nodes.py,1037,3,0,0
black,978bc505acc06cdc56f1d46f10cc74e07e134a1f,2024-07-01T17:18:22-07:00,tests/data/cases/pep_701.py,260,0,0,6
black,978bc505acc06cdc56f1d46f10cc74e07e134a1f,2024-07-01T17:18:22-07:00,src/black/__init__.py,1606,2,0,0
black,978bc505acc06cdc56f1d46f10cc74e07e134a1f,2024-07-01T17:18:22-07:00,src/black/parsing.py,244,2,0,0
black,978bc505acc06cdc56f1d46f10cc74e07e134a1f,2024-07-01T17:18:22-07:00,src/blib2to3/pgen2/pgen.py,428,2,0,0
black,978bc505acc06cdc56f1d46f10cc74e07e134a1f,2024-07-01T17:18:22-07:00,action/main.py,181,3,0,0
black,978bc505acc06cdc56f1d46f10cc74e07e134a1f,2024-07-01T17:18:22-07:00,src/blib2to3/pgen2/tokenize.py,1123,6,0,0
black,978bc505acc06cdc56f1d46f10cc74e07e134a1f,2024-07-01T17:18:22-07:00,src/black/concurrency.py,190,1,0,0
black,978bc505acc06cdc56f1d46f10cc74e07e134a1f,2024-07-01T17:18:22-07:00,src/blib2to3/pgen2/conv.py,256,2,0,0
black,978bc505acc06cdc56f1d46f10cc74e07e134a1f,2024-07-01T17:18:22-07:00,src/black/trans.py,2534,15,0,0
black,978bc505acc06cdc56f1d46f10cc74e07e134a1f,2024-07-01T17:18:22-07:00,src/blackd/__init__.py,259,1,0,0
black,978bc505acc06cdc56f1d46f10cc74e07e134a1f,2024-07-01T17:18:22-07:00,src/black/ranges.py,521,2,0,0
black,978bc505acc06cdc56f1d46f10cc74e07e134a1f,2024-07-01T17:18:22-07:00,src/black/handle_ipynb_magics.py,452,2,0,4
black,9ff047a9575f105f659043f28573e1941e9cdfb3,2024-07-04T16:40:28-07:00,src/black/debug.py,54,1,0,0
black,9ff047a9575f105f659043f28573e1941e9cdfb3,2024-07-04T16:40:28-07:00,src/black/linegen.py,1789,6,0,9
black,9ff047a9575f105f659043f28573e1941e9cdfb3,2024-07-04T16:40:28-07:00,src/black/nodes.py,1037,3,0,0
black,9ff047a9575f105f659043f28573e1941e9cdfb3,2024-07-04T16:40:28-07:00,tests/data/cases/pep_701.py,260,0,0,6
black,9ff047a9575f105f659043f28573e1941e9cdfb3,2024-07-04T16:40:28-07:00,src/black/__init__.py,1606,2,0,0
black,9ff047a9575f105f659043f28573e1941e9cdfb3,2024-07-04T16:40:28-07:00,src/black/parsing.py,244,2,0,0
black,9ff047a9575f105f659043f28573e1941e9cdfb3,2024-07-04T16:40:28-07:00,src/blib2to3/pgen2/pgen.py,428,2,0,0
black,9ff047a9575f105f659043f28573e1941e9cdfb3,2024-07-04T16:40:28-07:00,action/main.py,181,3,0,0
black,9ff047a9575f105f659043f28573e1941e9cdfb3,2024-07-04T16:40:28-07:00,src/blib2to3/pgen2/tokenize.py,1123,6,0,0
black,9ff047a9575f105f659043f28573e1941e9cdfb3,2024-07-04T16:40:28-07:00,src/black/concurrency.py,190,1,0,0
black,9ff047a9575f105f659043f28573e1941e9cdfb3,2024-07-04T16:40:28-07:00,src/blib2to3/pgen2/conv.py,256,2,0,0
black,9ff047a9575f105f659043f28573e1941e9cdfb3,2024-07-04T16:40:28-07:00,src/black/trans.py,2534,15,0,0
black,9ff047a9575f105f659043f28573e1941e9cdfb3,2024-07-04T16:40:28-07:00,src/blackd/__init__.py,259,1,0,0
black,9ff047a9575f105f659043f28573e1941e9cdfb3,2024-07-04T16:40:28-07:00,src/black/ranges.py,521,2,0,0
black,9ff047a9575f105f659043f28573e1941e9cdfb3,2024-07-04T16:40:28-07:00,src/black/handle_ipynb_magics.py,452,2,0,0
black,7e3e8f5bd9b9e626c2f50cf6e7a0c4d10c8c1a91,2024-08-05T10:33:28-07:00,src/black/debug.py,54,1,0,0
black,7e3e8f5bd9b9e626c2f50cf6e7a0c4d10c8c1a91,2024-08-05T10:33:28-07:00,src/black/linegen.py,1798,6,0,0
black,7e3e8f5bd9b9e626c2f50cf6e7a0c4d10c8c1a91,2024-08-05T10:33:28-07:00,src/black/nodes.py,1037,3,0,0
black,7e3e8f5bd9b9e626c2f50cf6e7a0c4d10c8c1a91,2024-08-05T10:33:28-07:00,src/black/__init__.py,1606,2,0,0
black,7e3e8f5bd9b9e626c2f50cf6e7a0c4d10c8c1a91,2024-08-05T10:33:28-07:00,src/black/parsing.py,244,2,0,0
black,7e3e8f5bd9b9e626c2f50cf6e7a0c4d10c8c1a91,2024-08-05T10:33:28-07:00,src/blib2to3/pgen2/pgen.py,428,2,0,0
black,7e3e8f5bd9b9e626c2f50cf6e7a0c4d10c8c1a91,2024-08-05T10:33:28-07:00,action/main.py,181,3,0,0
black,7e3e8f5bd9b9e626c2f50cf6e7a0c4d10c8c1a91,2024-08-05T10:33:28-07:00,src/blib2to3/pgen2/tokenize.py,1123,6,0,0
black,7e3e8f5bd9b9e626c2f50cf6e7a0c4d10c8c1a91,2024-08-05T10:33:28-07:00,src/black/concurrency.py,190,1,0,0
black,7e3e8f5bd9b9e626c2f50cf6e7a0c4d10c8c1a91,2024-08-05T10:33:28-07:00,src/blib2to3/pgen2/conv.py,256,2,0,0
black,7e3e8f5bd9b9e626c2f50cf6e7a0c4d10c8c1a91,2024-08-05T10:33:28-07:00,src/black/trans.py,2534,15,0,0
black,7e3e8f5bd9b9e626c2f50cf6e7a0c4d10c8c1a91,2024-08-05T10:33:28-07:00,src/blackd/__init__.py,259,1,0,0
black,7e3e8f5bd9b9e626c2f50cf6e7a0c4d10c8c1a91,2024-08-05T10:33:28-07:00,src/black/ranges.py,521,2,0,0
black,7e3e8f5bd9b9e626c2f50cf6e7a0c4d10c8c1a91,2024-08-05T10:33:28-07:00,src/black/handle_ipynb_magics.py,452,2,0,0
black,626b32fe2b5387656be6694da9a4b7a3148fb892,2025-09-18T11:49:07-07:00,src/black/mode.py,319,0,0,2
black,626b32fe2b5387656be6694da9a4b7a3148fb892,2025-09-18T11:49:07-07:00,src/black/linegen.py,1926,6,0,0
black,626b32fe2b5387656be6694da9a4b7a3148fb892,2025-09-18T11:49:07-07:00,src/black/nodes.py,1078,7,0,0
black,626b32fe2b5387656be6694da9a4b7a3148fb892,2025-09-18T11:49:07-07:00,src/black/__init__.py,1659,2,0,69
black,626b32fe2b5387656be6694da9a4b7a3148fb892,2025-09-18T11:49:07-07:00,tests/data/cases/module_docstring_after_comment.py,0,0,0,22
black,626b32fe2b5387656be6694da9a4b7a3148fb892,2025-09-18T11:49:07-07:00,src/black/parsing.py,260,2,0,0
black,626b32fe2b5387656be6694da9a4b7a3148fb892,2025-09-18T11:49:07-07:00,scripts/release.py,244,0,0,16
black,626b32fe2b5387656be6694da9a4b7a3148fb892,2025-09-18T11:49:07-07:00,scripts/generate_schema.py,74,0,0,19
black,626b32fe2b5387656be6694da9a4b7a3148fb892,2025-09-18T11:49:07-07:00,action/main.py,182,3,0,0
black,626b32fe2b5387656be6694da9a4b7a3148fb892,2025-09-18T11:49:07-07:00,src/blib2to3/pgen2/tokenize.py,219,2,0,0
black,626b32fe2b5387656be6694da9a4b7a3148fb892,2025-09-18T11:49:07-07:00,src/black/concurrency.py,198,1,0,0
black,626b32fe2b5387656be6694da9a4b7a3148fb892,2025-09-18T11:49:07-07:00,src/blib2to3/pgen2/conv.py,256,2,0,0
black,626b32fe2b5387656be6694da9a4b7a3148fb892,2025-09-18T11:49:07-07:00,src/black/lines.py,1081,0,0,37
black,626b32fe2b5387656be6694da9a4b7a3148fb892,2025-09-18T11:49:07-07:00,src/black/debug.py,55,1,0,0
black,626b32fe2b5387656be6694da9a4b7a3148fb892,2025-09-18T11:49:07-07:00,tests/test_black.py,3068,0,0,7
black,626b32fe2b5387656be6694da9a4b7a3148fb892,2025-09-18T11:49:07-07:00,src/blib2to3/pgen2/pgen.py,411,2,0,0
black,626b32fe2b5387656be6694da9a4b7a3148fb892,2025-09-18T11:49:07-07:00,scripts/fuzz.py,73,0,0,5
black,626b32fe2b5387656be6694da9a4b7a3148fb892,2025-09-18T11:49:07-07:00,src/black/trans.py,2511,15,0,0
black,626b32fe2b5387656be6694da9a4b7a3148fb892,2025-09-18T11:49:07-07:00,src/blackd/__init__.py,264,1,0,16
black,626b32fe2b5387656be6694da9a4b7a3148fb892,2025-09-18T11:49:07-07:00,src/black/ranges.py,535,2,0,0
black,626b32fe2b5387656be6694da9a4b7a3148fb892,2025-09-18T11:49:07-07:00,src/blib2to3/pgen2/parse.py,394,0,0,1
black,626b32fe2b5387656be6694da9a4b7a3148fb892,2025-09-18T11:49:07-07:00,src/black/handle_ipynb_magics.py,508,2,0,0
black,517aac599fe6434d0c75b0b58c783412e2287074,2025-10-18T19:47:50-05:00,tests/data/cases/fmtskip10.py,9,0,0,3
black,517aac599fe6434d0c75b0b58c783412e2287074,2025-10-18T19:47:50-05:00,src/black/mode.py,335,0,0,2
black,517aac599fe6434d0c75b0b58c783412e2287074,2025-10-18T19:47:50-05:00,src/black/linegen.py,1929,6,0,31
black,517aac599fe6434d0c75b0b58c783412e2287074,2025-10-18T19:47:50-05:00,src/black/nodes.py,1095,7,0,0
black,517aac599fe6434d0c75b0b58c783412e2287074,2025-10-18T19:47:50-05:00,tests/data/cases/fmtonoff.py,409,0,0,148
black,517aac599fe6434d0c75b0b58c783412e2287074,2025-10-18T19:47:50-05:00,src/black/__init__.py,1659,2,0,50
black,517aac599fe6434d0c75b0b58c783412e2287074,2025-10-18T19:47:50-05:00,tests/data/cases/preview_multiline_strings.py,544,0,0,30
black,517aac599fe6434d0c75b0b58c783412e2287074,2025-10-18T19:47:50-05:00,src/black/parsing.py,260,2,0,0
black,517aac599fe6434d0c75b0b58c783412e2287074,2025-10-18T19:47:50-05:00,src/black/comments.py,468,0,0,407
black,517aac599fe6434d0c75b0b58c783412e2287074,2025-10-18T19:47:50-05:00,scripts/release.py,244,0,0,7
black,517aac599fe6434d0c75b0b58c783412e2287074,2025-10-18T19:47:50-05:00,action/main.py,186,3,0,0
black,517aac599fe6434d0c75b0b58c783412e2287074,2025-10-18T19:47:50-05:00,src/blib2to3/pgen2/tokenize.py,219,2,0,0
black,517aac599fe6434d0c75b0b58c783412e2287074,2025-10-18T19:47:50-05:00,src/black/concurrency.py,198,1,0,12
black,517aac599fe6434d0c75b0b58c783412e2287074,2025-10-18T19:47:50-05:00,src/blib2to3/pgen2/conv.py,256,2,0,0
black,517aac599fe6434d0c75b0b58c783412e2287074,2025-10-18T19:47:50-05:00,src/blackd/client.py,0,0,0,94
black,517aac599fe6434d0c75b0b58c783412e2287074,2025-10-18T19:47:50-05:00,src/black/debug.py,55,1,0,0
black,517aac599fe6434d0c75b0b58c783412e2287074,2025-10-18T19:47:50-05:00,tests/test_blackd.py,220,0,0,114
black,517aac599fe6434d0c75b0b58c783412e2287074,2025-10-18T19:47:50-05:00,tests/test_black.py,3068,0,0,47
black,517aac599fe6434d0c75b0b58c783412e2287074,2025-10-18T19:47:50-05:00,scripts/diff_shades_gha_helper.py,231,0,0,2
black,517aac599fe6434d0c75b0b58c783412e2287074,2025-10-18T19:47:50-05:00,src/blib2to3/pgen2/pgen.py,411,2,0,0
black,517aac599fe6434d0c75b0b58c783412e2287074,2025-10-18T19:47:50-05:00,tests/data/cases/fmtskip7.py,11,0,0,10
black,517aac599fe6434d0c75b0b58c783412e2287074,2025-10-18T19:47:50-05:00,src/black/trans.py,2511,15,0,0
black,517aac599fe6434d0c75b0b58c783412e2287074,2025-10-18T19:47:50-05:00,src/blackd/__init__.py,264,1,0,0
black,517aac599fe6434d0c75b0b58c783412e2287074,2025-10-18T19:47:50-05:00,src/black/ranges.py,535,2,0,0
black,517aac599fe6434d0c75b0b58c783412e2287074,2025-10-18T19:47:50-05:00,src/black/handle_ipynb_magics.py,508,2,0,0
black,ae17c61310e44401ca55d17a9c01db1dc03940a6,2025-11-09T17:11:02-08:00,src/black/__init__.py,1664,2,0,52
black,ae17c61310e44401ca55d17a9c01db1dc03940a6,2025-11-09T17:11:02-08:00,tests/data/cases/jupytext_markdown_fmt.py,0,0,0,24
black,ae17c61310e44401ca55d17a9c01db1dc03940a6,2025-11-09T17:11:02-08:00,scripts/check_pre_commit_rev_in_example.py,54,0,0,4
black,ae17c61310e44401ca55d17a9c01db1dc03940a6,2025-11-09T17:11:02-08:00,tests/test_schema.py,17,0,0,11
black,ae17c61310e44401ca55d17a9c01db1dc03940a6,2025-11-09T17:11:02-08:00,action/main.py,186,3,0,15
black,ae17c61310e44401ca55d17a9c01db1dc03940a6,2025-11-09T17:11:02-08:00,src/black/brackets.py,383,0,0,8
black,ae17c61310e44401ca55d17a9c01db1dc03940a6,2025-11-09T17:11:02-08:00,src/blib2to3/pgen2/tokenize.py,227,2,0,7
black,ae17c61310e44401ca55d17a9c01db1dc03940a6,2025-11-09T17:11:02-08:00,src/black/concurrency.py,204,1,0,10
black,ae17c61310e44401ca55d17a9c01db1dc03940a6,2025-11-09T17:11:02-08:00,src/blib2to3/pgen2/conv.py,256,2,0,0
black,ae17c61310e44401ca55d17a9c01db1dc03940a6,2025-11-09T17:11:02-08:00,src/blackd/client.py,94,0,0,8
black,ae17c61310e44401ca55d17a9c01db1dc03940a6,2025-11-09T17:11:02-08:00,gallery/gallery.py,295,0,0,20
black,ae17c61310e44401ca55d17a9c01db1dc03940a6,2025-11-09T17:11:02-08:00,src/black/files.py,426,0,0,26
black,ae17c61310e44401ca55d17a9c01db1dc03940a6,2025-11-09T17:11:02-08:00,tests/test_docs.py,75,0,0,3
black,ae17c61310e44401ca55d17a9c01db1dc03940a6,2025-11-09T17:11:02-08:00,tests/data/cases/fmtskip12.py,0,0,0,21
black,ae17c61310e44401ca55d17a9c01db1dc03940a6,2025-11-09T17:11:02-08:00,tests/test_black.py,3118,0,0,26
black,ae17c61310e44401ca55d17a9c01db1dc03940a6,2025-11-09T17:11:02-08:00,src/blib2to3/pytree.py,971,0,0,70
black,ae17c61310e44401ca55d17a9c01db1dc03940a6,2025-11-09T17:11:02-08:00,src/blib2to3/pgen2/driver.py,313,0,0,16
black,ae17c61310e44401ca55d17a9c01db1dc03940a6,2025-11-09T17:11:02-08:00,tests/test_trans.py,49,0,0,2
black,ae17c61310e44401ca55d17a9c01db1dc03940a6,2025-11-09T17:11:02-08:00,src/blackd/__init__.py,264,1,0,0
black,ae17c61310e44401ca55d17a9c01db1dc03940a6,2025-11-09T17:11:02-08:00,src/blib2to3/pgen2/parse.py,395,0,0,16
black,ae17c61310e44401ca55d17a9c01db1dc03940a6,2025-11-09T17:11:02-08:00,tests/data/cases/fmtskip10.py,12,0,0,1
black,ae17c61310e44401ca55d17a9c01db1dc03940a6,2025-11-09T17:11:02-08:00,src/black/linegen.py,1971,10,0,51
black,ae17c61310e44401ca55d17a9c01db1dc03940a6,2025-11-09T17:11:02-08:00,src/black/nodes.py,1099,7,0,26
black,ae17c61310e44401ca55d17a9c01db1dc03940a6,2025-11-09T17:11:02-08:00,scripts/migrate-black.py,96,0,0,2
black,ae17c61310e44401ca55d17a9c01db1dc03940a6,2025-11-09T17:11:02-08:00,src/black/parsing.py,260,2,0,0
black,ae17c61310e44401ca55d17a9c01db1dc03940a6,2025-11-09T17:11:02-08:00,src/black/comments.py,737,0,0,41
black,ae17c61310e44401ca55d17a9c01db1dc03940a6,2025-11-09T17:11:02-08:00,src/black/lines.py,1102,0,0,24
black,ae17c61310e44401ca55d17a9c01db1dc03940a6,2025-11-09T17:11:02-08:00,tests/optional.py,120,0,0,45
black,ae17c61310e44401ca55d17a9c01db1dc03940a6,2025-11-09T17:11:02-08:00,src/black/output.py,122,0,0,10
black,ae17c61310e44401ca55d17a9c01db1dc03940a6,2025-11-09T17:11:02-08:00,src/black/strings.py,389,0,0,4
black,ae17c61310e44401ca55d17a9c01db1dc03940a6,2025-11-09T17:11:02-08:00,src/black/debug.py,55,1,0,2
black,ae17c61310e44401ca55d17a9c01db1dc03940a6,2025-11-09T17:11:02-08:00,tests/util.py,355,0,0,10
black,ae17c61310e44401ca55d17a9c01db1dc03940a6,2025-11-09T17:11:02-08:00,src/blib2to3/pgen2/pgen.py,411,2,0,14
black,ae17c61310e44401ca55d17a9c01db1dc03940a6,2025-11-09T17:11:02-08:00,src/black/trans.py,2511,15,0,16
black,ae17c61310e44401ca55d17a9c01db1dc03940a6,2025-11-09T17:11:02-08:00,src/black/ranges.py,535,2,0,3
black,ae17c61310e44401ca55d17a9c01db1dc03940a6,2025-11-09T17:11:02-08:00,src/black/handle_ipynb_magics.py,508,2,0,12
black,93d13b218c378ed323c15b3424444ef20166e17a,2025-11-28T11:40:52-06:00,tests/data/cases/fmtskip10.py,13,0,0,9
black,93d13b218c378ed323c15b3424444ef20166e17a,2025-11-28T11:40:52-06:00,src/black/linegen.py,2040,10,0,29
black,93d13b218c378ed323c15b3424444ef20166e17a,2025-11-28T11:40:52-06:00,src/black/nodes.py,1093,7,0,0
black,93d13b218c378ed323c15b3424444ef20166e17a,2025-11-28T11:40:52-06:00,tests/data/cases/preview_fmtpass_imports.py,0,0,0,21
black,93d13b218c378ed323c15b3424444ef20166e17a,2025-11-28T11:40:52-06:00,src/black/__init__.py,1654,2,0,0
black,93d13b218c378ed323c15b3424444ef20166e17a,2025-11-28T11:40:52-06:00,scripts/check_pre_commit_rev_in_example.py,54,0,0,4
black,93d13b218c378ed323c15b3424444ef20166e17a,2025-11-28T11:40:52-06:00,tests/data/cases/fmtskip13.py,0,0,0,64
black,93d13b218c378ed323c15b3424444ef20166e17a,2025-11-28T11:40:52-06:00,tests/data/cases/fmtskip_multiple_strings.py,0,0,0,75
black,93d13b218c378ed323c15b3424444ef20166e17a,2025-11-28T11:40:52-06:00,scripts/check_version_in_basics_example.py,48,0,0,6
black,93d13b218c378ed323c15b3424444ef20166e17a,2025-11-28T11:40:52-06:00,src/black/parsing.py,260,2,0,0
black,93d13b218c378ed323c15b3424444ef20166e17a,2025-11-28T11:40:52-06:00,src/black/comments.py,766,0,0,225
black,93d13b218c378ed323c15b3424444ef20166e17a,2025-11-28T11:40:52-06:00,tests/data/cases/fmtskip11.py,6,0,0,82
black,93d13b218c378ed323c15b3424444ef20166e17a,2025-11-28T11:40:52-06:00,action/main.py,197,3,0,0
black,93d13b218c378ed323c15b3424444ef20166e17a,2025-11-28T11:40:52-06:00,src/blib2to3/pgen2/tokenize.py,226,2,0,0
black,93d13b218c378ed323c15b3424444ef20166e17a,2025-11-28T11:40:52-06:00,src/black/concurrency.py,204,1,0,0
black,93d13b218c378ed323c15b3424444ef20166e17a,2025-11-28T11:40:52-06:00,src/blib2to3/pgen2/conv.py,256,2,0,2
black,93d13b218c378ed323c15b3424444ef20166e17a,2025-11-28T11:40:52-06:00,src/black/lines.py,1100,0,0,63
black,93d13b218c378ed323c15b3424444ef20166e17a,2025-11-28T11:40:52-06:00,tests/data/cases/fmtskip_nested_if.py,0,0,0,78
black,93d13b218c378ed323c15b3424444ef20166e17a,2025-11-28T11:40:52-06:00,src/black/debug.py,55,1,0,0
black,93d13b218c378ed323c15b3424444ef20166e17a,2025-11-28T11:40:52-06:00,src/blib2to3/pgen2/pgen.py,411,2,0,0
black,93d13b218c378ed323c15b3424444ef20166e17a,2025-11-28T11:40:52-06:00,tests/data/cases/fmtskip_multiple_in_clause.py,0,0,0,43
black,93d13b218c378ed323c15b3424444ef20166e17a,2025-11-28T11:40:52-06:00,src/black/trans.py,2511,15,0,0
black,93d13b218c378ed323c15b3424444ef20166e17a,2025-11-28T11:40:52-06:00,src/blackd/__init__.py,264,1,0,0
black,93d13b218c378ed323c15b3424444ef20166e17a,2025-11-28T11:40:52-06:00,src/black/ranges.py,534,2,0,0
black,93d13b218c378ed323c15b3424444ef20166e17a,2025-11-28T11:40:52-06:00,src/black/handle_ipynb_magics.py,502,2,0,0
black,fc33c25068f7833c359a57569410e21b71d390dd,2026-04-13T06:09:18-05:00,src/black/mode.py,349,0,0,1
black,fc33c25068f7833c359a57569410e21b71d390dd,2026-04-13T06:09:18-05:00,src/black/linegen.py,2059,10,0,11
black,fc33c25068f7833c359a57569410e21b71d390dd,2026-04-13T06:09:18-05:00,src/black/nodes.py,1111,7,0,0
black,fc33c25068f7833c359a57569410e21b71d390dd,2026-04-13T06:09:18-05:00,src/black/__init__.py,1703,2,0,0
black,fc33c25068f7833c359a57569410e21b71d390dd,2026-04-13T06:09:18-05:00,src/black/parsing.py,244,2,0,23
black,fc33c25068f7833c359a57569410e21b71d390dd,2026-04-13T06:09:18-05:00,action/main.py,201,3,0,0
black,fc33c25068f7833c359a57569410e21b71d390dd,2026-04-13T06:09:18-05:00,src/blib2to3/pgen2/tokenize.py,277,2,0,0
black,fc33c25068f7833c359a57569410e21b71d390dd,2026-04-13T06:09:18-05:00,src/black/concurrency.py,221,1,0,0
black,fc33c25068f7833c359a57569410e21b71d390dd,2026-04-13T06:09:18-05:00,src/blib2to3/pgen2/conv.py,256,2,0,0
black,fc33c25068f7833c359a57569410e21b71d390dd,2026-04-13T06:09:18-05:00,src/black/lines.py,1532,0,0,16
black,fc33c25068f7833c359a57569410e21b71d390dd,2026-04-13T06:09:18-05:00,tests/data/cases/pyi_decorated_class_blank_line.py,0,0,0,115
black,fc33c25068f7833c359a57569410e21b71d390dd,2026-04-13T06:09:18-05:00,src/black/strings.py,391,0,0,2
black,fc33c25068f7833c359a57569410e21b71d390dd,2026-04-13T06:09:18-05:00,src/black/debug.py,55,1,0,0
black,fc33c25068f7833c359a57569410e21b71d390dd,2026-04-13T06:09:18-05:00,docs/conf.py,235,0,0,2
black,fc33c25068f7833c359a57569410e21b71d390dd,2026-04-13T06:09:18-05:00,tests/test_black.py,3301,0,0,18
black,fc33c25068f7833c359a57569410e21b71d390dd,2026-04-13T06:09:18-05:00,src/blib2to3/pgen2/pgen.py,388,2,0,0
black,fc33c25068f7833c359a57569410e21b71d390dd,2026-04-13T06:09:18-05:00,tests/data/cases/fmtonoff6.py,89,0,0,76
black,fc33c25068f7833c359a57569410e21b71d390dd,2026-04-13T06:09:18-05:00,tests/test_format.py,93,0,0,8
black,fc33c25068f7833c359a57569410e21b71d390dd,2026-04-13T06:09:18-05:00,src/black/trans.py,2578,17,0,0
black,fc33c25068f7833c359a57569410e21b71d390dd,2026-04-13T06:09:18-05:00,src/blackd/__init__.py,334,1,0,0
black,fc33c25068f7833c359a57569410e21b71d390dd,2026-04-13T06:09:18-05:00,src/black/ranges.py,534,2,0,0
black,fc33c25068f7833c359a57569410e21b71d390dd,2026-04-13T06:09:18-05:00,src/black/handle_ipynb_magics.py,515,2,0,0
black,8dcc4865c8f9a2769411db5638927696172cdf75,2026-04-19T19:04:01-05:00,src/black/linegen.py,2059,10,0,0
black,8dcc4865c8f9a2769411db5638927696172cdf75,2026-04-19T19:04:01-05:00,src/black/nodes.py,1111,7,0,0
black,8dcc4865c8f9a2769411db5638927696172cdf75,2026-04-19T19:04:01-05:00,src/black/__init__.py,1703,2,0,5
black,8dcc4865c8f9a2769411db5638927696172cdf75,2026-04-19T19:04:01-05:00,src/black/parsing.py,257,4,0,9
black,8dcc4865c8f9a2769411db5638927696172cdf75,2026-04-19T19:04:01-05:00,action/main.py,201,3,0,0
black,8dcc4865c8f9a2769411db5638927696172cdf75,2026-04-19T19:04:01-05:00,src/blib2to3/pgen2/tokenize.py,277,2,0,0
black,8dcc4865c8f9a2769411db5638927696172cdf75,2026-04-19T19:04:01-05:00,src/black/concurrency.py,221,1,0,0
black,8dcc4865c8f9a2769411db5638927696172cdf75,2026-04-19T19:04:01-05:00,src/blib2to3/pgen2/conv.py,256,2,0,0
black,8dcc4865c8f9a2769411db5638927696172cdf75,2026-04-19T19:04:01-05:00,src/black/strings.py,391,0,0,2
black,8dcc4865c8f9a2769411db5638927696172cdf75,2026-04-19T19:04:01-05:00,src/black/debug.py,55,1,0,0
black,8dcc4865c8f9a2769411db5638927696172cdf75,2026-04-19T19:04:01-05:00,docs/conf.py,235,0,0,2
black,8dcc4865c8f9a2769411db5638927696172cdf75,2026-04-19T19:04:01-05:00,tests/test_black.py,3313,0,0,4
black,8dcc4865c8f9a2769411db5638927696172cdf75,2026-04-19T19:04:01-05:00,src/blib2to3/pgen2/pgen.py,388,2,0,0
black,8dcc4865c8f9a2769411db5638927696172cdf75,2026-04-19T19:04:01-05:00,src/black/trans.py,2578,17,0,0
black,8dcc4865c8f9a2769411db5638927696172cdf75,2026-04-19T19:04:01-05:00,src/blackd/__init__.py,334,1,0,2
black,8dcc4865c8f9a2769411db5638927696172cdf75,2026-04-19T19:04:01-05:00,src/black/ranges.py,534,2,0,0
black,8dcc4865c8f9a2769411db5638927696172cdf75,2026-04-19T19:04:01-05:00,src/black/handle_ipynb_magics.py,515,2,0,0
black,d2490e24dad33b8f68c77602ee29160de0fea24b,2026-05-16T12:33:59-05:00,src/black/__init__.py,1706,2,0,2
black,d2490e24dad33b8f68c77602ee29160de0fea24b,2026-05-16T12:33:59-05:00,scripts/release.py,248,0,0,4
black,d2490e24dad33b8f68c77602ee29160de0fea24b,2026-05-16T12:33:59-05:00,action/main.py,201,3,0,0
black,d2490e24dad33b8f68c77602ee29160de0fea24b,2026-05-16T12:33:59-05:00,src/black/brackets.py,383,0,0,11
black,d2490e24dad33b8f68c77602ee29160de0fea24b,2026-05-16T12:33:59-05:00,src/blib2to3/pgen2/tokenize.py,277,2,0,0
black,d2490e24dad33b8f68c77602ee29160de0fea24b,2026-05-16T12:33:59-05:00,src/black/concurrency.py,221,1,0,0
black,d2490e24dad33b8f68c77602ee29160de0fea24b,2026-05-16T12:33:59-05:00,src/blib2to3/pgen2/conv.py,256,2,0,0
black,d2490e24dad33b8f68c77602ee29160de0fea24b,2026-05-16T12:33:59-05:00,tests/data/cases/pattern_matching_case_case_small_line_length.py,0,0,0,13
black,d2490e24dad33b8f68c77602ee29160de0fea24b,2026-05-16T12:33:59-05:00,tests/data/cases/docstring.py,457,0,0,10
black,d2490e24dad33b8f68c77602ee29160de0fea24b,2026-05-16T12:33:59-05:00,tests/data/cases/fmtskip_in_parens.py,0,0,0,49
black,d2490e24dad33b8f68c77602ee29160de0fea24b,2026-05-16T12:33:59-05:00,src/black/report.py,107,0,0,16
black,d2490e24dad33b8f68c77602ee29160de0fea24b,2026-05-16T12:33:59-05:00,tests/test_black.py,3313,0,0,37
black,d2490e24dad33b8f68c77602ee29160de0fea24b,2026-05-16T12:33:59-05:00,src/blackd/__init__.py,336,1,0,0
black,d2490e24dad33b8f68c77602ee29160de0fea24b,2026-05-16T12:33:59-05:00,src/black/mode.py,350,0,0,1
black,d2490e24dad33b8f68c77602ee29160de0fea24b,2026-05-16T12:33:59-05:00,src/black/linegen.py,2059,10,0,116
black,d2490e24dad33b8f68c77602ee29160de0fea24b,2026-05-16T12:33:59-05:00,src/black/nodes.py,1111,7,0,0
black,d2490e24dad33b8f68c77602ee29160de0fea24b,2026-05-16T12:33:59-05:00,src/black/parsing.py,266,4,0,0
black,d2490e24dad33b8f68c77602ee29160de0fea24b,2026-05-16T12:33:59-05:00,src/black/comments.py,866,0,0,5
black,d2490e24dad33b8f68c77602ee29160de0fea24b,2026-05-16T12:33:59-05:00,tests/data/cases/fmtskip_type_ignore.py,0,0,0,2
black,d2490e24dad33b8f68c77602ee29160de0fea24b,2026-05-16T12:33:59-05:00,tests/data/cases/preview_hug_comparator.py,0,0,0,134
black,d2490e24dad33b8f68c77602ee29160de0fea24b,2026-05-16T12:33:59-05:00,src/black/output.py,122,0,0,17
black,d2490e24dad33b8f68c77602ee29160de0fea24b,2026-05-16T12:33:59-05:00,src/black/strings.py,391,0,0,8
black,d2490e24dad33b8f68c77602ee29160de0fea24b,2026-05-16T12:33:59-05:00,tests/data/cases/docstring_tabs.py,0,0,0,24
black,d2490e24dad33b8f68c77602ee29160de0fea24b,2026-05-16T12:33:59-05:00,src/black/debug.py,55,1,0,0
black,d2490e24dad33b8f68c77602ee29160de0fea24b,2026-05-16T12:33:59-05:00,tests/data/cases/comments_in_comprehensions.py,0,0,0,91
black,d2490e24dad33b8f68c77602ee29160de0fea24b,2026-05-16T12:33:59-05:00,tests/data/cases/comment_in_subscript_annotation.py,0,0,0,25
black,d2490e24dad33b8f68c77602ee29160de0fea24b,2026-05-16T12:33:59-05:00,src/blib2to3/pgen2/pgen.py,388,2,0,0
black,d2490e24dad33b8f68c77602ee29160de0fea24b,2026-05-16T12:33:59-05:00,src/black/trans.py,2578,17,0,3
black,d2490e24dad33b8f68c77602ee29160de0fea24b,2026-05-16T12:33:59-05:00,src/black/ranges.py,534,2,0,0
black,d2490e24dad33b8f68c77602ee29160de0fea24b,2026-05-16T12:33:59-05:00,src/black/handle_ipynb_magics.py,515,2,0,0
black,6c136f979c14956eeddb4a20c3f2653bce7e9505,2026-06-07T20:35:19-05:00,tests/test_ranges.py,247,0,0,30
black,6c136f979c14956eeddb4a20c3f2653bce7e9505,2026-06-07T20:35:19-05:00,tests/data/cases/fmtskip_after_bracket_with_comment.py,0,0,0,27
black,6c136f979c14956eeddb4a20c3f2653bce7e9505,2026-06-07T20:35:19-05:00,src/black/__init__.py,1712,2,0,10
black,6c136f979c14956eeddb4a20c3f2653bce7e9505,2026-06-07T20:35:19-05:00,tests/data/cases/pyi_docstring_blank_lines.py,0,0,0,164
black,6c136f979c14956eeddb4a20c3f2653bce7e9505,2026-06-07T20:35:19-05:00,action/main.py,201,3,0,0
black,6c136f979c14956eeddb4a20c3f2653bce7e9505,2026-06-07T20:35:19-05:00,src/black/brackets.py,394,0,0,40
black,6c136f979c14956eeddb4a20c3f2653bce7e9505,2026-06-07T20:35:19-05:00,src/blib2to3/pgen2/tokenize.py,277,2,0,0
black,6c136f979c14956eeddb4a20c3f2653bce7e9505,2026-06-07T20:35:19-05:00,src/black/concurrency.py,221,1,0,0
black,6c136f979c14956eeddb4a20c3f2653bce7e9505,2026-06-07T20:35:19-05:00,src/blib2to3/pgen2/conv.py,256,2,0,0
black,6c136f979c14956eeddb4a20c3f2653bce7e9505,2026-06-07T20:35:19-05:00,tests/data/cases/prefer_rhs_split.py,106,0,0,12
black,6c136f979c14956eeddb4a20c3f2653bce7e9505,2026-06-07T20:35:19-05:00,tests/data/cases/yield_singleton_tuple_stable.py,0,0,0,9
black,6c136f979c14956eeddb4a20c3f2653bce7e9505,2026-06-07T20:35:19-05:00,tests/data/cases/preview_wrap_comprehension_in.py,161,0,0,10
black,6c136f979c14956eeddb4a20c3f2653bce7e9505,2026-06-07T20:35:19-05:00,tests/data/cases/preview_prefer_rhs_split_indexed_assignment.py,0,0,0,94
black,6c136f979c14956eeddb4a20c3f2653bce7e9505,2026-06-07T20:35:19-05:00,tests/test_black.py,3351,0,0,19
black,6c136f979c14956eeddb4a20c3f2653bce7e9505,2026-06-07T20:35:19-05:00,src/blib2to3/pytree.py,970,0,0,65
black,6c136f979c14956eeddb4a20c3f2653bce7e9505,2026-06-07T20:35:19-05:00,src/blackd/__init__.py,336,1,0,0
black,6c136f979c14956eeddb4a20c3f2653bce7e9505,2026-06-07T20:35:19-05:00,src/black/mode.py,351,0,0,3
black,6c136f979c14956eeddb4a20c3f2653bce7e9505,2026-06-07T20:35:19-05:00,src/black/linegen.py,2171,10,0,25
black,6c136f979c14956eeddb4a20c3f2653bce7e9505,2026-06-07T20:35:19-05:00,src/black/nodes.py,1111,7,0,19
black,6c136f979c14956eeddb4a20c3f2653bce7e9505,2026-06-07T20:35:19-05:00,tests/data/cases/pyi_docstring_blank_lines_no_preview.py,0,0,0,12
black,6c136f979c14956eeddb4a20c3f2653bce7e9505,2026-06-07T20:35:19-05:00,src/black/parsing.py,266,4,0,0
black,6c136f979c14956eeddb4a20c3f2653bce7e9505,2026-06-07T20:35:19-05:00,src/black/comments.py,896,0,0,21
black,6c136f979c14956eeddb4a20c3f2653bce7e9505,2026-06-07T20:35:19-05:00,src/black/lines.py,1548,0,0,126
black,6c136f979c14956eeddb4a20c3f2653bce7e9505,2026-06-07T20:35:19-05:00,src/black/debug.py,55,1,0,0
black,6c136f979c14956eeddb4a20c3f2653bce7e9505,2026-06-07T20:35:19-05:00,tests/data/cases/prefer_rhs_split_reformatted.py,57,0,0,14
black,6c136f979c14956eeddb4a20c3f2653bce7e9505,2026-06-07T20:35:19-05:00,tests/data/cases/yield_singleton_tuple.py,0,0,0,11
black,6c136f979c14956eeddb4a20c3f2653bce7e9505,2026-06-07T20:35:19-05:00,src/blib2to3/pgen2/pgen.py,388,2,0,0
black,6c136f979c14956eeddb4a20c3f2653bce7e9505,2026-06-07T20:35:19-05:00,src/black/trans.py,2577,17,0,11
black,6c136f979c14956eeddb4a20c3f2653bce7e9505,2026-06-07T20:35:19-05:00,src/black/ranges.py,534,2,0,10
black,6c136f979c14956eeddb4a20c3f2653bce7e9505,2026-06-07T20:35:19-05:00,src/black/handle_ipynb_magics.py,515,2,0,0
black,f665703258bfa1916f8a6c1cbab0bc384b90cbac,2026-06-07T20:35:51-05:00,tests/test_ranges.py,247,0,0,30
black,f665703258bfa1916f8a6c1cbab0bc384b90cbac,2026-06-07T20:35:51-05:00,tests/data/cases/fmtskip_after_bracket_with_comment.py,0,0,0,27
black,f665703258bfa1916f8a6c1cbab0bc384b90cbac,2026-06-07T20:35:51-05:00,src/black/__init__.py,1712,2,0,0
black,f665703258bfa1916f8a6c1cbab0bc384b90cbac,2026-06-07T20:35:51-05:00,tests/data/cases/pyi_docstring_blank_lines.py,164,0,0,164
black,f665703258bfa1916f8a6c1cbab0bc384b90cbac,2026-06-07T20:35:51-05:00,action/main.py,201,3,0,0
black,f665703258bfa1916f8a6c1cbab0bc384b90cbac,2026-06-07T20:35:51-05:00,src/black/brackets.py,394,0,0,40
black,f665703258bfa1916f8a6c1cbab0bc384b90cbac,2026-06-07T20:35:51-05:00,src/blib2to3/pgen2/tokenize.py,277,2,0,0
black,f665703258bfa1916f8a6c1cbab0bc384b90cbac,2026-06-07T20:35:51-05:00,src/black/concurrency.py,221,1,0,0
black,f665703258bfa1916f8a6c1cbab0bc384b90cbac,2026-06-07T20:35:51-05:00,src/blib2to3/pgen2/conv.py,256,2,0,0
black,f665703258bfa1916f8a6c1cbab0bc384b90cbac,2026-06-07T20:35:51-05:00,tests/data/cases/prefer_rhs_split.py,106,0,0,12
black,f665703258bfa1916f8a6c1cbab0bc384b90cbac,2026-06-07T20:35:51-05:00,tests/data/cases/yield_singleton_tuple_stable.py,0,0,0,9
black,f665703258bfa1916f8a6c1cbab0bc384b90cbac,2026-06-07T20:35:51-05:00,tests/data/cases/preview_wrap_comprehension_in.py,161,0,0,10
black,f665703258bfa1916f8a6c1cbab0bc384b90cbac,2026-06-07T20:35:51-05:00,tests/data/cases/preview_prefer_rhs_split_indexed_assignment.py,0,0,0,94
black,f665703258bfa1916f8a6c1cbab0bc384b90cbac,2026-06-07T20:35:51-05:00,src/blib2to3/pytree.py,970,0,0,65
black,f665703258bfa1916f8a6c1cbab0bc384b90cbac,2026-06-07T20:35:51-05:00,src/blackd/__init__.py,336,1,0,0
black,f665703258bfa1916f8a6c1cbab0bc384b90cbac,2026-06-07T20:35:51-05:00,src/black/mode.py,352,0,0,3
black,f665703258bfa1916f8a6c1cbab0bc384b90cbac,2026-06-07T20:35:51-05:00,src/black/linegen.py,2171,10,0,25
black,f665703258bfa1916f8a6c1cbab0bc384b90cbac,2026-06-07T20:35:51-05:00,src/black/nodes.py,1111,7,0,19
black,f665703258bfa1916f8a6c1cbab0bc384b90cbac,2026-06-07T20:35:51-05:00,tests/data/cases/pyi_docstring_blank_lines_no_preview.py,12,0,0,12
black,f665703258bfa1916f8a6c1cbab0bc384b90cbac,2026-06-07T20:35:51-05:00,src/black/parsing.py,266,4,0,0
black,f665703258bfa1916f8a6c1cbab0bc384b90cbac,2026-06-07T20:35:51-05:00,src/black/comments.py,896,0,0,21
black,f665703258bfa1916f8a6c1cbab0bc384b90cbac,2026-06-07T20:35:51-05:00,src/black/lines.py,1599,0,0,126
black,f665703258bfa1916f8a6c1cbab0bc384b90cbac,2026-06-07T20:35:51-05:00,src/black/debug.py,55,1,0,0
black,f665703258bfa1916f8a6c1cbab0bc384b90cbac,2026-06-07T20:35:51-05:00,tests/data/cases/prefer_rhs_split_reformatted.py,57,0,0,14
black,f665703258bfa1916f8a6c1cbab0bc384b90cbac,2026-06-07T20:35:51-05:00,tests/data/cases/yield_singleton_tuple.py,0,0,0,11
black,f665703258bfa1916f8a6c1cbab0bc384b90cbac,2026-06-07T20:35:51-05:00,src/blib2to3/pgen2/pgen.py,388,2,0,0
black,f665703258bfa1916f8a6c1cbab0bc384b90cbac,2026-06-07T20:35:51-05:00,src/black/trans.py,2577,17,0,11
black,f665703258bfa1916f8a6c1cbab0bc384b90cbac,2026-06-07T20:35:51-05:00,src/black/ranges.py,534,2,0,10
black,f665703258bfa1916f8a6c1cbab0bc384b90cbac,2026-06-07T20:35:51-05:00,src/black/handle_ipynb_magics.py,515,2,0,0
black,56ba38a484dae93f9793e70c4a136331284bdcc5,2026-07-03T00:05:14-05:00,src/black/cache.py,150,0,0,2
black,56ba38a484dae93f9793e70c4a136331284bdcc5,2026-07-03T00:05:14-05:00,src/black/linegen.py,2198,10,0,0
black,56ba38a484dae93f9793e70c4a136331284bdcc5,2026-07-03T00:05:14-05:00,src/black/nodes.py,1142,7,0,0
black,56ba38a484dae93f9793e70c4a136331284bdcc5,2026-07-03T00:05:14-05:00,src/black/__init__.py,1722,2,0,0
black,56ba38a484dae93f9793e70c4a136331284bdcc5,2026-07-03T00:05:14-05:00,src/black/parsing.py,266,4,0,0
black,56ba38a484dae93f9793e70c4a136331284bdcc5,2026-07-03T00:05:14-05:00,src/black/comments.py,925,0,0,24
black,56ba38a484dae93f9793e70c4a136331284bdcc5,2026-07-03T00:05:14-05:00,action/main.py,201,3,0,0
black,56ba38a484dae93f9793e70c4a136331284bdcc5,2026-07-03T00:05:14-05:00,src/blib2to3/pgen2/tokenize.py,277,2,0,0
black,56ba38a484dae93f9793e70c4a136331284bdcc5,2026-07-03T00:05:14-05:00,src/black/concurrency.py,221,1,0,19
black,56ba38a484dae93f9793e70c4a136331284bdcc5,2026-07-03T00:05:14-05:00,src/blib2to3/pgen2/conv.py,256,2,0,0
black,56ba38a484dae93f9793e70c4a136331284bdcc5,2026-07-03T00:05:14-05:00,src/black/debug.py,55,1,0,0
black,56ba38a484dae93f9793e70c4a136331284bdcc5,2026-07-03T00:05:14-05:00,tests/test_black.py,3395,0,0,27
black,56ba38a484dae93f9793e70c4a136331284bdcc5,2026-07-03T00:05:14-05:00,src/blib2to3/pytree.py,1044,4,0,18
black,56ba38a484dae93f9793e70c4a136331284bdcc5,2026-07-03T00:05:14-05:00,src/blib2to3/pgen2/pgen.py,388,2,0,0
black,56ba38a484dae93f9793e70c4a136331284bdcc5,2026-07-03T00:05:14-05:00,src/black/trans.py,2597,17,0,0
black,56ba38a484dae93f9793e70c4a136331284bdcc5,2026-07-03T00:05:14-05:00,src/blackd/__init__.py,336,1,0,0
black,56ba38a484dae93f9793e70c4a136331284bdcc5,2026-07-03T00:05:14-05:00,src/black/ranges.py,544,2,0,203
black,56ba38a484dae93f9793e70c4a136331284bdcc5,2026-07-03T00:05:14-05:00,src/black/handle_ipynb_magics.py,515,2,0,0
black,ef04d6b7067a7e8108e073e2f3b263a3b6ffabda,2026-07-23T17:06:08-05:00,src/black/cache.py,150,0,0,8
black,ef04d6b7067a7e8108e073e2f3b263a3b6ffabda,2026-07-23T17:06:08-05:00,tests/data/cases/t_docstring.py,0,0,0,58
black,ef04d6b7067a7e8108e073e2f3b263a3b6ffabda,2026-07-23T17:06:08-05:00,src/black/__init__.py,1722,2,0,4
black,ef04d6b7067a7e8108e073e2f3b263a3b6ffabda,2026-07-23T17:06:08-05:00,action/main.py,201,3,0,0
black,ef04d6b7067a7e8108e073e2f3b263a3b6ffabda,2026-07-23T17:06:08-05:00,tests/data/cases/string_quotes_escaped_trailing_quote.py,0,0,0,21
black,ef04d6b7067a7e8108e073e2f3b263a3b6ffabda,2026-07-23T17:06:08-05:00,src/blib2to3/pgen2/tokenize.py,277,2,0,0
black,ef04d6b7067a7e8108e073e2f3b263a3b6ffabda,2026-07-23T17:06:08-05:00,src/black/concurrency.py,236,1,0,2
black,ef04d6b7067a7e8108e073e2f3b263a3b6ffabda,2026-07-23T17:06:08-05:00,src/blib2to3/pgen2/conv.py,256,2,0,0
black,ef04d6b7067a7e8108e073e2f3b263a3b6ffabda,2026-07-23T17:06:08-05:00,src/black/numerics.py,61,0,0,4
black,ef04d6b7067a7e8108e073e2f3b263a3b6ffabda,2026-07-23T17:06:08-05:00,tests/data/cases/pep_750_nested_quotes.py,0,0,0,34
black,ef04d6b7067a7e8108e073e2f3b263a3b6ffabda,2026-07-23T17:06:08-05:00,src/black/report.py,109,0,0,17
black,ef04d6b7067a7e8108e073e2f3b263a3b6ffabda,2026-07-23T17:06:08-05:00,tests/test_black.py,3415,0,0,61
black,ef04d6b7067a7e8108e073e2f3b263a3b6ffabda,2026-07-23T17:06:08-05:00,src/blib2to3/pytree.py,1073,4,0,0
black,ef04d6b7067a7e8108e073e2f3b263a3b6ffabda,2026-07-23T17:06:08-05:00,src/blib2to3/pygram.py,209,0,0,6
black,ef04d6b7067a7e8108e073e2f3b263a3b6ffabda,2026-07-23T17:06:08-05:00,src/blib2to3/pgen2/driver.py,322,0,0,65
black,ef04d6b7067a7e8108e073e2f3b263a3b6ffabda,2026-07-23T17:06:08-05:00,tests/test_format.py,99,0,0,2
black,ef04d6b7067a7e8108e073e2f3b263a3b6ffabda,2026-07-23T17:06:08-05:00,src/blackd/__init__.py,336,1,0,0
black,ef04d6b7067a7e8108e073e2f3b263a3b6ffabda,2026-07-23T17:06:08-05:00,src/black/linegen.py,2227,10,0,35
black,ef04d6b7067a7e8108e073e2f3b263a3b6ffabda,2026-07-23T17:06:08-05:00,src/black/nodes.py,1144,7,0,8
black,ef04d6b7067a7e8108e073e2f3b263a3b6ffabda,2026-07-23T17:06:08-05:00,src/black/parsing.py,266,4,0,55
black,ef04d6b7067a7e8108e073e2f3b263a3b6ffabda,2026-07-23T17:06:08-05:00,tests/data/cases/preview_hug_parens_with_type_ignore.py,0,0,0,58
black,ef04d6b7067a7e8108e073e2f3b263a3b6ffabda,2026-07-23T17:06:08-05:00,src/black/strings.py,393,0,0,21
black,ef04d6b7067a7e8108e073e2f3b263a3b6ffabda,2026-07-23T17:06:08-05:00,src/black/debug.py,55,1,0,0
black,ef04d6b7067a7e8108e073e2f3b263a3b6ffabda,2026-07-23T17:06:08-05:00,tests/test_blackd.py,449,0,0,4
black,ef04d6b7067a7e8108e073e2f3b263a3b6ffabda,2026-07-23T17:06:08-05:00,tests/data/cases/skip_magic_trailing_comma.py,99,0,0,12
black,ef04d6b7067a7e8108e073e2f3b263a3b6ffabda,2026-07-23T17:06:08-05:00,src/blib2to3/pgen2/pgen.py,388,2,0,0
black,ef04d6b7067a7e8108e073e2f3b263a3b6ffabda,2026-07-23T17:06:08-05:00,src/black/trans.py,2597,17,0,37
black,ef04d6b7067a7e8108e073e2f3b263a3b6ffabda,2026-07-23T17:06:08-05:00,src/black/ranges.py,637,2,0,0
black,ef04d6b7067a7e8108e073e2f3b263a3b6ffabda,2026-07-23T17:06:08-05:00,src/black/handle_ipynb_magics.py,515,2,0,0
black,006b2a74d4deac01fa16e85ccc9f5810b53a7391,2026-08-03T21:59:39-05:00,src/black/mode.py,355,0,0,1
black,006b2a74d4deac01fa16e85ccc9f5810b53a7391,2026-08-03T21:59:39-05:00,src/black/linegen.py,2227,10,0,80
black,006b2a74d4deac01fa16e85ccc9f5810b53a7391,2026-08-03T21:59:39-05:00,src/black/nodes.py,1146,7,0,4
black,006b2a74d4deac01fa16e85ccc9f5810b53a7391,2026-08-03T21:59:39-05:00,src/black/__init__.py,1722,2,0,4
black,006b2a74d4deac01fa16e85ccc9f5810b53a7391,2026-08-03T21:59:39-05:00,src/black/parsing.py,266,4,0,55
black,006b2a74d4deac01fa16e85ccc9f5810b53a7391,2026-08-03T21:59:39-05:00,tests/data/cases/preview_hug_parens_with_type_ignore.py,0,0,0,58
black,006b2a74d4deac01fa16e85ccc9f5810b53a7391,2026-08-03T21:59:39-05:00,action/main.py,201,3,0,0
black,006b2a74d4deac01fa16e85ccc9f5810b53a7391,2026-08-03T21:59:39-05:00,src/blib2to3/pgen2/tokenize.py,277,2,0,0
black,006b2a74d4deac01fa16e85ccc9f5810b53a7391,2026-08-03T21:59:39-05:00,src/black/concurrency.py,236,1,0,2
black,006b2a74d4deac01fa16e85ccc9f5810b53a7391,2026-08-03T21:59:39-05:00,src/blib2to3/pgen2/conv.py,256,2,0,0
black,006b2a74d4deac01fa16e85ccc9f5810b53a7391,2026-08-03T21:59:39-05:00,src/black/numerics.py,61,0,0,4
black,006b2a74d4deac01fa16e85ccc9f5810b53a7391,2026-08-03T21:59:39-05:00,src/black/debug.py,55,1,0,0
black,006b2a74d4deac01fa16e85ccc9f5810b53a7391,2026-08-03T21:59:39-05:00,src/black/report.py,109,0,0,17
black,006b2a74d4deac01fa16e85ccc9f5810b53a7391,2026-08-03T21:59:39-05:00,tests/test_blackd.py,449,0,0,4
black,006b2a74d4deac01fa16e85ccc9f5810b53a7391,2026-08-03T21:59:39-05:00,tests/test_black.py,3415,0,0,61
black,006b2a74d4deac01fa16e85ccc9f5810b53a7391,2026-08-03T21:59:39-05:00,src/blib2to3/pytree.py,1073,4,0,0
black,006b2a74d4deac01fa16e85ccc9f5810b53a7391,2026-08-03T21:59:39-05:00,tests/data/cases/skip_magic_trailing_comma.py,111,0,0,12
black,006b2a74d4deac01fa16e85ccc9f5810b53a7391,2026-08-03T21:59:39-05:00,src/blib2to3/pgen2/pgen.py,388,2,0,0
black,006b2a74d4deac01fa16e85ccc9f5810b53a7391,2026-08-03T21:59:39-05:00,tests/data/cases/preview_redundant_generator_parentheses.py,0,0,0,93
black,006b2a74d4deac01fa16e85ccc9f5810b53a7391,2026-08-03T21:59:39-05:00,tests/test_format.py,99,0,0,2
black,006b2a74d4deac01fa16e85ccc9f5810b53a7391,2026-08-03T21:59:39-05:00,src/black/trans.py,2616,17,0,22
black,006b2a74d4deac01fa16e85ccc9f5810b53a7391,2026-08-03T21:59:39-05:00,src/blackd/__init__.py,336,1,0,0
black,006b2a74d4deac01fa16e85ccc9f5810b53a7391,2026-08-03T21:59:39-05:00,src/black/ranges.py,637,2,0,0
black,006b2a74d4deac01fa16e85ccc9f5810b53a7391,2026-08-03T21:59:39-05:00,src/black/handle_ipynb_magics.py,515,2,0,0
black,e744e77f4983c65101937931947862403ed75718,2026-08-03T22:58:27-05:00,src/black/mode.py,355,0,0,1
black,e744e77f4983c65101937931947862403ed75718,2026-08-03T22:58:27-05:00,src/black/linegen.py,2227,10,0,80
black,e744e77f4983c65101937931947862403ed75718,2026-08-03T22:58:27-05:00,src/black/nodes.py,1144,7,0,4
black,e744e77f4983c65101937931947862403ed75718,2026-08-03T22:58:27-05:00,src/black/__init__.py,1722,2,0,4
black,e744e77f4983c65101937931947862403ed75718,2026-08-03T22:58:27-05:00,src/black/parsing.py,266,4,0,55
black,e744e77f4983c65101937931947862403ed75718,2026-08-03T22:58:27-05:00,tests/data/cases/preview_hug_parens_with_type_ignore.py,0,0,0,58
black,e744e77f4983c65101937931947862403ed75718,2026-08-03T22:58:27-05:00,action/main.py,201,3,0,0
black,e744e77f4983c65101937931947862403ed75718,2026-08-03T22:58:27-05:00,src/blib2to3/pgen2/tokenize.py,277,2,0,0
black,e744e77f4983c65101937931947862403ed75718,2026-08-03T22:58:27-05:00,src/black/concurrency.py,236,1,0,2
black,e744e77f4983c65101937931947862403ed75718,2026-08-03T22:58:27-05:00,src/blib2to3/pgen2/conv.py,256,2,0,0
black,e744e77f4983c65101937931947862403ed75718,2026-08-03T22:58:27-05:00,src/black/numerics.py,63,0,0,4
black,e744e77f4983c65101937931947862403ed75718,2026-08-03T22:58:27-05:00,src/black/debug.py,55,1,0,0
black,e744e77f4983c65101937931947862403ed75718,2026-08-03T22:58:27-05:00,src/black/report.py,109,0,0,17
black,e744e77f4983c65101937931947862403ed75718,2026-08-03T22:58:27-05:00,tests/test_blackd.py,449,0,0,4
black,e744e77f4983c65101937931947862403ed75718,2026-08-03T22:58:27-05:00,tests/test_black.py,3415,0,0,61
black,e744e77f4983c65101937931947862403ed75718,2026-08-03T22:58:27-05:00,src/blib2to3/pytree.py,1073,4,0,0
black,e744e77f4983c65101937931947862403ed75718,2026-08-03T22:58:27-05:00,src/blib2to3/pgen2/pgen.py,388,2,0,0
black,e744e77f4983c65101937931947862403ed75718,2026-08-03T22:58:27-05:00,tests/data/cases/preview_redundant_generator_parentheses.py,0,0,0,93
black,e744e77f4983c65101937931947862403ed75718,2026-08-03T22:58:27-05:00,tests/test_format.py,99,0,0,2
black,e744e77f4983c65101937931947862403ed75718,2026-08-03T22:58:27-05:00,src/black/trans.py,2616,17,0,4
black,e744e77f4983c65101937931947862403ed75718,2026-08-03T22:58:27-05:00,src/blackd/__init__.py,336,1,0,0
black,e744e77f4983c65101937931947862403ed75718,2026-08-03T22:58:27-05:00,src/black/ranges.py,637,2,0,0
black,e744e77f4983c65101937931947862403ed75718,2026-08-03T22:58:27-05:00,src/black/handle_ipynb_magics.py,515,2,0,0
