repo,sha,date,file,loc,warns_dup,warns_em,churn_14d
click,23d3f68126168ce7be34aac162a22c7200ebc657,2014-04-25T00:07:45+02:00,click/decorators.py,0,0,0,281
click,23d3f68126168ce7be34aac162a22c7200ebc657,2014-04-25T00:07:45+02:00,click/utils.py,0,0,0,250
click,23d3f68126168ce7be34aac162a22c7200ebc657,2014-04-25T00:07:45+02:00,click/_compat.py,0,0,0,107
click,23d3f68126168ce7be34aac162a22c7200ebc657,2014-04-25T00:07:45+02:00,click/_optparse.py,0,0,0,1226
click,23d3f68126168ce7be34aac162a22c7200ebc657,2014-04-25T00:07:45+02:00,click.py,1614,0,2,245
click,23d3f68126168ce7be34aac162a22c7200ebc657,2014-04-25T00:07:45+02:00,click/termui.py,0,0,0,24
click,23d3f68126168ce7be34aac162a22c7200ebc657,2014-04-25T00:07:45+02:00,click/helpers.py,0,0,0,239
click,23d3f68126168ce7be34aac162a22c7200ebc657,2014-04-25T00:07:45+02:00,docs/conf.py,217,0,0,4
click,23d3f68126168ce7be34aac162a22c7200ebc657,2014-04-25T00:07:45+02:00,click/core.py,0,0,0,800
click,23d3f68126168ce7be34aac162a22c7200ebc657,2014-04-25T00:07:45+02:00,docs/clickdoctools.py,0,0,0,313
click,23d3f68126168ce7be34aac162a22c7200ebc657,2014-04-25T00:07:45+02:00,examples/repo/repo.py,72,0,0,145
click,23d3f68126168ce7be34aac162a22c7200ebc657,2014-04-25T00:07:45+02:00,click/parser.py,0,0,0,379
click,23d3f68126168ce7be34aac162a22c7200ebc657,2014-04-25T00:07:45+02:00,examples/inout/inout.py,13,0,0,33
click,23d3f68126168ce7be34aac162a22c7200ebc657,2014-04-25T00:07:45+02:00,tests/test_arguments.py,0,0,0,49
click,23d3f68126168ce7be34aac162a22c7200ebc657,2014-04-25T00:07:45+02:00,setup.py,18,0,0,12
click,23d3f68126168ce7be34aac162a22c7200ebc657,2014-04-25T00:07:45+02:00,click/__init__.py,0,0,0,110
click,23d3f68126168ce7be34aac162a22c7200ebc657,2014-04-25T00:07:45+02:00,click.py => click/core.py,0,0,0,878
click,23d3f68126168ce7be34aac162a22c7200ebc657,2014-04-25T00:07:45+02:00,tests/test_commands.py,0,0,0,58
click,23d3f68126168ce7be34aac162a22c7200ebc657,2014-04-25T00:07:45+02:00,tests/test_basic.py,0,0,0,361
click,23d3f68126168ce7be34aac162a22c7200ebc657,2014-04-25T00:07:45+02:00,tests/conftest.py,0,0,0,210
click,23d3f68126168ce7be34aac162a22c7200ebc657,2014-04-25T00:07:45+02:00,click/exceptions.py,0,0,0,68
click,23d3f68126168ce7be34aac162a22c7200ebc657,2014-04-25T00:07:45+02:00,click/types.py,0,0,0,354
click,23d3f68126168ce7be34aac162a22c7200ebc657,2014-04-25T00:07:45+02:00,tests/test_formatting.py,0,0,0,50
click,23d3f68126168ce7be34aac162a22c7200ebc657,2014-04-25T00:07:45+02:00,tests/test_options.py,0,0,0,55
click,23d3f68126168ce7be34aac162a22c7200ebc657,2014-04-25T00:07:45+02:00,click/formatting.py,0,0,0,374
click,23d3f68126168ce7be34aac162a22c7200ebc657,2014-04-25T00:07:45+02:00,tests/test_context.py,0,0,0,93
click,40987c9fd7ae1a8c817cfa85940bd91554918951,2014-05-02T02:54:48+01:00,tests/test_testing.py,0,0,0,83
click,40987c9fd7ae1a8c817cfa85940bd91554918951,2014-05-02T02:54:48+01:00,click/utils.py,40,0,1,277
click,40987c9fd7ae1a8c817cfa85940bd91554918951,2014-05-02T02:54:48+01:00,click/decorators.py,265,0,0,66
click,40987c9fd7ae1a8c817cfa85940bd91554918951,2014-05-02T02:54:48+01:00,click/_compat.py,74,0,0,389
click,40987c9fd7ae1a8c817cfa85940bd91554918951,2014-05-02T02:54:48+01:00,click/termui.py,0,0,0,29
click,40987c9fd7ae1a8c817cfa85940bd91554918951,2014-05-02T02:54:48+01:00,click/testing.py,0,0,0,310
click,40987c9fd7ae1a8c817cfa85940bd91554918951,2014-05-02T02:54:48+01:00,click/helpers.py,174,0,1,31
click,40987c9fd7ae1a8c817cfa85940bd91554918951,2014-05-02T02:54:48+01:00,click/core.py,1017,0,0,505
click,40987c9fd7ae1a8c817cfa85940bd91554918951,2014-05-02T02:54:48+01:00,tests/test_utils.py,0,0,0,11
click,40987c9fd7ae1a8c817cfa85940bd91554918951,2014-05-02T02:54:48+01:00,docs/clickdoctools.py,256,0,0,17
click,40987c9fd7ae1a8c817cfa85940bd91554918951,2014-05-02T02:54:48+01:00,examples/repo/repo.py,83,0,0,109
click,40987c9fd7ae1a8c817cfa85940bd91554918951,2014-05-02T02:54:48+01:00,click/parser.py,0,0,0,384
click,40987c9fd7ae1a8c817cfa85940bd91554918951,2014-05-02T02:54:48+01:00,examples/inout/inout.py,13,0,0,33
click,40987c9fd7ae1a8c817cfa85940bd91554918951,2014-05-02T02:54:48+01:00,examples/naval/naval.py,0,0,0,70
click,40987c9fd7ae1a8c817cfa85940bd91554918951,2014-05-02T02:54:48+01:00,tests/test_arguments.py,0,0,0,72
click,40987c9fd7ae1a8c817cfa85940bd91554918951,2014-05-02T02:54:48+01:00,setup.py,18,0,0,14
click,40987c9fd7ae1a8c817cfa85940bd91554918951,2014-05-02T02:54:48+01:00,click/__init__.py,54,0,0,56
click,40987c9fd7ae1a8c817cfa85940bd91554918951,2014-05-02T02:54:48+01:00,examples/naval/setup.py,0,0,0,15
click,40987c9fd7ae1a8c817cfa85940bd91554918951,2014-05-02T02:54:48+01:00,tests/test_commands.py,18,0,0,87
click,40987c9fd7ae1a8c817cfa85940bd91554918951,2014-05-02T02:54:48+01:00,tests/conftest.py,157,0,0,169
click,40987c9fd7ae1a8c817cfa85940bd91554918951,2014-05-02T02:54:48+01:00,tests/test_basic.py,166,0,0,222
click,40987c9fd7ae1a8c817cfa85940bd91554918951,2014-05-02T02:54:48+01:00,click/exceptions.py,19,0,0,47
click,40987c9fd7ae1a8c817cfa85940bd91554918951,2014-05-02T02:54:48+01:00,click/types.py,241,0,0,199
click,40987c9fd7ae1a8c817cfa85940bd91554918951,2014-05-02T02:54:48+01:00,tests/test_formatting.py,0,0,0,50
click,40987c9fd7ae1a8c817cfa85940bd91554918951,2014-05-02T02:54:48+01:00,tests/test_options.py,0,0,0,55
click,40987c9fd7ae1a8c817cfa85940bd91554918951,2014-05-02T02:54:48+01:00,click/formatting.py,183,0,0,159
click,d5e2fbf6774e19db6492a410e0f955d865822736,2014-05-02T10:43:28+01:00,tests/test_testing.py,0,0,0,83
click,d5e2fbf6774e19db6492a410e0f955d865822736,2014-05-02T10:43:28+01:00,click/utils.py,65,0,1,252
click,d5e2fbf6774e19db6492a410e0f955d865822736,2014-05-02T10:43:28+01:00,click/decorators.py,265,0,0,66
click,d5e2fbf6774e19db6492a410e0f955d865822736,2014-05-02T10:43:28+01:00,click/_compat.py,74,0,0,389
click,d5e2fbf6774e19db6492a410e0f955d865822736,2014-05-02T10:43:28+01:00,click/termui.py,0,0,0,29
click,d5e2fbf6774e19db6492a410e0f955d865822736,2014-05-02T10:43:28+01:00,click/testing.py,0,0,0,310
click,d5e2fbf6774e19db6492a410e0f955d865822736,2014-05-02T10:43:28+01:00,click/helpers.py,174,0,1,31
click,d5e2fbf6774e19db6492a410e0f955d865822736,2014-05-02T10:43:28+01:00,click/core.py,1006,0,0,494
click,d5e2fbf6774e19db6492a410e0f955d865822736,2014-05-02T10:43:28+01:00,tests/test_utils.py,0,0,0,11
click,d5e2fbf6774e19db6492a410e0f955d865822736,2014-05-02T10:43:28+01:00,docs/clickdoctools.py,256,0,0,17
click,d5e2fbf6774e19db6492a410e0f955d865822736,2014-05-02T10:43:28+01:00,examples/repo/repo.py,83,0,0,109
click,d5e2fbf6774e19db6492a410e0f955d865822736,2014-05-02T10:43:28+01:00,click/parser.py,275,0,0,384
click,d5e2fbf6774e19db6492a410e0f955d865822736,2014-05-02T10:43:28+01:00,examples/inout/inout.py,13,0,0,33
click,d5e2fbf6774e19db6492a410e0f955d865822736,2014-05-02T10:43:28+01:00,examples/naval/naval.py,0,0,0,70
click,d5e2fbf6774e19db6492a410e0f955d865822736,2014-05-02T10:43:28+01:00,tests/test_arguments.py,0,0,0,72
click,d5e2fbf6774e19db6492a410e0f955d865822736,2014-05-02T10:43:28+01:00,setup.py,18,0,0,14
click,d5e2fbf6774e19db6492a410e0f955d865822736,2014-05-02T10:43:28+01:00,click/__init__.py,54,0,0,56
click,d5e2fbf6774e19db6492a410e0f955d865822736,2014-05-02T10:43:28+01:00,examples/naval/setup.py,0,0,0,15
click,d5e2fbf6774e19db6492a410e0f955d865822736,2014-05-02T10:43:28+01:00,tests/test_commands.py,40,0,0,65
click,d5e2fbf6774e19db6492a410e0f955d865822736,2014-05-02T10:43:28+01:00,tests/conftest.py,157,0,0,169
click,d5e2fbf6774e19db6492a410e0f955d865822736,2014-05-02T10:43:28+01:00,tests/test_basic.py,166,0,0,222
click,d5e2fbf6774e19db6492a410e0f955d865822736,2014-05-02T10:43:28+01:00,click/exceptions.py,19,0,0,47
click,d5e2fbf6774e19db6492a410e0f955d865822736,2014-05-02T10:43:28+01:00,click/types.py,241,0,0,199
click,d5e2fbf6774e19db6492a410e0f955d865822736,2014-05-02T10:43:28+01:00,tests/test_formatting.py,0,0,0,50
click,d5e2fbf6774e19db6492a410e0f955d865822736,2014-05-02T10:43:28+01:00,tests/test_options.py,0,0,0,55
click,d5e2fbf6774e19db6492a410e0f955d865822736,2014-05-02T10:43:28+01:00,click/formatting.py,183,0,0,159
click,bf3930d594af4101fd25304f64b934f2533dd023,2014-05-02T17:57:53+01:00,tests/test_testing.py,0,0,0,83
click,bf3930d594af4101fd25304f64b934f2533dd023,2014-05-02T17:57:53+01:00,click/utils.py,65,0,1,252
click,bf3930d594af4101fd25304f64b934f2533dd023,2014-05-02T17:57:53+01:00,click/decorators.py,265,0,0,64
click,bf3930d594af4101fd25304f64b934f2533dd023,2014-05-02T17:57:53+01:00,click/_compat.py,74,0,0,389
click,bf3930d594af4101fd25304f64b934f2533dd023,2014-05-02T17:57:53+01:00,click/termui.py,0,0,0,29
click,bf3930d594af4101fd25304f64b934f2533dd023,2014-05-02T17:57:53+01:00,click/testing.py,0,0,0,310
click,bf3930d594af4101fd25304f64b934f2533dd023,2014-05-02T17:57:53+01:00,click/helpers.py,195,0,1,6
click,bf3930d594af4101fd25304f64b934f2533dd023,2014-05-02T17:57:53+01:00,click/core.py,1024,0,0,367
click,bf3930d594af4101fd25304f64b934f2533dd023,2014-05-02T17:57:53+01:00,tests/test_utils.py,0,0,0,11
click,bf3930d594af4101fd25304f64b934f2533dd023,2014-05-02T17:57:53+01:00,docs/clickdoctools.py,256,0,0,17
click,bf3930d594af4101fd25304f64b934f2533dd023,2014-05-02T17:57:53+01:00,examples/repo/repo.py,83,0,0,109
click,bf3930d594af4101fd25304f64b934f2533dd023,2014-05-02T17:57:53+01:00,click/parser.py,251,0,0,336
click,bf3930d594af4101fd25304f64b934f2533dd023,2014-05-02T17:57:53+01:00,examples/inout/inout.py,13,0,0,33
click,bf3930d594af4101fd25304f64b934f2533dd023,2014-05-02T17:57:53+01:00,examples/naval/naval.py,0,0,0,70
click,bf3930d594af4101fd25304f64b934f2533dd023,2014-05-02T17:57:53+01:00,tests/test_arguments.py,0,0,0,72
click,bf3930d594af4101fd25304f64b934f2533dd023,2014-05-02T17:57:53+01:00,setup.py,18,0,0,14
click,bf3930d594af4101fd25304f64b934f2533dd023,2014-05-02T17:57:53+01:00,click/__init__.py,60,0,0,42
click,bf3930d594af4101fd25304f64b934f2533dd023,2014-05-02T17:57:53+01:00,examples/naval/setup.py,0,0,0,15
click,bf3930d594af4101fd25304f64b934f2533dd023,2014-05-02T17:57:53+01:00,tests/test_commands.py,40,0,0,65
click,bf3930d594af4101fd25304f64b934f2533dd023,2014-05-02T17:57:53+01:00,tests/conftest.py,157,0,0,169
click,bf3930d594af4101fd25304f64b934f2533dd023,2014-05-02T17:57:53+01:00,tests/test_basic.py,219,0,0,169
click,bf3930d594af4101fd25304f64b934f2533dd023,2014-05-02T17:57:53+01:00,click/exceptions.py,19,0,0,47
click,bf3930d594af4101fd25304f64b934f2533dd023,2014-05-02T17:57:53+01:00,click/types.py,258,0,0,182
click,bf3930d594af4101fd25304f64b934f2533dd023,2014-05-02T17:57:53+01:00,tests/test_formatting.py,0,0,0,50
click,bf3930d594af4101fd25304f64b934f2533dd023,2014-05-02T17:57:53+01:00,tests/test_options.py,0,0,0,55
click,bf3930d594af4101fd25304f64b934f2533dd023,2014-05-02T17:57:53+01:00,click/formatting.py,224,2,0,74
click,db9a9c22632543e66ee3e66936162ba0f47d4303,2014-05-05T11:37:57+02:00,tests/test_testing.py,0,0,0,83
click,db9a9c22632543e66ee3e66936162ba0f47d4303,2014-05-05T11:37:57+02:00,click/utils.py,65,0,1,252
click,db9a9c22632543e66ee3e66936162ba0f47d4303,2014-05-05T11:37:57+02:00,click/decorators.py,265,0,0,64
click,db9a9c22632543e66ee3e66936162ba0f47d4303,2014-05-05T11:37:57+02:00,click/_compat.py,74,0,0,389
click,db9a9c22632543e66ee3e66936162ba0f47d4303,2014-05-05T11:37:57+02:00,click/termui.py,0,0,0,29
click,db9a9c22632543e66ee3e66936162ba0f47d4303,2014-05-05T11:37:57+02:00,click/testing.py,0,0,0,310
click,db9a9c22632543e66ee3e66936162ba0f47d4303,2014-05-05T11:37:57+02:00,click/helpers.py,195,0,1,0
click,db9a9c22632543e66ee3e66936162ba0f47d4303,2014-05-05T11:37:57+02:00,click/core.py,1036,0,0,649
click,db9a9c22632543e66ee3e66936162ba0f47d4303,2014-05-05T11:37:57+02:00,tests/test_utils.py,0,0,0,11
click,db9a9c22632543e66ee3e66936162ba0f47d4303,2014-05-05T11:37:57+02:00,docs/clickdoctools.py,256,0,0,17
click,db9a9c22632543e66ee3e66936162ba0f47d4303,2014-05-05T11:37:57+02:00,examples/repo/repo.py,83,0,0,109
click,db9a9c22632543e66ee3e66936162ba0f47d4303,2014-05-05T11:37:57+02:00,click/parser.py,251,0,0,336
click,db9a9c22632543e66ee3e66936162ba0f47d4303,2014-05-05T11:37:57+02:00,examples/inout/inout.py,13,0,0,33
click,db9a9c22632543e66ee3e66936162ba0f47d4303,2014-05-05T11:37:57+02:00,examples/naval/naval.py,0,0,0,70
click,db9a9c22632543e66ee3e66936162ba0f47d4303,2014-05-05T11:37:57+02:00,tests/test_arguments.py,0,0,0,72
click,db9a9c22632543e66ee3e66936162ba0f47d4303,2014-05-05T11:37:57+02:00,setup.py,18,0,0,14
click,db9a9c22632543e66ee3e66936162ba0f47d4303,2014-05-05T11:37:57+02:00,click/__init__.py,60,0,0,50
click,db9a9c22632543e66ee3e66936162ba0f47d4303,2014-05-05T11:37:57+02:00,examples/naval/setup.py,0,0,0,15
click,db9a9c22632543e66ee3e66936162ba0f47d4303,2014-05-05T11:37:57+02:00,tests/test_commands.py,40,0,0,130
click,db9a9c22632543e66ee3e66936162ba0f47d4303,2014-05-05T11:37:57+02:00,tests/conftest.py,157,0,0,169
click,db9a9c22632543e66ee3e66936162ba0f47d4303,2014-05-05T11:37:57+02:00,tests/test_basic.py,219,0,0,169
click,db9a9c22632543e66ee3e66936162ba0f47d4303,2014-05-05T11:37:57+02:00,click/exceptions.py,19,0,0,47
click,db9a9c22632543e66ee3e66936162ba0f47d4303,2014-05-05T11:37:57+02:00,click/types.py,258,0,0,182
click,db9a9c22632543e66ee3e66936162ba0f47d4303,2014-05-05T11:37:57+02:00,tests/test_formatting.py,0,0,0,50
click,db9a9c22632543e66ee3e66936162ba0f47d4303,2014-05-05T11:37:57+02:00,tests/test_options.py,0,0,0,55
click,db9a9c22632543e66ee3e66936162ba0f47d4303,2014-05-05T11:37:57+02:00,click/formatting.py,227,2,0,69
click,24b35b997be9ad9050c808136f0493f0520bd411,2014-05-07T11:06:10+02:00,tests/test_testing.py,0,0,0,83
click,24b35b997be9ad9050c808136f0493f0520bd411,2014-05-07T11:06:10+02:00,click/utils.py,216,0,1,97
click,24b35b997be9ad9050c808136f0493f0520bd411,2014-05-07T11:06:10+02:00,click/decorators.py,266,0,0,61
click,24b35b997be9ad9050c808136f0493f0520bd411,2014-05-07T11:06:10+02:00,click/_compat.py,107,0,0,356
click,24b35b997be9ad9050c808136f0493f0520bd411,2014-05-07T11:06:10+02:00,click/termui.py,182,0,1,5
click,24b35b997be9ad9050c808136f0493f0520bd411,2014-05-07T11:06:10+02:00,click/testing.py,0,0,0,310
click,24b35b997be9ad9050c808136f0493f0520bd411,2014-05-07T11:06:10+02:00,click/core.py,1076,0,0,399
click,24b35b997be9ad9050c808136f0493f0520bd411,2014-05-07T11:06:10+02:00,tests/test_utils.py,0,0,0,11
click,24b35b997be9ad9050c808136f0493f0520bd411,2014-05-07T11:06:10+02:00,examples/repo/repo.py,136,0,0,8
click,24b35b997be9ad9050c808136f0493f0520bd411,2014-05-07T11:06:10+02:00,click/parser.py,284,0,0,147
click,24b35b997be9ad9050c808136f0493f0520bd411,2014-05-07T11:06:10+02:00,examples/naval/naval.py,0,0,0,70
click,24b35b997be9ad9050c808136f0493f0520bd411,2014-05-07T11:06:10+02:00,tests/test_arguments.py,49,0,0,23
click,24b35b997be9ad9050c808136f0493f0520bd411,2014-05-07T11:06:10+02:00,setup.py,18,0,0,4
click,24b35b997be9ad9050c808136f0493f0520bd411,2014-05-07T11:06:10+02:00,click/__init__.py,74,0,0,20
click,24b35b997be9ad9050c808136f0493f0520bd411,2014-05-07T11:06:10+02:00,examples/naval/setup.py,0,0,0,15
click,24b35b997be9ad9050c808136f0493f0520bd411,2014-05-07T11:06:10+02:00,tests/test_commands.py,58,0,0,112
click,24b35b997be9ad9050c808136f0493f0520bd411,2014-05-07T11:06:10+02:00,tests/conftest.py,158,0,0,152
click,24b35b997be9ad9050c808136f0493f0520bd411,2014-05-07T11:06:10+02:00,tests/test_basic.py,294,0,0,94
click,24b35b997be9ad9050c808136f0493f0520bd411,2014-05-07T11:06:10+02:00,click/types.py,318,0,0,88
click,24b35b997be9ad9050c808136f0493f0520bd411,2014-05-07T11:06:10+02:00,click/formatting.py,260,2,0,0
click,a6125e11d164356dae997517fa5c99c0800b7c7c,2014-05-10T02:45:56+02:00,examples/complex/complex/commands/__init__.py,0,0,0,0
click,a6125e11d164356dae997517fa5c99c0800b7c7c,2014-05-10T02:45:56+02:00,tests/test_testing.py,0,0,0,83
click,a6125e11d164356dae997517fa5c99c0800b7c7c,2014-05-10T02:45:56+02:00,click/utils.py,216,0,1,126
click,a6125e11d164356dae997517fa5c99c0800b7c7c,2014-05-10T02:45:56+02:00,click/decorators.py,286,0,0,58
click,a6125e11d164356dae997517fa5c99c0800b7c7c,2014-05-10T02:45:56+02:00,click/_compat.py,109,0,0,503
click,a6125e11d164356dae997517fa5c99c0800b7c7c,2014-05-10T02:45:56+02:00,click/termui.py,182,0,1,5
click,a6125e11d164356dae997517fa5c99c0800b7c7c,2014-05-10T02:45:56+02:00,click/testing.py,0,0,0,310
click,a6125e11d164356dae997517fa5c99c0800b7c7c,2014-05-10T02:45:56+02:00,click/core.py,1080,0,0,387
click,a6125e11d164356dae997517fa5c99c0800b7c7c,2014-05-10T02:45:56+02:00,examples/complex/setup.py,0,0,0,15
click,a6125e11d164356dae997517fa5c99c0800b7c7c,2014-05-10T02:45:56+02:00,tests/test_utils.py,0,0,0,20
click,a6125e11d164356dae997517fa5c99c0800b7c7c,2014-05-10T02:45:56+02:00,examples/complex/complex/commands/cmd_init.py,0,0,0,13
click,a6125e11d164356dae997517fa5c99c0800b7c7c,2014-05-10T02:45:56+02:00,click/parser.py,320,0,0,5
click,a6125e11d164356dae997517fa5c99c0800b7c7c,2014-05-10T02:45:56+02:00,examples/naval/naval.py,0,0,0,70
click,a6125e11d164356dae997517fa5c99c0800b7c7c,2014-05-10T02:45:56+02:00,tests/test_arguments.py,49,0,0,100
click,a6125e11d164356dae997517fa5c99c0800b7c7c,2014-05-10T02:45:56+02:00,setup.py,18,0,0,14
click,a6125e11d164356dae997517fa5c99c0800b7c7c,2014-05-10T02:45:56+02:00,click/__init__.py,74,0,0,17
click,a6125e11d164356dae997517fa5c99c0800b7c7c,2014-05-10T02:45:56+02:00,examples/naval/setup.py,0,0,0,15
click,a6125e11d164356dae997517fa5c99c0800b7c7c,2014-05-10T02:45:56+02:00,examples/complex/complex/__init__.py,0,0,0,0
click,a6125e11d164356dae997517fa5c99c0800b7c7c,2014-05-10T02:45:56+02:00,tests/test_commands.py,78,0,0,92
click,a6125e11d164356dae997517fa5c99c0800b7c7c,2014-05-10T02:45:56+02:00,examples/complex/complex/cli.py,0,0,0,65
click,a6125e11d164356dae997517fa5c99c0800b7c7c,2014-05-10T02:45:56+02:00,tests/test_basic.py,388,0,0,4
click,a6125e11d164356dae997517fa5c99c0800b7c7c,2014-05-10T02:45:56+02:00,tests/conftest.py,158,0,0,152
click,a6125e11d164356dae997517fa5c99c0800b7c7c,2014-05-10T02:45:56+02:00,click/types.py,397,0,0,58
click,a6125e11d164356dae997517fa5c99c0800b7c7c,2014-05-10T02:45:56+02:00,examples/complex/complex/commands/cmd_status.py,0,0,0,12
click,a6125e11d164356dae997517fa5c99c0800b7c7c,2014-05-10T02:45:56+02:00,tests/test_options.py,55,0,0,55
click,a6125e11d164356dae997517fa5c99c0800b7c7c,2014-05-10T02:45:56+02:00,click/formatting.py,260,2,0,0
click,32ba5e770bd3daa98605ddc8485ab63bb00d4fed,2014-05-26T12:38:20+02:00,tests/test_testing.py,79,0,0,11
click,32ba5e770bd3daa98605ddc8485ab63bb00d4fed,2014-05-26T12:38:20+02:00,click/utils.py,364,0,1,48
click,32ba5e770bd3daa98605ddc8485ab63bb00d4fed,2014-05-26T12:38:20+02:00,click/decorators.py,287,0,0,44
click,32ba5e770bd3daa98605ddc8485ab63bb00d4fed,2014-05-26T12:38:20+02:00,click/_compat.py,512,2,5,159
click,32ba5e770bd3daa98605ddc8485ab63bb00d4fed,2014-05-26T12:38:20+02:00,click/termui.py,252,0,1,351
click,32ba5e770bd3daa98605ddc8485ab63bb00d4fed,2014-05-26T12:38:20+02:00,examples/colors/setup.py,16,0,0,3
click,32ba5e770bd3daa98605ddc8485ab63bb00d4fed,2014-05-26T12:38:20+02:00,examples/aliases/aliases.py,111,0,0,2
click,32ba5e770bd3daa98605ddc8485ab63bb00d4fed,2014-05-26T12:38:20+02:00,examples/complex/setup.py,15,0,0,2
click,32ba5e770bd3daa98605ddc8485ab63bb00d4fed,2014-05-26T12:38:20+02:00,tests/test_imports.py,0,0,0,49
click,32ba5e770bd3daa98605ddc8485ab63bb00d4fed,2014-05-26T12:38:20+02:00,examples/repo/repo.py,136,0,0,21
click,32ba5e770bd3daa98605ddc8485ab63bb00d4fed,2014-05-26T12:38:20+02:00,tests/test_normalization.py,0,0,0,47
click,32ba5e770bd3daa98605ddc8485ab63bb00d4fed,2014-05-26T12:38:20+02:00,click/_termui_impl.py,291,0,0,234
click,32ba5e770bd3daa98605ddc8485ab63bb00d4fed,2014-05-26T12:38:20+02:00,tests/test_arguments.py,149,0,0,44
click,32ba5e770bd3daa98605ddc8485ab63bb00d4fed,2014-05-26T12:38:20+02:00,setup.py,18,0,0,12
click,32ba5e770bd3daa98605ddc8485ab63bb00d4fed,2014-05-26T12:38:20+02:00,click/__init__.py,80,0,0,43
click,32ba5e770bd3daa98605ddc8485ab63bb00d4fed,2014-05-26T12:38:20+02:00,examples/complex/complex/cli.py,65,0,0,13
click,32ba5e770bd3daa98605ddc8485ab63bb00d4fed,2014-05-26T12:38:20+02:00,tests/test_compat.py,0,0,0,39
click,32ba5e770bd3daa98605ddc8485ab63bb00d4fed,2014-05-26T12:38:20+02:00,click/exceptions.py,97,0,0,20
click,32ba5e770bd3daa98605ddc8485ab63bb00d4fed,2014-05-26T12:38:20+02:00,click/formatting.py,260,2,0,105
click,32ba5e770bd3daa98605ddc8485ab63bb00d4fed,2014-05-26T12:38:20+02:00,examples/termui/setup.py,16,0,0,3
click,32ba5e770bd3daa98605ddc8485ab63bb00d4fed,2014-05-26T12:38:20+02:00,click/_textwrap.py,0,0,0,45
click,32ba5e770bd3daa98605ddc8485ab63bb00d4fed,2014-05-26T12:38:20+02:00,examples/validation/validation.py,44,0,0,2
click,32ba5e770bd3daa98605ddc8485ab63bb00d4fed,2014-05-26T12:38:20+02:00,examples/colors/colors.py,14,0,0,24
click,32ba5e770bd3daa98605ddc8485ab63bb00d4fed,2014-05-26T12:38:20+02:00,click/testing.py,258,2,2,24
click,32ba5e770bd3daa98605ddc8485ab63bb00d4fed,2014-05-26T12:38:20+02:00,click/core.py,1184,0,0,349
click,32ba5e770bd3daa98605ddc8485ab63bb00d4fed,2014-05-26T12:38:20+02:00,tests/test_utils.py,45,0,0,72
click,32ba5e770bd3daa98605ddc8485ab63bb00d4fed,2014-05-26T12:38:20+02:00,click/parser.py,321,0,0,74
click,32ba5e770bd3daa98605ddc8485ab63bb00d4fed,2014-05-26T12:38:20+02:00,examples/termui/termui.py,73,0,0,96
click,32ba5e770bd3daa98605ddc8485ab63bb00d4fed,2014-05-26T12:38:20+02:00,examples/inout/inout.py,30,0,0,2
click,32ba5e770bd3daa98605ddc8485ab63bb00d4fed,2014-05-26T12:38:20+02:00,examples/naval/naval.py,70,0,0,2
click,32ba5e770bd3daa98605ddc8485ab63bb00d4fed,2014-05-26T12:38:20+02:00,click/bashcomplete.py,0,0,0,76
click,32ba5e770bd3daa98605ddc8485ab63bb00d4fed,2014-05-26T12:38:20+02:00,click/types.py,431,0,0,40
click,32ba5e770bd3daa98605ddc8485ab63bb00d4fed,2014-05-26T12:38:20+02:00,tests/test_options.py,129,0,0,74
click,0167819a733b83f77119f0327f2762bcfb744fe8,2014-05-26T19:39:21-07:00,tests/test_testing.py,79,0,0,11
click,0167819a733b83f77119f0327f2762bcfb744fe8,2014-05-26T19:39:21-07:00,click/utils.py,364,0,1,48
click,0167819a733b83f77119f0327f2762bcfb744fe8,2014-05-26T19:39:21-07:00,click/decorators.py,287,0,0,44
click,0167819a733b83f77119f0327f2762bcfb744fe8,2014-05-26T19:39:21-07:00,click/_compat.py,512,2,5,159
click,0167819a733b83f77119f0327f2762bcfb744fe8,2014-05-26T19:39:21-07:00,click/termui.py,270,0,1,327
click,0167819a733b83f77119f0327f2762bcfb744fe8,2014-05-26T19:39:21-07:00,examples/colors/setup.py,16,0,0,3
click,0167819a733b83f77119f0327f2762bcfb744fe8,2014-05-26T19:39:21-07:00,examples/aliases/aliases.py,111,0,0,2
click,0167819a733b83f77119f0327f2762bcfb744fe8,2014-05-26T19:39:21-07:00,examples/complex/setup.py,15,0,0,2
click,0167819a733b83f77119f0327f2762bcfb744fe8,2014-05-26T19:39:21-07:00,tests/test_imports.py,0,0,0,49
click,0167819a733b83f77119f0327f2762bcfb744fe8,2014-05-26T19:39:21-07:00,examples/repo/repo.py,136,0,0,21
click,0167819a733b83f77119f0327f2762bcfb744fe8,2014-05-26T19:39:21-07:00,tests/test_normalization.py,0,0,0,47
click,0167819a733b83f77119f0327f2762bcfb744fe8,2014-05-26T19:39:21-07:00,click/_termui_impl.py,291,0,0,230
click,0167819a733b83f77119f0327f2762bcfb744fe8,2014-05-26T19:39:21-07:00,tests/test_arguments.py,160,0,0,33
click,0167819a733b83f77119f0327f2762bcfb744fe8,2014-05-26T19:39:21-07:00,setup.py,18,0,0,12
click,0167819a733b83f77119f0327f2762bcfb744fe8,2014-05-26T19:39:21-07:00,click/__init__.py,80,0,0,39
click,0167819a733b83f77119f0327f2762bcfb744fe8,2014-05-26T19:39:21-07:00,examples/complex/complex/cli.py,65,0,0,13
click,0167819a733b83f77119f0327f2762bcfb744fe8,2014-05-26T19:39:21-07:00,tests/test_compat.py,0,0,0,39
click,0167819a733b83f77119f0327f2762bcfb744fe8,2014-05-26T19:39:21-07:00,click/exceptions.py,97,0,0,20
click,0167819a733b83f77119f0327f2762bcfb744fe8,2014-05-26T19:39:21-07:00,click/formatting.py,260,2,0,105
click,0167819a733b83f77119f0327f2762bcfb744fe8,2014-05-26T19:39:21-07:00,examples/termui/setup.py,16,0,0,3
click,0167819a733b83f77119f0327f2762bcfb744fe8,2014-05-26T19:39:21-07:00,click/_textwrap.py,0,0,0,45
click,0167819a733b83f77119f0327f2762bcfb744fe8,2014-05-26T19:39:21-07:00,examples/validation/validation.py,44,0,0,2
click,0167819a733b83f77119f0327f2762bcfb744fe8,2014-05-26T19:39:21-07:00,examples/colors/colors.py,14,0,0,24
click,0167819a733b83f77119f0327f2762bcfb744fe8,2014-05-26T19:39:21-07:00,click/testing.py,258,2,2,24
click,0167819a733b83f77119f0327f2762bcfb744fe8,2014-05-26T19:39:21-07:00,click/core.py,1184,0,0,349
click,0167819a733b83f77119f0327f2762bcfb744fe8,2014-05-26T19:39:21-07:00,tests/test_utils.py,45,0,0,72
click,0167819a733b83f77119f0327f2762bcfb744fe8,2014-05-26T19:39:21-07:00,click/parser.py,321,0,0,74
click,0167819a733b83f77119f0327f2762bcfb744fe8,2014-05-26T19:39:21-07:00,examples/termui/termui.py,79,0,0,90
click,0167819a733b83f77119f0327f2762bcfb744fe8,2014-05-26T19:39:21-07:00,examples/inout/inout.py,30,0,0,2
click,0167819a733b83f77119f0327f2762bcfb744fe8,2014-05-26T19:39:21-07:00,examples/naval/naval.py,70,0,0,2
click,0167819a733b83f77119f0327f2762bcfb744fe8,2014-05-26T19:39:21-07:00,click/bashcomplete.py,0,0,0,76
click,0167819a733b83f77119f0327f2762bcfb744fe8,2014-05-26T19:39:21-07:00,click/types.py,431,0,0,42
click,0167819a733b83f77119f0327f2762bcfb744fe8,2014-05-26T19:39:21-07:00,tests/test_options.py,129,0,0,74
click,7b8486606f99367e3ff64a43e0e1a228edb74318,2014-05-29T17:28:29+06:00,tests/test_testing.py,79,0,0,11
click,7b8486606f99367e3ff64a43e0e1a228edb74318,2014-05-29T17:28:29+06:00,click/utils.py,362,0,1,32
click,7b8486606f99367e3ff64a43e0e1a228edb74318,2014-05-29T17:28:29+06:00,click/decorators.py,287,0,0,36
click,7b8486606f99367e3ff64a43e0e1a228edb74318,2014-05-29T17:28:29+06:00,click/_compat.py,517,2,5,114
click,7b8486606f99367e3ff64a43e0e1a228edb74318,2014-05-29T17:28:29+06:00,click/termui.py,440,0,1,127
click,7b8486606f99367e3ff64a43e0e1a228edb74318,2014-05-29T17:28:29+06:00,examples/colors/setup.py,17,0,0,2
click,7b8486606f99367e3ff64a43e0e1a228edb74318,2014-05-29T17:28:29+06:00,examples/complex/setup.py,15,0,0,2
click,7b8486606f99367e3ff64a43e0e1a228edb74318,2014-05-29T17:28:29+06:00,tests/test_imports.py,0,0,0,49
click,7b8486606f99367e3ff64a43e0e1a228edb74318,2014-05-29T17:28:29+06:00,tests/test_normalization.py,0,0,0,47
click,7b8486606f99367e3ff64a43e0e1a228edb74318,2014-05-29T17:28:29+06:00,click/_termui_impl.py,416,0,0,103
click,7b8486606f99367e3ff64a43e0e1a228edb74318,2014-05-29T17:28:29+06:00,click/__init__.py,83,0,0,20
click,7b8486606f99367e3ff64a43e0e1a228edb74318,2014-05-29T17:28:29+06:00,examples/complex/complex/cli.py,65,0,0,18
click,7b8486606f99367e3ff64a43e0e1a228edb74318,2014-05-29T17:28:29+06:00,tests/test_compat.py,16,0,0,23
click,7b8486606f99367e3ff64a43e0e1a228edb74318,2014-05-29T17:28:29+06:00,click/exceptions.py,97,0,0,20
click,7b8486606f99367e3ff64a43e0e1a228edb74318,2014-05-29T17:28:29+06:00,click/formatting.py,265,2,0,84
click,7b8486606f99367e3ff64a43e0e1a228edb74318,2014-05-29T17:28:29+06:00,examples/termui/setup.py,17,0,0,2
click,7b8486606f99367e3ff64a43e0e1a228edb74318,2014-05-29T17:28:29+06:00,click/_textwrap.py,0,0,0,45
click,7b8486606f99367e3ff64a43e0e1a228edb74318,2014-05-29T17:28:29+06:00,click/testing.py,258,2,2,24
click,7b8486606f99367e3ff64a43e0e1a228edb74318,2014-05-29T17:28:29+06:00,click/core.py,1211,0,0,300
click,7b8486606f99367e3ff64a43e0e1a228edb74318,2014-05-29T17:28:29+06:00,tests/test_utils.py,113,0,0,4
click,7b8486606f99367e3ff64a43e0e1a228edb74318,2014-05-29T17:28:29+06:00,click/parser.py,321,0,0,74
click,7b8486606f99367e3ff64a43e0e1a228edb74318,2014-05-29T17:28:29+06:00,examples/termui/termui.py,105,0,0,44
click,7b8486606f99367e3ff64a43e0e1a228edb74318,2014-05-29T17:28:29+06:00,examples/inout/inout.py,30,0,0,2
click,7b8486606f99367e3ff64a43e0e1a228edb74318,2014-05-29T17:28:29+06:00,examples/naval/naval.py,70,0,0,2
click,7b8486606f99367e3ff64a43e0e1a228edb74318,2014-05-29T17:28:29+06:00,click/bashcomplete.py,0,0,0,76
click,7b8486606f99367e3ff64a43e0e1a228edb74318,2014-05-29T17:28:29+06:00,click/types.py,431,0,0,42
click,7b8486606f99367e3ff64a43e0e1a228edb74318,2014-05-29T17:28:29+06:00,tests/test_options.py,129,0,0,74
click,8bd9f7a710fd74d141f5ecc25b212cf42b47ffc8,2014-05-29T17:53:32+06:00,tests/test_testing.py,79,0,0,11
click,8bd9f7a710fd74d141f5ecc25b212cf42b47ffc8,2014-05-29T17:53:32+06:00,click/_textwrap.py,0,0,0,45
click,8bd9f7a710fd74d141f5ecc25b212cf42b47ffc8,2014-05-29T17:53:32+06:00,click/utils.py,362,0,1,32
click,8bd9f7a710fd74d141f5ecc25b212cf42b47ffc8,2014-05-29T17:53:32+06:00,click/decorators.py,287,0,0,36
click,8bd9f7a710fd74d141f5ecc25b212cf42b47ffc8,2014-05-29T17:53:32+06:00,click/_compat.py,517,2,5,114
click,8bd9f7a710fd74d141f5ecc25b212cf42b47ffc8,2014-05-29T17:53:32+06:00,click/termui.py,440,0,1,127
click,8bd9f7a710fd74d141f5ecc25b212cf42b47ffc8,2014-05-29T17:53:32+06:00,examples/colors/setup.py,17,0,0,2
click,8bd9f7a710fd74d141f5ecc25b212cf42b47ffc8,2014-05-29T17:53:32+06:00,click/testing.py,258,2,2,24
click,8bd9f7a710fd74d141f5ecc25b212cf42b47ffc8,2014-05-29T17:53:32+06:00,click/core.py,1253,0,0,226
click,8bd9f7a710fd74d141f5ecc25b212cf42b47ffc8,2014-05-29T17:53:32+06:00,examples/complex/setup.py,15,0,0,2
click,8bd9f7a710fd74d141f5ecc25b212cf42b47ffc8,2014-05-29T17:53:32+06:00,tests/test_utils.py,113,0,0,4
click,8bd9f7a710fd74d141f5ecc25b212cf42b47ffc8,2014-05-29T17:53:32+06:00,tests/test_imports.py,0,0,0,49
click,8bd9f7a710fd74d141f5ecc25b212cf42b47ffc8,2014-05-29T17:53:32+06:00,click/parser.py,344,0,0,47
click,8bd9f7a710fd74d141f5ecc25b212cf42b47ffc8,2014-05-29T17:53:32+06:00,examples/termui/termui.py,105,0,0,44
click,8bd9f7a710fd74d141f5ecc25b212cf42b47ffc8,2014-05-29T17:53:32+06:00,tests/test_normalization.py,0,0,0,47
click,8bd9f7a710fd74d141f5ecc25b212cf42b47ffc8,2014-05-29T17:53:32+06:00,click/_termui_impl.py,416,0,0,103
click,8bd9f7a710fd74d141f5ecc25b212cf42b47ffc8,2014-05-29T17:53:32+06:00,examples/inout/inout.py,30,0,0,2
click,8bd9f7a710fd74d141f5ecc25b212cf42b47ffc8,2014-05-29T17:53:32+06:00,click/bashcomplete.py,74,0,0,2
click,8bd9f7a710fd74d141f5ecc25b212cf42b47ffc8,2014-05-29T17:53:32+06:00,click/__init__.py,83,0,0,20
click,8bd9f7a710fd74d141f5ecc25b212cf42b47ffc8,2014-05-29T17:53:32+06:00,examples/complex/complex/cli.py,65,0,0,18
click,8bd9f7a710fd74d141f5ecc25b212cf42b47ffc8,2014-05-29T17:53:32+06:00,click/types.py,431,0,0,42
click,8bd9f7a710fd74d141f5ecc25b212cf42b47ffc8,2014-05-29T17:53:32+06:00,click/exceptions.py,97,0,0,20
click,8bd9f7a710fd74d141f5ecc25b212cf42b47ffc8,2014-05-29T17:53:32+06:00,tests/test_options.py,129,0,0,74
click,8bd9f7a710fd74d141f5ecc25b212cf42b47ffc8,2014-05-29T17:53:32+06:00,click/formatting.py,265,2,0,84
click,8bd9f7a710fd74d141f5ecc25b212cf42b47ffc8,2014-05-29T17:53:32+06:00,examples/termui/setup.py,17,0,0,2
click,525cc941ce2fa20d44ad108b57250291872f0577,2014-05-31T19:32:05+06:00,click/_textwrap.py,0,0,0,45
click,525cc941ce2fa20d44ad108b57250291872f0577,2014-05-31T19:32:05+06:00,click/utils.py,362,0,1,32
click,525cc941ce2fa20d44ad108b57250291872f0577,2014-05-31T19:32:05+06:00,click/decorators.py,287,0,0,28
click,525cc941ce2fa20d44ad108b57250291872f0577,2014-05-31T19:32:05+06:00,click/_compat.py,525,2,6,102
click,525cc941ce2fa20d44ad108b57250291872f0577,2014-05-31T19:32:05+06:00,click/termui.py,463,0,1,76
click,525cc941ce2fa20d44ad108b57250291872f0577,2014-05-31T19:32:05+06:00,examples/colors/setup.py,17,0,0,2
click,525cc941ce2fa20d44ad108b57250291872f0577,2014-05-31T19:32:05+06:00,click/testing.py,268,2,2,14
click,525cc941ce2fa20d44ad108b57250291872f0577,2014-05-31T19:32:05+06:00,click/core.py,1263,0,0,206
click,525cc941ce2fa20d44ad108b57250291872f0577,2014-05-31T19:32:05+06:00,examples/complex/setup.py,15,0,0,2
click,525cc941ce2fa20d44ad108b57250291872f0577,2014-05-31T19:32:05+06:00,tests/test_utils.py,113,0,0,4
click,525cc941ce2fa20d44ad108b57250291872f0577,2014-05-31T19:32:05+06:00,tests/test_imports.py,0,0,0,49
click,525cc941ce2fa20d44ad108b57250291872f0577,2014-05-31T19:32:05+06:00,click/parser.py,338,0,0,23
click,525cc941ce2fa20d44ad108b57250291872f0577,2014-05-31T19:32:05+06:00,examples/termui/termui.py,111,0,0,36
click,525cc941ce2fa20d44ad108b57250291872f0577,2014-05-31T19:32:05+06:00,tests/test_normalization.py,0,0,0,47
click,525cc941ce2fa20d44ad108b57250291872f0577,2014-05-31T19:32:05+06:00,click/_termui_impl.py,487,0,0,22
click,525cc941ce2fa20d44ad108b57250291872f0577,2014-05-31T19:32:05+06:00,examples/inout/inout.py,30,0,0,2
click,525cc941ce2fa20d44ad108b57250291872f0577,2014-05-31T19:32:05+06:00,click/__init__.py,84,0,0,19
click,525cc941ce2fa20d44ad108b57250291872f0577,2014-05-31T19:32:05+06:00,examples/complex/complex/cli.py,65,0,0,18
click,525cc941ce2fa20d44ad108b57250291872f0577,2014-05-31T19:32:05+06:00,click/types.py,431,0,0,44
click,525cc941ce2fa20d44ad108b57250291872f0577,2014-05-31T19:32:05+06:00,click/exceptions.py,102,0,0,13
click,525cc941ce2fa20d44ad108b57250291872f0577,2014-05-31T19:32:05+06:00,tests/test_options.py,158,0,0,57
click,525cc941ce2fa20d44ad108b57250291872f0577,2014-05-31T19:32:05+06:00,click/formatting.py,265,2,0,84
click,525cc941ce2fa20d44ad108b57250291872f0577,2014-05-31T19:32:05+06:00,examples/termui/setup.py,17,0,0,2
click,59b5a5ecf03241b2cbf14873f191e4197686279f,2014-06-05T03:13:38+06:00,tests/test_testing.py,90,0,0,25
click,59b5a5ecf03241b2cbf14873f191e4197686279f,2014-06-05T03:13:38+06:00,click/_textwrap.py,45,0,0,13
click,59b5a5ecf03241b2cbf14873f191e4197686279f,2014-06-05T03:13:38+06:00,click/utils.py,362,0,1,4
click,59b5a5ecf03241b2cbf14873f191e4197686279f,2014-06-05T03:13:38+06:00,click/decorators.py,287,0,0,16
click,59b5a5ecf03241b2cbf14873f191e4197686279f,2014-06-05T03:13:38+06:00,click/_compat.py,526,4,6,29
click,59b5a5ecf03241b2cbf14873f191e4197686279f,2014-06-05T03:13:38+06:00,click/termui.py,487,0,1,19
click,59b5a5ecf03241b2cbf14873f191e4197686279f,2014-06-05T03:13:38+06:00,click/testing.py,268,2,2,38
click,59b5a5ecf03241b2cbf14873f191e4197686279f,2014-06-05T03:13:38+06:00,click/core.py,1267,0,0,178
click,59b5a5ecf03241b2cbf14873f191e4197686279f,2014-06-05T03:13:38+06:00,examples/complex/setup.py,15,0,0,2
click,59b5a5ecf03241b2cbf14873f191e4197686279f,2014-06-05T03:13:38+06:00,click/parser.py,337,0,0,20
click,59b5a5ecf03241b2cbf14873f191e4197686279f,2014-06-05T03:13:38+06:00,examples/termui/termui.py,145,0,0,2
click,59b5a5ecf03241b2cbf14873f191e4197686279f,2014-06-05T03:13:38+06:00,tests/test_normalization.py,0,0,0,47
click,59b5a5ecf03241b2cbf14873f191e4197686279f,2014-06-05T03:13:38+06:00,click/_termui_impl.py,488,0,0,78
click,59b5a5ecf03241b2cbf14873f191e4197686279f,2014-06-05T03:13:38+06:00,click/__init__.py,85,0,0,8
click,59b5a5ecf03241b2cbf14873f191e4197686279f,2014-06-05T03:13:38+06:00,examples/complex/complex/cli.py,65,0,0,18
click,59b5a5ecf03241b2cbf14873f191e4197686279f,2014-06-05T03:13:38+06:00,click/types.py,441,0,0,16
click,59b5a5ecf03241b2cbf14873f191e4197686279f,2014-06-05T03:13:38+06:00,click/exceptions.py,102,0,0,11
click,59b5a5ecf03241b2cbf14873f191e4197686279f,2014-06-05T03:13:38+06:00,tests/test_options.py,171,0,0,44
click,59b5a5ecf03241b2cbf14873f191e4197686279f,2014-06-05T03:13:38+06:00,click/formatting.py,218,2,0,25
click,7d776de4eb89a58058567d9992371f58c71c3ad4,2014-06-05T16:45:41+06:00,tests/test_testing.py,90,0,0,25
click,7d776de4eb89a58058567d9992371f58c71c3ad4,2014-06-05T16:45:41+06:00,click/_textwrap.py,45,0,0,13
click,7d776de4eb89a58058567d9992371f58c71c3ad4,2014-06-05T16:45:41+06:00,click/utils.py,362,0,1,4
click,7d776de4eb89a58058567d9992371f58c71c3ad4,2014-06-05T16:45:41+06:00,click/decorators.py,287,0,0,16
click,7d776de4eb89a58058567d9992371f58c71c3ad4,2014-06-05T16:45:41+06:00,click/_compat.py,526,4,6,29
click,7d776de4eb89a58058567d9992371f58c71c3ad4,2014-06-05T16:45:41+06:00,click/termui.py,487,0,1,19
click,7d776de4eb89a58058567d9992371f58c71c3ad4,2014-06-05T16:45:41+06:00,click/testing.py,268,2,2,38
click,7d776de4eb89a58058567d9992371f58c71c3ad4,2014-06-05T16:45:41+06:00,click/core.py,1331,0,0,59
click,7d776de4eb89a58058567d9992371f58c71c3ad4,2014-06-05T16:45:41+06:00,examples/complex/setup.py,15,0,0,2
click,7d776de4eb89a58058567d9992371f58c71c3ad4,2014-06-05T16:45:41+06:00,click/parser.py,347,0,0,6
click,7d776de4eb89a58058567d9992371f58c71c3ad4,2014-06-05T16:45:41+06:00,examples/termui/termui.py,145,0,0,2
click,7d776de4eb89a58058567d9992371f58c71c3ad4,2014-06-05T16:45:41+06:00,tests/test_normalization.py,39,0,0,8
click,7d776de4eb89a58058567d9992371f58c71c3ad4,2014-06-05T16:45:41+06:00,click/_termui_impl.py,488,0,0,75
click,7d776de4eb89a58058567d9992371f58c71c3ad4,2014-06-05T16:45:41+06:00,click/__init__.py,85,0,0,8
click,7d776de4eb89a58058567d9992371f58c71c3ad4,2014-06-05T16:45:41+06:00,examples/complex/complex/cli.py,65,0,0,18
click,7d776de4eb89a58058567d9992371f58c71c3ad4,2014-06-05T16:45:41+06:00,click/types.py,451,0,0,6
click,7d776de4eb89a58058567d9992371f58c71c3ad4,2014-06-05T16:45:41+06:00,click/exceptions.py,102,0,0,11
click,7d776de4eb89a58058567d9992371f58c71c3ad4,2014-06-05T16:45:41+06:00,tests/test_options.py,171,0,0,32
click,7d776de4eb89a58058567d9992371f58c71c3ad4,2014-06-05T16:45:41+06:00,click/formatting.py,239,2,0,4
click,8d801a1dce41cc682349ea3da1e4d26a69550960,2014-06-06T20:20:59+06:00,tests/test_testing.py,90,0,0,25
click,8d801a1dce41cc682349ea3da1e4d26a69550960,2014-06-06T20:20:59+06:00,click/_textwrap.py,45,0,0,13
click,8d801a1dce41cc682349ea3da1e4d26a69550960,2014-06-06T20:20:59+06:00,click/utils.py,362,0,1,4
click,8d801a1dce41cc682349ea3da1e4d26a69550960,2014-06-06T20:20:59+06:00,click/decorators.py,293,0,0,2
click,8d801a1dce41cc682349ea3da1e4d26a69550960,2014-06-06T20:20:59+06:00,click/_compat.py,526,4,6,29
click,8d801a1dce41cc682349ea3da1e4d26a69550960,2014-06-06T20:20:59+06:00,click/termui.py,487,0,1,19
click,8d801a1dce41cc682349ea3da1e4d26a69550960,2014-06-06T20:20:59+06:00,click/testing.py,268,2,2,38
click,8d801a1dce41cc682349ea3da1e4d26a69550960,2014-06-06T20:20:59+06:00,click/core.py,1331,0,0,30
click,8d801a1dce41cc682349ea3da1e4d26a69550960,2014-06-06T20:20:59+06:00,click/parser.py,347,0,0,6
click,8d801a1dce41cc682349ea3da1e4d26a69550960,2014-06-06T20:20:59+06:00,examples/termui/termui.py,145,0,0,2
click,8d801a1dce41cc682349ea3da1e4d26a69550960,2014-06-06T20:20:59+06:00,click/_termui_impl.py,488,0,0,75
click,8d801a1dce41cc682349ea3da1e4d26a69550960,2014-06-06T20:20:59+06:00,click/__init__.py,85,0,0,6
click,8d801a1dce41cc682349ea3da1e4d26a69550960,2014-06-06T20:20:59+06:00,click/types.py,451,0,0,6
click,8d801a1dce41cc682349ea3da1e4d26a69550960,2014-06-06T20:20:59+06:00,examples/complex/complex/cli.py,64,0,0,5
click,8d801a1dce41cc682349ea3da1e4d26a69550960,2014-06-06T20:20:59+06:00,click/exceptions.py,102,0,0,11
click,8d801a1dce41cc682349ea3da1e4d26a69550960,2014-06-06T20:20:59+06:00,tests/test_options.py,191,0,0,12
click,8d801a1dce41cc682349ea3da1e4d26a69550960,2014-06-06T20:20:59+06:00,click/formatting.py,239,2,0,4
click,a489e0e4fb18e05267322a31e1ef55e6b9d960dc,2014-06-10T13:13:00+06:00,tests/test_testing.py,90,0,0,25
click,a489e0e4fb18e05267322a31e1ef55e6b9d960dc,2014-06-10T13:13:00+06:00,click/_textwrap.py,45,0,0,13
click,a489e0e4fb18e05267322a31e1ef55e6b9d960dc,2014-06-10T13:13:00+06:00,click/utils.py,362,0,1,4
click,a489e0e4fb18e05267322a31e1ef55e6b9d960dc,2014-06-10T13:13:00+06:00,click/decorators.py,293,0,0,2
click,a489e0e4fb18e05267322a31e1ef55e6b9d960dc,2014-06-10T13:13:00+06:00,click/_compat.py,553,4,6,0
click,a489e0e4fb18e05267322a31e1ef55e6b9d960dc,2014-06-10T13:13:00+06:00,click/termui.py,491,0,1,11
click,a489e0e4fb18e05267322a31e1ef55e6b9d960dc,2014-06-10T13:13:00+06:00,click/testing.py,268,2,2,38
click,a489e0e4fb18e05267322a31e1ef55e6b9d960dc,2014-06-10T13:13:00+06:00,click/core.py,1331,0,0,30
click,a489e0e4fb18e05267322a31e1ef55e6b9d960dc,2014-06-10T13:13:00+06:00,click/parser.py,347,0,0,6
click,a489e0e4fb18e05267322a31e1ef55e6b9d960dc,2014-06-10T13:13:00+06:00,click/_termui_impl.py,487,0,0,64
click,a489e0e4fb18e05267322a31e1ef55e6b9d960dc,2014-06-10T13:13:00+06:00,click/__init__.py,85,0,0,2
click,a489e0e4fb18e05267322a31e1ef55e6b9d960dc,2014-06-10T13:13:00+06:00,click/types.py,451,0,0,4
click,a489e0e4fb18e05267322a31e1ef55e6b9d960dc,2014-06-10T13:13:00+06:00,click/exceptions.py,101,0,0,8
click,a489e0e4fb18e05267322a31e1ef55e6b9d960dc,2014-06-10T13:13:00+06:00,tests/test_options.py,191,0,0,12
click,a489e0e4fb18e05267322a31e1ef55e6b9d960dc,2014-06-10T13:13:00+06:00,click/formatting.py,239,2,0,4
click,35044bd48ef4082530ef04f9e04bd200888e10e2,2014-06-14T15:35:38+06:00,tests/test_testing.py,90,0,0,25
click,35044bd48ef4082530ef04f9e04bd200888e10e2,2014-06-14T15:35:38+06:00,click/_textwrap.py,45,0,0,13
click,35044bd48ef4082530ef04f9e04bd200888e10e2,2014-06-14T15:35:38+06:00,click/utils.py,362,0,1,7
click,35044bd48ef4082530ef04f9e04bd200888e10e2,2014-06-14T15:35:38+06:00,click/decorators.py,293,0,0,2
click,35044bd48ef4082530ef04f9e04bd200888e10e2,2014-06-14T15:35:38+06:00,click/_compat.py,553,4,6,8
click,35044bd48ef4082530ef04f9e04bd200888e10e2,2014-06-14T15:35:38+06:00,click/termui.py,491,0,1,11
click,35044bd48ef4082530ef04f9e04bd200888e10e2,2014-06-14T15:35:38+06:00,click/testing.py,268,2,2,38
click,35044bd48ef4082530ef04f9e04bd200888e10e2,2014-06-14T15:35:38+06:00,click/core.py,1331,0,0,30
click,35044bd48ef4082530ef04f9e04bd200888e10e2,2014-06-14T15:35:38+06:00,click/parser.py,347,0,0,4
click,35044bd48ef4082530ef04f9e04bd200888e10e2,2014-06-14T15:35:38+06:00,click/_termui_impl.py,487,0,0,71
click,35044bd48ef4082530ef04f9e04bd200888e10e2,2014-06-14T15:35:38+06:00,click/__init__.py,85,0,0,4
click,35044bd48ef4082530ef04f9e04bd200888e10e2,2014-06-14T15:35:38+06:00,tests/test_commands.py,170,0,0,8
click,35044bd48ef4082530ef04f9e04bd200888e10e2,2014-06-14T15:35:38+06:00,click/types.py,451,0,0,2
click,35044bd48ef4082530ef04f9e04bd200888e10e2,2014-06-14T15:35:38+06:00,click/exceptions.py,102,0,0,8
click,35044bd48ef4082530ef04f9e04bd200888e10e2,2014-06-14T15:35:38+06:00,click/formatting.py,239,2,0,4
click,0c2ab870ec90357fa9887dc69148b990fc3e5dde,2014-06-14T15:37:52+06:00,tests/test_testing.py,90,0,0,25
click,0c2ab870ec90357fa9887dc69148b990fc3e5dde,2014-06-14T15:37:52+06:00,click/_textwrap.py,45,0,0,13
click,0c2ab870ec90357fa9887dc69148b990fc3e5dde,2014-06-14T15:37:52+06:00,click/utils.py,362,0,1,7
click,0c2ab870ec90357fa9887dc69148b990fc3e5dde,2014-06-14T15:37:52+06:00,click/decorators.py,293,0,0,2
click,0c2ab870ec90357fa9887dc69148b990fc3e5dde,2014-06-14T15:37:52+06:00,click/_compat.py,553,4,6,8
click,0c2ab870ec90357fa9887dc69148b990fc3e5dde,2014-06-14T15:37:52+06:00,click/termui.py,491,0,1,11
click,0c2ab870ec90357fa9887dc69148b990fc3e5dde,2014-06-14T15:37:52+06:00,click/testing.py,268,2,2,38
click,0c2ab870ec90357fa9887dc69148b990fc3e5dde,2014-06-14T15:37:52+06:00,click/core.py,1331,0,0,30
click,0c2ab870ec90357fa9887dc69148b990fc3e5dde,2014-06-14T15:37:52+06:00,click/parser.py,347,0,0,4
click,0c2ab870ec90357fa9887dc69148b990fc3e5dde,2014-06-14T15:37:52+06:00,click/_termui_impl.py,487,0,0,71
click,0c2ab870ec90357fa9887dc69148b990fc3e5dde,2014-06-14T15:37:52+06:00,click/__init__.py,85,0,0,4
click,0c2ab870ec90357fa9887dc69148b990fc3e5dde,2014-06-14T15:37:52+06:00,tests/test_commands.py,170,0,0,8
click,0c2ab870ec90357fa9887dc69148b990fc3e5dde,2014-06-14T15:37:52+06:00,click/types.py,451,0,0,2
click,0c2ab870ec90357fa9887dc69148b990fc3e5dde,2014-06-14T15:37:52+06:00,click/exceptions.py,101,0,0,8
click,0c2ab870ec90357fa9887dc69148b990fc3e5dde,2014-06-14T15:37:52+06:00,click/formatting.py,239,2,0,4
click,1cceb6da090d52f84c7a423f5f947ef40d38a861,2014-06-30T10:33:43+02:00,click/_termui_impl.py,484,0,0,22
click,1cceb6da090d52f84c7a423f5f947ef40d38a861,2014-06-30T10:33:43+02:00,click/utils.py,366,0,1,16
click,1cceb6da090d52f84c7a423f5f947ef40d38a861,2014-06-30T10:33:43+02:00,click/__init__.py,85,0,0,6
click,1cceb6da090d52f84c7a423f5f947ef40d38a861,2014-06-30T10:33:43+02:00,click/_compat.py,557,4,6,6
click,1cceb6da090d52f84c7a423f5f947ef40d38a861,2014-06-30T10:33:43+02:00,click/termui.py,491,0,1,4
click,1cceb6da090d52f84c7a423f5f947ef40d38a861,2014-06-30T10:33:43+02:00,click/testing.py,268,2,2,0
click,1cceb6da090d52f84c7a423f5f947ef40d38a861,2014-06-30T10:33:43+02:00,click/core.py,1331,0,0,106
click,1cceb6da090d52f84c7a423f5f947ef40d38a861,2014-06-30T10:33:43+02:00,click/formatting.py,239,2,0,0
click,1cceb6da090d52f84c7a423f5f947ef40d38a861,2014-06-30T10:33:43+02:00,tests/test_utils.py,113,0,0,11
click,fffeae408274c51b085109b97e946dc6e2c8e438,2014-08-12T23:25:48+02:00,click/utils.py,425,0,1,15
click,fffeae408274c51b085109b97e946dc6e2c8e438,2014-08-12T23:25:48+02:00,click/decorators.py,293,0,0,4
click,fffeae408274c51b085109b97e946dc6e2c8e438,2014-08-12T23:25:48+02:00,click/_compat.py,560,4,6,20
click,fffeae408274c51b085109b97e946dc6e2c8e438,2014-08-12T23:25:48+02:00,click/termui.py,496,0,1,45
click,fffeae408274c51b085109b97e946dc6e2c8e438,2014-08-12T23:25:48+02:00,click/testing.py,294,2,2,0
click,fffeae408274c51b085109b97e946dc6e2c8e438,2014-08-12T23:25:48+02:00,click/core.py,1529,0,0,194
click,fffeae408274c51b085109b97e946dc6e2c8e438,2014-08-12T23:25:48+02:00,tests/test_chain.py,180,0,0,9
click,fffeae408274c51b085109b97e946dc6e2c8e438,2014-08-12T23:25:48+02:00,tests/test_utils.py,145,0,0,85
click,fffeae408274c51b085109b97e946dc6e2c8e438,2014-08-12T23:25:48+02:00,click/_termui_impl.py,508,0,0,7
click,fffeae408274c51b085109b97e946dc6e2c8e438,2014-08-12T23:25:48+02:00,click/__init__.py,85,0,0,10
click,fffeae408274c51b085109b97e946dc6e2c8e438,2014-08-12T23:25:48+02:00,tests/test_commands.py,176,0,0,80
click,fffeae408274c51b085109b97e946dc6e2c8e438,2014-08-12T23:25:48+02:00,click/exceptions.py,101,0,0,6
click,fffeae408274c51b085109b97e946dc6e2c8e438,2014-08-12T23:25:48+02:00,click/formatting.py,239,2,0,0
click,4a7fe69f942bd02b811548ff8f02a08fff7429c1,2015-01-29T14:37:22+01:00,click/utils.py,430,0,1,0
click,4a7fe69f942bd02b811548ff8f02a08fff7429c1,2015-01-29T14:37:22+01:00,click/decorators.py,293,0,0,32
click,4a7fe69f942bd02b811548ff8f02a08fff7429c1,2015-01-29T14:37:22+01:00,click/_compat.py,568,4,6,0
click,4a7fe69f942bd02b811548ff8f02a08fff7429c1,2015-01-29T14:37:22+01:00,examples/inout/setup.py,15,0,0,2
click,4a7fe69f942bd02b811548ff8f02a08fff7429c1,2015-01-29T14:37:22+01:00,click/termui.py,518,0,1,2
click,4a7fe69f942bd02b811548ff8f02a08fff7429c1,2015-01-29T14:37:22+01:00,examples/colors/setup.py,17,0,0,2
click,4a7fe69f942bd02b811548ff8f02a08fff7429c1,2015-01-29T14:37:22+01:00,click/testing.py,313,2,2,0
click,4a7fe69f942bd02b811548ff8f02a08fff7429c1,2015-01-29T14:37:22+01:00,examples/repo/setup.py,15,0,0,2
click,4a7fe69f942bd02b811548ff8f02a08fff7429c1,2015-01-29T14:37:22+01:00,examples/imagepipe/setup.py,16,0,0,2
click,4a7fe69f942bd02b811548ff8f02a08fff7429c1,2015-01-29T14:37:22+01:00,examples/aliases/setup.py,15,0,0,2
click,4a7fe69f942bd02b811548ff8f02a08fff7429c1,2015-01-29T14:37:22+01:00,examples/complex/setup.py,15,0,0,2
click,4a7fe69f942bd02b811548ff8f02a08fff7429c1,2015-01-29T14:37:22+01:00,examples/naval/setup.py,15,0,0,2
click,4a7fe69f942bd02b811548ff8f02a08fff7429c1,2015-01-29T14:37:22+01:00,examples/validation/setup.py,15,0,0,2
click,4a7fe69f942bd02b811548ff8f02a08fff7429c1,2015-01-29T14:37:22+01:00,tests/test_options.py,219,0,0,36
click,4a7fe69f942bd02b811548ff8f02a08fff7429c1,2015-01-29T14:37:22+01:00,click/formatting.py,241,2,0,0
click,4a7fe69f942bd02b811548ff8f02a08fff7429c1,2015-01-29T14:37:22+01:00,click/_bashcomplete.py,74,0,0,2
click,4a7fe69f942bd02b811548ff8f02a08fff7429c1,2015-01-29T14:37:22+01:00,examples/termui/setup.py,17,0,0,2
click,50c9f34691026fa2dbfee0a2fe66a5e8c0cee8ad,2015-05-29T13:40:27+02:00,click/termui.py,528,0,1,0
click,50c9f34691026fa2dbfee0a2fe66a5e8c0cee8ad,2015-05-29T13:40:27+02:00,click/testing.py,313,2,2,0
click,50c9f34691026fa2dbfee0a2fe66a5e8c0cee8ad,2015-05-29T13:40:27+02:00,click/exceptions.py,188,2,0,0
click,50c9f34691026fa2dbfee0a2fe66a5e8c0cee8ad,2015-05-29T13:40:27+02:00,click/_termui_impl.py,512,0,0,21
click,50c9f34691026fa2dbfee0a2fe66a5e8c0cee8ad,2015-05-29T13:40:27+02:00,click/utils.py,430,0,1,0
click,50c9f34691026fa2dbfee0a2fe66a5e8c0cee8ad,2015-05-29T13:40:27+02:00,click/formatting.py,251,2,0,0
click,50c9f34691026fa2dbfee0a2fe66a5e8c0cee8ad,2015-05-29T13:40:27+02:00,click/_compat.py,572,4,6,19
click,189d616fdfda7bac177595155ffce7e066427443,2015-06-21T19:43:10+02:00,click/utils.py,437,0,1,2
click,189d616fdfda7bac177595155ffce7e066427443,2015-06-21T19:43:10+02:00,click/_compat.py,589,4,6,0
click,189d616fdfda7bac177595155ffce7e066427443,2015-06-21T19:43:10+02:00,click/termui.py,528,0,1,0
click,189d616fdfda7bac177595155ffce7e066427443,2015-06-21T19:43:10+02:00,click/testing.py,319,2,2,12
click,189d616fdfda7bac177595155ffce7e066427443,2015-06-21T19:43:10+02:00,click/exceptions.py,188,2,0,0
click,189d616fdfda7bac177595155ffce7e066427443,2015-06-21T19:43:10+02:00,click/formatting.py,250,2,0,0
click,189d616fdfda7bac177595155ffce7e066427443,2015-06-21T19:43:10+02:00,tests/test_utils.py,250,0,0,7
click,f705ee430013d737b2159666b0bca9416f191698,2015-07-14T21:00:54+04:00,click/utils.py,437,0,1,24
click,f705ee430013d737b2159666b0bca9416f191698,2015-07-14T21:00:54+04:00,click/decorators.py,301,0,0,12
click,f705ee430013d737b2159666b0bca9416f191698,2015-07-14T21:00:54+04:00,click/_compat.py,589,4,6,0
click,f705ee430013d737b2159666b0bca9416f191698,2015-07-14T21:00:54+04:00,click/termui.py,528,0,1,8
click,f705ee430013d737b2159666b0bca9416f191698,2015-07-14T21:00:54+04:00,click/testing.py,319,2,2,0
click,f705ee430013d737b2159666b0bca9416f191698,2015-07-14T21:00:54+04:00,click/core.py,1623,0,0,85
click,f705ee430013d737b2159666b0bca9416f191698,2015-07-14T21:00:54+04:00,tests/test_utils.py,257,0,0,15
click,f705ee430013d737b2159666b0bca9416f191698,2015-07-14T21:00:54+04:00,tests/test_imports.py,49,0,0,3
click,f705ee430013d737b2159666b0bca9416f191698,2015-07-14T21:00:54+04:00,tests/test_arguments.py,212,0,0,34
click,f705ee430013d737b2159666b0bca9416f191698,2015-07-14T21:00:54+04:00,click/__init__.py,85,0,0,10
click,f705ee430013d737b2159666b0bca9416f191698,2015-07-14T21:00:54+04:00,click/globals.py,0,0,0,48
click,f705ee430013d737b2159666b0bca9416f191698,2015-07-14T21:00:54+04:00,click/exceptions.py,188,2,0,0
click,f705ee430013d737b2159666b0bca9416f191698,2015-07-14T21:00:54+04:00,click/formatting.py,250,2,0,0
click,f705ee430013d737b2159666b0bca9416f191698,2015-07-14T21:00:54+04:00,tests/test_context.py,112,0,0,62
click,11ca58bc8772e8e6e48134ed6377950ab2d7f123,2015-08-16T17:47:25+02:00,click/_termui_impl.py,528,0,0,32
click,11ca58bc8772e8e6e48134ed6377950ab2d7f123,2015-08-16T17:47:25+02:00,click/utils.py,449,0,1,0
click,11ca58bc8772e8e6e48134ed6377950ab2d7f123,2015-08-16T17:47:25+02:00,click/decorators.py,302,0,0,1
click,11ca58bc8772e8e6e48134ed6377950ab2d7f123,2015-08-16T17:47:25+02:00,click/__init__.py,96,0,0,10
click,11ca58bc8772e8e6e48134ed6377950ab2d7f123,2015-08-16T17:47:25+02:00,click/_compat.py,624,4,6,0
click,11ca58bc8772e8e6e48134ed6377950ab2d7f123,2015-08-16T17:47:25+02:00,click/termui.py,536,0,1,0
click,11ca58bc8772e8e6e48134ed6377950ab2d7f123,2015-08-16T17:47:25+02:00,click/testing.py,319,2,2,0
click,11ca58bc8772e8e6e48134ed6377950ab2d7f123,2015-08-16T17:47:25+02:00,click/exceptions.py,188,2,0,0
click,11ca58bc8772e8e6e48134ed6377950ab2d7f123,2015-08-16T17:47:25+02:00,click/formatting.py,250,2,0,0
click,11ca58bc8772e8e6e48134ed6377950ab2d7f123,2015-08-16T17:47:25+02:00,tests/test_context.py,170,0,0,16
click,d5f77139be7686e98dc0333df30324d0f2541496,2015-12-03T18:17:35+01:00,click/_termui_impl.py,547,0,0,4
click,d5f77139be7686e98dc0333df30324d0f2541496,2015-12-03T18:17:35+01:00,click/_winconsole.py,264,0,1,0
click,d5f77139be7686e98dc0333df30324d0f2541496,2015-12-03T18:17:35+01:00,click/utils.py,415,0,1,0
click,d5f77139be7686e98dc0333df30324d0f2541496,2015-12-03T18:17:35+01:00,click/_compat.py,642,4,6,2
click,d5f77139be7686e98dc0333df30324d0f2541496,2015-12-03T18:17:35+01:00,click/termui.py,539,0,1,0
click,d5f77139be7686e98dc0333df30324d0f2541496,2015-12-03T18:17:35+01:00,click/exceptions.py,201,2,0,0
click,d5f77139be7686e98dc0333df30324d0f2541496,2015-12-03T18:17:35+01:00,click/testing.py,322,2,2,0
click,d5f77139be7686e98dc0333df30324d0f2541496,2015-12-03T18:17:35+01:00,tests/test_termui.py,14,0,0,30
click,d5f77139be7686e98dc0333df30324d0f2541496,2015-12-03T18:17:35+01:00,click/formatting.py,256,2,0,0
click,d5f77139be7686e98dc0333df30324d0f2541496,2015-12-03T18:17:35+01:00,click/_bashcomplete.py,78,0,0,10
click,37011e76aaef13786af9ead1158ac5c2d52c8631,2016-03-24T00:07:20+01:00,click/utils.py,415,0,1,3
click,37011e76aaef13786af9ead1158ac5c2d52c8631,2016-03-24T00:07:20+01:00,click/_compat.py,644,4,6,0
click,37011e76aaef13786af9ead1158ac5c2d52c8631,2016-03-24T00:07:20+01:00,click/termui.py,539,0,1,0
click,37011e76aaef13786af9ead1158ac5c2d52c8631,2016-03-24T00:07:20+01:00,click/testing.py,322,2,2,0
click,37011e76aaef13786af9ead1158ac5c2d52c8631,2016-03-24T00:07:20+01:00,click/_unicodefun.py,119,0,0,2
click,37011e76aaef13786af9ead1158ac5c2d52c8631,2016-03-24T00:07:20+01:00,click/core.py,1747,0,0,10
click,37011e76aaef13786af9ead1158ac5c2d52c8631,2016-03-24T00:07:20+01:00,click/_winconsole.py,264,0,1,37
click,37011e76aaef13786af9ead1158ac5c2d52c8631,2016-03-24T00:07:20+01:00,tests/test_arguments.py,278,0,0,11
click,37011e76aaef13786af9ead1158ac5c2d52c8631,2016-03-24T00:07:20+01:00,setup.py,28,0,0,2
click,37011e76aaef13786af9ead1158ac5c2d52c8631,2016-03-24T00:07:20+01:00,click/__init__.py,98,0,0,10
click,37011e76aaef13786af9ead1158ac5c2d52c8631,2016-03-24T00:07:20+01:00,click/types.py,550,0,0,44
click,37011e76aaef13786af9ead1158ac5c2d52c8631,2016-03-24T00:07:20+01:00,click/exceptions.py,211,2,0,0
click,37011e76aaef13786af9ead1158ac5c2d52c8631,2016-03-24T00:07:20+01:00,click/formatting.py,256,2,0,0
click,37011e76aaef13786af9ead1158ac5c2d52c8631,2016-03-24T00:07:20+01:00,click/_bashcomplete.py,83,0,0,70
click,37011e76aaef13786af9ead1158ac5c2d52c8631,2016-03-24T00:07:20+01:00,tests/test_bashcomplete.py,20,0,0,40
click,4f44f65b8e826c8bb8e6615f28f4b290f36c6136,2016-06-07T22:57:00+02:00,click/_winconsole.py,273,0,1,0
click,4f44f65b8e826c8bb8e6615f28f4b290f36c6136,2016-06-07T22:57:00+02:00,click/utils.py,416,0,1,0
click,4f44f65b8e826c8bb8e6615f28f4b290f36c6136,2016-06-07T22:57:00+02:00,click/_compat.py,644,4,6,0
click,4f44f65b8e826c8bb8e6615f28f4b290f36c6136,2016-06-07T22:57:00+02:00,click/termui.py,541,0,1,0
click,4f44f65b8e826c8bb8e6615f28f4b290f36c6136,2016-06-07T22:57:00+02:00,click/types.py,591,6,0,0
click,4f44f65b8e826c8bb8e6615f28f4b290f36c6136,2016-06-07T22:57:00+02:00,click/exceptions.py,217,2,0,0
click,4f44f65b8e826c8bb8e6615f28f4b290f36c6136,2016-06-07T22:57:00+02:00,click/testing.py,322,2,2,0
click,4f44f65b8e826c8bb8e6615f28f4b290f36c6136,2016-06-07T22:57:00+02:00,click/formatting.py,256,2,0,0
click,0759c87dc38ab54cbb741d79bfb5bca656b622b7,2016-10-05T08:14:56-03:00,tests/test_testing.py,224,0,0,20
click,0759c87dc38ab54cbb741d79bfb5bca656b622b7,2016-10-05T08:14:56-03:00,click/_winconsole.py,273,0,1,0
click,0759c87dc38ab54cbb741d79bfb5bca656b622b7,2016-10-05T08:14:56-03:00,click/utils.py,416,0,1,0
click,0759c87dc38ab54cbb741d79bfb5bca656b622b7,2016-10-05T08:14:56-03:00,click/_compat.py,645,4,6,0
click,0759c87dc38ab54cbb741d79bfb5bca656b622b7,2016-10-05T08:14:56-03:00,click/termui.py,541,0,1,0
click,0759c87dc38ab54cbb741d79bfb5bca656b622b7,2016-10-05T08:14:56-03:00,click/types.py,591,6,0,0
click,0759c87dc38ab54cbb741d79bfb5bca656b622b7,2016-10-05T08:14:56-03:00,click/exceptions.py,217,2,0,0
click,0759c87dc38ab54cbb741d79bfb5bca656b622b7,2016-10-05T08:14:56-03:00,click/testing.py,329,2,2,11
click,0759c87dc38ab54cbb741d79bfb5bca656b622b7,2016-10-05T08:14:56-03:00,click/core.py,1753,0,0,4
click,0759c87dc38ab54cbb741d79bfb5bca656b622b7,2016-10-05T08:14:56-03:00,click/formatting.py,256,2,0,0
click,a50befdc3ac475826af75e48fd48b21530851176,2017-01-06T23:42:28+01:00,click/_winconsole.py,273,0,1,0
click,a50befdc3ac475826af75e48fd48b21530851176,2017-01-06T23:42:28+01:00,click/utils.py,416,0,1,0
click,a50befdc3ac475826af75e48fd48b21530851176,2017-01-06T23:42:28+01:00,click/_compat.py,651,4,6,0
click,a50befdc3ac475826af75e48fd48b21530851176,2017-01-06T23:42:28+01:00,click/termui.py,549,0,1,0
click,a50befdc3ac475826af75e48fd48b21530851176,2017-01-06T23:42:28+01:00,click/types.py,591,6,0,0
click,a50befdc3ac475826af75e48fd48b21530851176,2017-01-06T23:42:28+01:00,click/exceptions.py,217,2,0,0
click,a50befdc3ac475826af75e48fd48b21530851176,2017-01-06T23:42:28+01:00,click/testing.py,329,2,2,0
click,a50befdc3ac475826af75e48fd48b21530851176,2017-01-06T23:42:28+01:00,click/formatting.py,256,2,0,0
click,8d9dd469e38ede1ee3bf23e1a80a0711c8792387,2017-02-13T13:46:34+01:00,click/_winconsole.py,273,0,1,0
click,8d9dd469e38ede1ee3bf23e1a80a0711c8792387,2017-02-13T13:46:34+01:00,click/utils.py,416,0,1,0
click,8d9dd469e38ede1ee3bf23e1a80a0711c8792387,2017-02-13T13:46:34+01:00,click/_compat.py,651,4,6,0
click,8d9dd469e38ede1ee3bf23e1a80a0711c8792387,2017-02-13T13:46:34+01:00,click/termui.py,549,0,1,0
click,8d9dd469e38ede1ee3bf23e1a80a0711c8792387,2017-02-13T13:46:34+01:00,click/types.py,591,6,0,0
click,8d9dd469e38ede1ee3bf23e1a80a0711c8792387,2017-02-13T13:46:34+01:00,click/exceptions.py,217,2,0,0
click,8d9dd469e38ede1ee3bf23e1a80a0711c8792387,2017-02-13T13:46:34+01:00,click/testing.py,329,2,2,14
click,8d9dd469e38ede1ee3bf23e1a80a0711c8792387,2017-02-13T13:46:34+01:00,click/formatting.py,256,2,0,0
click,430c50a3b6dca4e23936389513d2099b0af865cf,2017-03-29T13:22:54+02:00,click/_winconsole.py,273,0,1,0
click,430c50a3b6dca4e23936389513d2099b0af865cf,2017-03-29T13:22:54+02:00,click/utils.py,416,0,1,0
click,430c50a3b6dca4e23936389513d2099b0af865cf,2017-03-29T13:22:54+02:00,click/_compat.py,651,4,6,0
click,430c50a3b6dca4e23936389513d2099b0af865cf,2017-03-29T13:22:54+02:00,click/termui.py,549,0,1,0
click,430c50a3b6dca4e23936389513d2099b0af865cf,2017-03-29T13:22:54+02:00,click/types.py,591,6,0,0
click,430c50a3b6dca4e23936389513d2099b0af865cf,2017-03-29T13:22:54+02:00,examples/bashcompletion/bashcompletion.py,0,0,0,21
click,430c50a3b6dca4e23936389513d2099b0af865cf,2017-03-29T13:22:54+02:00,click/exceptions.py,217,2,0,0
click,430c50a3b6dca4e23936389513d2099b0af865cf,2017-03-29T13:22:54+02:00,click/testing.py,333,2,2,0
click,430c50a3b6dca4e23936389513d2099b0af865cf,2017-03-29T13:22:54+02:00,click/core.py,1754,0,0,3
click,430c50a3b6dca4e23936389513d2099b0af865cf,2017-03-29T13:22:54+02:00,click/formatting.py,256,2,0,0
click,430c50a3b6dca4e23936389513d2099b0af865cf,2017-03-29T13:22:54+02:00,click/_bashcomplete.py,180,0,0,6
click,a1d022f849c619e49b46e2a1f1b1878e3729bb1e,2017-05-05T08:13:56-07:00,click/_winconsole.py,273,0,1,0
click,a1d022f849c619e49b46e2a1f1b1878e3729bb1e,2017-05-05T08:13:56-07:00,click/utils.py,416,0,1,0
click,a1d022f849c619e49b46e2a1f1b1878e3729bb1e,2017-05-05T08:13:56-07:00,click/_compat.py,651,4,6,0
click,a1d022f849c619e49b46e2a1f1b1878e3729bb1e,2017-05-05T08:13:56-07:00,click/termui.py,549,0,1,0
click,a1d022f849c619e49b46e2a1f1b1878e3729bb1e,2017-05-05T08:13:56-07:00,click/types.py,591,6,0,0
click,a1d022f849c619e49b46e2a1f1b1878e3729bb1e,2017-05-05T08:13:56-07:00,click/exceptions.py,217,2,0,0
click,a1d022f849c619e49b46e2a1f1b1878e3729bb1e,2017-05-05T08:13:56-07:00,click/testing.py,333,2,2,0
click,a1d022f849c619e49b46e2a1f1b1878e3729bb1e,2017-05-05T08:13:56-07:00,click/core.py,1756,0,0,4
click,a1d022f849c619e49b46e2a1f1b1878e3729bb1e,2017-05-05T08:13:56-07:00,tests/test_options.py,337,0,0,22
click,a1d022f849c619e49b46e2a1f1b1878e3729bb1e,2017-05-05T08:13:56-07:00,click/formatting.py,256,2,0,0
click,417da8f10941c8f643c2c97f857f71c89cb48556,2017-08-23T16:27:41-04:00,click/_winconsole.py,273,0,1,0
click,417da8f10941c8f643c2c97f857f71c89cb48556,2017-08-23T16:27:41-04:00,click/utils.py,416,0,1,0
click,417da8f10941c8f643c2c97f857f71c89cb48556,2017-08-23T16:27:41-04:00,click/_compat.py,651,4,6,0
click,417da8f10941c8f643c2c97f857f71c89cb48556,2017-08-23T16:27:41-04:00,click/termui.py,549,0,1,0
click,417da8f10941c8f643c2c97f857f71c89cb48556,2017-08-23T16:27:41-04:00,click/types.py,591,6,0,0
click,417da8f10941c8f643c2c97f857f71c89cb48556,2017-08-23T16:27:41-04:00,tests/test_basic.py,476,0,0,22
click,417da8f10941c8f643c2c97f857f71c89cb48556,2017-08-23T16:27:41-04:00,click/exceptions.py,217,2,0,0
click,417da8f10941c8f643c2c97f857f71c89cb48556,2017-08-23T16:27:41-04:00,click/testing.py,333,2,2,0
click,417da8f10941c8f643c2c97f857f71c89cb48556,2017-08-23T16:27:41-04:00,click/formatting.py,256,2,0,0
click,379d593e1d757b235e3759bc29e33a8bd494aaf2,2017-08-24T14:49:03-04:00,click/_winconsole.py,273,0,1,0
click,379d593e1d757b235e3759bc29e33a8bd494aaf2,2017-08-24T14:49:03-04:00,click/utils.py,416,0,1,0
click,379d593e1d757b235e3759bc29e33a8bd494aaf2,2017-08-24T14:49:03-04:00,click/_compat.py,651,4,6,0
click,379d593e1d757b235e3759bc29e33a8bd494aaf2,2017-08-24T14:49:03-04:00,click/termui.py,549,0,1,0
click,379d593e1d757b235e3759bc29e33a8bd494aaf2,2017-08-24T14:49:03-04:00,click/types.py,591,6,0,0
click,379d593e1d757b235e3759bc29e33a8bd494aaf2,2017-08-24T14:49:03-04:00,tests/test_basic.py,498,0,0,22
click,379d593e1d757b235e3759bc29e33a8bd494aaf2,2017-08-24T14:49:03-04:00,click/exceptions.py,217,2,0,0
click,379d593e1d757b235e3759bc29e33a8bd494aaf2,2017-08-24T14:49:03-04:00,click/testing.py,333,2,2,0
click,379d593e1d757b235e3759bc29e33a8bd494aaf2,2017-08-24T14:49:03-04:00,click/formatting.py,256,2,0,0
click,5173285e9268133d7beb48d8359ec54cc0a1ef68,2018-04-06T17:50:44+02:00,tests/test_imports.py,55,0,0,2
click,5173285e9268133d7beb48d8359ec54cc0a1ef68,2018-04-06T17:50:44+02:00,click/_winconsole.py,273,0,1,0
click,5173285e9268133d7beb48d8359ec54cc0a1ef68,2018-04-06T17:50:44+02:00,click/utils.py,416,0,1,0
click,5173285e9268133d7beb48d8359ec54cc0a1ef68,2018-04-06T17:50:44+02:00,setup.py,28,0,0,16
click,5173285e9268133d7beb48d8359ec54cc0a1ef68,2018-04-06T17:50:44+02:00,click/_compat.py,693,6,7,16
click,5173285e9268133d7beb48d8359ec54cc0a1ef68,2018-04-06T17:50:44+02:00,click/termui.py,549,0,1,0
click,5173285e9268133d7beb48d8359ec54cc0a1ef68,2018-04-06T17:50:44+02:00,click/types.py,594,6,0,2
click,5173285e9268133d7beb48d8359ec54cc0a1ef68,2018-04-06T17:50:44+02:00,tests/test_basic.py,498,0,0,2
click,5173285e9268133d7beb48d8359ec54cc0a1ef68,2018-04-06T17:50:44+02:00,click/exceptions.py,220,2,0,0
click,5173285e9268133d7beb48d8359ec54cc0a1ef68,2018-04-06T17:50:44+02:00,click/testing.py,333,2,2,0
click,5173285e9268133d7beb48d8359ec54cc0a1ef68,2018-04-06T17:50:44+02:00,click/core.py,1761,0,0,2
click,5173285e9268133d7beb48d8359ec54cc0a1ef68,2018-04-06T17:50:44+02:00,click/formatting.py,256,2,0,0
click,23c787a28f3bc64b21b8d504adc244303cc47c0a,2018-04-09T10:07:05+01:00,tests/test_imports.py,55,0,0,2
click,23c787a28f3bc64b21b8d504adc244303cc47c0a,2018-04-09T10:07:05+01:00,click/_winconsole.py,273,0,1,0
click,23c787a28f3bc64b21b8d504adc244303cc47c0a,2018-04-09T10:07:05+01:00,click/utils.py,416,0,1,0
click,23c787a28f3bc64b21b8d504adc244303cc47c0a,2018-04-09T10:07:05+01:00,setup.py,28,0,0,16
click,23c787a28f3bc64b21b8d504adc244303cc47c0a,2018-04-09T10:07:05+01:00,click/_compat.py,693,6,7,16
click,23c787a28f3bc64b21b8d504adc244303cc47c0a,2018-04-09T10:07:05+01:00,click/termui.py,549,0,1,0
click,23c787a28f3bc64b21b8d504adc244303cc47c0a,2018-04-09T10:07:05+01:00,click/types.py,594,6,0,2
click,23c787a28f3bc64b21b8d504adc244303cc47c0a,2018-04-09T10:07:05+01:00,tests/test_basic.py,498,0,0,2
click,23c787a28f3bc64b21b8d504adc244303cc47c0a,2018-04-09T10:07:05+01:00,click/exceptions.py,220,2,0,0
click,23c787a28f3bc64b21b8d504adc244303cc47c0a,2018-04-09T10:07:05+01:00,click/testing.py,333,2,2,0
click,23c787a28f3bc64b21b8d504adc244303cc47c0a,2018-04-09T10:07:05+01:00,click/formatting.py,256,2,0,0
click,10c5e796b5ed6bf8d13759414879bb75b6abd1cd,2018-05-15T13:47:57-04:00,click/utils.py,416,0,1,0
click,10c5e796b5ed6bf8d13759414879bb75b6abd1cd,2018-05-15T13:47:57-04:00,click/_compat.py,695,6,7,9
click,10c5e796b5ed6bf8d13759414879bb75b6abd1cd,2018-05-15T13:47:57-04:00,click/termui.py,601,0,1,9
click,10c5e796b5ed6bf8d13759414879bb75b6abd1cd,2018-05-15T13:47:57-04:00,examples/bashcompletion/bashcompletion.py,41,0,0,6
click,10c5e796b5ed6bf8d13759414879bb75b6abd1cd,2018-05-15T13:47:57-04:00,click/testing.py,374,2,2,0
click,10c5e796b5ed6bf8d13759414879bb75b6abd1cd,2018-05-15T13:47:57-04:00,click/core.py,1826,0,0,17
click,10c5e796b5ed6bf8d13759414879bb75b6abd1cd,2018-05-15T13:47:57-04:00,click/_termui_impl.py,577,0,0,13
click,10c5e796b5ed6bf8d13759414879bb75b6abd1cd,2018-05-15T13:47:57-04:00,click/_winconsole.py,273,0,1,0
click,10c5e796b5ed6bf8d13759414879bb75b6abd1cd,2018-05-15T13:47:57-04:00,tests/test_arguments.py,289,0,0,21
click,10c5e796b5ed6bf8d13759414879bb75b6abd1cd,2018-05-15T13:47:57-04:00,click/types.py,610,6,0,2
click,10c5e796b5ed6bf8d13759414879bb75b6abd1cd,2018-05-15T13:47:57-04:00,tests/test_compat.py,25,0,0,2
click,10c5e796b5ed6bf8d13759414879bb75b6abd1cd,2018-05-15T13:47:57-04:00,click/exceptions.py,225,2,0,0
click,10c5e796b5ed6bf8d13759414879bb75b6abd1cd,2018-05-15T13:47:57-04:00,tests/test_options.py,473,0,0,7
click,10c5e796b5ed6bf8d13759414879bb75b6abd1cd,2018-05-15T13:47:57-04:00,click/formatting.py,256,2,0,0
click,10c5e796b5ed6bf8d13759414879bb75b6abd1cd,2018-05-15T13:47:57-04:00,click/_bashcomplete.py,217,0,0,90
click,10c5e796b5ed6bf8d13759414879bb75b6abd1cd,2018-05-15T13:47:57-04:00,tests/test_bashcomplete.py,286,0,0,183
click,39e46e09cb0d61394da6ec26c05541ac9a50ed00,2018-05-15T14:47:41-04:00,click/_termui_impl.py,577,0,0,13
click,39e46e09cb0d61394da6ec26c05541ac9a50ed00,2018-05-15T14:47:41-04:00,click/_winconsole.py,273,0,1,0
click,39e46e09cb0d61394da6ec26c05541ac9a50ed00,2018-05-15T14:47:41-04:00,click/utils.py,416,0,1,0
click,39e46e09cb0d61394da6ec26c05541ac9a50ed00,2018-05-15T14:47:41-04:00,tests/test_arguments.py,289,0,0,21
click,39e46e09cb0d61394da6ec26c05541ac9a50ed00,2018-05-15T14:47:41-04:00,click/_compat.py,697,6,7,0
click,39e46e09cb0d61394da6ec26c05541ac9a50ed00,2018-05-15T14:47:41-04:00,click/termui.py,601,0,1,9
click,39e46e09cb0d61394da6ec26c05541ac9a50ed00,2018-05-15T14:47:41-04:00,click/types.py,610,6,0,2
click,39e46e09cb0d61394da6ec26c05541ac9a50ed00,2018-05-15T14:47:41-04:00,examples/bashcompletion/bashcompletion.py,41,0,0,6
click,39e46e09cb0d61394da6ec26c05541ac9a50ed00,2018-05-15T14:47:41-04:00,click/exceptions.py,225,2,0,0
click,39e46e09cb0d61394da6ec26c05541ac9a50ed00,2018-05-15T14:47:41-04:00,click/testing.py,374,2,2,0
click,39e46e09cb0d61394da6ec26c05541ac9a50ed00,2018-05-15T14:47:41-04:00,click/core.py,1826,0,0,17
click,39e46e09cb0d61394da6ec26c05541ac9a50ed00,2018-05-15T14:47:41-04:00,tests/test_options.py,473,0,0,7
click,39e46e09cb0d61394da6ec26c05541ac9a50ed00,2018-05-15T14:47:41-04:00,click/formatting.py,256,2,0,0
click,39e46e09cb0d61394da6ec26c05541ac9a50ed00,2018-05-15T14:47:41-04:00,click/_bashcomplete.py,233,0,0,60
click,39e46e09cb0d61394da6ec26c05541ac9a50ed00,2018-05-15T14:47:41-04:00,tests/test_bashcomplete.py,286,0,0,183
click,8c5a89c7bb422b4cf04abc3f4fe678ce2e59dd78,2018-06-27T22:34:16+02:00,click/_winconsole.py,273,0,1,0
click,8c5a89c7bb422b4cf04abc3f4fe678ce2e59dd78,2018-06-27T22:34:16+02:00,click/utils.py,416,0,1,0
click,8c5a89c7bb422b4cf04abc3f4fe678ce2e59dd78,2018-06-27T22:34:16+02:00,click/_compat.py,697,6,7,0
click,8c5a89c7bb422b4cf04abc3f4fe678ce2e59dd78,2018-06-27T22:34:16+02:00,click/termui.py,602,0,1,0
click,8c5a89c7bb422b4cf04abc3f4fe678ce2e59dd78,2018-06-27T22:34:16+02:00,click/types.py,610,6,0,0
click,8c5a89c7bb422b4cf04abc3f4fe678ce2e59dd78,2018-06-27T22:34:16+02:00,click/exceptions.py,225,2,0,0
click,8c5a89c7bb422b4cf04abc3f4fe678ce2e59dd78,2018-06-27T22:34:16+02:00,click/testing.py,374,2,2,0
click,8c5a89c7bb422b4cf04abc3f4fe678ce2e59dd78,2018-06-27T22:34:16+02:00,click/core.py,1830,0,0,12
click,8c5a89c7bb422b4cf04abc3f4fe678ce2e59dd78,2018-06-27T22:34:16+02:00,click/formatting.py,256,2,0,0
click,8c5a89c7bb422b4cf04abc3f4fe678ce2e59dd78,2018-06-27T22:34:16+02:00,click/_bashcomplete.py,255,0,0,46
click,8c5a89c7bb422b4cf04abc3f4fe678ce2e59dd78,2018-06-27T22:34:16+02:00,tests/test_bashcomplete.py,297,0,0,124
click,0aeb6df39f0c343189625035d9a54a5f9c8da730,2018-08-11T02:01:18+00:00,tests/test_formatting.py,270,0,0,29
click,0aeb6df39f0c343189625035d9a54a5f9c8da730,2018-08-11T02:01:18+00:00,click/_winconsole.py,273,0,1,0
click,0aeb6df39f0c343189625035d9a54a5f9c8da730,2018-08-11T02:01:18+00:00,click/utils.py,416,0,1,0
click,0aeb6df39f0c343189625035d9a54a5f9c8da730,2018-08-11T02:01:18+00:00,click/decorators.py,311,0,0,2
click,0aeb6df39f0c343189625035d9a54a5f9c8da730,2018-08-11T02:01:18+00:00,click/_compat.py,697,6,7,0
click,0aeb6df39f0c343189625035d9a54a5f9c8da730,2018-08-11T02:01:18+00:00,click/termui.py,602,0,1,0
click,0aeb6df39f0c343189625035d9a54a5f9c8da730,2018-08-11T02:01:18+00:00,click/types.py,610,6,0,9
click,0aeb6df39f0c343189625035d9a54a5f9c8da730,2018-08-11T02:01:18+00:00,click/exceptions.py,225,2,0,0
click,0aeb6df39f0c343189625035d9a54a5f9c8da730,2018-08-11T02:01:18+00:00,click/testing.py,374,2,2,0
click,0aeb6df39f0c343189625035d9a54a5f9c8da730,2018-08-11T02:01:18+00:00,click/core.py,1830,0,0,4
click,0aeb6df39f0c343189625035d9a54a5f9c8da730,2018-08-11T02:01:18+00:00,click/formatting.py,256,2,0,0
click,0aeb6df39f0c343189625035d9a54a5f9c8da730,2018-08-11T02:01:18+00:00,tests/test_context.py,241,0,0,36
click,db909671eaef0ce67332a051bb1396a661c65cff,2018-08-13T16:06:10+00:00,tests/test_testing.py,259,0,0,30
click,db909671eaef0ce67332a051bb1396a661c65cff,2018-08-13T16:06:10+00:00,tests/test_formatting.py,270,0,0,29
click,db909671eaef0ce67332a051bb1396a661c65cff,2018-08-13T16:06:10+00:00,click/_winconsole.py,273,0,1,0
click,db909671eaef0ce67332a051bb1396a661c65cff,2018-08-13T16:06:10+00:00,click/utils.py,416,0,1,0
click,db909671eaef0ce67332a051bb1396a661c65cff,2018-08-13T16:06:10+00:00,click/_compat.py,697,6,7,0
click,db909671eaef0ce67332a051bb1396a661c65cff,2018-08-13T16:06:10+00:00,click/termui.py,602,0,1,0
click,db909671eaef0ce67332a051bb1396a661c65cff,2018-08-13T16:06:10+00:00,click/types.py,613,6,0,9
click,db909671eaef0ce67332a051bb1396a661c65cff,2018-08-13T16:06:10+00:00,click/exceptions.py,225,2,0,90
click,db909671eaef0ce67332a051bb1396a661c65cff,2018-08-13T16:06:10+00:00,click/testing.py,374,2,2,0
click,db909671eaef0ce67332a051bb1396a661c65cff,2018-08-13T16:06:10+00:00,click/core.py,1830,0,0,50
click,db909671eaef0ce67332a051bb1396a661c65cff,2018-08-13T16:06:10+00:00,click/formatting.py,256,2,0,0
click,db909671eaef0ce67332a051bb1396a661c65cff,2018-08-13T16:06:10+00:00,tests/test_context.py,205,0,0,45
click,111a4c27234d324503e57fc83964ad59ad9bb567,2018-09-13T09:19:57-07:00,click/utils.py,416,0,1,24
click,111a4c27234d324503e57fc83964ad59ad9bb567,2018-09-13T09:19:57-07:00,click/_compat.py,697,6,7,8
click,111a4c27234d324503e57fc83964ad59ad9bb567,2018-09-13T09:19:57-07:00,click/termui.py,602,0,1,6
click,111a4c27234d324503e57fc83964ad59ad9bb567,2018-09-13T09:19:57-07:00,click/testing.py,374,2,2,0
click,111a4c27234d324503e57fc83964ad59ad9bb567,2018-09-13T09:19:57-07:00,click/_unicodefun.py,123,0,0,12
click,111a4c27234d324503e57fc83964ad59ad9bb567,2018-09-13T09:19:57-07:00,click/core.py,1853,0,0,5
click,111a4c27234d324503e57fc83964ad59ad9bb567,2018-09-13T09:19:57-07:00,click/parser.py,426,0,0,23
click,111a4c27234d324503e57fc83964ad59ad9bb567,2018-09-13T09:19:57-07:00,click/_termui_impl.py,586,0,0,75
click,111a4c27234d324503e57fc83964ad59ad9bb567,2018-09-13T09:19:57-07:00,click/_winconsole.py,273,0,1,52
click,111a4c27234d324503e57fc83964ad59ad9bb567,2018-09-13T09:19:57-07:00,setup.py,57,0,0,75
click,111a4c27234d324503e57fc83964ad59ad9bb567,2018-09-13T09:19:57-07:00,click/__init__.py,99,0,0,26
click,111a4c27234d324503e57fc83964ad59ad9bb567,2018-09-13T09:19:57-07:00,click/types.py,668,6,0,0
click,111a4c27234d324503e57fc83964ad59ad9bb567,2018-09-13T09:19:57-07:00,click/exceptions.py,235,2,0,0
click,111a4c27234d324503e57fc83964ad59ad9bb567,2018-09-13T09:19:57-07:00,click/formatting.py,256,2,0,0
click,111a4c27234d324503e57fc83964ad59ad9bb567,2018-09-13T09:19:57-07:00,click/_bashcomplete.py,289,0,0,8
click,6c0d58591fcb2283400928909c3db36813609726,2018-09-22T16:59:06-07:00,click/parser.py,426,0,0,23
click,6c0d58591fcb2283400928909c3db36813609726,2018-09-22T16:59:06-07:00,click/_termui_impl.py,619,0,0,16
click,6c0d58591fcb2283400928909c3db36813609726,2018-09-22T16:59:06-07:00,click/_winconsole.py,305,0,1,52
click,6c0d58591fcb2283400928909c3db36813609726,2018-09-22T16:59:06-07:00,click/utils.py,440,0,1,0
click,6c0d58591fcb2283400928909c3db36813609726,2018-09-22T16:59:06-07:00,setup.py,57,0,0,75
click,6c0d58591fcb2283400928909c3db36813609726,2018-09-22T16:59:06-07:00,click/__init__.py,99,0,0,26
click,6c0d58591fcb2283400928909c3db36813609726,2018-09-22T16:59:06-07:00,click/_compat.py,698,6,7,8
click,6c0d58591fcb2283400928909c3db36813609726,2018-09-22T16:59:06-07:00,click/termui.py,606,0,1,2
click,6c0d58591fcb2283400928909c3db36813609726,2018-09-22T16:59:06-07:00,click/types.py,668,6,0,0
click,6c0d58591fcb2283400928909c3db36813609726,2018-09-22T16:59:06-07:00,click/exceptions.py,235,2,0,0
click,6c0d58591fcb2283400928909c3db36813609726,2018-09-22T16:59:06-07:00,click/testing.py,374,2,2,0
click,6c0d58591fcb2283400928909c3db36813609726,2018-09-22T16:59:06-07:00,click/_unicodefun.py,123,0,0,12
click,6c0d58591fcb2283400928909c3db36813609726,2018-09-22T16:59:06-07:00,click/formatting.py,256,2,0,0
click,6c0d58591fcb2283400928909c3db36813609726,2018-09-22T16:59:06-07:00,click/_bashcomplete.py,289,0,0,8
click,7817ae6701767a73c608e00874115cb409591f8b,2020-02-16T17:31:04-08:00,click/utils.py,440,0,1,0
click,7817ae6701767a73c608e00874115cb409591f8b,2020-02-16T17:31:04-08:00,click/_compat.py,744,6,7,216
click,7817ae6701767a73c608e00874115cb409591f8b,2020-02-16T17:31:04-08:00,click/termui.py,612,0,1,19
click,7817ae6701767a73c608e00874115cb409591f8b,2020-02-16T17:31:04-08:00,click/testing.py,377,2,2,0
click,7817ae6701767a73c608e00874115cb409591f8b,2020-02-16T17:31:04-08:00,click/core.py,1893,0,0,24
click,7817ae6701767a73c608e00874115cb409591f8b,2020-02-16T17:31:04-08:00,tests/test_utils.py,362,0,0,147
click,7817ae6701767a73c608e00874115cb409591f8b,2020-02-16T17:31:04-08:00,tests/test_imports.py,55,0,0,2
click,7817ae6701767a73c608e00874115cb409591f8b,2020-02-16T17:31:04-08:00,click/parser.py,427,0,0,9
click,7817ae6701767a73c608e00874115cb409591f8b,2020-02-16T17:31:04-08:00,click/_termui_impl.py,638,0,0,38
click,7817ae6701767a73c608e00874115cb409591f8b,2020-02-16T17:31:04-08:00,click/_winconsole.py,321,0,1,13
click,7817ae6701767a73c608e00874115cb409591f8b,2020-02-16T17:31:04-08:00,tests/test_arguments.py,298,0,0,9
click,7817ae6701767a73c608e00874115cb409591f8b,2020-02-16T17:31:04-08:00,setup.py,44,0,0,15
click,7817ae6701767a73c608e00874115cb409591f8b,2020-02-16T17:31:04-08:00,click/__init__.py,97,0,0,6
click,7817ae6701767a73c608e00874115cb409591f8b,2020-02-16T17:31:04-08:00,click/types.py,677,6,0,0
click,7817ae6701767a73c608e00874115cb409591f8b,2020-02-16T17:31:04-08:00,tests/test_basic.py,536,0,0,18
click,7817ae6701767a73c608e00874115cb409591f8b,2020-02-16T17:31:04-08:00,click/exceptions.py,235,2,0,13
click,7817ae6701767a73c608e00874115cb409591f8b,2020-02-16T17:31:04-08:00,tests/test_compat.py,35,0,0,8
click,7817ae6701767a73c608e00874115cb409591f8b,2020-02-16T17:31:04-08:00,tests/test_formatting.py,315,0,0,38
click,7817ae6701767a73c608e00874115cb409591f8b,2020-02-16T17:31:04-08:00,tests/test_termui.py,295,0,0,36
click,7817ae6701767a73c608e00874115cb409591f8b,2020-02-16T17:31:04-08:00,tests/test_options.py,515,0,0,75
click,7817ae6701767a73c608e00874115cb409591f8b,2020-02-16T17:31:04-08:00,click/formatting.py,256,2,0,16
click,7817ae6701767a73c608e00874115cb409591f8b,2020-02-16T17:31:04-08:00,click/_bashcomplete.py,293,0,0,12
click,7817ae6701767a73c608e00874115cb409591f8b,2020-02-16T17:31:04-08:00,tests/test_context.py,258,0,0,47
click,7817ae6701767a73c608e00874115cb409591f8b,2020-02-16T17:31:04-08:00,tests/test_bashcomplete.py,409,0,0,27
click,fb880d742d3670c9dc0c099bbc95051a1b381747,2020-02-16T19:48:32-08:00,click/utils.py,440,0,1,0
click,fb880d742d3670c9dc0c099bbc95051a1b381747,2020-02-16T19:48:32-08:00,click/_compat.py,750,6,7,216
click,fb880d742d3670c9dc0c099bbc95051a1b381747,2020-02-16T19:48:32-08:00,click/termui.py,612,0,1,19
click,fb880d742d3670c9dc0c099bbc95051a1b381747,2020-02-16T19:48:32-08:00,click/testing.py,377,2,2,0
click,fb880d742d3670c9dc0c099bbc95051a1b381747,2020-02-16T19:48:32-08:00,click/core.py,1894,0,0,17
click,fb880d742d3670c9dc0c099bbc95051a1b381747,2020-02-16T19:48:32-08:00,tests/test_utils.py,422,0,0,147
click,fb880d742d3670c9dc0c099bbc95051a1b381747,2020-02-16T19:48:32-08:00,tests/test_imports.py,55,0,0,2
click,fb880d742d3670c9dc0c099bbc95051a1b381747,2020-02-16T19:48:32-08:00,click/parser.py,427,0,0,9
click,fb880d742d3670c9dc0c099bbc95051a1b381747,2020-02-16T19:48:32-08:00,click/_termui_impl.py,638,0,0,38
click,fb880d742d3670c9dc0c099bbc95051a1b381747,2020-02-16T19:48:32-08:00,click/_winconsole.py,321,0,1,13
click,fb880d742d3670c9dc0c099bbc95051a1b381747,2020-02-16T19:48:32-08:00,setup.py,44,0,0,15
click,fb880d742d3670c9dc0c099bbc95051a1b381747,2020-02-16T19:48:32-08:00,click/__init__.py,97,0,0,6
click,fb880d742d3670c9dc0c099bbc95051a1b381747,2020-02-16T19:48:32-08:00,click/types.py,677,6,0,0
click,fb880d742d3670c9dc0c099bbc95051a1b381747,2020-02-16T19:48:32-08:00,tests/test_basic.py,536,0,0,18
click,fb880d742d3670c9dc0c099bbc95051a1b381747,2020-02-16T19:48:32-08:00,click/exceptions.py,235,2,0,0
click,fb880d742d3670c9dc0c099bbc95051a1b381747,2020-02-16T19:48:32-08:00,tests/test_compat.py,35,0,0,8
click,fb880d742d3670c9dc0c099bbc95051a1b381747,2020-02-16T19:48:32-08:00,tests/test_formatting.py,315,0,0,38
click,fb880d742d3670c9dc0c099bbc95051a1b381747,2020-02-16T19:48:32-08:00,tests/test_termui.py,295,0,0,36
click,fb880d742d3670c9dc0c099bbc95051a1b381747,2020-02-16T19:48:32-08:00,tests/test_options.py,523,0,0,52
click,fb880d742d3670c9dc0c099bbc95051a1b381747,2020-02-16T19:48:32-08:00,click/formatting.py,256,2,0,16
click,fb880d742d3670c9dc0c099bbc95051a1b381747,2020-02-16T19:48:32-08:00,click/_bashcomplete.py,293,0,0,12
click,fb880d742d3670c9dc0c099bbc95051a1b381747,2020-02-16T19:48:32-08:00,tests/test_context.py,258,0,0,47
click,fb880d742d3670c9dc0c099bbc95051a1b381747,2020-02-16T19:48:32-08:00,tests/test_bashcomplete.py,409,0,0,27
click,98a55ab1de06ee959d494d2b7ba11a5699921255,2020-02-22T13:54:50-08:00,tests/test_testing.py,301,0,0,142
click,98a55ab1de06ee959d494d2b7ba11a5699921255,2020-02-22T13:54:50-08:00,{click => src/click}/_compat.py,0,0,0,0
click,98a55ab1de06ee959d494d2b7ba11a5699921255,2020-02-22T13:54:50-08:00,click/utils.py,440,0,1,0
click,98a55ab1de06ee959d494d2b7ba11a5699921255,2020-02-22T13:54:50-08:00,src/click/_unicodefun.py,0,0,0,107
click,98a55ab1de06ee959d494d2b7ba11a5699921255,2020-02-22T13:54:50-08:00,{click => src/click}/exceptions.py,0,0,0,0
click,98a55ab1de06ee959d494d2b7ba11a5699921255,2020-02-22T13:54:50-08:00,examples/inout/setup.py,15,0,0,16
click,98a55ab1de06ee959d494d2b7ba11a5699921255,2020-02-22T13:54:50-08:00,tests/test_defaults.py,46,0,0,24
click,98a55ab1de06ee959d494d2b7ba11a5699921255,2020-02-22T13:54:50-08:00,examples/imagepipe/setup.py,16,0,0,17
click,98a55ab1de06ee959d494d2b7ba11a5699921255,2020-02-22T13:54:50-08:00,examples/complex/complex/commands/cmd_init.py,13,0,0,10
click,98a55ab1de06ee959d494d2b7ba11a5699921255,2020-02-22T13:54:50-08:00,tests/test_imports.py,55,0,0,49
click,98a55ab1de06ee959d494d2b7ba11a5699921255,2020-02-22T13:54:50-08:00,tests/test_normalization.py,39,0,0,20
click,98a55ab1de06ee959d494d2b7ba11a5699921255,2020-02-22T13:54:50-08:00,click/_termui_impl.py,638,0,0,36
click,98a55ab1de06ee959d494d2b7ba11a5699921255,2020-02-22T13:54:50-08:00,tests/test_arguments.py,307,0,0,258
click,98a55ab1de06ee959d494d2b7ba11a5699921255,2020-02-22T13:54:50-08:00,examples/naval/setup.py,15,0,0,16
click,98a55ab1de06ee959d494d2b7ba11a5699921255,2020-02-22T13:54:50-08:00,examples/complex/complex/cli.py,65,0,0,27
click,98a55ab1de06ee959d494d2b7ba11a5699921255,2020-02-22T13:54:50-08:00,tests/conftest.py,8,0,0,6
click,98a55ab1de06ee959d494d2b7ba11a5699921255,2020-02-22T13:54:50-08:00,tests/test_compat.py,35,0,0,38
click,98a55ab1de06ee959d494d2b7ba11a5699921255,2020-02-22T13:54:50-08:00,{click => src/click}/_unicodefun.py,0,0,0,0
click,98a55ab1de06ee959d494d2b7ba11a5699921255,2020-02-22T13:54:50-08:00,tests/test_formatting.py,315,0,0,302
click,98a55ab1de06ee959d494d2b7ba11a5699921255,2020-02-22T13:54:50-08:00,tests/test_termui.py,313,0,0,259
click,98a55ab1de06ee959d494d2b7ba11a5699921255,2020-02-22T13:54:50-08:00,tests/test_basic.py,536,0,0,445
click,98a55ab1de06ee959d494d2b7ba11a5699921255,2020-02-22T13:54:50-08:00,examples/complex/complex/commands/cmd_status.py,10,0,0,9
click,98a55ab1de06ee959d494d2b7ba11a5699921255,2020-02-22T13:54:50-08:00,{click => src/click}/termui.py,0,0,0,0
click,98a55ab1de06ee959d494d2b7ba11a5699921255,2020-02-22T13:54:50-08:00,tests/test_context.py,258,0,0,73
click,98a55ab1de06ee959d494d2b7ba11a5699921255,2020-02-22T13:54:50-08:00,examples/termui/setup.py,17,0,0,14
click,98a55ab1de06ee959d494d2b7ba11a5699921255,2020-02-22T13:54:50-08:00,src/click/parser.py,0,0,0,84
click,98a55ab1de06ee959d494d2b7ba11a5699921255,2020-02-22T13:54:50-08:00,src/click/core.py,0,0,0,592
click,98a55ab1de06ee959d494d2b7ba11a5699921255,2020-02-22T13:54:50-08:00,{click => src/click}/_termui_impl.py,0,0,0,0
click,98a55ab1de06ee959d494d2b7ba11a5699921255,2020-02-22T13:54:50-08:00,examples/validation/validation.py,44,0,0,38
click,98a55ab1de06ee959d494d2b7ba11a5699921255,2020-02-22T13:54:50-08:00,examples/bashcompletion/setup.py,15,0,0,16
click,98a55ab1de06ee959d494d2b7ba11a5699921255,2020-02-22T13:54:50-08:00,src/click/_compat.py,0,0,0,234
click,98a55ab1de06ee959d494d2b7ba11a5699921255,2020-02-22T13:54:50-08:00,click/testing.py,377,2,2,0
click,98a55ab1de06ee959d494d2b7ba11a5699921255,2020-02-22T13:54:50-08:00,examples/repo/setup.py,15,0,0,16
click,98a55ab1de06ee959d494d2b7ba11a5699921255,2020-02-22T13:54:50-08:00,src/click/utils.py,0,0,0,105
click,98a55ab1de06ee959d494d2b7ba11a5699921255,2020-02-22T13:54:50-08:00,{click => src/click}/core.py,0,0,0,0
click,98a55ab1de06ee959d494d2b7ba11a5699921255,2020-02-22T13:54:50-08:00,{click => src/click}/types.py,0,0,0,0
click,98a55ab1de06ee959d494d2b7ba11a5699921255,2020-02-22T13:54:50-08:00,{click => src/click}/__init__.py,0,0,0,0
click,98a55ab1de06ee959d494d2b7ba11a5699921255,2020-02-22T13:54:50-08:00,examples/imagepipe/imagepipe.py,266,0,0,129
click,98a55ab1de06ee959d494d2b7ba11a5699921255,2020-02-22T13:54:50-08:00,examples/termui/termui.py,156,0,0,130
click,98a55ab1de06ee959d494d2b7ba11a5699921255,2020-02-22T13:54:50-08:00,{click => src/click}/_textwrap.py,0,0,0,0
click,98a55ab1de06ee959d494d2b7ba11a5699921255,2020-02-22T13:54:50-08:00,{click => src/click}/_winconsole.py,0,0,0,0
click,98a55ab1de06ee959d494d2b7ba11a5699921255,2020-02-22T13:54:50-08:00,tests/test_options.py,548,0,0,469
click,98a55ab1de06ee959d494d2b7ba11a5699921255,2020-02-22T13:54:50-08:00,{click => src/click}/formatting.py,0,0,0,0
click,98a55ab1de06ee959d494d2b7ba11a5699921255,2020-02-22T13:54:50-08:00,src/click/_winconsole.py,0,0,0,162
click,98a55ab1de06ee959d494d2b7ba11a5699921255,2020-02-22T13:54:50-08:00,{click => src/click}/_bashcomplete.py,0,0,0,0
click,98a55ab1de06ee959d494d2b7ba11a5699921255,2020-02-22T13:54:50-08:00,click/_compat.py,770,4,7,4
click,98a55ab1de06ee959d494d2b7ba11a5699921255,2020-02-22T13:54:50-08:00,src/click/__init__.py,0,0,0,144
click,98a55ab1de06ee959d494d2b7ba11a5699921255,2020-02-22T13:54:50-08:00,click/termui.py,621,0,1,0
click,98a55ab1de06ee959d494d2b7ba11a5699921255,2020-02-22T13:54:50-08:00,examples/colors/setup.py,17,0,0,14
click,98a55ab1de06ee959d494d2b7ba11a5699921255,2020-02-22T13:54:50-08:00,examples/bashcompletion/bashcompletion.py,45,0,0,22
click,98a55ab1de06ee959d494d2b7ba11a5699921255,2020-02-22T13:54:50-08:00,docs/conf.py,52,0,0,4
click,98a55ab1de06ee959d494d2b7ba11a5699921255,2020-02-22T13:54:50-08:00,src/click/_textwrap.py,0,0,0,3
click,98a55ab1de06ee959d494d2b7ba11a5699921255,2020-02-22T13:54:50-08:00,examples/aliases/aliases.py,135,0,0,51
click,98a55ab1de06ee959d494d2b7ba11a5699921255,2020-02-22T13:54:50-08:00,examples/complex/setup.py,15,0,0,16
click,98a55ab1de06ee959d494d2b7ba11a5699921255,2020-02-22T13:54:50-08:00,src/click/_bashcomplete.py,0,0,0,163
click,98a55ab1de06ee959d494d2b7ba11a5699921255,2020-02-22T13:54:50-08:00,examples/repo/repo.py,151,0,0,117
click,98a55ab1de06ee959d494d2b7ba11a5699921255,2020-02-22T13:54:50-08:00,setup.py,44,0,0,24
click,98a55ab1de06ee959d494d2b7ba11a5699921255,2020-02-22T13:54:50-08:00,{click => src/click}/globals.py,0,0,0,0
click,98a55ab1de06ee959d494d2b7ba11a5699921255,2020-02-22T13:54:50-08:00,click/__init__.py,97,0,0,6
click,98a55ab1de06ee959d494d2b7ba11a5699921255,2020-02-22T13:54:50-08:00,{click => src/click}/decorators.py,0,0,0,0
click,98a55ab1de06ee959d494d2b7ba11a5699921255,2020-02-22T13:54:50-08:00,tests/test_commands.py,293,0,0,174
click,98a55ab1de06ee959d494d2b7ba11a5699921255,2020-02-22T13:54:50-08:00,src/click/formatting.py,0,0,0,109
click,98a55ab1de06ee959d494d2b7ba11a5699921255,2020-02-22T13:54:50-08:00,click/exceptions.py,248,2,0,0
click,98a55ab1de06ee959d494d2b7ba11a5699921255,2020-02-22T13:54:50-08:00,{click => src/click}/parser.py,0,0,0,0
click,98a55ab1de06ee959d494d2b7ba11a5699921255,2020-02-22T13:54:50-08:00,click/formatting.py,256,2,0,16
click,98a55ab1de06ee959d494d2b7ba11a5699921255,2020-02-22T13:54:50-08:00,src/click/termui.py,0,0,0,234
click,98a55ab1de06ee959d494d2b7ba11a5699921255,2020-02-22T13:54:50-08:00,src/click/exceptions.py,0,0,0,68
click,98a55ab1de06ee959d494d2b7ba11a5699921255,2020-02-22T13:54:50-08:00,click/_bashcomplete.py,293,0,0,93
click,98a55ab1de06ee959d494d2b7ba11a5699921255,2020-02-22T13:54:50-08:00,tests/test_bashcomplete.py,409,0,0,445
click,98a55ab1de06ee959d494d2b7ba11a5699921255,2020-02-22T13:54:50-08:00,src/click/types.py,0,0,0,298
click,98a55ab1de06ee959d494d2b7ba11a5699921255,2020-02-22T13:54:50-08:00,examples/colors/colors.py,28,0,0,36
click,98a55ab1de06ee959d494d2b7ba11a5699921255,2020-02-22T13:54:50-08:00,src/click/decorators.py,0,0,0,138
click,98a55ab1de06ee959d494d2b7ba11a5699921255,2020-02-22T13:54:50-08:00,click/core.py,1896,0,0,15
click,98a55ab1de06ee959d494d2b7ba11a5699921255,2020-02-22T13:54:50-08:00,examples/aliases/setup.py,15,0,0,16
click,98a55ab1de06ee959d494d2b7ba11a5699921255,2020-02-22T13:54:50-08:00,tests/test_utils.py,399,0,0,292
click,98a55ab1de06ee959d494d2b7ba11a5699921255,2020-02-22T13:54:50-08:00,src/click/_termui_impl.py,0,0,0,219
click,98a55ab1de06ee959d494d2b7ba11a5699921255,2020-02-22T13:54:50-08:00,click/parser.py,427,0,0,9
click,98a55ab1de06ee959d494d2b7ba11a5699921255,2020-02-22T13:54:50-08:00,examples/inout/inout.py,30,0,0,4
click,98a55ab1de06ee959d494d2b7ba11a5699921255,2020-02-22T13:54:50-08:00,examples/naval/naval.py,70,0,0,60
click,98a55ab1de06ee959d494d2b7ba11a5699921255,2020-02-22T13:54:50-08:00,{click => src/click}/testing.py,0,0,0,0
click,98a55ab1de06ee959d494d2b7ba11a5699921255,2020-02-22T13:54:50-08:00,click/_winconsole.py,321,0,1,13
click,98a55ab1de06ee959d494d2b7ba11a5699921255,2020-02-22T13:54:50-08:00,src/click/globals.py,0,0,0,9
click,98a55ab1de06ee959d494d2b7ba11a5699921255,2020-02-22T13:54:50-08:00,{click => src/click}/utils.py,0,0,0,0
click,98a55ab1de06ee959d494d2b7ba11a5699921255,2020-02-22T13:54:50-08:00,examples/validation/setup.py,15,0,0,16
click,98a55ab1de06ee959d494d2b7ba11a5699921255,2020-02-22T13:54:50-08:00,click/types.py,677,6,0,2
click,98a55ab1de06ee959d494d2b7ba11a5699921255,2020-02-22T13:54:50-08:00,src/click/testing.py,0,0,0,132
click,98a55ab1de06ee959d494d2b7ba11a5699921255,2020-02-22T13:54:50-08:00,tests/test_chain.py,252,0,0,157
click,a1de45c1aa4bd87c6516755de61b7ca52e135462,2020-03-06T14:42:50-08:00,src/click/_winconsole.py,368,3,1,8
click,a1de45c1aa4bd87c6516755de61b7ca52e135462,2020-03-06T14:42:50-08:00,tests/test_testing.py,303,0,0,8
click,a1de45c1aa4bd87c6516755de61b7ca52e135462,2020-03-06T14:42:50-08:00,src/click/_unicodefun.py,130,0,0,58
click,a1de45c1aa4bd87c6516755de61b7ca52e135462,2020-03-06T14:42:50-08:00,src/click/__init__.py,79,0,0,6
click,a1de45c1aa4bd87c6516755de61b7ca52e135462,2020-03-06T14:42:50-08:00,tests/test_defaults.py,46,0,0,14
click,a1de45c1aa4bd87c6516755de61b7ca52e135462,2020-03-06T14:42:50-08:00,examples/bashcompletion/bashcompletion.py,45,0,0,6
click,a1de45c1aa4bd87c6516755de61b7ca52e135462,2020-03-06T14:42:50-08:00,examples/aliases/aliases.py,142,0,0,8
click,a1de45c1aa4bd87c6516755de61b7ca52e135462,2020-03-06T14:42:50-08:00,src/click/_bashcomplete.py,375,0,0,4
click,a1de45c1aa4bd87c6516755de61b7ca52e135462,2020-03-06T14:42:50-08:00,examples/repo/repo.py,166,0,0,22
click,a1de45c1aa4bd87c6516755de61b7ca52e135462,2020-03-06T14:42:50-08:00,tests/test_imports.py,74,0,0,46
click,a1de45c1aa4bd87c6516755de61b7ca52e135462,2020-03-06T14:42:50-08:00,tests/test_arguments.py,335,0,0,56
click,a1de45c1aa4bd87c6516755de61b7ca52e135462,2020-03-06T14:42:50-08:00,tests/test_commands.py,301,0,0,10
click,a1de45c1aa4bd87c6516755de61b7ca52e135462,2020-03-06T14:42:50-08:00,src/click/formatting.py,279,2,0,14
click,a1de45c1aa4bd87c6516755de61b7ca52e135462,2020-03-06T14:42:50-08:00,examples/complex/complex/cli.py,62,0,0,4
click,a1de45c1aa4bd87c6516755de61b7ca52e135462,2020-03-06T14:42:50-08:00,tests/test_compat.py,47,0,0,4
click,a1de45c1aa4bd87c6516755de61b7ca52e135462,2020-03-06T14:42:50-08:00,tests/test_basic.py,565,0,0,55
click,a1de45c1aa4bd87c6516755de61b7ca52e135462,2020-03-06T14:42:50-08:00,tests/test_formatting.py,353,0,0,30
click,a1de45c1aa4bd87c6516755de61b7ca52e135462,2020-03-06T14:42:50-08:00,tests/test_termui.py,326,0,0,8
click,a1de45c1aa4bd87c6516755de61b7ca52e135462,2020-03-06T14:42:50-08:00,src/click/termui.py,681,0,1,28
click,a1de45c1aa4bd87c6516755de61b7ca52e135462,2020-03-06T14:42:50-08:00,src/click/exceptions.py,254,2,0,41
click,a1de45c1aa4bd87c6516755de61b7ca52e135462,2020-03-06T14:42:50-08:00,tests/test_context.py,263,0,0,6
click,a1de45c1aa4bd87c6516755de61b7ca52e135462,2020-03-06T14:42:50-08:00,src/click/parser.py,428,0,0,16
click,a1de45c1aa4bd87c6516755de61b7ca52e135462,2020-03-06T14:42:50-08:00,src/click/core.py,2041,0,0,150
click,a1de45c1aa4bd87c6516755de61b7ca52e135462,2020-03-06T14:42:50-08:00,src/click/types.py,743,12,0,99
click,a1de45c1aa4bd87c6516755de61b7ca52e135462,2020-03-06T14:42:50-08:00,examples/validation/validation.py,52,0,0,10
click,a1de45c1aa4bd87c6516755de61b7ca52e135462,2020-03-06T14:42:50-08:00,examples/colors/colors.py,42,0,0,8
click,a1de45c1aa4bd87c6516755de61b7ca52e135462,2020-03-06T14:42:50-08:00,src/click/decorators.py,333,0,0,4
click,a1de45c1aa4bd87c6516755de61b7ca52e135462,2020-03-06T14:42:50-08:00,src/click/_compat.py,792,4,7,16
click,a1de45c1aa4bd87c6516755de61b7ca52e135462,2020-03-06T14:42:50-08:00,src/click/utils.py,455,0,1,14
click,a1de45c1aa4bd87c6516755de61b7ca52e135462,2020-03-06T14:42:50-08:00,tests/test_utils.py,395,0,0,8
click,a1de45c1aa4bd87c6516755de61b7ca52e135462,2020-03-06T14:42:50-08:00,src/click/_termui_impl.py,659,0,0,34
click,a1de45c1aa4bd87c6516755de61b7ca52e135462,2020-03-06T14:42:50-08:00,examples/imagepipe/imagepipe.py,291,0,0,55
click,a1de45c1aa4bd87c6516755de61b7ca52e135462,2020-03-06T14:42:50-08:00,examples/termui/termui.py,170,0,0,12
click,a1de45c1aa4bd87c6516755de61b7ca52e135462,2020-03-06T14:42:50-08:00,examples/naval/naval.py,72,0,0,10
click,a1de45c1aa4bd87c6516755de61b7ca52e135462,2020-03-06T14:42:50-08:00,src/click/testing.py,383,2,2,50
click,a1de45c1aa4bd87c6516755de61b7ca52e135462,2020-03-06T14:42:50-08:00,tests/test_options.py,561,0,0,25
click,a1de45c1aa4bd87c6516755de61b7ca52e135462,2020-03-06T14:42:50-08:00,tests/test_chain.py,257,0,0,59
click,567929f6179c0e9a0b0fbf1237d6e1264f04fa1c,2020-03-09T08:17:10-07:00,src/click/_winconsole.py,370,3,1,0
click,567929f6179c0e9a0b0fbf1237d6e1264f04fa1c,2020-03-09T08:17:10-07:00,src/click/__init__.py,79,0,0,4
click,567929f6179c0e9a0b0fbf1237d6e1264f04fa1c,2020-03-09T08:17:10-07:00,src/click/types.py,762,18,0,0
click,567929f6179c0e9a0b0fbf1237d6e1264f04fa1c,2020-03-09T08:17:10-07:00,src/click/formatting.py,283,2,0,0
click,567929f6179c0e9a0b0fbf1237d6e1264f04fa1c,2020-03-09T08:17:10-07:00,src/click/_compat.py,790,4,7,0
click,567929f6179c0e9a0b0fbf1237d6e1264f04fa1c,2020-03-09T08:17:10-07:00,src/click/testing.py,382,2,2,0
click,567929f6179c0e9a0b0fbf1237d6e1264f04fa1c,2020-03-09T08:17:10-07:00,src/click/utils.py,455,0,1,0
click,567929f6179c0e9a0b0fbf1237d6e1264f04fa1c,2020-03-09T08:17:10-07:00,src/click/termui.py,695,0,1,0
click,567929f6179c0e9a0b0fbf1237d6e1264f04fa1c,2020-03-09T08:17:10-07:00,src/click/exceptions.py,253,2,0,2
click,5cddd7f652a885c16e2e9154ab242f6730c3ea92,2020-04-20T07:12:52-07:00,src/click/_winconsole.py,370,3,1,94
click,5cddd7f652a885c16e2e9154ab242f6730c3ea92,2020-04-20T07:12:52-07:00,tests/test_testing.py,303,0,0,20
click,5cddd7f652a885c16e2e9154ab242f6730c3ea92,2020-04-20T07:12:52-07:00,src/click/_unicodefun.py,131,0,0,69
click,5cddd7f652a885c16e2e9154ab242f6730c3ea92,2020-04-20T07:12:52-07:00,src/click/__init__.py,79,0,0,8
click,5cddd7f652a885c16e2e9154ab242f6730c3ea92,2020-04-20T07:12:52-07:00,tests/test_defaults.py,40,0,0,6
click,5cddd7f652a885c16e2e9154ab242f6730c3ea92,2020-04-20T07:12:52-07:00,examples/bashcompletion/bashcompletion.py,45,0,0,6
click,5cddd7f652a885c16e2e9154ab242f6730c3ea92,2020-04-20T07:12:52-07:00,docs/conf.py,50,0,0,5
click,5cddd7f652a885c16e2e9154ab242f6730c3ea92,2020-04-20T07:12:52-07:00,src/click/_textwrap.py,37,0,0,2
click,5cddd7f652a885c16e2e9154ab242f6730c3ea92,2020-04-20T07:12:52-07:00,examples/aliases/aliases.py,142,0,0,14
click,5cddd7f652a885c16e2e9154ab242f6730c3ea92,2020-04-20T07:12:52-07:00,src/click/_bashcomplete.py,375,0,0,10
click,5cddd7f652a885c16e2e9154ab242f6730c3ea92,2020-04-20T07:12:52-07:00,tests/test_imports.py,72,0,0,10
click,5cddd7f652a885c16e2e9154ab242f6730c3ea92,2020-04-20T07:12:52-07:00,examples/complex/complex/commands/cmd_init.py,13,0,0,2
click,5cddd7f652a885c16e2e9154ab242f6730c3ea92,2020-04-20T07:12:52-07:00,examples/repo/repo.py,166,0,0,20
click,5cddd7f652a885c16e2e9154ab242f6730c3ea92,2020-04-20T07:12:52-07:00,tests/test_arguments.py,315,0,0,44
click,5cddd7f652a885c16e2e9154ab242f6730c3ea92,2020-04-20T07:12:52-07:00,tests/test_commands.py,301,0,0,11
click,5cddd7f652a885c16e2e9154ab242f6730c3ea92,2020-04-20T07:12:52-07:00,src/click/formatting.py,283,2,0,16
click,5cddd7f652a885c16e2e9154ab242f6730c3ea92,2020-04-20T07:12:52-07:00,tests/test_basic.py,560,0,0,27
click,5cddd7f652a885c16e2e9154ab242f6730c3ea92,2020-04-20T07:12:52-07:00,examples/complex/complex/cli.py,64,0,0,8
click,5cddd7f652a885c16e2e9154ab242f6730c3ea92,2020-04-20T07:12:52-07:00,tests/test_compat.py,31,0,0,18
click,5cddd7f652a885c16e2e9154ab242f6730c3ea92,2020-04-20T07:12:52-07:00,tests/test_formatting.py,353,0,0,9
click,5cddd7f652a885c16e2e9154ab242f6730c3ea92,2020-04-20T07:12:52-07:00,tests/test_termui.py,370,0,0,21
click,5cddd7f652a885c16e2e9154ab242f6730c3ea92,2020-04-20T07:12:52-07:00,src/click/termui.py,695,0,1,51
click,5cddd7f652a885c16e2e9154ab242f6730c3ea92,2020-04-20T07:12:52-07:00,src/click/exceptions.py,253,2,0,58
click,5cddd7f652a885c16e2e9154ab242f6730c3ea92,2020-04-20T07:12:52-07:00,tests/test_context.py,328,0,0,13
click,5cddd7f652a885c16e2e9154ab242f6730c3ea92,2020-04-20T07:12:52-07:00,tests/test_bashcomplete.py,500,0,0,1
click,5cddd7f652a885c16e2e9154ab242f6730c3ea92,2020-04-20T07:12:52-07:00,src/click/parser.py,432,0,0,27
click,5cddd7f652a885c16e2e9154ab242f6730c3ea92,2020-04-20T07:12:52-07:00,src/click/core.py,2087,0,0,155
click,5cddd7f652a885c16e2e9154ab242f6730c3ea92,2020-04-20T07:12:52-07:00,src/click/types.py,762,18,0,120
click,5cddd7f652a885c16e2e9154ab242f6730c3ea92,2020-04-20T07:12:52-07:00,examples/validation/validation.py,52,0,0,16
click,5cddd7f652a885c16e2e9154ab242f6730c3ea92,2020-04-20T07:12:52-07:00,examples/colors/colors.py,44,0,0,10
click,5cddd7f652a885c16e2e9154ab242f6730c3ea92,2020-04-20T07:12:52-07:00,src/click/decorators.py,333,0,0,10
click,5cddd7f652a885c16e2e9154ab242f6730c3ea92,2020-04-20T07:12:52-07:00,src/click/_compat.py,790,4,7,561
click,5cddd7f652a885c16e2e9154ab242f6730c3ea92,2020-04-20T07:12:52-07:00,src/click/utils.py,455,0,1,95
click,5cddd7f652a885c16e2e9154ab242f6730c3ea92,2020-04-20T07:12:52-07:00,tests/test_utils.py,395,0,0,41
click,5cddd7f652a885c16e2e9154ab242f6730c3ea92,2020-04-20T07:12:52-07:00,src/click/_termui_impl.py,678,0,0,98
click,5cddd7f652a885c16e2e9154ab242f6730c3ea92,2020-04-20T07:12:52-07:00,examples/imagepipe/imagepipe.py,294,0,0,48
click,5cddd7f652a885c16e2e9154ab242f6730c3ea92,2020-04-20T07:12:52-07:00,examples/termui/termui.py,170,0,0,17
click,5cddd7f652a885c16e2e9154ab242f6730c3ea92,2020-04-20T07:12:52-07:00,examples/naval/naval.py,72,0,0,10
click,5cddd7f652a885c16e2e9154ab242f6730c3ea92,2020-04-20T07:12:52-07:00,src/click/testing.py,382,2,2,80
click,5cddd7f652a885c16e2e9154ab242f6730c3ea92,2020-04-20T07:12:52-07:00,tests/test_options.py,558,0,0,31
click,5cddd7f652a885c16e2e9154ab242f6730c3ea92,2020-04-20T07:12:52-07:00,tests/test_chain.py,230,0,0,15
click,951babf84c3ae45a36f524eab9d8399136c8e245,2020-05-23T16:06:45-07:00,src/click/_winconsole.py,308,3,1,0
click,951babf84c3ae45a36f524eab9d8399136c8e245,2020-05-23T16:06:45-07:00,src/click/types.py,726,12,0,0
click,951babf84c3ae45a36f524eab9d8399136c8e245,2020-05-23T16:06:45-07:00,src/click/formatting.py,279,2,0,0
click,951babf84c3ae45a36f524eab9d8399136c8e245,2020-05-23T16:06:45-07:00,src/click/_compat.py,611,2,4,0
click,951babf84c3ae45a36f524eab9d8399136c8e245,2020-05-23T16:06:45-07:00,src/click/testing.py,362,2,2,0
click,951babf84c3ae45a36f524eab9d8399136c8e245,2020-05-23T16:06:45-07:00,src/click/utils.py,440,0,1,0
click,951babf84c3ae45a36f524eab9d8399136c8e245,2020-05-23T16:06:45-07:00,src/click/termui.py,688,0,1,0
click,951babf84c3ae45a36f524eab9d8399136c8e245,2020-05-23T16:06:45-07:00,src/click/exceptions.py,233,2,0,0
click,951babf84c3ae45a36f524eab9d8399136c8e245,2020-05-23T16:06:45-07:00,src/click/_bashcomplete.py,371,0,0,6
click,951babf84c3ae45a36f524eab9d8399136c8e245,2020-05-23T16:06:45-07:00,tests/test_bashcomplete.py,499,0,0,62
click,9cfa961deed93af69ab43b679f0a0308fd518ecc,2020-06-11T13:14:40-07:00,src/click/_winconsole.py,308,3,1,0
click,9cfa961deed93af69ab43b679f0a0308fd518ecc,2020-06-11T13:14:40-07:00,tests/test_options.py,557,0,0,15
click,9cfa961deed93af69ab43b679f0a0308fd518ecc,2020-06-11T13:14:40-07:00,src/click/core.py,2070,0,0,9
click,9cfa961deed93af69ab43b679f0a0308fd518ecc,2020-06-11T13:14:40-07:00,src/click/types.py,726,12,0,0
click,9cfa961deed93af69ab43b679f0a0308fd518ecc,2020-06-11T13:14:40-07:00,src/click/decorators.py,331,0,0,286
click,9cfa961deed93af69ab43b679f0a0308fd518ecc,2020-06-11T13:14:40-07:00,src/click/formatting.py,279,2,0,0
click,9cfa961deed93af69ab43b679f0a0308fd518ecc,2020-06-11T13:14:40-07:00,src/click/_compat.py,611,2,4,0
click,9cfa961deed93af69ab43b679f0a0308fd518ecc,2020-06-11T13:14:40-07:00,src/click/testing.py,362,2,2,0
click,9cfa961deed93af69ab43b679f0a0308fd518ecc,2020-06-11T13:14:40-07:00,src/click/utils.py,440,0,1,0
click,9cfa961deed93af69ab43b679f0a0308fd518ecc,2020-06-11T13:14:40-07:00,src/click/termui.py,688,0,1,5
click,9cfa961deed93af69ab43b679f0a0308fd518ecc,2020-06-11T13:14:40-07:00,src/click/exceptions.py,233,2,0,0
click,a3661dacb612de532cbc8ee8e764f38cbc159ca0,2020-07-16T08:23:20+00:00,src/click/_winconsole.py,308,3,1,0
click,a3661dacb612de532cbc8ee8e764f38cbc159ca0,2020-07-16T08:23:20+00:00,src/click/types.py,726,12,0,0
click,a3661dacb612de532cbc8ee8e764f38cbc159ca0,2020-07-16T08:23:20+00:00,src/click/decorators.py,375,2,0,0
click,a3661dacb612de532cbc8ee8e764f38cbc159ca0,2020-07-16T08:23:20+00:00,src/click/formatting.py,279,2,0,0
click,a3661dacb612de532cbc8ee8e764f38cbc159ca0,2020-07-16T08:23:20+00:00,src/click/_compat.py,611,2,4,0
click,a3661dacb612de532cbc8ee8e764f38cbc159ca0,2020-07-16T08:23:20+00:00,src/click/testing.py,362,2,2,0
click,a3661dacb612de532cbc8ee8e764f38cbc159ca0,2020-07-16T08:23:20+00:00,src/click/utils.py,440,0,1,0
click,a3661dacb612de532cbc8ee8e764f38cbc159ca0,2020-07-16T08:23:20+00:00,src/click/termui.py,691,0,1,0
click,a3661dacb612de532cbc8ee8e764f38cbc159ca0,2020-07-16T08:23:20+00:00,src/click/exceptions.py,233,2,0,0
click,233d389fbf9889038fc08e00ebd8b234954d8c9f,2020-07-29T08:24:10+00:00,src/click/_winconsole.py,308,3,1,2
click,233d389fbf9889038fc08e00ebd8b234954d8c9f,2020-07-29T08:24:10+00:00,tests/test_testing.py,297,0,0,13
click,233d389fbf9889038fc08e00ebd8b234954d8c9f,2020-07-29T08:24:10+00:00,src/click/parser.py,431,0,0,4
click,233d389fbf9889038fc08e00ebd8b234954d8c9f,2020-07-29T08:24:10+00:00,tests/test_termui.py,369,0,0,28
click,233d389fbf9889038fc08e00ebd8b234954d8c9f,2020-07-29T08:24:10+00:00,src/click/core.py,2079,0,0,234
click,233d389fbf9889038fc08e00ebd8b234954d8c9f,2020-07-29T08:24:10+00:00,src/click/types.py,726,12,0,38
click,233d389fbf9889038fc08e00ebd8b234954d8c9f,2020-07-29T08:24:10+00:00,src/click/decorators.py,375,2,0,0
click,233d389fbf9889038fc08e00ebd8b234954d8c9f,2020-07-29T08:24:10+00:00,src/click/_compat.py,611,2,4,0
click,233d389fbf9889038fc08e00ebd8b234954d8c9f,2020-07-29T08:24:10+00:00,src/click/utils.py,440,0,1,49
click,233d389fbf9889038fc08e00ebd8b234954d8c9f,2020-07-29T08:24:10+00:00,tests/test_chain.py,229,0,0,19
click,233d389fbf9889038fc08e00ebd8b234954d8c9f,2020-07-29T08:24:10+00:00,tests/test_utils.py,384,0,0,30
click,233d389fbf9889038fc08e00ebd8b234954d8c9f,2020-07-29T08:24:10+00:00,src/click/_termui_impl.py,667,0,0,50
click,233d389fbf9889038fc08e00ebd8b234954d8c9f,2020-07-29T08:24:10+00:00,tests/test_custom_classes.py,0,0,0,112
click,233d389fbf9889038fc08e00ebd8b234954d8c9f,2020-07-29T08:24:10+00:00,tests/test_arguments.py,305,0,0,100
click,233d389fbf9889038fc08e00ebd8b234954d8c9f,2020-07-29T08:24:10+00:00,tests/test_commands.py,316,0,0,2
click,233d389fbf9889038fc08e00ebd8b234954d8c9f,2020-07-29T08:24:10+00:00,src/click/formatting.py,279,2,0,0
click,233d389fbf9889038fc08e00ebd8b234954d8c9f,2020-07-29T08:24:10+00:00,tests/test_basic.py,559,0,0,81
click,233d389fbf9889038fc08e00ebd8b234954d8c9f,2020-07-29T08:24:10+00:00,src/click/testing.py,362,2,2,41
click,233d389fbf9889038fc08e00ebd8b234954d8c9f,2020-07-29T08:24:10+00:00,tests/test_options.py,572,0,0,29
click,233d389fbf9889038fc08e00ebd8b234954d8c9f,2020-07-29T08:24:10+00:00,src/click/termui.py,691,0,1,31
click,233d389fbf9889038fc08e00ebd8b234954d8c9f,2020-07-29T08:24:10+00:00,src/click/exceptions.py,233,2,0,17
click,233d389fbf9889038fc08e00ebd8b234954d8c9f,2020-07-29T08:24:10+00:00,tests/test_context.py,327,0,0,18
click,082784793f114a2a1d9846990b14c8aeade6f2a7,2021-02-01T09:52:43+00:00,src/click/_winconsole.py,308,3,1,0
click,082784793f114a2a1d9846990b14c8aeade6f2a7,2021-02-01T09:52:43+00:00,tests/test_options.py,691,0,0,4
click,082784793f114a2a1d9846990b14c8aeade6f2a7,2021-02-01T09:52:43+00:00,src/click/globals.py,47,0,0,2
click,082784793f114a2a1d9846990b14c8aeade6f2a7,2021-02-01T09:52:43+00:00,tests/test_termui.py,448,0,0,2
click,082784793f114a2a1d9846990b14c8aeade6f2a7,2021-02-01T09:52:43+00:00,src/click/core.py,2600,1,0,0
click,082784793f114a2a1d9846990b14c8aeade6f2a7,2021-02-01T09:52:43+00:00,tests/test_shell_completion.py,316,0,0,4
click,082784793f114a2a1d9846990b14c8aeade6f2a7,2021-02-01T09:52:43+00:00,src/click/shell_completion.py,541,4,0,0
click,082784793f114a2a1d9846990b14c8aeade6f2a7,2021-02-01T09:52:43+00:00,src/click/decorators.py,375,2,0,0
click,082784793f114a2a1d9846990b14c8aeade6f2a7,2021-02-01T09:52:43+00:00,src/click/formatting.py,279,2,0,0
click,082784793f114a2a1d9846990b14c8aeade6f2a7,2021-02-01T09:52:43+00:00,src/click/_compat.py,611,2,4,0
click,082784793f114a2a1d9846990b14c8aeade6f2a7,2021-02-01T09:52:43+00:00,tests/test_formatting.py,358,0,0,22
click,082784793f114a2a1d9846990b14c8aeade6f2a7,2021-02-01T09:52:43+00:00,src/click/testing.py,397,2,2,0
click,082784793f114a2a1d9846990b14c8aeade6f2a7,2021-02-01T09:52:43+00:00,src/click/utils.py,492,0,1,0
click,082784793f114a2a1d9846990b14c8aeade6f2a7,2021-02-01T09:52:43+00:00,src/click/termui.py,741,0,1,0
click,082784793f114a2a1d9846990b14c8aeade6f2a7,2021-02-01T09:52:43+00:00,src/click/exceptions.py,232,2,0,0
click,cc54113894d97a188e9be3c2febe3b199d46ae15,2021-02-08T12:41:31-08:00,src/click/_winconsole.py,308,3,1,69
click,cc54113894d97a188e9be3c2febe3b199d46ae15,2021-02-08T12:41:31-08:00,tests/test_testing.py,321,0,0,15
click,cc54113894d97a188e9be3c2febe3b199d46ae15,2021-02-08T12:41:31-08:00,examples/colors/setup.py,17,0,0,6
click,cc54113894d97a188e9be3c2febe3b199d46ae15,2021-02-08T12:41:31-08:00,tests/test_imports.py,66,0,0,5
click,cc54113894d97a188e9be3c2febe3b199d46ae15,2021-02-08T12:41:31-08:00,setup.py,3,0,0,2
click,cc54113894d97a188e9be3c2febe3b199d46ae15,2021-02-08T12:41:31-08:00,src/click/formatting.py,279,2,0,8
click,cc54113894d97a188e9be3c2febe3b199d46ae15,2021-02-08T12:41:31-08:00,tests/test_formatting.py,358,0,0,22
click,cc54113894d97a188e9be3c2febe3b199d46ae15,2021-02-08T12:41:31-08:00,tests/test_termui.py,448,0,0,2
click,cc54113894d97a188e9be3c2febe3b199d46ae15,2021-02-08T12:41:31-08:00,src/click/termui.py,741,0,1,76
click,cc54113894d97a188e9be3c2febe3b199d46ae15,2021-02-08T12:41:31-08:00,src/click/exceptions.py,232,2,0,0
click,cc54113894d97a188e9be3c2febe3b199d46ae15,2021-02-08T12:41:31-08:00,examples/termui/setup.py,17,0,0,6
click,cc54113894d97a188e9be3c2febe3b199d46ae15,2021-02-08T12:41:31-08:00,src/click/core.py,2600,1,0,13
click,cc54113894d97a188e9be3c2febe3b199d46ae15,2021-02-08T12:41:31-08:00,src/click/types.py,924,0,0,7
click,cc54113894d97a188e9be3c2febe3b199d46ae15,2021-02-08T12:41:31-08:00,tests/test_shell_completion.py,316,0,0,4
click,cc54113894d97a188e9be3c2febe3b199d46ae15,2021-02-08T12:41:31-08:00,examples/colors/colors.py,40,0,0,5
click,cc54113894d97a188e9be3c2febe3b199d46ae15,2021-02-08T12:41:31-08:00,src/click/decorators.py,375,2,0,0
click,cc54113894d97a188e9be3c2febe3b199d46ae15,2021-02-08T12:41:31-08:00,src/click/_compat.py,611,2,4,106
click,cc54113894d97a188e9be3c2febe3b199d46ae15,2021-02-08T12:41:31-08:00,src/click/utils.py,492,0,1,77
click,cc54113894d97a188e9be3c2febe3b199d46ae15,2021-02-08T12:41:31-08:00,tests/test_utils.py,423,0,0,8
click,cc54113894d97a188e9be3c2febe3b199d46ae15,2021-02-08T12:41:31-08:00,src/click/_termui_impl.py,686,0,0,4
click,cc54113894d97a188e9be3c2febe3b199d46ae15,2021-02-08T12:41:31-08:00,src/click/globals.py,47,0,0,2
click,cc54113894d97a188e9be3c2febe3b199d46ae15,2021-02-08T12:41:31-08:00,src/click/shell_completion.py,541,4,0,11
click,cc54113894d97a188e9be3c2febe3b199d46ae15,2021-02-08T12:41:31-08:00,src/click/testing.py,397,2,2,28
click,cc54113894d97a188e9be3c2febe3b199d46ae15,2021-02-08T12:41:31-08:00,tests/test_options.py,691,0,0,20
click,3f44bac66138570ec9bfb7cefb8b90a5e4c9f91c,2021-02-08T17:31:44-08:00,src/click/_winconsole.py,308,3,1,69
click,3f44bac66138570ec9bfb7cefb8b90a5e4c9f91c,2021-02-08T17:31:44-08:00,tests/test_testing.py,321,0,0,15
click,3f44bac66138570ec9bfb7cefb8b90a5e4c9f91c,2021-02-08T17:31:44-08:00,examples/colors/setup.py,17,0,0,6
click,3f44bac66138570ec9bfb7cefb8b90a5e4c9f91c,2021-02-08T17:31:44-08:00,tests/test_imports.py,66,0,0,5
click,3f44bac66138570ec9bfb7cefb8b90a5e4c9f91c,2021-02-08T17:31:44-08:00,setup.py,3,0,0,2
click,3f44bac66138570ec9bfb7cefb8b90a5e4c9f91c,2021-02-08T17:31:44-08:00,src/click/formatting.py,279,2,0,8
click,3f44bac66138570ec9bfb7cefb8b90a5e4c9f91c,2021-02-08T17:31:44-08:00,tests/test_formatting.py,354,0,0,22
click,3f44bac66138570ec9bfb7cefb8b90a5e4c9f91c,2021-02-08T17:31:44-08:00,tests/test_termui.py,448,0,0,2
click,3f44bac66138570ec9bfb7cefb8b90a5e4c9f91c,2021-02-08T17:31:44-08:00,src/click/termui.py,741,0,1,76
click,3f44bac66138570ec9bfb7cefb8b90a5e4c9f91c,2021-02-08T17:31:44-08:00,src/click/exceptions.py,232,2,0,0
click,3f44bac66138570ec9bfb7cefb8b90a5e4c9f91c,2021-02-08T17:31:44-08:00,examples/termui/setup.py,17,0,0,6
click,3f44bac66138570ec9bfb7cefb8b90a5e4c9f91c,2021-02-08T17:31:44-08:00,src/click/core.py,2600,1,0,13
click,3f44bac66138570ec9bfb7cefb8b90a5e4c9f91c,2021-02-08T17:31:44-08:00,src/click/types.py,924,0,0,7
click,3f44bac66138570ec9bfb7cefb8b90a5e4c9f91c,2021-02-08T17:31:44-08:00,tests/test_shell_completion.py,314,0,0,4
click,3f44bac66138570ec9bfb7cefb8b90a5e4c9f91c,2021-02-08T17:31:44-08:00,examples/colors/colors.py,40,0,0,5
click,3f44bac66138570ec9bfb7cefb8b90a5e4c9f91c,2021-02-08T17:31:44-08:00,src/click/decorators.py,375,2,0,0
click,3f44bac66138570ec9bfb7cefb8b90a5e4c9f91c,2021-02-08T17:31:44-08:00,src/click/_compat.py,611,2,4,106
click,3f44bac66138570ec9bfb7cefb8b90a5e4c9f91c,2021-02-08T17:31:44-08:00,src/click/utils.py,492,0,1,77
click,3f44bac66138570ec9bfb7cefb8b90a5e4c9f91c,2021-02-08T17:31:44-08:00,tests/test_utils.py,423,0,0,8
click,3f44bac66138570ec9bfb7cefb8b90a5e4c9f91c,2021-02-08T17:31:44-08:00,src/click/_termui_impl.py,686,0,0,4
click,3f44bac66138570ec9bfb7cefb8b90a5e4c9f91c,2021-02-08T17:31:44-08:00,src/click/globals.py,47,0,0,2
click,3f44bac66138570ec9bfb7cefb8b90a5e4c9f91c,2021-02-08T17:31:44-08:00,src/click/shell_completion.py,541,4,0,11
click,3f44bac66138570ec9bfb7cefb8b90a5e4c9f91c,2021-02-08T17:31:44-08:00,src/click/testing.py,397,2,2,28
click,3f44bac66138570ec9bfb7cefb8b90a5e4c9f91c,2021-02-08T17:31:44-08:00,tests/test_options.py,691,0,0,20
click,fd5ef0e268c5454dafcaa323268cced80c2fd9ef,2021-04-16T07:02:31-07:00,src/click/_winconsole.py,301,3,1,64
click,fd5ef0e268c5454dafcaa323268cced80c2fd9ef,2021-04-16T07:02:31-07:00,tests/test_testing.py,420,0,0,6
click,fd5ef0e268c5454dafcaa323268cced80c2fd9ef,2021-04-16T07:02:31-07:00,src/click/parser.py,478,0,0,134
click,fd5ef0e268c5454dafcaa323268cced80c2fd9ef,2021-04-16T07:02:31-07:00,src/click/_unicodefun.py,93,0,0,33
click,fd5ef0e268c5454dafcaa323268cced80c2fd9ef,2021-04-16T07:02:31-07:00,tests/test_termui.py,447,0,0,34
click,fd5ef0e268c5454dafcaa323268cced80c2fd9ef,2021-04-16T07:02:31-07:00,src/click/core.py,2708,1,0,919
click,fd5ef0e268c5454dafcaa323268cced80c2fd9ef,2021-04-16T07:02:31-07:00,src/click/__init__.py,75,0,0,2
click,fd5ef0e268c5454dafcaa323268cced80c2fd9ef,2021-04-16T07:02:31-07:00,src/click/types.py,977,5,0,240
click,fd5ef0e268c5454dafcaa323268cced80c2fd9ef,2021-04-16T07:02:31-07:00,src/click/decorators.py,422,4,0,118
click,fd5ef0e268c5454dafcaa323268cced80c2fd9ef,2021-04-16T07:02:31-07:00,src/click/_compat.py,588,2,4,237
click,fd5ef0e268c5454dafcaa323268cced80c2fd9ef,2021-04-16T07:02:31-07:00,src/click/utils.py,549,0,1,154
click,fd5ef0e268c5454dafcaa323268cced80c2fd9ef,2021-04-16T07:02:31-07:00,src/click/_textwrap.py,37,0,0,18
click,fd5ef0e268c5454dafcaa323268cced80c2fd9ef,2021-04-16T07:02:31-07:00,src/click/_termui_impl.py,701,0,0,236
click,fd5ef0e268c5454dafcaa323268cced80c2fd9ef,2021-04-16T07:02:31-07:00,examples/termui/termui.py,169,0,0,2
click,fd5ef0e268c5454dafcaa323268cced80c2fd9ef,2021-04-16T07:02:31-07:00,src/click/globals.py,47,0,0,32
click,fd5ef0e268c5454dafcaa323268cced80c2fd9ef,2021-04-16T07:02:31-07:00,src/click/shell_completion.py,545,4,0,101
click,fd5ef0e268c5454dafcaa323268cced80c2fd9ef,2021-04-16T07:02:31-07:00,src/click/formatting.py,282,2,0,72
click,fd5ef0e268c5454dafcaa323268cced80c2fd9ef,2021-04-16T07:02:31-07:00,src/click/testing.py,446,2,2,171
click,fd5ef0e268c5454dafcaa323268cced80c2fd9ef,2021-04-16T07:02:31-07:00,src/click/termui.py,768,0,0,195
click,fd5ef0e268c5454dafcaa323268cced80c2fd9ef,2021-04-16T07:02:31-07:00,src/click/exceptions.py,256,2,0,83
click,3a39cb21b25df39d5d0f161de5debaa9ba7cc7d9,2021-05-03T05:50:59-07:00,src/click/_winconsole.py,279,3,1,0
click,3a39cb21b25df39d5d0f161de5debaa9ba7cc7d9,2021-05-03T05:50:59-07:00,src/click/parser.py,526,0,0,3
click,3a39cb21b25df39d5d0f161de5debaa9ba7cc7d9,2021-05-03T05:50:59-07:00,src/click/core.py,2932,1,0,21
click,3a39cb21b25df39d5d0f161de5debaa9ba7cc7d9,2021-05-03T05:50:59-07:00,src/click/__init__.py,75,0,0,140
click,3a39cb21b25df39d5d0f161de5debaa9ba7cc7d9,2021-05-03T05:50:59-07:00,src/click/types.py,1055,5,0,2
click,3a39cb21b25df39d5d0f161de5debaa9ba7cc7d9,2021-05-03T05:50:59-07:00,src/click/shell_completion.py,574,4,0,0
click,3a39cb21b25df39d5d0f161de5debaa9ba7cc7d9,2021-05-03T05:50:59-07:00,docs/conf.py,59,0,0,2
click,3a39cb21b25df39d5d0f161de5debaa9ba7cc7d9,2021-05-03T05:50:59-07:00,src/click/decorators.py,442,4,0,0
click,3a39cb21b25df39d5d0f161de5debaa9ba7cc7d9,2021-05-03T05:50:59-07:00,src/click/formatting.py,302,2,0,3
click,3a39cb21b25df39d5d0f161de5debaa9ba7cc7d9,2021-05-03T05:50:59-07:00,src/click/_compat.py,627,2,4,0
click,3a39cb21b25df39d5d0f161de5debaa9ba7cc7d9,2021-05-03T05:50:59-07:00,tests/test_formatting.py,337,0,0,10
click,3a39cb21b25df39d5d0f161de5debaa9ba7cc7d9,2021-05-03T05:50:59-07:00,src/click/testing.py,479,2,2,0
click,3a39cb21b25df39d5d0f161de5debaa9ba7cc7d9,2021-05-03T05:50:59-07:00,src/click/utils.py,579,0,1,0
click,5295f0402644a1e3748e8c5891638743c5eaa5cc,2021-05-12T09:52:07-07:00,src/click/_winconsole.py,279,3,1,0
click,5295f0402644a1e3748e8c5891638743c5eaa5cc,2021-05-12T09:52:07-07:00,src/click/parser.py,527,0,0,7
click,5295f0402644a1e3748e8c5891638743c5eaa5cc,2021-05-12T09:52:07-07:00,src/click/core.py,2932,1,0,83
click,5295f0402644a1e3748e8c5891638743c5eaa5cc,2021-05-12T09:52:07-07:00,src/click/__init__.py,75,0,0,4
click,5295f0402644a1e3748e8c5891638743c5eaa5cc,2021-05-12T09:52:07-07:00,src/click/types.py,1055,5,0,7
click,5295f0402644a1e3748e8c5891638743c5eaa5cc,2021-05-12T09:52:07-07:00,src/click/decorators.py,442,4,0,15
click,5295f0402644a1e3748e8c5891638743c5eaa5cc,2021-05-12T09:52:07-07:00,src/click/_compat.py,627,2,4,0
click,5295f0402644a1e3748e8c5891638743c5eaa5cc,2021-05-12T09:52:07-07:00,docs/conf.py,59,0,0,6
click,5295f0402644a1e3748e8c5891638743c5eaa5cc,2021-05-12T09:52:07-07:00,src/click/utils.py,579,0,1,0
click,5295f0402644a1e3748e8c5891638743c5eaa5cc,2021-05-12T09:52:07-07:00,examples/aliases/aliases.py,138,0,0,5
click,5295f0402644a1e3748e8c5891638743c5eaa5cc,2021-05-12T09:52:07-07:00,src/click/_termui_impl.py,717,0,0,8
click,5295f0402644a1e3748e8c5891638743c5eaa5cc,2021-05-12T09:52:07-07:00,tests/test_arguments.py,366,0,0,13
click,5295f0402644a1e3748e8c5891638743c5eaa5cc,2021-05-12T09:52:07-07:00,setup.py,3,0,0,8
click,5295f0402644a1e3748e8c5891638743c5eaa5cc,2021-05-12T09:52:07-07:00,src/click/shell_completion.py,574,4,0,0
click,5295f0402644a1e3748e8c5891638743c5eaa5cc,2021-05-12T09:52:07-07:00,tests/test_commands.py,338,0,0,14
click,5295f0402644a1e3748e8c5891638743c5eaa5cc,2021-05-12T09:52:07-07:00,src/click/formatting.py,301,2,0,0
click,5295f0402644a1e3748e8c5891638743c5eaa5cc,2021-05-12T09:52:07-07:00,tests/test_basic.py,549,0,0,17
click,5295f0402644a1e3748e8c5891638743c5eaa5cc,2021-05-12T09:52:07-07:00,src/click/testing.py,479,2,2,0
click,5295f0402644a1e3748e8c5891638743c5eaa5cc,2021-05-12T09:52:07-07:00,tests/test_options.py,758,0,0,9
click,5295f0402644a1e3748e8c5891638743c5eaa5cc,2021-05-12T09:52:07-07:00,src/click/termui.py,807,0,0,2
click,ee5fdbf1f9e267247d6de765329d2cc9bdd76206,2022-01-13T11:03:59-08:00,src/click/_winconsole.py,279,3,1,0
click,ee5fdbf1f9e267247d6de765329d2cc9bdd76206,2022-01-13T11:03:59-08:00,src/click/core.py,2953,1,0,0
click,ee5fdbf1f9e267247d6de765329d2cc9bdd76206,2022-01-13T11:03:59-08:00,src/click/types.py,1049,5,0,0
click,ee5fdbf1f9e267247d6de765329d2cc9bdd76206,2022-01-13T11:03:59-08:00,src/click/shell_completion.py,581,4,0,0
click,ee5fdbf1f9e267247d6de765329d2cc9bdd76206,2022-01-13T11:03:59-08:00,src/click/decorators.py,436,4,0,0
click,ee5fdbf1f9e267247d6de765329d2cc9bdd76206,2022-01-13T11:03:59-08:00,src/click/formatting.py,301,2,0,0
click,ee5fdbf1f9e267247d6de765329d2cc9bdd76206,2022-01-13T11:03:59-08:00,src/click/_compat.py,626,2,4,0
click,ee5fdbf1f9e267247d6de765329d2cc9bdd76206,2022-01-13T11:03:59-08:00,src/click/testing.py,479,2,2,0
click,ee5fdbf1f9e267247d6de765329d2cc9bdd76206,2022-01-13T11:03:59-08:00,src/click/utils.py,588,0,1,0
click,ee5fdbf1f9e267247d6de765329d2cc9bdd76206,2022-01-13T11:03:59-08:00,src/click/termui.py,806,0,0,2
click,de533e5bfbddc1bea0405f4f2792c18b0f838baf,2022-07-01T16:05:58+00:00,src/click/_winconsole.py,279,3,1,0
click,de533e5bfbddc1bea0405f4f2792c18b0f838baf,2022-07-01T16:05:58+00:00,src/click/core.py,2998,5,0,0
click,de533e5bfbddc1bea0405f4f2792c18b0f838baf,2022-07-01T16:05:58+00:00,src/click/types.py,1073,4,0,0
click,de533e5bfbddc1bea0405f4f2792c18b0f838baf,2022-07-01T16:05:58+00:00,src/click/shell_completion.py,580,4,0,0
click,de533e5bfbddc1bea0405f4f2792c18b0f838baf,2022-07-01T16:05:58+00:00,src/click/decorators.py,497,4,0,0
click,de533e5bfbddc1bea0405f4f2792c18b0f838baf,2022-07-01T16:05:58+00:00,src/click/formatting.py,301,2,0,0
click,de533e5bfbddc1bea0405f4f2792c18b0f838baf,2022-07-01T16:05:58+00:00,src/click/_compat.py,626,2,4,0
click,de533e5bfbddc1bea0405f4f2792c18b0f838baf,2022-07-01T16:05:58+00:00,src/click/testing.py,479,2,2,0
click,de533e5bfbddc1bea0405f4f2792c18b0f838baf,2022-07-01T16:05:58+00:00,src/click/utils.py,580,0,1,0
click,fb4327216543d751e2654a0d3bf6ce3d31c435cc,2022-09-01T09:09:12-07:00,src/click/_winconsole.py,279,3,1,0
click,fb4327216543d751e2654a0d3bf6ce3d31c435cc,2022-09-01T09:09:12-07:00,src/click/core.py,2998,5,0,0
click,fb4327216543d751e2654a0d3bf6ce3d31c435cc,2022-09-01T09:09:12-07:00,src/click/types.py,1073,4,0,2
click,fb4327216543d751e2654a0d3bf6ce3d31c435cc,2022-09-01T09:09:12-07:00,src/click/shell_completion.py,580,4,0,0
click,fb4327216543d751e2654a0d3bf6ce3d31c435cc,2022-09-01T09:09:12-07:00,src/click/decorators.py,497,4,0,0
click,fb4327216543d751e2654a0d3bf6ce3d31c435cc,2022-09-01T09:09:12-07:00,src/click/formatting.py,301,2,0,0
click,fb4327216543d751e2654a0d3bf6ce3d31c435cc,2022-09-01T09:09:12-07:00,src/click/_compat.py,626,2,4,0
click,fb4327216543d751e2654a0d3bf6ce3d31c435cc,2022-09-01T09:09:12-07:00,src/click/testing.py,479,2,2,0
click,fb4327216543d751e2654a0d3bf6ce3d31c435cc,2022-09-01T09:09:12-07:00,src/click/utils.py,580,0,1,0
click,1a433f53eb11c9954e4d394ffa6249bd19a36951,2023-02-07T04:42:42+00:00,src/click/_winconsole.py,279,3,1,0
click,1a433f53eb11c9954e4d394ffa6249bd19a36951,2023-02-07T04:42:42+00:00,src/click/core.py,3016,5,0,0
click,1a433f53eb11c9954e4d394ffa6249bd19a36951,2023-02-07T04:42:42+00:00,src/click/types.py,1070,4,0,0
click,1a433f53eb11c9954e4d394ffa6249bd19a36951,2023-02-07T04:42:42+00:00,src/click/shell_completion.py,580,4,0,0
click,1a433f53eb11c9954e4d394ffa6249bd19a36951,2023-02-07T04:42:42+00:00,src/click/decorators.py,555,2,0,0
click,1a433f53eb11c9954e4d394ffa6249bd19a36951,2023-02-07T04:42:42+00:00,src/click/formatting.py,301,2,0,0
click,1a433f53eb11c9954e4d394ffa6249bd19a36951,2023-02-07T04:42:42+00:00,src/click/_compat.py,626,2,4,0
click,1a433f53eb11c9954e4d394ffa6249bd19a36951,2023-02-07T04:42:42+00:00,src/click/testing.py,479,2,2,0
click,1a433f53eb11c9954e4d394ffa6249bd19a36951,2023-02-07T04:42:42+00:00,src/click/utils.py,585,0,1,0
click,8e2fbd87148fcb4f814cbf292351532645640d96,2023-02-07T07:12:11-08:00,src/click/_winconsole.py,279,3,1,0
click,8e2fbd87148fcb4f814cbf292351532645640d96,2023-02-07T07:12:11-08:00,src/click/core.py,3016,5,0,0
click,8e2fbd87148fcb4f814cbf292351532645640d96,2023-02-07T07:12:11-08:00,src/click/types.py,1070,4,0,0
click,8e2fbd87148fcb4f814cbf292351532645640d96,2023-02-07T07:12:11-08:00,src/click/shell_completion.py,580,4,0,0
click,8e2fbd87148fcb4f814cbf292351532645640d96,2023-02-07T07:12:11-08:00,src/click/decorators.py,555,2,0,0
click,8e2fbd87148fcb4f814cbf292351532645640d96,2023-02-07T07:12:11-08:00,src/click/formatting.py,301,2,0,0
click,8e2fbd87148fcb4f814cbf292351532645640d96,2023-02-07T07:12:11-08:00,src/click/_compat.py,626,2,4,0
click,8e2fbd87148fcb4f814cbf292351532645640d96,2023-02-07T07:12:11-08:00,src/click/testing.py,479,2,2,0
click,8e2fbd87148fcb4f814cbf292351532645640d96,2023-02-07T07:12:11-08:00,src/click/utils.py,585,0,1,0
click,e002dbc40ceb6a7e78dbe5e5868744690ba3120f,2023-05-08T00:01:21-04:00,src/click/_winconsole.py,279,3,1,0
click,e002dbc40ceb6a7e78dbe5e5868744690ba3120f,2023-05-08T00:01:21-04:00,src/click/core.py,3016,5,0,25
click,e002dbc40ceb6a7e78dbe5e5868744690ba3120f,2023-05-08T00:01:21-04:00,src/click/types.py,1070,4,0,0
click,e002dbc40ceb6a7e78dbe5e5868744690ba3120f,2023-05-08T00:01:21-04:00,tests/test_shell_completion.py,416,0,0,72
click,e002dbc40ceb6a7e78dbe5e5868744690ba3120f,2023-05-08T00:01:21-04:00,src/click/shell_completion.py,585,4,0,18
click,e002dbc40ceb6a7e78dbe5e5868744690ba3120f,2023-05-08T00:01:21-04:00,src/click/decorators.py,555,2,0,12
click,e002dbc40ceb6a7e78dbe5e5868744690ba3120f,2023-05-08T00:01:21-04:00,src/click/formatting.py,301,2,0,0
click,e002dbc40ceb6a7e78dbe5e5868744690ba3120f,2023-05-08T00:01:21-04:00,src/click/_compat.py,626,2,4,0
click,e002dbc40ceb6a7e78dbe5e5868744690ba3120f,2023-05-08T00:01:21-04:00,src/click/testing.py,479,2,2,0
click,e002dbc40ceb6a7e78dbe5e5868744690ba3120f,2023-05-08T00:01:21-04:00,src/click/utils.py,585,0,1,2
click,a4f5450a2541e2f2f8cacf57f50435eb78422f99,2023-06-30T09:12:05-07:00,src/click/_winconsole.py,279,3,1,0
click,a4f5450a2541e2f2f8cacf57f50435eb78422f99,2023-06-30T09:12:05-07:00,tests/typing/typing_help_option.py,0,0,0,13
click,a4f5450a2541e2f2f8cacf57f50435eb78422f99,2023-06-30T09:12:05-07:00,tests/typing/typing_options.py,0,0,0,15
click,a4f5450a2541e2f2f8cacf57f50435eb78422f99,2023-06-30T09:12:05-07:00,src/click/__init__.py,73,0,0,8
click,a4f5450a2541e2f2f8cacf57f50435eb78422f99,2023-06-30T09:12:05-07:00,tests/typing/typing_password_option.py,0,0,0,14
click,a4f5450a2541e2f2f8cacf57f50435eb78422f99,2023-06-30T09:12:05-07:00,tests/test_types.py,130,0,0,114
click,a4f5450a2541e2f2f8cacf57f50435eb78422f99,2023-06-30T09:12:05-07:00,tests/test_defaults.py,40,0,0,21
click,a4f5450a2541e2f2f8cacf57f50435eb78422f99,2023-06-30T09:12:05-07:00,docs/conf.py,57,0,0,5
click,a4f5450a2541e2f2f8cacf57f50435eb78422f99,2023-06-30T09:12:05-07:00,tests/typing/typing_simple_example.py,0,0,0,16
click,a4f5450a2541e2f2f8cacf57f50435eb78422f99,2023-06-30T09:12:05-07:00,tests/test_arguments.py,383,0,0,20
click,a4f5450a2541e2f2f8cacf57f50435eb78422f99,2023-06-30T09:12:05-07:00,tests/test_command_decorators.py,51,0,0,20
click,a4f5450a2541e2f2f8cacf57f50435eb78422f99,2023-06-30T09:12:05-07:00,tests/test_commands.py,413,0,0,26
click,a4f5450a2541e2f2f8cacf57f50435eb78422f99,2023-06-30T09:12:05-07:00,src/click/formatting.py,301,2,0,0
click,a4f5450a2541e2f2f8cacf57f50435eb78422f99,2023-06-30T09:12:05-07:00,tests/conftest.py,27,0,0,19
click,a4f5450a2541e2f2f8cacf57f50435eb78422f99,2023-06-30T09:12:05-07:00,tests/test_formatting.py,348,0,0,20
click,a4f5450a2541e2f2f8cacf57f50435eb78422f99,2023-06-30T09:12:05-07:00,src/click/exceptions.py,288,0,0,4
click,a4f5450a2541e2f2f8cacf57f50435eb78422f99,2023-06-30T09:12:05-07:00,tests/typing/typing_version_option.py,0,0,0,15
click,a4f5450a2541e2f2f8cacf57f50435eb78422f99,2023-06-30T09:12:05-07:00,src/click/core.py,3037,5,0,27
click,a4f5450a2541e2f2f8cacf57f50435eb78422f99,2023-06-30T09:12:05-07:00,src/click/types.py,1074,4,0,63
click,a4f5450a2541e2f2f8cacf57f50435eb78422f99,2023-06-30T09:12:05-07:00,src/click/decorators.py,566,2,0,43
click,a4f5450a2541e2f2f8cacf57f50435eb78422f99,2023-06-30T09:12:05-07:00,src/click/_compat.py,626,2,4,29
click,a4f5450a2541e2f2f8cacf57f50435eb78422f99,2023-06-30T09:12:05-07:00,src/click/utils.py,598,0,1,52
click,a4f5450a2541e2f2f8cacf57f50435eb78422f99,2023-06-30T09:12:05-07:00,tests/test_utils.py,501,0,0,14
click,a4f5450a2541e2f2f8cacf57f50435eb78422f99,2023-06-30T09:12:05-07:00,src/click/_termui_impl.py,725,0,0,14
click,a4f5450a2541e2f2f8cacf57f50435eb78422f99,2023-06-30T09:12:05-07:00,tests/typing/typing_aliased_group.py,0,0,0,45
click,a4f5450a2541e2f2f8cacf57f50435eb78422f99,2023-06-30T09:12:05-07:00,tests/typing/typing_confirmation_option.py,0,0,0,13
click,a4f5450a2541e2f2f8cacf57f50435eb78422f99,2023-06-30T09:12:05-07:00,src/click/shell_completion.py,586,4,0,11
click,a4f5450a2541e2f2f8cacf57f50435eb78422f99,2023-06-30T09:12:05-07:00,src/click/testing.py,479,2,2,0
click,a4f5450a2541e2f2f8cacf57f50435eb78422f99,2023-06-30T09:12:05-07:00,tests/test_options.py,924,0,0,4
click,e184a3f07177b6d370d43a109faaf1ccf23aadaf,2023-08-01T16:04:19+00:00,src/click/_winconsole.py,279,3,1,0
click,e184a3f07177b6d370d43a109faaf1ccf23aadaf,2023-08-01T16:04:19+00:00,src/click/core.py,3042,7,0,0
click,e184a3f07177b6d370d43a109faaf1ccf23aadaf,2023-08-01T16:04:19+00:00,src/click/types.py,1089,4,0,0
click,e184a3f07177b6d370d43a109faaf1ccf23aadaf,2023-08-01T16:04:19+00:00,src/click/shell_completion.py,593,4,0,0
click,e184a3f07177b6d370d43a109faaf1ccf23aadaf,2023-08-01T16:04:19+00:00,src/click/decorators.py,570,4,0,0
click,e184a3f07177b6d370d43a109faaf1ccf23aadaf,2023-08-01T16:04:19+00:00,src/click/formatting.py,301,2,0,0
click,e184a3f07177b6d370d43a109faaf1ccf23aadaf,2023-08-01T16:04:19+00:00,src/click/_compat.py,623,2,4,0
click,e184a3f07177b6d370d43a109faaf1ccf23aadaf,2023-08-01T16:04:19+00:00,src/click/testing.py,479,2,2,0
click,e184a3f07177b6d370d43a109faaf1ccf23aadaf,2023-08-01T16:04:19+00:00,src/click/utils.py,624,0,1,0
click,149683755e07b62de7480b3a60a714f0a8b6618f,2023-09-01T14:11:43-07:00,src/click/_winconsole.py,282,3,1,0
click,149683755e07b62de7480b3a60a714f0a8b6618f,2023-09-01T14:11:43-07:00,tests/test_command_decorators.py,92,0,0,21
click,149683755e07b62de7480b3a60a714f0a8b6618f,2023-09-01T14:11:43-07:00,src/click/core.py,2997,10,0,0
click,149683755e07b62de7480b3a60a714f0a8b6618f,2023-09-01T14:11:43-07:00,src/click/__init__.py,122,2,0,0
click,149683755e07b62de7480b3a60a714f0a8b6618f,2023-09-01T14:11:43-07:00,src/click/types.py,1090,7,0,0
click,149683755e07b62de7480b3a60a714f0a8b6618f,2023-09-01T14:11:43-07:00,src/click/shell_completion.py,633,4,0,0
click,149683755e07b62de7480b3a60a714f0a8b6618f,2023-09-01T14:11:43-07:00,src/click/decorators.py,563,6,0,34
click,149683755e07b62de7480b3a60a714f0a8b6618f,2023-09-01T14:11:43-07:00,tests/test_commands.py,411,0,0,2
click,149683755e07b62de7480b3a60a714f0a8b6618f,2023-09-01T14:11:43-07:00,src/click/formatting.py,301,2,0,0
click,149683755e07b62de7480b3a60a714f0a8b6618f,2023-09-01T14:11:43-07:00,src/click/_compat.py,624,2,4,0
click,149683755e07b62de7480b3a60a714f0a8b6618f,2023-09-01T14:11:43-07:00,src/click/testing.py,481,2,2,0
click,149683755e07b62de7480b3a60a714f0a8b6618f,2023-09-01T14:11:43-07:00,src/click/utils.py,627,0,1,0
click,a45defbf29cd5ac4324736a1f5204589dcd7b6c1,2023-12-04T20:29:26+00:00,src/click/_winconsole.py,279,3,1,0
click,a45defbf29cd5ac4324736a1f5204589dcd7b6c1,2023-12-04T20:29:26+00:00,src/click/core.py,3042,7,0,0
click,a45defbf29cd5ac4324736a1f5204589dcd7b6c1,2023-12-04T20:29:26+00:00,src/click/types.py,1089,4,0,0
click,a45defbf29cd5ac4324736a1f5204589dcd7b6c1,2023-12-04T20:29:26+00:00,src/click/shell_completion.py,596,4,0,0
click,a45defbf29cd5ac4324736a1f5204589dcd7b6c1,2023-12-04T20:29:26+00:00,src/click/decorators.py,561,4,0,0
click,a45defbf29cd5ac4324736a1f5204589dcd7b6c1,2023-12-04T20:29:26+00:00,src/click/formatting.py,301,2,0,0
click,a45defbf29cd5ac4324736a1f5204589dcd7b6c1,2023-12-04T20:29:26+00:00,src/click/_compat.py,623,2,4,0
click,a45defbf29cd5ac4324736a1f5204589dcd7b6c1,2023-12-04T20:29:26+00:00,src/click/testing.py,479,2,2,0
click,a45defbf29cd5ac4324736a1f5204589dcd7b6c1,2023-12-04T20:29:26+00:00,src/click/utils.py,624,0,1,0
click,61f8101f4e0d02cb902ef17853fa35ad88185265,2024-05-21T12:24:16-04:00,src/click/_winconsole.py,279,3,1,0
click,61f8101f4e0d02cb902ef17853fa35ad88185265,2024-05-21T12:24:16-04:00,tests/test_testing.py,420,0,0,2
click,61f8101f4e0d02cb902ef17853fa35ad88185265,2024-05-21T12:24:16-04:00,tests/test_options.py,928,0,0,8
click,61f8101f4e0d02cb902ef17853fa35ad88185265,2024-05-21T12:24:16-04:00,src/click/core.py,3032,7,0,4
click,61f8101f4e0d02cb902ef17853fa35ad88185265,2024-05-21T12:24:16-04:00,src/click/types.py,1090,4,0,0
click,61f8101f4e0d02cb902ef17853fa35ad88185265,2024-05-21T12:24:16-04:00,tests/test_defaults.py,61,0,0,25
click,61f8101f4e0d02cb902ef17853fa35ad88185265,2024-05-21T12:24:16-04:00,src/click/shell_completion.py,596,4,0,0
click,61f8101f4e0d02cb902ef17853fa35ad88185265,2024-05-21T12:24:16-04:00,src/click/decorators.py,553,4,0,0
click,61f8101f4e0d02cb902ef17853fa35ad88185265,2024-05-21T12:24:16-04:00,src/click/formatting.py,301,2,0,0
click,61f8101f4e0d02cb902ef17853fa35ad88185265,2024-05-21T12:24:16-04:00,src/click/_compat.py,623,2,4,0
click,61f8101f4e0d02cb902ef17853fa35ad88185265,2024-05-21T12:24:16-04:00,docs/conf.py,55,0,0,4
click,61f8101f4e0d02cb902ef17853fa35ad88185265,2024-05-21T12:24:16-04:00,src/click/testing.py,479,2,2,2
click,61f8101f4e0d02cb902ef17853fa35ad88185265,2024-05-21T12:24:16-04:00,src/click/utils.py,624,0,1,2
click,396c1b9a8e48f391f52c7c166cec2914becc36c9,2024-05-22T17:19:36-04:00,src/click/_winconsole.py,279,3,1,0
click,396c1b9a8e48f391f52c7c166cec2914becc36c9,2024-05-22T17:19:36-04:00,src/click/core.py,3032,7,0,0
click,396c1b9a8e48f391f52c7c166cec2914becc36c9,2024-05-22T17:19:36-04:00,src/click/types.py,1090,4,0,0
click,396c1b9a8e48f391f52c7c166cec2914becc36c9,2024-05-22T17:19:36-04:00,src/click/shell_completion.py,596,4,0,0
click,396c1b9a8e48f391f52c7c166cec2914becc36c9,2024-05-22T17:19:36-04:00,src/click/decorators.py,553,4,0,0
click,396c1b9a8e48f391f52c7c166cec2914becc36c9,2024-05-22T17:19:36-04:00,src/click/formatting.py,301,2,0,0
click,396c1b9a8e48f391f52c7c166cec2914becc36c9,2024-05-22T17:19:36-04:00,src/click/_compat.py,623,2,4,0
click,396c1b9a8e48f391f52c7c166cec2914becc36c9,2024-05-22T17:19:36-04:00,docs/conf.py,55,0,0,4
click,396c1b9a8e48f391f52c7c166cec2914becc36c9,2024-05-22T17:19:36-04:00,src/click/testing.py,481,2,2,0
click,396c1b9a8e48f391f52c7c166cec2914becc36c9,2024-05-22T17:19:36-04:00,src/click/utils.py,624,0,1,0
click,3ec3ac51a7a26e707c56cf4c83d1e39b1c5bc4bf,2024-08-23T17:04:20-07:00,src/click/_winconsole.py,279,3,1,0
click,3ec3ac51a7a26e707c56cf4c83d1e39b1c5bc4bf,2024-08-23T17:04:20-07:00,src/click/parser.py,531,0,0,2
click,3ec3ac51a7a26e707c56cf4c83d1e39b1c5bc4bf,2024-08-23T17:04:20-07:00,src/click/core.py,3032,7,0,10
click,3ec3ac51a7a26e707c56cf4c83d1e39b1c5bc4bf,2024-08-23T17:04:20-07:00,src/click/types.py,1090,4,0,0
click,3ec3ac51a7a26e707c56cf4c83d1e39b1c5bc4bf,2024-08-23T17:04:20-07:00,src/click/shell_completion.py,596,4,0,0
click,3ec3ac51a7a26e707c56cf4c83d1e39b1c5bc4bf,2024-08-23T17:04:20-07:00,src/click/decorators.py,553,4,0,4
click,3ec3ac51a7a26e707c56cf4c83d1e39b1c5bc4bf,2024-08-23T17:04:20-07:00,src/click/formatting.py,301,2,0,0
click,3ec3ac51a7a26e707c56cf4c83d1e39b1c5bc4bf,2024-08-23T17:04:20-07:00,src/click/_compat.py,623,2,4,0
click,3ec3ac51a7a26e707c56cf4c83d1e39b1c5bc4bf,2024-08-23T17:04:20-07:00,src/click/testing.py,481,2,2,0
click,3ec3ac51a7a26e707c56cf4c83d1e39b1c5bc4bf,2024-08-23T17:04:20-07:00,src/click/utils.py,624,0,1,0
click,3ec3ac51a7a26e707c56cf4c83d1e39b1c5bc4bf,2024-08-23T17:04:20-07:00,src/click/exceptions.py,288,0,0,2
click,d8763b93021c416549b5f8b4b5497234619410db,2024-11-03T19:56:41+00:00,src/click/_winconsole.py,282,3,1,0
click,d8763b93021c416549b5f8b4b5497234619410db,2024-11-03T19:56:41+00:00,tests/test_termui.py,472,0,0,15
click,d8763b93021c416549b5f8b4b5497234619410db,2024-11-03T19:56:41+00:00,src/click/core.py,3038,10,0,13
click,d8763b93021c416549b5f8b4b5497234619410db,2024-11-03T19:56:41+00:00,src/click/__init__.py,123,2,0,0
click,d8763b93021c416549b5f8b4b5497234619410db,2024-11-03T19:56:41+00:00,src/click/types.py,1109,7,0,11
click,d8763b93021c416549b5f8b4b5497234619410db,2024-11-03T19:56:41+00:00,tests/test_shell_completion.py,416,0,0,26
click,d8763b93021c416549b5f8b4b5497234619410db,2024-11-03T19:56:41+00:00,src/click/decorators.py,555,6,0,3
click,d8763b93021c416549b5f8b4b5497234619410db,2024-11-03T19:56:41+00:00,tests/typing/typing_progressbar.py,0,0,0,24
click,d8763b93021c416549b5f8b4b5497234619410db,2024-11-03T19:56:41+00:00,src/click/_compat.py,622,2,4,2
click,d8763b93021c416549b5f8b4b5497234619410db,2024-11-03T19:56:41+00:00,src/click/utils.py,627,0,1,0
click,d8763b93021c416549b5f8b4b5497234619410db,2024-11-03T19:56:41+00:00,tests/test_utils.py,507,0,0,172
click,d8763b93021c416549b5f8b4b5497234619410db,2024-11-03T19:56:41+00:00,src/click/_termui_impl.py,744,0,0,62
click,d8763b93021c416549b5f8b4b5497234619410db,2024-11-03T19:56:41+00:00,src/click/shell_completion.py,633,4,0,81
click,d8763b93021c416549b5f8b4b5497234619410db,2024-11-03T19:56:41+00:00,tests/test_commands.py,407,0,0,12
click,d8763b93021c416549b5f8b4b5497234619410db,2024-11-03T19:56:41+00:00,src/click/formatting.py,301,2,0,0
click,d8763b93021c416549b5f8b4b5497234619410db,2024-11-03T19:56:41+00:00,src/click/testing.py,544,2,2,0
click,d8763b93021c416549b5f8b4b5497234619410db,2024-11-03T19:56:41+00:00,src/click/termui.py,793,0,0,80
click,d8763b93021c416549b5f8b4b5497234619410db,2024-11-03T19:56:41+00:00,src/click/exceptions.py,298,0,0,11
click,2a6b6bf9b45b8ee75f8bd2844a4e9eed40d21914,2024-12-23T23:10:36-08:00,src/click/_winconsole.py,282,3,1,0
click,2a6b6bf9b45b8ee75f8bd2844a4e9eed40d21914,2024-12-23T23:10:36-08:00,src/click/core.py,3122,12,0,0
click,2a6b6bf9b45b8ee75f8bd2844a4e9eed40d21914,2024-12-23T23:10:36-08:00,src/click/__init__.py,124,2,0,0
click,2a6b6bf9b45b8ee75f8bd2844a4e9eed40d21914,2024-12-23T23:10:36-08:00,src/click/types.py,1109,7,0,0
click,2a6b6bf9b45b8ee75f8bd2844a4e9eed40d21914,2024-12-23T23:10:36-08:00,src/click/shell_completion.py,637,4,0,0
click,2a6b6bf9b45b8ee75f8bd2844a4e9eed40d21914,2024-12-23T23:10:36-08:00,src/click/decorators.py,565,4,0,0
click,2a6b6bf9b45b8ee75f8bd2844a4e9eed40d21914,2024-12-23T23:10:36-08:00,src/click/formatting.py,301,2,0,0
click,2a6b6bf9b45b8ee75f8bd2844a4e9eed40d21914,2024-12-23T23:10:36-08:00,src/click/_compat.py,622,2,4,0
click,2a6b6bf9b45b8ee75f8bd2844a4e9eed40d21914,2024-12-23T23:10:36-08:00,src/click/testing.py,544,2,2,0
click,2a6b6bf9b45b8ee75f8bd2844a4e9eed40d21914,2024-12-23T23:10:36-08:00,src/click/utils.py,627,0,1,0
click,0b7a9acc63dac907088de7d9238f7f4b2afe02ea,2025-03-18T18:47:50+01:00,tests/typing/typing_version_option.py,16,0,0,2
click,0b7a9acc63dac907088de7d9238f7f4b2afe02ea,2025-03-18T18:47:50+01:00,src/click/_winconsole.py,295,3,1,0
click,0b7a9acc63dac907088de7d9238f7f4b2afe02ea,2025-03-18T18:47:50+01:00,tests/typing/typing_options.py,16,0,0,2
click,0b7a9acc63dac907088de7d9238f7f4b2afe02ea,2025-03-18T18:47:50+01:00,src/click/core.py,3117,12,0,62
click,0b7a9acc63dac907088de7d9238f7f4b2afe02ea,2025-03-18T18:47:50+01:00,src/click/__init__.py,123,2,0,1
click,0b7a9acc63dac907088de7d9238f7f4b2afe02ea,2025-03-18T18:47:50+01:00,src/click/types.py,1160,7,0,0
click,0b7a9acc63dac907088de7d9238f7f4b2afe02ea,2025-03-18T18:47:50+01:00,src/click/decorators.py,551,4,0,38
click,0b7a9acc63dac907088de7d9238f7f4b2afe02ea,2025-03-18T18:47:50+01:00,src/click/_compat.py,622,2,4,0
click,0b7a9acc63dac907088de7d9238f7f4b2afe02ea,2025-03-18T18:47:50+01:00,src/click/utils.py,627,0,1,0
click,0b7a9acc63dac907088de7d9238f7f4b2afe02ea,2025-03-18T18:47:50+01:00,tests/test_utils.py,653,0,0,47
click,0b7a9acc63dac907088de7d9238f7f4b2afe02ea,2025-03-18T18:47:50+01:00,src/click/_termui_impl.py,769,0,0,146
click,0b7a9acc63dac907088de7d9238f7f4b2afe02ea,2025-03-18T18:47:50+01:00,tests/typing/typing_aliased_group.py,46,0,0,2
click,0b7a9acc63dac907088de7d9238f7f4b2afe02ea,2025-03-18T18:47:50+01:00,tests/typing/typing_confirmation_option.py,14,0,0,2
click,0b7a9acc63dac907088de7d9238f7f4b2afe02ea,2025-03-18T18:47:50+01:00,src/click/shell_completion.py,637,4,0,0
click,0b7a9acc63dac907088de7d9238f7f4b2afe02ea,2025-03-18T18:47:50+01:00,src/click/formatting.py,301,2,0,0
click,0b7a9acc63dac907088de7d9238f7f4b2afe02ea,2025-03-18T18:47:50+01:00,src/click/testing.py,555,2,2,0
click,0b7a9acc63dac907088de7d9238f7f4b2afe02ea,2025-03-18T18:47:50+01:00,tests/test_options.py,1102,0,0,39
click,808037279b42370584c5a92e76a7b4251b83f31a,2025-03-26T15:23:56+04:00,tests/typing/typing_version_option.py,16,0,0,2
click,808037279b42370584c5a92e76a7b4251b83f31a,2025-03-26T15:23:56+04:00,src/click/_winconsole.py,295,3,1,0
click,808037279b42370584c5a92e76a7b4251b83f31a,2025-03-26T15:23:56+04:00,tests/typing/typing_aliased_group.py,46,0,0,2
click,808037279b42370584c5a92e76a7b4251b83f31a,2025-03-26T15:23:56+04:00,tests/typing/typing_options.py,16,0,0,2
click,808037279b42370584c5a92e76a7b4251b83f31a,2025-03-26T15:23:56+04:00,src/click/core.py,3117,12,0,34
click,808037279b42370584c5a92e76a7b4251b83f31a,2025-03-26T15:23:56+04:00,src/click/__init__.py,123,2,0,0
click,808037279b42370584c5a92e76a7b4251b83f31a,2025-03-26T15:23:56+04:00,src/click/types.py,1163,7,0,0
click,808037279b42370584c5a92e76a7b4251b83f31a,2025-03-26T15:23:56+04:00,tests/typing/typing_confirmation_option.py,14,0,0,2
click,808037279b42370584c5a92e76a7b4251b83f31a,2025-03-26T15:23:56+04:00,src/click/shell_completion.py,644,4,0,0
click,808037279b42370584c5a92e76a7b4251b83f31a,2025-03-26T15:23:56+04:00,src/click/decorators.py,551,4,0,0
click,808037279b42370584c5a92e76a7b4251b83f31a,2025-03-26T15:23:56+04:00,src/click/formatting.py,301,2,0,0
click,808037279b42370584c5a92e76a7b4251b83f31a,2025-03-26T15:23:56+04:00,src/click/_compat.py,622,2,4,0
click,808037279b42370584c5a92e76a7b4251b83f31a,2025-03-26T15:23:56+04:00,src/click/testing.py,557,2,2,0
click,808037279b42370584c5a92e76a7b4251b83f31a,2025-03-26T15:23:56+04:00,src/click/utils.py,627,0,1,0
click,808037279b42370584c5a92e76a7b4251b83f31a,2025-03-26T15:23:56+04:00,tests/test_utils.py,653,0,0,47
click,808037279b42370584c5a92e76a7b4251b83f31a,2025-03-26T15:23:56+04:00,src/click/_termui_impl.py,769,0,0,146
click,f84395c517c3c3c9e793f7988fd3f954da293ec6,2025-04-12T02:09:45-06:00,src/click/_winconsole.py,295,3,1,0
click,f84395c517c3c3c9e793f7988fd3f954da293ec6,2025-04-12T02:09:45-06:00,src/click/core.py,3117,12,0,0
click,f84395c517c3c3c9e793f7988fd3f954da293ec6,2025-04-12T02:09:45-06:00,src/click/__init__.py,123,2,0,0
click,f84395c517c3c3c9e793f7988fd3f954da293ec6,2025-04-12T02:09:45-06:00,src/click/types.py,1160,7,0,0
click,f84395c517c3c3c9e793f7988fd3f954da293ec6,2025-04-12T02:09:45-06:00,src/click/shell_completion.py,637,4,0,0
click,f84395c517c3c3c9e793f7988fd3f954da293ec6,2025-04-12T02:09:45-06:00,src/click/decorators.py,551,4,0,0
click,f84395c517c3c3c9e793f7988fd3f954da293ec6,2025-04-12T02:09:45-06:00,src/click/formatting.py,301,2,0,0
click,f84395c517c3c3c9e793f7988fd3f954da293ec6,2025-04-12T02:09:45-06:00,src/click/_compat.py,622,2,4,0
click,f84395c517c3c3c9e793f7988fd3f954da293ec6,2025-04-12T02:09:45-06:00,src/click/testing.py,555,2,2,0
click,f84395c517c3c3c9e793f7988fd3f954da293ec6,2025-04-12T02:09:45-06:00,src/click/utils.py,627,0,1,0
click,011b9f9d190c71310264e6c54bae6259f5e38a9f,2025-05-19T13:59:41-04:00,src/click/_winconsole.py,296,3,1,0
click,011b9f9d190c71310264e6c54bae6259f5e38a9f,2025-05-19T13:59:41-04:00,tests/test_testing.py,452,0,0,21
click,011b9f9d190c71310264e6c54bae6259f5e38a9f,2025-05-19T13:59:41-04:00,tests/test_termui.py,487,0,0,4
click,011b9f9d190c71310264e6c54bae6259f5e38a9f,2025-05-19T13:59:41-04:00,src/click/core.py,3134,12,0,5
click,011b9f9d190c71310264e6c54bae6259f5e38a9f,2025-05-19T13:59:41-04:00,src/click/__init__.py,123,2,0,0
click,011b9f9d190c71310264e6c54bae6259f5e38a9f,2025-05-19T13:59:41-04:00,src/click/types.py,1165,7,0,0
click,011b9f9d190c71310264e6c54bae6259f5e38a9f,2025-05-19T13:59:41-04:00,tests/test_types.py,252,0,0,7
click,011b9f9d190c71310264e6c54bae6259f5e38a9f,2025-05-19T13:59:41-04:00,tests/test_shell_completion.py,442,0,0,44
click,011b9f9d190c71310264e6c54bae6259f5e38a9f,2025-05-19T13:59:41-04:00,src/click/decorators.py,551,4,0,0
click,011b9f9d190c71310264e6c54bae6259f5e38a9f,2025-05-19T13:59:41-04:00,src/click/_compat.py,622,2,4,0
click,011b9f9d190c71310264e6c54bae6259f5e38a9f,2025-05-19T13:59:41-04:00,src/click/utils.py,627,0,1,0
click,011b9f9d190c71310264e6c54bae6259f5e38a9f,2025-05-19T13:59:41-04:00,tests/test_utils.py,658,0,0,13
click,011b9f9d190c71310264e6c54bae6259f5e38a9f,2025-05-19T13:59:41-04:00,src/click/_termui_impl.py,839,6,0,0
click,011b9f9d190c71310264e6c54bae6259f5e38a9f,2025-05-19T13:59:41-04:00,src/click/shell_completion.py,644,4,0,4
click,011b9f9d190c71310264e6c54bae6259f5e38a9f,2025-05-19T13:59:41-04:00,src/click/formatting.py,301,2,0,0
click,011b9f9d190c71310264e6c54bae6259f5e38a9f,2025-05-19T13:59:41-04:00,src/click/testing.py,557,2,2,29
click,011b9f9d190c71310264e6c54bae6259f5e38a9f,2025-05-19T13:59:41-04:00,tests/test_options.py,1102,0,0,39
click,011b9f9d190c71310264e6c54bae6259f5e38a9f,2025-05-19T13:59:41-04:00,tests/test_chain.py,245,0,0,8
click,cfa6f4ad3e0078db43f866246b483544afa33ed3,2025-05-20T18:22:08-04:00,src/click/_winconsole.py,296,3,1,0
click,cfa6f4ad3e0078db43f866246b483544afa33ed3,2025-05-20T18:22:08-04:00,tests/test_termui.py,487,0,0,4
click,cfa6f4ad3e0078db43f866246b483544afa33ed3,2025-05-20T18:22:08-04:00,src/click/core.py,3135,12,0,0
click,cfa6f4ad3e0078db43f866246b483544afa33ed3,2025-05-20T18:22:08-04:00,src/click/__init__.py,123,2,0,0
click,cfa6f4ad3e0078db43f866246b483544afa33ed3,2025-05-20T18:22:08-04:00,src/click/types.py,1165,7,0,0
click,cfa6f4ad3e0078db43f866246b483544afa33ed3,2025-05-20T18:22:08-04:00,tests/test_types.py,252,0,0,7
click,cfa6f4ad3e0078db43f866246b483544afa33ed3,2025-05-20T18:22:08-04:00,src/click/shell_completion.py,644,4,0,0
click,cfa6f4ad3e0078db43f866246b483544afa33ed3,2025-05-20T18:22:08-04:00,src/click/decorators.py,551,4,0,0
click,cfa6f4ad3e0078db43f866246b483544afa33ed3,2025-05-20T18:22:08-04:00,src/click/formatting.py,301,2,0,0
click,cfa6f4ad3e0078db43f866246b483544afa33ed3,2025-05-20T18:22:08-04:00,src/click/_compat.py,622,2,4,0
click,cfa6f4ad3e0078db43f866246b483544afa33ed3,2025-05-20T18:22:08-04:00,src/click/testing.py,558,2,2,28
click,cfa6f4ad3e0078db43f866246b483544afa33ed3,2025-05-20T18:22:08-04:00,src/click/utils.py,627,0,1,0
click,cfa6f4ad3e0078db43f866246b483544afa33ed3,2025-05-20T18:22:08-04:00,tests/test_chain.py,245,0,0,8
click,cfa6f4ad3e0078db43f866246b483544afa33ed3,2025-05-20T18:22:08-04:00,tests/test_utils.py,658,0,0,13
click,cfa6f4ad3e0078db43f866246b483544afa33ed3,2025-05-20T18:22:08-04:00,src/click/_termui_impl.py,839,6,0,0
click,5e2e191026c16ede856afbea941c0c3f90d62298,2025-06-08T11:18:51-07:00,src/click/_winconsole.py,296,3,1,0
click,5e2e191026c16ede856afbea941c0c3f90d62298,2025-06-08T11:18:51-07:00,src/click/core.py,3135,12,0,0
click,5e2e191026c16ede856afbea941c0c3f90d62298,2025-06-08T11:18:51-07:00,src/click/__init__.py,123,2,0,0
click,5e2e191026c16ede856afbea941c0c3f90d62298,2025-06-08T11:18:51-07:00,src/click/types.py,1165,7,0,0
click,5e2e191026c16ede856afbea941c0c3f90d62298,2025-06-08T11:18:51-07:00,src/click/shell_completion.py,644,4,0,0
click,5e2e191026c16ede856afbea941c0c3f90d62298,2025-06-08T11:18:51-07:00,src/click/decorators.py,551,4,0,0
click,5e2e191026c16ede856afbea941c0c3f90d62298,2025-06-08T11:18:51-07:00,src/click/formatting.py,301,2,0,0
click,5e2e191026c16ede856afbea941c0c3f90d62298,2025-06-08T11:18:51-07:00,src/click/_compat.py,622,2,4,0
click,5e2e191026c16ede856afbea941c0c3f90d62298,2025-06-08T11:18:51-07:00,docs/conf.py,57,0,0,6
click,5e2e191026c16ede856afbea941c0c3f90d62298,2025-06-08T11:18:51-07:00,src/click/testing.py,565,2,2,0
click,5e2e191026c16ede856afbea941c0c3f90d62298,2025-06-08T11:18:51-07:00,src/click/utils.py,627,0,1,0
click,5e2e191026c16ede856afbea941c0c3f90d62298,2025-06-08T11:18:51-07:00,src/click/_termui_impl.py,839,6,0,0
click,7b72bfb8cd3a0cec38197f6786ed583b5b3737e7,2025-07-22T01:05:43-07:00,src/click/_winconsole.py,296,3,1,0
click,7b72bfb8cd3a0cec38197f6786ed583b5b3737e7,2025-07-22T01:05:43-07:00,tests/test_testing.py,473,0,0,12
click,7b72bfb8cd3a0cec38197f6786ed583b5b3737e7,2025-07-22T01:05:43-07:00,src/click/core.py,3178,12,0,4
click,7b72bfb8cd3a0cec38197f6786ed583b5b3737e7,2025-07-22T01:05:43-07:00,src/click/__init__.py,123,2,0,0
click,7b72bfb8cd3a0cec38197f6786ed583b5b3737e7,2025-07-22T01:05:43-07:00,src/click/types.py,1209,7,0,0
click,7b72bfb8cd3a0cec38197f6786ed583b5b3737e7,2025-07-22T01:05:43-07:00,tests/test_shell_completion.py,547,0,0,150
click,7b72bfb8cd3a0cec38197f6786ed583b5b3737e7,2025-07-22T01:05:43-07:00,src/click/decorators.py,551,4,0,0
click,7b72bfb8cd3a0cec38197f6786ed583b5b3737e7,2025-07-22T01:05:43-07:00,src/click/_compat.py,622,2,4,0
click,7b72bfb8cd3a0cec38197f6786ed583b5b3737e7,2025-07-22T01:05:43-07:00,src/click/utils.py,627,0,1,0
click,7b72bfb8cd3a0cec38197f6786ed583b5b3737e7,2025-07-22T01:05:43-07:00,tests/test_utils.py,671,0,0,24
click,7b72bfb8cd3a0cec38197f6786ed583b5b3737e7,2025-07-22T01:05:43-07:00,src/click/_termui_impl.py,839,6,0,0
click,7b72bfb8cd3a0cec38197f6786ed583b5b3737e7,2025-07-22T01:05:43-07:00,tests/test_arguments.py,461,0,0,9
click,7b72bfb8cd3a0cec38197f6786ed583b5b3737e7,2025-07-22T01:05:43-07:00,src/click/shell_completion.py,664,4,0,44
click,7b72bfb8cd3a0cec38197f6786ed583b5b3737e7,2025-07-22T01:05:43-07:00,src/click/formatting.py,301,2,0,0
click,7b72bfb8cd3a0cec38197f6786ed583b5b3737e7,2025-07-22T01:05:43-07:00,src/click/testing.py,565,2,2,24
click,7b72bfb8cd3a0cec38197f6786ed583b5b3737e7,2025-07-22T01:05:43-07:00,tests/test_options.py,1448,0,0,206
click,7b72bfb8cd3a0cec38197f6786ed583b5b3737e7,2025-07-22T01:05:43-07:00,src/click/termui.py,877,0,0,12
click,7b72bfb8cd3a0cec38197f6786ed583b5b3737e7,2025-07-22T01:05:43-07:00,src/click/exceptions.py,308,0,0,12
click,1c68e531ef5e45f6facdb777c720d0f984614b81,2025-08-04T22:32:10-07:00,src/click/_winconsole.py,296,3,1,0
click,1c68e531ef5e45f6facdb777c720d0f984614b81,2025-08-04T22:32:10-07:00,src/click/parser.py,532,0,0,33
click,1c68e531ef5e45f6facdb777c720d0f984614b81,2025-08-04T22:32:10-07:00,tests/test_termui.py,487,0,0,195
click,1c68e531ef5e45f6facdb777c720d0f984614b81,2025-08-04T22:32:10-07:00,src/click/core.py,3178,12,0,527
click,1c68e531ef5e45f6facdb777c720d0f984614b81,2025-08-04T22:32:10-07:00,src/click/__init__.py,123,2,0,0
click,1c68e531ef5e45f6facdb777c720d0f984614b81,2025-08-04T22:32:10-07:00,src/click/types.py,1209,7,0,0
click,1c68e531ef5e45f6facdb777c720d0f984614b81,2025-08-04T22:32:10-07:00,tests/test_shell_completion.py,547,0,0,1
click,1c68e531ef5e45f6facdb777c720d0f984614b81,2025-08-04T22:32:10-07:00,src/click/decorators.py,551,4,0,0
click,1c68e531ef5e45f6facdb777c720d0f984614b81,2025-08-04T22:32:10-07:00,src/click/_compat.py,622,2,4,0
click,1c68e531ef5e45f6facdb777c720d0f984614b81,2025-08-04T22:32:10-07:00,src/click/utils.py,627,0,1,0
click,1c68e531ef5e45f6facdb777c720d0f984614b81,2025-08-04T22:32:10-07:00,tests/test_utils.py,671,0,0,52
click,1c68e531ef5e45f6facdb777c720d0f984614b81,2025-08-04T22:32:10-07:00,src/click/_termui_impl.py,839,6,0,20
click,1c68e531ef5e45f6facdb777c720d0f984614b81,2025-08-04T22:32:10-07:00,src/click/_utils.py,0,0,0,25
click,1c68e531ef5e45f6facdb777c720d0f984614b81,2025-08-04T22:32:10-07:00,tests/test_imports.py,71,0,0,1
click,1c68e531ef5e45f6facdb777c720d0f984614b81,2025-08-04T22:32:10-07:00,tests/test_arguments.py,470,0,0,171
click,1c68e531ef5e45f6facdb777c720d0f984614b81,2025-08-04T22:32:10-07:00,src/click/shell_completion.py,664,4,0,2
click,1c68e531ef5e45f6facdb777c720d0f984614b81,2025-08-04T22:32:10-07:00,src/click/formatting.py,301,2,0,4
click,1c68e531ef5e45f6facdb777c720d0f984614b81,2025-08-04T22:32:10-07:00,tests/test_basic.py,658,0,0,64
click,1c68e531ef5e45f6facdb777c720d0f984614b81,2025-08-04T22:32:10-07:00,src/click/testing.py,577,2,2,3
click,1c68e531ef5e45f6facdb777c720d0f984614b81,2025-08-04T22:32:10-07:00,tests/test_options.py,1485,0,0,880
click,1c68e531ef5e45f6facdb777c720d0f984614b81,2025-08-04T22:32:10-07:00,src/click/termui.py,877,0,0,2
click,e19772d7abf2ec3553a5d05ef8947e045b7fe6a7,2025-08-16T08:30:01+00:00,src/click/_winconsole.py,296,3,1,0
click,e19772d7abf2ec3553a5d05ef8947e045b7fe6a7,2025-08-16T08:30:01+00:00,src/click/parser.py,532,0,0,48
click,e19772d7abf2ec3553a5d05ef8947e045b7fe6a7,2025-08-16T08:30:01+00:00,tests/test_termui.py,487,0,0,286
click,e19772d7abf2ec3553a5d05ef8947e045b7fe6a7,2025-08-16T08:30:01+00:00,src/click/core.py,3178,12,0,942
click,e19772d7abf2ec3553a5d05ef8947e045b7fe6a7,2025-08-16T08:30:01+00:00,src/click/__init__.py,123,2,0,0
click,e19772d7abf2ec3553a5d05ef8947e045b7fe6a7,2025-08-16T08:30:01+00:00,src/click/types.py,1209,7,0,0
click,e19772d7abf2ec3553a5d05ef8947e045b7fe6a7,2025-08-16T08:30:01+00:00,src/click/decorators.py,551,4,0,0
click,e19772d7abf2ec3553a5d05ef8947e045b7fe6a7,2025-08-16T08:30:01+00:00,src/click/_compat.py,622,2,4,0
click,e19772d7abf2ec3553a5d05ef8947e045b7fe6a7,2025-08-16T08:30:01+00:00,src/click/utils.py,627,0,1,0
click,e19772d7abf2ec3553a5d05ef8947e045b7fe6a7,2025-08-16T08:30:01+00:00,tests/test_utils.py,671,0,0,53
click,e19772d7abf2ec3553a5d05ef8947e045b7fe6a7,2025-08-16T08:30:01+00:00,src/click/_termui_impl.py,847,8,0,0
click,e19772d7abf2ec3553a5d05ef8947e045b7fe6a7,2025-08-16T08:30:01+00:00,src/click/_utils.py,0,0,0,38
click,e19772d7abf2ec3553a5d05ef8947e045b7fe6a7,2025-08-16T08:30:01+00:00,tests/test_arguments.py,470,0,0,171
click,e19772d7abf2ec3553a5d05ef8947e045b7fe6a7,2025-08-16T08:30:01+00:00,src/click/shell_completion.py,667,4,0,0
click,e19772d7abf2ec3553a5d05ef8947e045b7fe6a7,2025-08-16T08:30:01+00:00,src/click/formatting.py,301,2,0,0
click,e19772d7abf2ec3553a5d05ef8947e045b7fe6a7,2025-08-16T08:30:01+00:00,tests/test_basic.py,658,0,0,121
click,e19772d7abf2ec3553a5d05ef8947e045b7fe6a7,2025-08-16T08:30:01+00:00,src/click/testing.py,578,2,2,0
click,e19772d7abf2ec3553a5d05ef8947e045b7fe6a7,2025-08-16T08:30:01+00:00,tests/test_options.py,1485,0,0,1438
click,e19772d7abf2ec3553a5d05ef8947e045b7fe6a7,2025-08-16T08:30:01+00:00,src/click/termui.py,877,0,0,4
click,2a0e3ba907927ade6951d5732b775f11b54cb766,2025-09-12T21:36:16-07:00,src/click/_winconsole.py,296,3,1,0
click,2a0e3ba907927ade6951d5732b775f11b54cb766,2025-09-12T21:36:16-07:00,tests/test_options.py,2241,0,0,36
click,2a0e3ba907927ade6951d5732b775f11b54cb766,2025-09-12T21:36:16-07:00,tests/test_arguments.py,581,0,0,37
click,2a0e3ba907927ade6951d5732b775f11b54cb766,2025-09-12T21:36:16-07:00,src/click/core.py,3347,14,0,82
click,2a0e3ba907927ade6951d5732b775f11b54cb766,2025-09-12T21:36:16-07:00,src/click/__init__.py,123,2,0,0
click,2a0e3ba907927ade6951d5732b775f11b54cb766,2025-09-12T21:36:16-07:00,src/click/types.py,1209,7,0,0
click,2a0e3ba907927ade6951d5732b775f11b54cb766,2025-09-12T21:36:16-07:00,tests/test_defaults.py,86,0,0,26
click,2a0e3ba907927ade6951d5732b775f11b54cb766,2025-09-12T21:36:16-07:00,src/click/shell_completion.py,667,4,0,0
click,2a0e3ba907927ade6951d5732b775f11b54cb766,2025-09-12T21:36:16-07:00,src/click/decorators.py,551,4,0,0
click,2a0e3ba907927ade6951d5732b775f11b54cb766,2025-09-12T21:36:16-07:00,tests/test_commands.py,547,0,0,46
click,2a0e3ba907927ade6951d5732b775f11b54cb766,2025-09-12T21:36:16-07:00,src/click/formatting.py,301,2,0,0
click,2a0e3ba907927ade6951d5732b775f11b54cb766,2025-09-12T21:36:16-07:00,src/click/_compat.py,622,2,4,0
click,2a0e3ba907927ade6951d5732b775f11b54cb766,2025-09-12T21:36:16-07:00,src/click/testing.py,577,2,2,0
click,2a0e3ba907927ade6951d5732b775f11b54cb766,2025-09-12T21:36:16-07:00,src/click/utils.py,627,0,1,0
click,2a0e3ba907927ade6951d5732b775f11b54cb766,2025-09-12T21:36:16-07:00,src/click/termui.py,877,0,0,26
click,2a0e3ba907927ade6951d5732b775f11b54cb766,2025-09-12T21:36:16-07:00,src/click/_termui_impl.py,847,8,0,2
click,325cf2edb10665830b0e472641c7320423edc2d4,2025-09-19T16:28:23+01:00,src/click/_winconsole.py,296,3,1,0
click,325cf2edb10665830b0e472641c7320423edc2d4,2025-09-19T16:28:23+01:00,src/click/core.py,3347,14,0,78
click,325cf2edb10665830b0e472641c7320423edc2d4,2025-09-19T16:28:23+01:00,src/click/__init__.py,123,2,0,0
click,325cf2edb10665830b0e472641c7320423edc2d4,2025-09-19T16:28:23+01:00,src/click/types.py,1209,7,0,0
click,325cf2edb10665830b0e472641c7320423edc2d4,2025-09-19T16:28:23+01:00,tests/test_defaults.py,86,0,0,26
click,325cf2edb10665830b0e472641c7320423edc2d4,2025-09-19T16:28:23+01:00,src/click/decorators.py,551,4,0,0
click,325cf2edb10665830b0e472641c7320423edc2d4,2025-09-19T16:28:23+01:00,src/click/_compat.py,622,2,4,0
click,325cf2edb10665830b0e472641c7320423edc2d4,2025-09-19T16:28:23+01:00,src/click/utils.py,627,0,1,0
click,325cf2edb10665830b0e472641c7320423edc2d4,2025-09-19T16:28:23+01:00,tests/test_utils.py,722,0,0,4
click,325cf2edb10665830b0e472641c7320423edc2d4,2025-09-19T16:28:23+01:00,src/click/_termui_impl.py,847,8,0,13
click,325cf2edb10665830b0e472641c7320423edc2d4,2025-09-19T16:28:23+01:00,tests/test_arguments.py,581,0,0,37
click,325cf2edb10665830b0e472641c7320423edc2d4,2025-09-19T16:28:23+01:00,src/click/shell_completion.py,667,4,0,0
click,325cf2edb10665830b0e472641c7320423edc2d4,2025-09-19T16:28:23+01:00,tests/test_commands.py,547,0,0,46
click,325cf2edb10665830b0e472641c7320423edc2d4,2025-09-19T16:28:23+01:00,src/click/formatting.py,301,2,0,0
click,325cf2edb10665830b0e472641c7320423edc2d4,2025-09-19T16:28:23+01:00,src/click/testing.py,577,2,2,0
click,325cf2edb10665830b0e472641c7320423edc2d4,2025-09-19T16:28:23+01:00,tests/test_options.py,2241,0,0,36
click,325cf2edb10665830b0e472641c7320423edc2d4,2025-09-19T16:28:23+01:00,src/click/termui.py,877,0,0,26
click,182770756651d24e9e3cc237d33dc52895511eb4,2025-09-19T14:36:43-07:00,src/click/_winconsole.py,296,3,1,0
click,182770756651d24e9e3cc237d33dc52895511eb4,2025-09-19T14:36:43-07:00,src/click/core.py,3347,14,0,78
click,182770756651d24e9e3cc237d33dc52895511eb4,2025-09-19T14:36:43-07:00,src/click/__init__.py,123,2,0,0
click,182770756651d24e9e3cc237d33dc52895511eb4,2025-09-19T14:36:43-07:00,src/click/types.py,1209,7,0,0
click,182770756651d24e9e3cc237d33dc52895511eb4,2025-09-19T14:36:43-07:00,tests/test_defaults.py,86,0,0,26
click,182770756651d24e9e3cc237d33dc52895511eb4,2025-09-19T14:36:43-07:00,src/click/decorators.py,551,4,0,0
click,182770756651d24e9e3cc237d33dc52895511eb4,2025-09-19T14:36:43-07:00,src/click/_compat.py,622,2,4,0
click,182770756651d24e9e3cc237d33dc52895511eb4,2025-09-19T14:36:43-07:00,src/click/utils.py,627,0,1,0
click,182770756651d24e9e3cc237d33dc52895511eb4,2025-09-19T14:36:43-07:00,tests/test_utils.py,722,0,0,4
click,182770756651d24e9e3cc237d33dc52895511eb4,2025-09-19T14:36:43-07:00,src/click/_termui_impl.py,847,8,0,13
click,182770756651d24e9e3cc237d33dc52895511eb4,2025-09-19T14:36:43-07:00,tests/test_arguments.py,581,0,0,37
click,182770756651d24e9e3cc237d33dc52895511eb4,2025-09-19T14:36:43-07:00,src/click/shell_completion.py,667,4,0,0
click,182770756651d24e9e3cc237d33dc52895511eb4,2025-09-19T14:36:43-07:00,tests/test_commands.py,547,0,0,46
click,182770756651d24e9e3cc237d33dc52895511eb4,2025-09-19T14:36:43-07:00,src/click/formatting.py,301,2,0,0
click,182770756651d24e9e3cc237d33dc52895511eb4,2025-09-19T14:36:43-07:00,src/click/testing.py,577,2,2,0
click,182770756651d24e9e3cc237d33dc52895511eb4,2025-09-19T14:36:43-07:00,tests/test_options.py,2241,0,0,36
click,182770756651d24e9e3cc237d33dc52895511eb4,2025-09-19T14:36:43-07:00,src/click/termui.py,877,0,0,26
click,7d7183604158f064390539d83d4a19a978c6b08a,2025-09-23T19:54:10-07:00,src/click/_winconsole.py,296,3,1,0
click,7d7183604158f064390539d83d4a19a978c6b08a,2025-09-23T19:54:10-07:00,src/click/core.py,3347,14,0,78
click,7d7183604158f064390539d83d4a19a978c6b08a,2025-09-23T19:54:10-07:00,src/click/__init__.py,123,2,0,0
click,7d7183604158f064390539d83d4a19a978c6b08a,2025-09-23T19:54:10-07:00,src/click/types.py,1209,7,0,0
click,7d7183604158f064390539d83d4a19a978c6b08a,2025-09-23T19:54:10-07:00,tests/test_defaults.py,86,0,0,26
click,7d7183604158f064390539d83d4a19a978c6b08a,2025-09-23T19:54:10-07:00,src/click/decorators.py,551,4,0,0
click,7d7183604158f064390539d83d4a19a978c6b08a,2025-09-23T19:54:10-07:00,src/click/_compat.py,622,2,4,0
click,7d7183604158f064390539d83d4a19a978c6b08a,2025-09-23T19:54:10-07:00,src/click/utils.py,627,0,1,0
click,7d7183604158f064390539d83d4a19a978c6b08a,2025-09-23T19:54:10-07:00,tests/test_utils.py,722,0,0,4
click,7d7183604158f064390539d83d4a19a978c6b08a,2025-09-23T19:54:10-07:00,src/click/_termui_impl.py,847,8,0,13
click,7d7183604158f064390539d83d4a19a978c6b08a,2025-09-23T19:54:10-07:00,tests/test_arguments.py,581,0,0,37
click,7d7183604158f064390539d83d4a19a978c6b08a,2025-09-23T19:54:10-07:00,src/click/shell_completion.py,667,4,0,0
click,7d7183604158f064390539d83d4a19a978c6b08a,2025-09-23T19:54:10-07:00,tests/test_commands.py,547,0,0,46
click,7d7183604158f064390539d83d4a19a978c6b08a,2025-09-23T19:54:10-07:00,src/click/formatting.py,301,2,0,0
click,7d7183604158f064390539d83d4a19a978c6b08a,2025-09-23T19:54:10-07:00,src/click/testing.py,577,2,2,0
click,7d7183604158f064390539d83d4a19a978c6b08a,2025-09-23T19:54:10-07:00,tests/test_options.py,2241,0,0,36
click,7d7183604158f064390539d83d4a19a978c6b08a,2025-09-23T19:54:10-07:00,src/click/termui.py,877,0,0,26
click,2d3b2435f29639eb01aab884ce706ed4b0eba515,2025-10-20T15:05:20-07:00,src/click/_winconsole.py,296,3,1,0
click,2d3b2435f29639eb01aab884ce706ed4b0eba515,2025-10-20T15:05:20-07:00,tests/test_termui.py,705,0,0,11
click,2d3b2435f29639eb01aab884ce706ed4b0eba515,2025-10-20T15:05:20-07:00,src/click/core.py,3385,14,0,0
click,2d3b2435f29639eb01aab884ce706ed4b0eba515,2025-10-20T15:05:20-07:00,src/click/__init__.py,123,2,0,0
click,2d3b2435f29639eb01aab884ce706ed4b0eba515,2025-10-20T15:05:20-07:00,src/click/types.py,1209,7,0,0
click,2d3b2435f29639eb01aab884ce706ed4b0eba515,2025-10-20T15:05:20-07:00,src/click/shell_completion.py,667,4,0,0
click,2d3b2435f29639eb01aab884ce706ed4b0eba515,2025-10-20T15:05:20-07:00,src/click/decorators.py,551,4,0,0
click,2d3b2435f29639eb01aab884ce706ed4b0eba515,2025-10-20T15:05:20-07:00,src/click/formatting.py,301,2,0,0
click,2d3b2435f29639eb01aab884ce706ed4b0eba515,2025-10-20T15:05:20-07:00,src/click/_compat.py,622,2,4,0
click,2d3b2435f29639eb01aab884ce706ed4b0eba515,2025-10-20T15:05:20-07:00,src/click/testing.py,577,2,2,0
click,2d3b2435f29639eb01aab884ce706ed4b0eba515,2025-10-20T15:05:20-07:00,src/click/utils.py,627,0,1,0
click,2d3b2435f29639eb01aab884ce706ed4b0eba515,2025-10-20T15:05:20-07:00,src/click/_termui_impl.py,852,6,0,0
click,fa7f035ab58dc4d9b8818b92fbc6a8f3c3234af6,2026-02-27T13:10:15-08:00,src/click/_winconsole.py,296,3,1,0
click,fa7f035ab58dc4d9b8818b92fbc6a8f3c3234af6,2026-02-27T13:10:15-08:00,tests/test_options.py,2339,0,0,170
click,fa7f035ab58dc4d9b8818b92fbc6a8f3c3234af6,2026-02-27T13:10:15-08:00,src/click/core.py,3418,14,0,86
click,fa7f035ab58dc4d9b8818b92fbc6a8f3c3234af6,2026-02-27T13:10:15-08:00,src/click/__init__.py,123,2,0,0
click,fa7f035ab58dc4d9b8818b92fbc6a8f3c3234af6,2026-02-27T13:10:15-08:00,src/click/types.py,1209,7,0,0
click,fa7f035ab58dc4d9b8818b92fbc6a8f3c3234af6,2026-02-27T13:10:15-08:00,tests/test_defaults.py,162,0,0,45
click,fa7f035ab58dc4d9b8818b92fbc6a8f3c3234af6,2026-02-27T13:10:15-08:00,src/click/shell_completion.py,667,4,0,0
click,fa7f035ab58dc4d9b8818b92fbc6a8f3c3234af6,2026-02-27T13:10:15-08:00,tests/test_testing_logging.py,0,0,0,50
click,fa7f035ab58dc4d9b8818b92fbc6a8f3c3234af6,2026-02-27T13:10:15-08:00,src/click/decorators.py,551,4,0,0
click,fa7f035ab58dc4d9b8818b92fbc6a8f3c3234af6,2026-02-27T13:10:15-08:00,src/click/formatting.py,301,2,0,0
click,fa7f035ab58dc4d9b8818b92fbc6a8f3c3234af6,2026-02-27T13:10:15-08:00,src/click/_compat.py,622,2,4,0
click,fa7f035ab58dc4d9b8818b92fbc6a8f3c3234af6,2026-02-27T13:10:15-08:00,src/click/testing.py,577,2,2,21
click,fa7f035ab58dc4d9b8818b92fbc6a8f3c3234af6,2026-02-27T13:10:15-08:00,src/click/utils.py,627,0,1,0
click,fa7f035ab58dc4d9b8818b92fbc6a8f3c3234af6,2026-02-27T13:10:15-08:00,src/click/_termui_impl.py,852,6,0,0
click,fa7f035ab58dc4d9b8818b92fbc6a8f3c3234af6,2026-02-27T13:10:15-08:00,tests/test_stream_lifecycle.py,0,0,0,538
click,b6afbf05ea6dbc8a4e7cdd448dd345c783973137,2026-02-27T13:14:19-08:00,src/click/_winconsole.py,296,3,1,0
click,b6afbf05ea6dbc8a4e7cdd448dd345c783973137,2026-02-27T13:14:19-08:00,tests/test_options.py,2339,0,0,170
click,b6afbf05ea6dbc8a4e7cdd448dd345c783973137,2026-02-27T13:14:19-08:00,src/click/core.py,3423,14,0,86
click,b6afbf05ea6dbc8a4e7cdd448dd345c783973137,2026-02-27T13:14:19-08:00,src/click/__init__.py,123,2,0,0
click,b6afbf05ea6dbc8a4e7cdd448dd345c783973137,2026-02-27T13:14:19-08:00,src/click/types.py,1209,7,0,0
click,b6afbf05ea6dbc8a4e7cdd448dd345c783973137,2026-02-27T13:14:19-08:00,tests/test_defaults.py,311,0,0,45
click,b6afbf05ea6dbc8a4e7cdd448dd345c783973137,2026-02-27T13:14:19-08:00,src/click/shell_completion.py,667,4,0,0
click,b6afbf05ea6dbc8a4e7cdd448dd345c783973137,2026-02-27T13:14:19-08:00,tests/test_testing_logging.py,0,0,0,50
click,b6afbf05ea6dbc8a4e7cdd448dd345c783973137,2026-02-27T13:14:19-08:00,src/click/decorators.py,551,4,0,0
click,b6afbf05ea6dbc8a4e7cdd448dd345c783973137,2026-02-27T13:14:19-08:00,src/click/formatting.py,301,2,0,0
click,b6afbf05ea6dbc8a4e7cdd448dd345c783973137,2026-02-27T13:14:19-08:00,src/click/_compat.py,622,2,4,0
click,b6afbf05ea6dbc8a4e7cdd448dd345c783973137,2026-02-27T13:14:19-08:00,src/click/testing.py,577,2,2,21
click,b6afbf05ea6dbc8a4e7cdd448dd345c783973137,2026-02-27T13:14:19-08:00,src/click/utils.py,627,0,1,0
click,b6afbf05ea6dbc8a4e7cdd448dd345c783973137,2026-02-27T13:14:19-08:00,src/click/_termui_impl.py,852,6,0,0
click,b6afbf05ea6dbc8a4e7cdd448dd345c783973137,2026-02-27T13:14:19-08:00,tests/test_stream_lifecycle.py,0,0,0,538
click,e4dbb3e8f4878a80a3a6b8380216f5f49eb7e6a7,2026-04-03T12:15:07-07:00,src/click/_winconsole.py,296,3,1,0
click,e4dbb3e8f4878a80a3a6b8380216f5f49eb7e6a7,2026-04-03T12:15:07-07:00,tests/test_testing.py,471,0,0,76
click,e4dbb3e8f4878a80a3a6b8380216f5f49eb7e6a7,2026-04-03T12:15:07-07:00,tests/test_termui.py,712,0,0,310
click,e4dbb3e8f4878a80a3a6b8380216f5f49eb7e6a7,2026-04-03T12:15:07-07:00,src/click/core.py,3437,14,0,137
click,e4dbb3e8f4878a80a3a6b8380216f5f49eb7e6a7,2026-04-03T12:15:07-07:00,src/click/__init__.py,123,2,0,1
click,e4dbb3e8f4878a80a3a6b8380216f5f49eb7e6a7,2026-04-03T12:15:07-07:00,src/click/types.py,1209,7,0,0
click,e4dbb3e8f4878a80a3a6b8380216f5f49eb7e6a7,2026-04-03T12:15:07-07:00,tests/test_defaults.py,356,0,0,20
click,e4dbb3e8f4878a80a3a6b8380216f5f49eb7e6a7,2026-04-03T12:15:07-07:00,src/click/decorators.py,551,4,0,0
click,e4dbb3e8f4878a80a3a6b8380216f5f49eb7e6a7,2026-04-03T12:15:07-07:00,src/click/_compat.py,622,2,4,0
click,e4dbb3e8f4878a80a3a6b8380216f5f49eb7e6a7,2026-04-03T12:15:07-07:00,src/click/utils.py,627,0,1,5
click,e4dbb3e8f4878a80a3a6b8380216f5f49eb7e6a7,2026-04-03T12:15:07-07:00,tests/test_utils.py,748,0,0,7
click,e4dbb3e8f4878a80a3a6b8380216f5f49eb7e6a7,2026-04-03T12:15:07-07:00,src/click/_termui_impl.py,852,6,0,110
click,e4dbb3e8f4878a80a3a6b8380216f5f49eb7e6a7,2026-04-03T12:15:07-07:00,tests/test_imports.py,70,0,0,10
click,e4dbb3e8f4878a80a3a6b8380216f5f49eb7e6a7,2026-04-03T12:15:07-07:00,src/click/shell_completion.py,667,4,0,0
click,e4dbb3e8f4878a80a3a6b8380216f5f49eb7e6a7,2026-04-03T12:15:07-07:00,src/click/formatting.py,301,2,0,0
click,e4dbb3e8f4878a80a3a6b8380216f5f49eb7e6a7,2026-04-03T12:15:07-07:00,src/click/testing.py,574,2,2,113
click,e4dbb3e8f4878a80a3a6b8380216f5f49eb7e6a7,2026-04-03T12:15:07-07:00,tests/test_options.py,2503,0,0,84
click,e4dbb3e8f4878a80a3a6b8380216f5f49eb7e6a7,2026-04-03T12:15:07-07:00,src/click/termui.py,883,0,0,16
click,c9e60ee1b3565ccf6ef206c69dcda75d96bd5772,2026-04-11T12:11:22+02:00,src/click/_winconsole.py,296,3,1,0
click,c9e60ee1b3565ccf6ef206c69dcda75d96bd5772,2026-04-11T12:11:22+02:00,tests/test_testing.py,521,0,0,26
click,c9e60ee1b3565ccf6ef206c69dcda75d96bd5772,2026-04-11T12:11:22+02:00,src/click/parser.py,532,0,0,2
click,c9e60ee1b3565ccf6ef206c69dcda75d96bd5772,2026-04-11T12:11:22+02:00,tests/test_termui.py,828,0,0,83
click,c9e60ee1b3565ccf6ef206c69dcda75d96bd5772,2026-04-11T12:11:22+02:00,src/click/core.py,3437,14,0,138
click,c9e60ee1b3565ccf6ef206c69dcda75d96bd5772,2026-04-11T12:11:22+02:00,src/click/__init__.py,123,2,0,1
click,c9e60ee1b3565ccf6ef206c69dcda75d96bd5772,2026-04-11T12:11:22+02:00,src/click/types.py,1209,7,0,222
click,c9e60ee1b3565ccf6ef206c69dcda75d96bd5772,2026-04-11T12:11:22+02:00,tests/test_defaults.py,356,0,0,4
click,c9e60ee1b3565ccf6ef206c69dcda75d96bd5772,2026-04-11T12:11:22+02:00,tests/test_types.py,257,0,0,2
click,c9e60ee1b3565ccf6ef206c69dcda75d96bd5772,2026-04-11T12:11:22+02:00,src/click/decorators.py,551,4,0,0
click,c9e60ee1b3565ccf6ef206c69dcda75d96bd5772,2026-04-11T12:11:22+02:00,src/click/_compat.py,622,2,4,0
click,c9e60ee1b3565ccf6ef206c69dcda75d96bd5772,2026-04-11T12:11:22+02:00,src/click/utils.py,627,0,1,5
click,c9e60ee1b3565ccf6ef206c69dcda75d96bd5772,2026-04-11T12:11:22+02:00,examples/aliases/aliases.py,143,0,0,2
click,c9e60ee1b3565ccf6ef206c69dcda75d96bd5772,2026-04-11T12:11:22+02:00,src/click/_termui_impl.py,889,4,0,7
click,c9e60ee1b3565ccf6ef206c69dcda75d96bd5772,2026-04-11T12:11:22+02:00,examples/repo/repo.py,166,0,0,2
click,c9e60ee1b3565ccf6ef206c69dcda75d96bd5772,2026-04-11T12:11:22+02:00,tests/test_imports.py,78,0,0,2
click,c9e60ee1b3565ccf6ef206c69dcda75d96bd5772,2026-04-11T12:11:22+02:00,src/click/shell_completion.py,667,4,0,0
click,c9e60ee1b3565ccf6ef206c69dcda75d96bd5772,2026-04-11T12:11:22+02:00,src/click/formatting.py,301,2,0,0
click,c9e60ee1b3565ccf6ef206c69dcda75d96bd5772,2026-04-11T12:11:22+02:00,tests/test_formatting.py,368,0,0,67
click,c9e60ee1b3565ccf6ef206c69dcda75d96bd5772,2026-04-11T12:11:22+02:00,src/click/testing.py,619,2,2,68
click,c9e60ee1b3565ccf6ef206c69dcda75d96bd5772,2026-04-11T12:11:22+02:00,tests/test_options.py,2527,0,0,151
click,c9e60ee1b3565ccf6ef206c69dcda75d96bd5772,2026-04-11T12:11:22+02:00,src/click/termui.py,883,0,0,20
click,c9e60ee1b3565ccf6ef206c69dcda75d96bd5772,2026-04-11T12:11:22+02:00,src/click/exceptions.py,308,0,0,6
click,878de46100e9c29aea9dab5b385b8116863cb5e3,2026-04-12T19:42:47-07:00,src/click/_winconsole.py,296,3,1,0
click,878de46100e9c29aea9dab5b385b8116863cb5e3,2026-04-12T19:42:47-07:00,tests/test_testing.py,521,0,0,26
click,878de46100e9c29aea9dab5b385b8116863cb5e3,2026-04-12T19:42:47-07:00,src/click/parser.py,532,0,0,2
click,878de46100e9c29aea9dab5b385b8116863cb5e3,2026-04-12T19:42:47-07:00,tests/test_termui.py,933,0,0,83
click,878de46100e9c29aea9dab5b385b8116863cb5e3,2026-04-12T19:42:47-07:00,src/click/core.py,3437,14,0,138
click,878de46100e9c29aea9dab5b385b8116863cb5e3,2026-04-12T19:42:47-07:00,src/click/__init__.py,123,2,0,1
click,878de46100e9c29aea9dab5b385b8116863cb5e3,2026-04-12T19:42:47-07:00,src/click/types.py,1209,7,0,222
click,878de46100e9c29aea9dab5b385b8116863cb5e3,2026-04-12T19:42:47-07:00,tests/test_defaults.py,356,0,0,4
click,878de46100e9c29aea9dab5b385b8116863cb5e3,2026-04-12T19:42:47-07:00,tests/test_types.py,257,0,0,2
click,878de46100e9c29aea9dab5b385b8116863cb5e3,2026-04-12T19:42:47-07:00,src/click/decorators.py,551,4,0,0
click,878de46100e9c29aea9dab5b385b8116863cb5e3,2026-04-12T19:42:47-07:00,src/click/_compat.py,622,2,4,0
click,878de46100e9c29aea9dab5b385b8116863cb5e3,2026-04-12T19:42:47-07:00,src/click/utils.py,627,0,1,5
click,878de46100e9c29aea9dab5b385b8116863cb5e3,2026-04-12T19:42:47-07:00,examples/aliases/aliases.py,143,0,0,2
click,878de46100e9c29aea9dab5b385b8116863cb5e3,2026-04-12T19:42:47-07:00,src/click/_termui_impl.py,871,6,0,7
click,878de46100e9c29aea9dab5b385b8116863cb5e3,2026-04-12T19:42:47-07:00,examples/repo/repo.py,166,0,0,2
click,878de46100e9c29aea9dab5b385b8116863cb5e3,2026-04-12T19:42:47-07:00,tests/test_imports.py,78,0,0,2
click,878de46100e9c29aea9dab5b385b8116863cb5e3,2026-04-12T19:42:47-07:00,src/click/shell_completion.py,667,4,0,0
click,878de46100e9c29aea9dab5b385b8116863cb5e3,2026-04-12T19:42:47-07:00,src/click/formatting.py,301,2,0,0
click,878de46100e9c29aea9dab5b385b8116863cb5e3,2026-04-12T19:42:47-07:00,tests/test_formatting.py,368,0,0,67
click,878de46100e9c29aea9dab5b385b8116863cb5e3,2026-04-12T19:42:47-07:00,src/click/testing.py,619,2,2,68
click,878de46100e9c29aea9dab5b385b8116863cb5e3,2026-04-12T19:42:47-07:00,tests/test_options.py,2527,0,0,151
click,878de46100e9c29aea9dab5b385b8116863cb5e3,2026-04-12T19:42:47-07:00,src/click/termui.py,883,0,0,20
click,878de46100e9c29aea9dab5b385b8116863cb5e3,2026-04-12T19:42:47-07:00,src/click/exceptions.py,308,0,0,6
click,2fdde68324c386bd967b00ce422daa357432f7cd,2026-05-15T12:05:53+02:00,src/click/_winconsole.py,297,3,1,0
click,2fdde68324c386bd967b00ce422daa357432f7cd,2026-05-15T12:05:53+02:00,tests/test_testing.py,547,0,0,245
click,2fdde68324c386bd967b00ce422daa357432f7cd,2026-05-15T12:05:53+02:00,src/click/__init__.py,126,2,0,0
click,2fdde68324c386bd967b00ce422daa357432f7cd,2026-05-15T12:05:53+02:00,tests/test_types.py,276,0,0,21
click,2fdde68324c386bd967b00ce422daa357432f7cd,2026-05-15T12:05:53+02:00,tests/test_defaults.py,413,0,0,150
click,2fdde68324c386bd967b00ce422daa357432f7cd,2026-05-15T12:05:53+02:00,docs/conf.py,58,0,0,1
click,2fdde68324c386bd967b00ce422daa357432f7cd,2026-05-15T12:05:53+02:00,tests/test_info_dict.py,275,0,0,40
click,2fdde68324c386bd967b00ce422daa357432f7cd,2026-05-15T12:05:53+02:00,tests/test_arguments.py,629,0,0,114
click,2fdde68324c386bd967b00ce422daa357432f7cd,2026-05-15T12:05:53+02:00,tests/test_commands.py,607,0,0,43
click,2fdde68324c386bd967b00ce422daa357432f7cd,2026-05-15T12:05:53+02:00,src/click/formatting.py,301,2,0,27
click,2fdde68324c386bd967b00ce422daa357432f7cd,2026-05-15T12:05:53+02:00,tests/test_formatting.py,435,0,0,115
click,2fdde68324c386bd967b00ce422daa357432f7cd,2026-05-15T12:05:53+02:00,tests/test_termui.py,1246,0,0,456
click,2fdde68324c386bd967b00ce422daa357432f7cd,2026-05-15T12:05:53+02:00,src/click/termui.py,941,0,0,13
click,2fdde68324c386bd967b00ce422daa357432f7cd,2026-05-15T12:05:53+02:00,src/click/exceptions.py,344,0,0,58
click,2fdde68324c386bd967b00ce422daa357432f7cd,2026-05-15T12:05:53+02:00,src/click/core.py,3502,14,0,307
click,2fdde68324c386bd967b00ce422daa357432f7cd,2026-05-15T12:05:53+02:00,src/click/types.py,1299,7,0,263
click,2fdde68324c386bd967b00ce422daa357432f7cd,2026-05-15T12:05:53+02:00,tests/test_shell_completion.py,608,0,0,134
click,2fdde68324c386bd967b00ce422daa357432f7cd,2026-05-15T12:05:53+02:00,src/click/decorators.py,551,4,0,0
click,2fdde68324c386bd967b00ce422daa357432f7cd,2026-05-15T12:05:53+02:00,src/click/_compat.py,626,2,4,44
click,2fdde68324c386bd967b00ce422daa357432f7cd,2026-05-15T12:05:53+02:00,src/click/utils.py,631,0,1,36
click,2fdde68324c386bd967b00ce422daa357432f7cd,2026-05-15T12:05:53+02:00,tests/test_utils.py,782,0,0,109
click,2fdde68324c386bd967b00ce422daa357432f7cd,2026-05-15T12:05:53+02:00,src/click/_termui_impl.py,897,6,0,67
click,2fdde68324c386bd967b00ce422daa357432f7cd,2026-05-15T12:05:53+02:00,tests/test_stream_lifecycle.py,538,0,0,4
click,2fdde68324c386bd967b00ce422daa357432f7cd,2026-05-15T12:05:53+02:00,src/click/shell_completion.py,679,4,0,155
click,2fdde68324c386bd967b00ce422daa357432f7cd,2026-05-15T12:05:53+02:00,src/click/testing.py,669,2,2,207
click,2fdde68324c386bd967b00ce422daa357432f7cd,2026-05-15T12:05:53+02:00,tests/test_options.py,2624,0,0,76
click,dbdae170879d460e78963f8af35c5cb9c5b86e89,2026-05-16T07:32:08+02:00,src/click/_winconsole.py,297,3,1,0
click,dbdae170879d460e78963f8af35c5cb9c5b86e89,2026-05-16T07:32:08+02:00,tests/test_testing.py,749,0,0,11
click,dbdae170879d460e78963f8af35c5cb9c5b86e89,2026-05-16T07:32:08+02:00,src/click/__init__.py,126,2,0,0
click,dbdae170879d460e78963f8af35c5cb9c5b86e89,2026-05-16T07:32:08+02:00,tests/test_types.py,276,0,0,21
click,dbdae170879d460e78963f8af35c5cb9c5b86e89,2026-05-16T07:32:08+02:00,tests/test_defaults.py,413,0,0,150
click,dbdae170879d460e78963f8af35c5cb9c5b86e89,2026-05-16T07:32:08+02:00,docs/conf.py,58,0,0,1
click,dbdae170879d460e78963f8af35c5cb9c5b86e89,2026-05-16T07:32:08+02:00,tests/test_info_dict.py,275,0,0,40
click,dbdae170879d460e78963f8af35c5cb9c5b86e89,2026-05-16T07:32:08+02:00,tests/test_arguments.py,629,0,0,114
click,dbdae170879d460e78963f8af35c5cb9c5b86e89,2026-05-16T07:32:08+02:00,tests/test_commands.py,607,0,0,43
click,dbdae170879d460e78963f8af35c5cb9c5b86e89,2026-05-16T07:32:08+02:00,src/click/formatting.py,307,2,0,27
click,dbdae170879d460e78963f8af35c5cb9c5b86e89,2026-05-16T07:32:08+02:00,tests/test_formatting.py,501,0,0,115
click,dbdae170879d460e78963f8af35c5cb9c5b86e89,2026-05-16T07:32:08+02:00,tests/test_termui.py,1399,0,0,139
click,dbdae170879d460e78963f8af35c5cb9c5b86e89,2026-05-16T07:32:08+02:00,src/click/termui.py,941,0,0,17
click,dbdae170879d460e78963f8af35c5cb9c5b86e89,2026-05-16T07:32:08+02:00,src/click/exceptions.py,344,0,0,58
click,dbdae170879d460e78963f8af35c5cb9c5b86e89,2026-05-16T07:32:08+02:00,src/click/core.py,3535,12,0,243
click,dbdae170879d460e78963f8af35c5cb9c5b86e89,2026-05-16T07:32:08+02:00,src/click/types.py,1299,7,0,263
click,dbdae170879d460e78963f8af35c5cb9c5b86e89,2026-05-16T07:32:08+02:00,tests/test_shell_completion.py,608,0,0,134
click,dbdae170879d460e78963f8af35c5cb9c5b86e89,2026-05-16T07:32:08+02:00,src/click/decorators.py,551,4,0,0
click,dbdae170879d460e78963f8af35c5cb9c5b86e89,2026-05-16T07:32:08+02:00,src/click/_compat.py,626,2,4,44
click,dbdae170879d460e78963f8af35c5cb9c5b86e89,2026-05-16T07:32:08+02:00,src/click/utils.py,631,0,1,36
click,dbdae170879d460e78963f8af35c5cb9c5b86e89,2026-05-16T07:32:08+02:00,tests/test_utils.py,782,0,0,109
click,dbdae170879d460e78963f8af35c5cb9c5b86e89,2026-05-16T07:32:08+02:00,src/click/_termui_impl.py,909,6,0,33
click,dbdae170879d460e78963f8af35c5cb9c5b86e89,2026-05-16T07:32:08+02:00,tests/test_stream_lifecycle.py,538,0,0,4
click,dbdae170879d460e78963f8af35c5cb9c5b86e89,2026-05-16T07:32:08+02:00,src/click/shell_completion.py,679,4,0,138
click,dbdae170879d460e78963f8af35c5cb9c5b86e89,2026-05-16T07:32:08+02:00,src/click/testing.py,736,2,2,68
click,dbdae170879d460e78963f8af35c5cb9c5b86e89,2026-05-16T07:32:08+02:00,tests/test_options.py,3441,0,0,76
click,0baa8db07736fc7ad3d3eed97d4c73b0059c63e1,2026-05-21T15:00:59+02:00,src/click/_winconsole.py,297,3,1,0
click,0baa8db07736fc7ad3d3eed97d4c73b0059c63e1,2026-05-21T15:00:59+02:00,tests/test_testing.py,749,0,0,11
click,0baa8db07736fc7ad3d3eed97d4c73b0059c63e1,2026-05-21T15:00:59+02:00,src/click/__init__.py,126,2,0,0
click,0baa8db07736fc7ad3d3eed97d4c73b0059c63e1,2026-05-21T15:00:59+02:00,tests/test_types.py,276,0,0,21
click,0baa8db07736fc7ad3d3eed97d4c73b0059c63e1,2026-05-21T15:00:59+02:00,tests/test_defaults.py,563,0,0,27
click,0baa8db07736fc7ad3d3eed97d4c73b0059c63e1,2026-05-21T15:00:59+02:00,docs/conf.py,58,0,0,1
click,0baa8db07736fc7ad3d3eed97d4c73b0059c63e1,2026-05-21T15:00:59+02:00,tests/test_info_dict.py,275,0,0,40
click,0baa8db07736fc7ad3d3eed97d4c73b0059c63e1,2026-05-21T15:00:59+02:00,tests/test_arguments.py,629,0,0,114
click,0baa8db07736fc7ad3d3eed97d4c73b0059c63e1,2026-05-21T15:00:59+02:00,tests/test_commands.py,607,0,0,43
click,0baa8db07736fc7ad3d3eed97d4c73b0059c63e1,2026-05-21T15:00:59+02:00,src/click/formatting.py,315,2,0,19
click,0baa8db07736fc7ad3d3eed97d4c73b0059c63e1,2026-05-21T15:00:59+02:00,tests/test_termui.py,1474,0,0,108
click,0baa8db07736fc7ad3d3eed97d4c73b0059c63e1,2026-05-21T15:00:59+02:00,src/click/termui.py,941,0,0,17
click,0baa8db07736fc7ad3d3eed97d4c73b0059c63e1,2026-05-21T15:00:59+02:00,src/click/exceptions.py,344,0,0,58
click,0baa8db07736fc7ad3d3eed97d4c73b0059c63e1,2026-05-21T15:00:59+02:00,src/click/core.py,3542,12,0,229
click,0baa8db07736fc7ad3d3eed97d4c73b0059c63e1,2026-05-21T15:00:59+02:00,src/click/types.py,1298,7,0,260
click,0baa8db07736fc7ad3d3eed97d4c73b0059c63e1,2026-05-21T15:00:59+02:00,tests/test_shell_completion.py,625,0,0,115
click,0baa8db07736fc7ad3d3eed97d4c73b0059c63e1,2026-05-21T15:00:59+02:00,src/click/decorators.py,551,4,0,0
click,0baa8db07736fc7ad3d3eed97d4c73b0059c63e1,2026-05-21T15:00:59+02:00,src/click/_compat.py,627,2,4,43
click,0baa8db07736fc7ad3d3eed97d4c73b0059c63e1,2026-05-21T15:00:59+02:00,src/click/utils.py,641,0,1,44
click,0baa8db07736fc7ad3d3eed97d4c73b0059c63e1,2026-05-21T15:00:59+02:00,tests/test_utils.py,787,0,0,104
click,0baa8db07736fc7ad3d3eed97d4c73b0059c63e1,2026-05-21T15:00:59+02:00,src/click/_termui_impl.py,909,6,0,96
click,0baa8db07736fc7ad3d3eed97d4c73b0059c63e1,2026-05-21T15:00:59+02:00,tests/test_stream_lifecycle.py,538,0,0,4
click,0baa8db07736fc7ad3d3eed97d4c73b0059c63e1,2026-05-21T15:00:59+02:00,src/click/shell_completion.py,680,4,0,133
click,0baa8db07736fc7ad3d3eed97d4c73b0059c63e1,2026-05-21T15:00:59+02:00,src/click/testing.py,736,2,2,68
click,0baa8db07736fc7ad3d3eed97d4c73b0059c63e1,2026-05-21T15:00:59+02:00,tests/test_options.py,3503,0,0,14
click,cfa01eeb7894a408af70b29d28c0b24f8680f9fb,2026-07-20T10:43:21-07:00,src/click/_winconsole.py,297,3,1,0
click,cfa01eeb7894a408af70b29d28c0b24f8680f9fb,2026-07-20T10:43:21-07:00,src/click/parser.py,533,1,0,0
click,cfa01eeb7894a408af70b29d28c0b24f8680f9fb,2026-07-20T10:43:21-07:00,tests/test_utils/test_prompt.py,74,0,0,26
click,cfa01eeb7894a408af70b29d28c0b24f8680f9fb,2026-07-20T10:43:21-07:00,src/click/core.py,3792,12,0,17
click,cfa01eeb7894a408af70b29d28c0b24f8680f9fb,2026-07-20T10:43:21-07:00,src/click/__init__.py,144,2,0,0
click,cfa01eeb7894a408af70b29d28c0b24f8680f9fb,2026-07-20T10:43:21-07:00,src/click/types.py,1375,7,0,67
click,cfa01eeb7894a408af70b29d28c0b24f8680f9fb,2026-07-20T10:43:21-07:00,tests/test_types.py,310,0,0,22
click,cfa01eeb7894a408af70b29d28c0b24f8680f9fb,2026-07-20T10:43:21-07:00,src/click/decorators.py,627,6,0,0
click,cfa01eeb7894a408af70b29d28c0b24f8680f9fb,2026-07-20T10:43:21-07:00,src/click/_compat.py,590,2,3,2
click,cfa01eeb7894a408af70b29d28c0b24f8680f9fb,2026-07-20T10:43:21-07:00,src/click/utils.py,688,1,1,2
click,cfa01eeb7894a408af70b29d28c0b24f8680f9fb,2026-07-20T10:43:21-07:00,src/click/_termui_impl.py,945,8,0,0
click,cfa01eeb7894a408af70b29d28c0b24f8680f9fb,2026-07-20T10:43:21-07:00,tests/test_imports.py,80,0,0,4
click,cfa01eeb7894a408af70b29d28c0b24f8680f9fb,2026-07-20T10:43:21-07:00,tests/test_deprecations.py,31,0,0,72
click,cfa01eeb7894a408af70b29d28c0b24f8680f9fb,2026-07-20T10:43:21-07:00,src/click/shell_completion.py,801,6,0,4
click,cfa01eeb7894a408af70b29d28c0b24f8680f9fb,2026-07-20T10:43:21-07:00,tests/test_commands.py,650,0,0,50
click,cfa01eeb7894a408af70b29d28c0b24f8680f9fb,2026-07-20T10:43:21-07:00,src/click/formatting.py,320,2,0,0
click,cfa01eeb7894a408af70b29d28c0b24f8680f9fb,2026-07-20T10:43:21-07:00,tests/typing/typing_prompt.py,0,0,0,50
click,cfa01eeb7894a408af70b29d28c0b24f8680f9fb,2026-07-20T10:43:21-07:00,src/click/testing.py,798,2,2,0
click,cfa01eeb7894a408af70b29d28c0b24f8680f9fb,2026-07-20T10:43:21-07:00,src/click/termui.py,960,0,0,167
click,398f9154317f6c54bf98fe3359672ad5cb851585,2026-07-22T15:29:10-07:00,src/click/_winconsole.py,297,3,1,0
click,398f9154317f6c54bf98fe3359672ad5cb851585,2026-07-22T15:29:10-07:00,src/click/parser.py,533,1,0,0
click,398f9154317f6c54bf98fe3359672ad5cb851585,2026-07-22T15:29:10-07:00,src/click/core.py,3792,12,0,17
click,398f9154317f6c54bf98fe3359672ad5cb851585,2026-07-22T15:29:10-07:00,src/click/__init__.py,144,2,0,0
click,398f9154317f6c54bf98fe3359672ad5cb851585,2026-07-22T15:29:10-07:00,src/click/types.py,1422,7,0,0
click,398f9154317f6c54bf98fe3359672ad5cb851585,2026-07-22T15:29:10-07:00,src/click/shell_completion.py,801,6,0,4
click,398f9154317f6c54bf98fe3359672ad5cb851585,2026-07-22T15:29:10-07:00,src/click/decorators.py,627,6,0,0
click,398f9154317f6c54bf98fe3359672ad5cb851585,2026-07-22T15:29:10-07:00,tests/test_commands.py,650,0,0,50
click,398f9154317f6c54bf98fe3359672ad5cb851585,2026-07-22T15:29:10-07:00,src/click/formatting.py,320,2,0,0
click,398f9154317f6c54bf98fe3359672ad5cb851585,2026-07-22T15:29:10-07:00,src/click/_compat.py,590,2,3,2
click,398f9154317f6c54bf98fe3359672ad5cb851585,2026-07-22T15:29:10-07:00,src/click/testing.py,798,2,2,0
click,398f9154317f6c54bf98fe3359672ad5cb851585,2026-07-22T15:29:10-07:00,src/click/utils.py,688,1,1,2
click,398f9154317f6c54bf98fe3359672ad5cb851585,2026-07-22T15:29:10-07:00,src/click/termui.py,1003,0,0,4
click,398f9154317f6c54bf98fe3359672ad5cb851585,2026-07-22T15:29:10-07:00,src/click/_termui_impl.py,945,8,0,0
click,3ee9309b9c1804528842392c461526760bff0035,2026-08-15T10:55:20+04:00,src/click/_winconsole.py,297,3,1,0
click,3ee9309b9c1804528842392c461526760bff0035,2026-08-15T10:55:20+04:00,src/click/parser.py,533,1,0,0
click,3ee9309b9c1804528842392c461526760bff0035,2026-08-15T10:55:20+04:00,tests/test_termui.py,1683,0,0,345
click,3ee9309b9c1804528842392c461526760bff0035,2026-08-15T10:55:20+04:00,src/click/core.py,3799,12,0,0
click,3ee9309b9c1804528842392c461526760bff0035,2026-08-15T10:55:20+04:00,src/click/__init__.py,144,2,0,0
click,3ee9309b9c1804528842392c461526760bff0035,2026-08-15T10:55:20+04:00,src/click/types.py,1422,7,0,0
click,3ee9309b9c1804528842392c461526760bff0035,2026-08-15T10:55:20+04:00,src/click/decorators.py,627,6,0,0
click,3ee9309b9c1804528842392c461526760bff0035,2026-08-15T10:55:20+04:00,src/click/_compat.py,590,2,3,2
click,3ee9309b9c1804528842392c461526760bff0035,2026-08-15T10:55:20+04:00,src/click/utils.py,688,1,1,0
click,3ee9309b9c1804528842392c461526760bff0035,2026-08-15T10:55:20+04:00,src/click/_termui_impl.py,945,8,0,345
click,3ee9309b9c1804528842392c461526760bff0035,2026-08-15T10:55:20+04:00,src/click/_utils.py,36,0,0,9
click,3ee9309b9c1804528842392c461526760bff0035,2026-08-15T10:55:20+04:00,tests/test_utils/test_sentinel.py,52,0,0,45
click,3ee9309b9c1804528842392c461526760bff0035,2026-08-15T10:55:20+04:00,tests/test_utils/test_echo_via_pager.py,259,0,0,6
click,3ee9309b9c1804528842392c461526760bff0035,2026-08-15T10:55:20+04:00,src/click/shell_completion.py,801,6,0,0
click,3ee9309b9c1804528842392c461526760bff0035,2026-08-15T10:55:20+04:00,src/click/formatting.py,320,2,0,0
click,3ee9309b9c1804528842392c461526760bff0035,2026-08-15T10:55:20+04:00,src/click/testing.py,798,2,2,0
click,3ee9309b9c1804528842392c461526760bff0035,2026-08-15T10:55:20+04:00,src/click/termui.py,1003,0,0,37
click,3ee9309b9c1804528842392c461526760bff0035,2026-08-15T10:55:20+04:00,tests/typing/typing_edit.py,0,0,0,10
