repo,sha,date,file,loc,warns_dup,warns_em,churn_14d
flask,61d07b8be9beae54d1c367adfc845dcf30a1512a,2010-04-16T12:29:52+02:00,examples/flaskr/flaskr_tests.py,66,0,0,10
flask,61d07b8be9beae54d1c367adfc845dcf30a1512a,2010-04-16T12:29:52+02:00,tests/flask_tests.py,188,0,0,316
flask,61d07b8be9beae54d1c367adfc845dcf30a1512a,2010-04-16T12:29:52+02:00,examples/minitwit/minitwit_tests.py,144,0,0,9
flask,61d07b8be9beae54d1c367adfc845dcf30a1512a,2010-04-16T12:29:52+02:00,setup.py,19,0,0,58
flask,61d07b8be9beae54d1c367adfc845dcf30a1512a,2010-04-16T12:29:52+02:00,examples/jqueryexample/jqueryexample.py,0,0,0,29
flask,61d07b8be9beae54d1c367adfc845dcf30a1512a,2010-04-16T12:29:52+02:00,examples/minitwit/minitwit.py,250,0,0,9
flask,61d07b8be9beae54d1c367adfc845dcf30a1512a,2010-04-16T12:29:52+02:00,docs/conf.py,245,0,0,36
flask,61d07b8be9beae54d1c367adfc845dcf30a1512a,2010-04-16T12:29:52+02:00,flask.py,663,0,0,778
flask,f4269b1fe7fe4c17a99bc7ca0dddafd17bed14e9,2010-05-12T02:06:40+02:00,tests/flask_tests.py,576,0,0,159
flask,f4269b1fe7fe4c17a99bc7ca0dddafd17bed14e9,2010-05-12T02:06:40+02:00,docs/conf.py,238,0,0,7
flask,f4269b1fe7fe4c17a99bc7ca0dddafd17bed14e9,2010-05-12T02:06:40+02:00,flask.py,1137,0,0,344
flask,54c3df60cd533ea80d347f6715ee84f6a560b5d5,2010-05-17T23:21:22+02:00,examples/flaskr/flaskr_tests.py,70,0,0,16
flask,54c3df60cd533ea80d347f6715ee84f6a560b5d5,2010-05-17T23:21:22+02:00,tests/flask_tests.py,689,0,0,133
flask,54c3df60cd533ea80d347f6715ee84f6a560b5d5,2010-05-17T23:21:22+02:00,setup.py,71,0,0,14
flask,54c3df60cd533ea80d347f6715ee84f6a560b5d5,2010-05-17T23:21:22+02:00,examples/minitwit/minitwit_tests.py,149,0,0,4
flask,54c3df60cd533ea80d347f6715ee84f6a560b5d5,2010-05-17T23:21:22+02:00,examples/flaskr/flaskr.py,98,0,0,10
flask,54c3df60cd533ea80d347f6715ee84f6a560b5d5,2010-05-17T23:21:22+02:00,examples/minitwit/minitwit.py,249,0,0,11
flask,54c3df60cd533ea80d347f6715ee84f6a560b5d5,2010-05-17T23:21:22+02:00,docs/conf.py,240,0,0,13
flask,54c3df60cd533ea80d347f6715ee84f6a560b5d5,2010-05-17T23:21:22+02:00,flask.py,1224,0,0,512
flask,672eaf7abf1452750688eeb4e294aca22cd3272a,2010-05-27T13:34:56+02:00,examples/flaskr/flaskr_tests.py,70,0,0,16
flask,672eaf7abf1452750688eeb4e294aca22cd3272a,2010-05-27T13:34:56+02:00,tests/flask_tests.py,740,0,0,125
flask,672eaf7abf1452750688eeb4e294aca22cd3272a,2010-05-27T13:34:56+02:00,setup.py,71,0,0,14
flask,672eaf7abf1452750688eeb4e294aca22cd3272a,2010-05-27T13:34:56+02:00,examples/minitwit/minitwit_tests.py,149,0,0,4
flask,672eaf7abf1452750688eeb4e294aca22cd3272a,2010-05-27T13:34:56+02:00,examples/flaskr/flaskr.py,98,0,0,10
flask,672eaf7abf1452750688eeb4e294aca22cd3272a,2010-05-27T13:34:56+02:00,examples/minitwit/minitwit.py,249,0,0,9
flask,672eaf7abf1452750688eeb4e294aca22cd3272a,2010-05-27T13:34:56+02:00,docs/conf.py,243,0,0,14
flask,672eaf7abf1452750688eeb4e294aca22cd3272a,2010-05-27T13:34:56+02:00,flask.py,1379,0,0,271
flask,7a4b6088395387abe4127c9650f9cbaac11a0ec4,2010-05-31T23:28:58+08:00,setup.py,71,0,0,10
flask,7a4b6088395387abe4127c9650f9cbaac11a0ec4,2010-05-31T23:28:58+08:00,tests/flask_tests.py,784,0,0,105
flask,7a4b6088395387abe4127c9650f9cbaac11a0ec4,2010-05-31T23:28:58+08:00,docs/conf.py,243,0,0,14
flask,7a4b6088395387abe4127c9650f9cbaac11a0ec4,2010-05-31T23:28:58+08:00,flask.py,1435,0,0,194
flask,a6617f44c0416c6877d930b312e1f64df08eca0e,2010-05-31T17:50:31+02:00,setup.py,71,0,0,10
flask,a6617f44c0416c6877d930b312e1f64df08eca0e,2010-05-31T17:50:31+02:00,tests/flask_tests.py,784,0,0,79
flask,a6617f44c0416c6877d930b312e1f64df08eca0e,2010-05-31T17:50:31+02:00,docs/conf.py,243,0,0,14
flask,a6617f44c0416c6877d930b312e1f64df08eca0e,2010-05-31T17:50:31+02:00,flask.py,1437,0,0,183
flask,a3c9494f67a0e89d44f459dac9eb9d0bc9b9025b,2010-07-04T13:49:58+02:00,flask/testing.py,0,0,0,45
flask,a3c9494f67a0e89d44f459dac9eb9d0bc9b9025b,2010-07-04T13:49:58+02:00,flask/helpers.py,366,0,0,171
flask,a3c9494f67a0e89d44f459dac9eb9d0bc9b9025b,2010-07-04T13:49:58+02:00,flask/signals.py,0,0,0,51
flask,a3c9494f67a0e89d44f459dac9eb9d0bc9b9025b,2010-07-04T13:49:58+02:00,tests/flask_tests.py,897,0,0,239
flask,a3c9494f67a0e89d44f459dac9eb9d0bc9b9025b,2010-07-04T13:49:58+02:00,flask/session.py,43,0,0,2
flask,a3c9494f67a0e89d44f459dac9eb9d0bc9b9025b,2010-07-04T13:49:58+02:00,tests/moduleapp/apps/admin/__init__.py,0,0,0,9
flask,a3c9494f67a0e89d44f459dac9eb9d0bc9b9025b,2010-07-04T13:49:58+02:00,flask/templating.py,74,2,0,142
flask,a3c9494f67a0e89d44f459dac9eb9d0bc9b9025b,2010-07-04T13:49:58+02:00,docs/conf.py,251,0,0,20
flask,a3c9494f67a0e89d44f459dac9eb9d0bc9b9025b,2010-07-04T13:49:58+02:00,flask/__init__.py,24,0,0,35
flask,a3c9494f67a0e89d44f459dac9eb9d0bc9b9025b,2010-07-04T13:49:58+02:00,flask/ctx.py,76,0,0,24
flask,a3c9494f67a0e89d44f459dac9eb9d0bc9b9025b,2010-07-04T13:49:58+02:00,setup.py,79,0,0,4
flask,a3c9494f67a0e89d44f459dac9eb9d0bc9b9025b,2010-07-04T13:49:58+02:00,tests/moduleapp/apps/__init__.py,0,0,0,0
flask,a3c9494f67a0e89d44f459dac9eb9d0bc9b9025b,2010-07-04T13:49:58+02:00,flask/config.py,150,0,0,2
flask,a3c9494f67a0e89d44f459dac9eb9d0bc9b9025b,2010-07-04T13:49:58+02:00,flask/module.py,187,0,0,46
flask,a3c9494f67a0e89d44f459dac9eb9d0bc9b9025b,2010-07-04T13:49:58+02:00,tests/moduleapp/apps/frontend/__init__.py,0,0,0,9
flask,a3c9494f67a0e89d44f459dac9eb9d0bc9b9025b,2010-07-04T13:49:58+02:00,flask/app.py,834,0,0,314
flask,a3c9494f67a0e89d44f459dac9eb9d0bc9b9025b,2010-07-04T13:49:58+02:00,flask/wrappers.py,70,0,0,38
flask,a3c9494f67a0e89d44f459dac9eb9d0bc9b9025b,2010-07-04T13:49:58+02:00,tests/moduleapp/__init__.py,0,0,0,7
flask,a3c9494f67a0e89d44f459dac9eb9d0bc9b9025b,2010-07-04T13:49:58+02:00,flask/logging.py,0,0,0,44
flask,e5d82020384ae527c36424b52612bbe625db9268,2010-07-05T10:32:06+02:00,flask/__init__.py,29,0,0,7
flask,e5d82020384ae527c36424b52612bbe625db9268,2010-07-05T10:32:06+02:00,flask/ctx.py,66,0,0,8
flask,e5d82020384ae527c36424b52612bbe625db9268,2010-07-05T10:32:06+02:00,flask/testing.py,44,0,0,6
flask,e5d82020384ae527c36424b52612bbe625db9268,2010-07-05T10:32:06+02:00,flask/helpers.py,398,0,0,76
flask,e5d82020384ae527c36424b52612bbe625db9268,2010-07-05T10:32:06+02:00,flask/signals.py,0,0,0,52
flask,e5d82020384ae527c36424b52612bbe625db9268,2010-07-05T10:32:06+02:00,tests/flask_tests.py,934,0,0,202
flask,e5d82020384ae527c36424b52612bbe625db9268,2010-07-05T10:32:06+02:00,flask/session.py,43,0,0,2
flask,e5d82020384ae527c36424b52612bbe625db9268,2010-07-05T10:32:06+02:00,setup.py,79,0,0,4
flask,e5d82020384ae527c36424b52612bbe625db9268,2010-07-05T10:32:06+02:00,flask/module.py,202,0,0,21
flask,e5d82020384ae527c36424b52612bbe625db9268,2010-07-05T10:32:06+02:00,flask/templating.py,86,2,0,54
flask,e5d82020384ae527c36424b52612bbe625db9268,2010-07-05T10:32:06+02:00,flask/app.py,826,0,0,212
flask,e5d82020384ae527c36424b52612bbe625db9268,2010-07-05T10:32:06+02:00,flask/wrappers.py,69,0,0,33
flask,e5d82020384ae527c36424b52612bbe625db9268,2010-07-05T10:32:06+02:00,docs/conf.py,251,0,0,20
flask,e5d82020384ae527c36424b52612bbe625db9268,2010-07-05T10:32:06+02:00,flask/logging.py,0,0,0,44
flask,a993a314fe7be148747cf804167d45f2ea8bf18e,2010-07-25T23:27:14+08:00,tests/flaskext_test.py,97,0,0,309
flask,a993a314fe7be148747cf804167d45f2ea8bf18e,2010-07-25T23:27:14+08:00,flask/globals.py,20,0,0,15
flask,a993a314fe7be148747cf804167d45f2ea8bf18e,2010-07-25T23:27:14+08:00,flask/helpers.py,464,0,0,32
flask,a993a314fe7be148747cf804167d45f2ea8bf18e,2010-07-25T23:27:14+08:00,tests/flask_tests.py,1168,0,0,152
flask,a993a314fe7be148747cf804167d45f2ea8bf18e,2010-07-25T23:27:14+08:00,setup.py,79,0,0,43
flask,a993a314fe7be148747cf804167d45f2ea8bf18e,2010-07-25T23:27:14+08:00,flask/config.py,152,0,0,6
flask,a993a314fe7be148747cf804167d45f2ea8bf18e,2010-07-25T23:27:14+08:00,flask/module.py,221,0,0,4
flask,a993a314fe7be148747cf804167d45f2ea8bf18e,2010-07-25T23:27:14+08:00,flask/templating.py,96,2,0,2
flask,a993a314fe7be148747cf804167d45f2ea8bf18e,2010-07-25T23:27:14+08:00,flask/app.py,875,0,0,40
flask,a993a314fe7be148747cf804167d45f2ea8bf18e,2010-07-25T23:27:14+08:00,flask/wrappers.py,88,0,0,6
flask,4f1b086218437870c0d36b4b9b36c5376cad9206,2010-11-02T00:05:08+01:00,flask/helpers.py,488,0,0,4
flask,4f1b086218437870c0d36b4b9b36c5376cad9206,2010-11-02T00:05:08+01:00,flask/templating.py,100,2,0,0
flask,6562f2e152222e473d07e24f43f1cfe091675854,2011-02-06T11:56:55+01:00,flask/app.py,965,0,0,2
flask,6562f2e152222e473d07e24f43f1cfe091675854,2011-02-06T11:56:55+01:00,flask/templating.py,100,2,0,0
flask,45b97d14e3ab7a8b7e6010bb6490a87b00c2ae2b,2011-03-14T14:19:12-04:00,flask/__init__.py,34,0,0,1
flask,45b97d14e3ab7a8b7e6010bb6490a87b00c2ae2b,2011-03-14T14:19:12-04:00,flask/ctx.py,71,0,0,32
flask,45b97d14e3ab7a8b7e6010bb6490a87b00c2ae2b,2011-03-14T14:19:12-04:00,flask/helpers.py,496,0,0,35
flask,45b97d14e3ab7a8b7e6010bb6490a87b00c2ae2b,2011-03-14T14:19:12-04:00,tests/flask_tests.py,1500,0,0,145
flask,45b97d14e3ab7a8b7e6010bb6490a87b00c2ae2b,2011-03-14T14:19:12-04:00,flask/config.py,157,0,0,12
flask,45b97d14e3ab7a8b7e6010bb6490a87b00c2ae2b,2011-03-14T14:19:12-04:00,flask/templating.py,100,2,0,72
flask,45b97d14e3ab7a8b7e6010bb6490a87b00c2ae2b,2011-03-14T14:19:12-04:00,flask/app.py,973,0,0,142
flask,45b97d14e3ab7a8b7e6010bb6490a87b00c2ae2b,2011-03-14T14:19:12-04:00,flask/wrappers.py,88,0,0,10
flask,9beee51b0b1c190a90bdfae946a66ca0dddf0631,2011-05-30T21:39:12+02:00,scripts/flask-07-upgrade.py,0,0,0,411
flask,9beee51b0b1c190a90bdfae946a66ca0dddf0631,2011-05-30T21:39:12+02:00,flask/templating.py,100,2,0,0
flask,9beee51b0b1c190a90bdfae946a66ca0dddf0631,2011-05-30T21:39:12+02:00,tests/flask_tests.py,1618,0,0,60
flask,9beee51b0b1c190a90bdfae946a66ca0dddf0631,2011-05-30T21:39:12+02:00,flask/app.py,1008,0,0,114
flask,9beee51b0b1c190a90bdfae946a66ca0dddf0631,2011-05-30T21:39:12+02:00,flask/helpers.py,517,0,0,11
flask,9beee51b0b1c190a90bdfae946a66ca0dddf0631,2011-05-30T21:39:12+02:00,flask/blueprints.py,0,0,0,117
flask,9beee51b0b1c190a90bdfae946a66ca0dddf0631,2011-05-30T21:39:12+02:00,scripts/testproj/test.py,0,0,0,63
flask,5e91b0c352d6493b2669c6da413fd0ed65cb6b7c,2011-06-05T13:52:40+02:00,examples/flaskr/flaskr_tests.py,74,0,0,1
flask,5e91b0c352d6493b2669c6da413fd0ed65cb6b7c,2011-06-05T13:52:40+02:00,flask/helpers.py,572,0,0,11
flask,5e91b0c352d6493b2669c6da413fd0ed65cb6b7c,2011-06-05T13:52:40+02:00,flask/blueprints.py,233,0,0,152
flask,5e91b0c352d6493b2669c6da413fd0ed65cb6b7c,2011-06-05T13:52:40+02:00,tests/blueprintapp/apps/admin/__init__.py,0,0,0,13
flask,5e91b0c352d6493b2669c6da413fd0ed65cb6b7c,2011-06-05T13:52:40+02:00,tests/flask_tests.py,1709,0,0,59
flask,5e91b0c352d6493b2669c6da413fd0ed65cb6b7c,2011-06-05T13:52:40+02:00,tests/blueprintapp/apps/frontend/__init__.py,0,0,0,8
flask,5e91b0c352d6493b2669c6da413fd0ed65cb6b7c,2011-06-05T13:52:40+02:00,scripts/testproj/test.py,0,0,0,63
flask,5e91b0c352d6493b2669c6da413fd0ed65cb6b7c,2011-06-05T13:52:40+02:00,flask/module.py,43,0,0,3
flask,5e91b0c352d6493b2669c6da413fd0ed65cb6b7c,2011-06-05T13:52:40+02:00,scripts/flask-07-upgrade.py,235,0,0,315
flask,5e91b0c352d6493b2669c6da413fd0ed65cb6b7c,2011-06-05T13:52:40+02:00,flask/templating.py,143,2,0,75
flask,5e91b0c352d6493b2669c6da413fd0ed65cb6b7c,2011-06-05T13:52:40+02:00,flask/app.py,1282,0,0,14
flask,5e91b0c352d6493b2669c6da413fd0ed65cb6b7c,2011-06-05T13:52:40+02:00,tests/blueprintapp/apps/__init__.py,0,0,0,0
flask,5e91b0c352d6493b2669c6da413fd0ed65cb6b7c,2011-06-05T13:52:40+02:00,tests/blueprintapp/__init__.py,0,0,0,7
flask,1c47d8a5f6f98e1dc40773f2b41dac688b440e9c,2011-06-27T08:21:09+02:00,flask/ctx.py,103,0,0,2
flask,1c47d8a5f6f98e1dc40773f2b41dac688b440e9c,2011-06-27T08:21:09+02:00,flask/__init__.py,35,0,0,12
flask,1c47d8a5f6f98e1dc40773f2b41dac688b440e9c,2011-06-27T08:21:09+02:00,flask/sessions.py,0,0,0,207
flask,1c47d8a5f6f98e1dc40773f2b41dac688b440e9c,2011-06-27T08:21:09+02:00,flask/blueprints.py,0,0,0,24
flask,1c47d8a5f6f98e1dc40773f2b41dac688b440e9c,2011-06-27T08:21:09+02:00,setup.py,116,0,0,8
flask,1c47d8a5f6f98e1dc40773f2b41dac688b440e9c,2011-06-27T08:21:09+02:00,flask/session.py,43,0,0,38
flask,1c47d8a5f6f98e1dc40773f2b41dac688b440e9c,2011-06-27T08:21:09+02:00,tests/flask_tests.py,1618,0,0,190
flask,1c47d8a5f6f98e1dc40773f2b41dac688b440e9c,2011-06-27T08:21:09+02:00,scripts/make-release.py,0,0,0,8
flask,1c47d8a5f6f98e1dc40773f2b41dac688b440e9c,2011-06-27T08:21:09+02:00,flask/helpers.py,520,0,0,10
flask,1c47d8a5f6f98e1dc40773f2b41dac688b440e9c,2011-06-27T08:21:09+02:00,flask/templating.py,100,2,0,2
flask,1c47d8a5f6f98e1dc40773f2b41dac688b440e9c,2011-06-27T08:21:09+02:00,flask/app.py,1014,0,0,60
flask,1c47d8a5f6f98e1dc40773f2b41dac688b440e9c,2011-06-27T08:21:09+02:00,flask/views.py,0,0,0,122
flask,1c47d8a5f6f98e1dc40773f2b41dac688b440e9c,2011-06-27T08:21:09+02:00,flask/wrappers.py,94,0,0,2
flask,0fccfe711fda524f216f82263bb83787a75035fd,2011-07-07T11:27:22+02:00,flask/testing.py,67,0,0,2
flask,0fccfe711fda524f216f82263bb83787a75035fd,2011-07-07T11:27:22+02:00,flask/helpers.py,584,0,0,10
flask,0fccfe711fda524f216f82263bb83787a75035fd,2011-07-07T11:27:22+02:00,tests/blueprintapp/apps/admin/__init__.py,13,0,0,4
flask,0fccfe711fda524f216f82263bb83787a75035fd,2011-07-07T11:27:22+02:00,tests/flask_tests.py,1950,0,0,23
flask,0fccfe711fda524f216f82263bb83787a75035fd,2011-07-07T11:27:22+02:00,flask/session.py,19,0,0,38
flask,0fccfe711fda524f216f82263bb83787a75035fd,2011-07-07T11:27:22+02:00,tests/blueprintapp/apps/frontend/__init__.py,8,0,0,2
flask,0fccfe711fda524f216f82263bb83787a75035fd,2011-07-07T11:27:22+02:00,flask/templating.py,136,2,0,4
flask,0fccfe711fda524f216f82263bb83787a75035fd,2011-07-07T11:27:22+02:00,flask/__init__.py,37,0,0,7
flask,0fccfe711fda524f216f82263bb83787a75035fd,2011-07-07T11:27:22+02:00,flask/ctx.py,147,0,0,3
flask,0fccfe711fda524f216f82263bb83787a75035fd,2011-07-07T11:27:22+02:00,flask/globals.py,27,0,0,2
flask,0fccfe711fda524f216f82263bb83787a75035fd,2011-07-07T11:27:22+02:00,flask/sessions.py,0,0,0,207
flask,0fccfe711fda524f216f82263bb83787a75035fd,2011-07-07T11:27:22+02:00,flask/config.py,165,0,0,2
flask,0fccfe711fda524f216f82263bb83787a75035fd,2011-07-07T11:27:22+02:00,flask/app.py,1312,0,0,73
flask,0fccfe711fda524f216f82263bb83787a75035fd,2011-07-07T11:27:22+02:00,flask/wrappers.py,111,0,0,4
flask,0fccfe711fda524f216f82263bb83787a75035fd,2011-07-07T11:27:22+02:00,tests/blueprintapp/__init__.py,7,0,0,4
flask,585bf02ee0d23d020f8a24db645c308d912b62e0,2011-07-08T19:20:40+02:00,flask/__init__.py,40,0,0,3
flask,585bf02ee0d23d020f8a24db645c308d912b62e0,2011-07-08T19:20:40+02:00,flask/ctx.py,147,0,0,1
flask,585bf02ee0d23d020f8a24db645c308d912b62e0,2011-07-08T19:20:40+02:00,flask/testing.py,67,0,0,2
flask,585bf02ee0d23d020f8a24db645c308d912b62e0,2011-07-08T19:20:40+02:00,flask/globals.py,27,0,0,2
flask,585bf02ee0d23d020f8a24db645c308d912b62e0,2011-07-08T19:20:40+02:00,flask/helpers.py,584,0,0,10
flask,585bf02ee0d23d020f8a24db645c308d912b62e0,2011-07-08T19:20:40+02:00,tests/blueprintapp/apps/admin/__init__.py,13,0,0,4
flask,585bf02ee0d23d020f8a24db645c308d912b62e0,2011-07-08T19:20:40+02:00,tests/flask_tests.py,1950,0,0,23
flask,585bf02ee0d23d020f8a24db645c308d912b62e0,2011-07-08T19:20:40+02:00,flask/sessions.py,178,0,0,26
flask,585bf02ee0d23d020f8a24db645c308d912b62e0,2011-07-08T19:20:40+02:00,flask/config.py,165,0,0,2
flask,585bf02ee0d23d020f8a24db645c308d912b62e0,2011-07-08T19:20:40+02:00,tests/blueprintapp/apps/frontend/__init__.py,8,0,0,2
flask,585bf02ee0d23d020f8a24db645c308d912b62e0,2011-07-08T19:20:40+02:00,flask/templating.py,136,2,0,4
flask,585bf02ee0d23d020f8a24db645c308d912b62e0,2011-07-08T19:20:40+02:00,flask/app.py,1312,0,0,35
flask,585bf02ee0d23d020f8a24db645c308d912b62e0,2011-07-08T19:20:40+02:00,flask/wrappers.py,111,0,0,4
flask,585bf02ee0d23d020f8a24db645c308d912b62e0,2011-07-08T19:20:40+02:00,tests/blueprintapp/__init__.py,7,0,0,4
flask,343e678900a9970857f37b53b5d2f069327cd828,2011-07-18T23:06:15+02:00,flask/app.py,1325,0,0,9
flask,343e678900a9970857f37b53b5d2f069327cd828,2011-07-18T23:06:15+02:00,flask/wrappers.py,111,0,0,4
flask,343e678900a9970857f37b53b5d2f069327cd828,2011-07-18T23:06:15+02:00,flask/helpers.py,590,0,0,2
flask,343e678900a9970857f37b53b5d2f069327cd828,2011-07-18T23:06:15+02:00,flask/templating.py,138,2,0,0
flask,13005d76b98979eeacb169765df3cc2a00b0bb4d,2011-08-07T15:23:57+02:00,flask/templating.py,138,2,0,0
flask,13005d76b98979eeacb169765df3cc2a00b0bb4d,2011-08-07T15:23:57+02:00,flask/wrappers.py,123,0,0,23
flask,13005d76b98979eeacb169765df3cc2a00b0bb4d,2011-08-07T15:23:57+02:00,flask/app.py,1433,0,0,205
flask,13005d76b98979eeacb169765df3cc2a00b0bb4d,2011-08-07T15:23:57+02:00,flask/helpers.py,590,0,0,71
flask,13005d76b98979eeacb169765df3cc2a00b0bb4d,2011-08-07T15:23:57+02:00,tests/flask_tests.py,2076,0,0,157
flask,13005d76b98979eeacb169765df3cc2a00b0bb4d,2011-08-07T15:23:57+02:00,flask/debughelpers.py,52,0,0,26
flask,13005d76b98979eeacb169765df3cc2a00b0bb4d,2011-08-07T15:23:57+02:00,scripts/make-release.py,150,0,0,5
flask,9af75546f0b00c92574018498f5979322d10cc4c,2011-08-10T13:57:30+02:00,flask/app.py,1523,0,0,87
flask,9af75546f0b00c92574018498f5979322d10cc4c,2011-08-10T13:57:30+02:00,flask/helpers.py,592,0,0,65
flask,9af75546f0b00c92574018498f5979322d10cc4c,2011-08-10T13:57:30+02:00,tests/flask_tests.py,2127,0,0,104
flask,9af75546f0b00c92574018498f5979322d10cc4c,2011-08-10T13:57:30+02:00,flask/templating.py,138,2,0,0
flask,175d43b2f9c7825b0df4c1049ab571cb1877a807,2011-08-10T17:46:20+02:00,flask/app.py,1552,0,0,87
flask,175d43b2f9c7825b0df4c1049ab571cb1877a807,2011-08-10T17:46:20+02:00,flask/helpers.py,592,0,0,65
flask,175d43b2f9c7825b0df4c1049ab571cb1877a807,2011-08-10T17:46:20+02:00,tests/flask_tests.py,2182,0,0,104
flask,175d43b2f9c7825b0df4c1049ab571cb1877a807,2011-08-10T17:46:20+02:00,flask/templating.py,138,2,0,0
flask,7b899c85103996d861360a7ce42ab9a21bae3f48,2011-09-07T02:44:08-07:00,flask/testsuite/basic.py,1034,21,3,0
flask,7b899c85103996d861360a7ce42ab9a21bae3f48,2011-09-07T02:44:08-07:00,flask/testsuite/test_apps/flaskext/oldext_package/__init__.py,0,0,0,1
flask,7b899c85103996d861360a7ce42ab9a21bae3f48,2011-09-07T02:44:08-07:00,flask/testsuite/test_apps/flask_newext_simple.py,0,0,0,1
flask,7b899c85103996d861360a7ce42ab9a21bae3f48,2011-09-07T02:44:08-07:00,flask/testsuite/config.py,177,7,0,0
flask,7b899c85103996d861360a7ce42ab9a21bae3f48,2011-09-07T02:44:08-07:00,flask/testsuite/testing.py,171,2,0,0
flask,7b899c85103996d861360a7ce42ab9a21bae3f48,2011-09-07T02:44:08-07:00,flask/testsuite/views.py,117,3,0,35
flask,7b899c85103996d861360a7ce42ab9a21bae3f48,2011-09-07T02:44:08-07:00,flask/testsuite/helpers.py,298,1,0,0
flask,7b899c85103996d861360a7ce42ab9a21bae3f48,2011-09-07T02:44:08-07:00,flask/testsuite/blueprints.py,512,19,0,0
flask,7b899c85103996d861360a7ce42ab9a21bae3f48,2011-09-07T02:44:08-07:00,flask/templating.py,138,2,0,0
flask,7b899c85103996d861360a7ce42ab9a21bae3f48,2011-09-07T02:44:08-07:00,flask/testsuite/signals.py,103,1,0,0
flask,7b899c85103996d861360a7ce42ab9a21bae3f48,2011-09-07T02:44:08-07:00,scripts/flaskext_compat.py,0,0,0,147
flask,7b899c85103996d861360a7ce42ab9a21bae3f48,2011-09-07T02:44:08-07:00,flask/testsuite/test_apps/flaskext/oldext_package/submodule.py,0,0,0,2
flask,7b899c85103996d861360a7ce42ab9a21bae3f48,2011-09-07T02:44:08-07:00,flask/blueprints.py,321,0,0,4
flask,7b899c85103996d861360a7ce42ab9a21bae3f48,2011-09-07T02:44:08-07:00,setup.py,111,0,0,17
flask,7b899c85103996d861360a7ce42ab9a21bae3f48,2011-09-07T02:44:08-07:00,flask/ext/__init__.py,0,0,0,122
flask,7b899c85103996d861360a7ce42ab9a21bae3f48,2011-09-07T02:44:08-07:00,flask/testsuite/test_apps/flaskext/__init__.py,0,0,0,0
flask,7b899c85103996d861360a7ce42ab9a21bae3f48,2011-09-07T02:44:08-07:00,flask/testsuite/test_apps/flaskext/oldext_simple.py,0,0,0,1
flask,7b899c85103996d861360a7ce42ab9a21bae3f48,2011-09-07T02:44:08-07:00,flask/app.py,1551,0,0,12
flask,7b899c85103996d861360a7ce42ab9a21bae3f48,2011-09-07T02:44:08-07:00,flask/testsuite/ext.py,0,0,0,111
flask,7b899c85103996d861360a7ce42ab9a21bae3f48,2011-09-07T02:44:08-07:00,flask/views.py,147,0,0,8
flask,7b899c85103996d861360a7ce42ab9a21bae3f48,2011-09-07T02:44:08-07:00,flask/testsuite/templating.py,144,2,0,0
flask,7b899c85103996d861360a7ce42ab9a21bae3f48,2011-09-07T02:44:08-07:00,flask/testsuite/test_apps/flask_newext_package/submodule.py,0,0,0,2
flask,7b899c85103996d861360a7ce42ab9a21bae3f48,2011-09-07T02:44:08-07:00,flask/testsuite/test_apps/flask_newext_package/__init__.py,0,0,0,1
flask,8532bd51a709263907a4604660b8dabf51e39ab2,2012-01-16T13:42:43-05:00,flask/testsuite/basic.py,1068,21,3,116
flask,8532bd51a709263907a4604660b8dabf51e39ab2,2012-01-16T13:42:43-05:00,flask/testsuite/config.py,195,2,0,87
flask,8532bd51a709263907a4604660b8dabf51e39ab2,2012-01-16T13:42:43-05:00,flask/helpers.py,678,0,0,64
flask,8532bd51a709263907a4604660b8dabf51e39ab2,2012-01-16T13:42:43-05:00,flask/testsuite/testing.py,204,2,0,0
flask,8532bd51a709263907a4604660b8dabf51e39ab2,2012-01-16T13:42:43-05:00,flask/testsuite/views.py,152,4,0,0
flask,8532bd51a709263907a4604660b8dabf51e39ab2,2012-01-16T13:42:43-05:00,flask/testsuite/helpers.py,359,2,0,0
flask,8532bd51a709263907a4604660b8dabf51e39ab2,2012-01-16T13:42:43-05:00,flask/testsuite/blueprints.py,512,19,0,109
flask,8532bd51a709263907a4604660b8dabf51e39ab2,2012-01-16T13:42:43-05:00,flask/templating.py,138,2,0,0
flask,8532bd51a709263907a4604660b8dabf51e39ab2,2012-01-16T13:42:43-05:00,flask/testsuite/subclassing.py,46,2,0,0
flask,8532bd51a709263907a4604660b8dabf51e39ab2,2012-01-16T13:42:43-05:00,flask/testsuite/signals.py,103,1,0,0
flask,8532bd51a709263907a4604660b8dabf51e39ab2,2012-01-16T13:42:43-05:00,flask/ctx.py,179,0,0,8
flask,8532bd51a709263907a4604660b8dabf51e39ab2,2012-01-16T13:42:43-05:00,flask/exthook.py,119,10,0,0
flask,8532bd51a709263907a4604660b8dabf51e39ab2,2012-01-16T13:42:43-05:00,flask/blueprints.py,321,0,0,36
flask,8532bd51a709263907a4604660b8dabf51e39ab2,2012-01-16T13:42:43-05:00,flask/app.py,1518,0,0,40
flask,8532bd51a709263907a4604660b8dabf51e39ab2,2012-01-16T13:42:43-05:00,flask/views.py,150,0,0,14
flask,8532bd51a709263907a4604660b8dabf51e39ab2,2012-01-16T13:42:43-05:00,flask/testsuite/templating.py,144,2,0,40
flask,8532bd51a709263907a4604660b8dabf51e39ab2,2012-01-16T13:42:43-05:00,scripts/flaskext_compat.py,124,10,0,0
flask,f267f9302a532f0f4a0b29b700841060ee058c64,2012-04-01T15:39:49-07:00,flask/testsuite/basic.py,1149,21,3,15
flask,f267f9302a532f0f4a0b29b700841060ee058c64,2012-04-01T15:39:49-07:00,flask/testsuite/config.py,300,6,0,0
flask,f267f9302a532f0f4a0b29b700841060ee058c64,2012-04-01T15:39:49-07:00,flask/helpers.py,744,0,0,62
flask,f267f9302a532f0f4a0b29b700841060ee058c64,2012-04-01T15:39:49-07:00,flask/signals.py,51,0,0,1
flask,f267f9302a532f0f4a0b29b700841060ee058c64,2012-04-01T15:39:49-07:00,flask/testsuite/testing.py,204,2,0,0
flask,f267f9302a532f0f4a0b29b700841060ee058c64,2012-04-01T15:39:49-07:00,flask/testsuite/views.py,152,4,0,0
flask,f267f9302a532f0f4a0b29b700841060ee058c64,2012-04-01T15:39:49-07:00,flask/testsuite/helpers.py,412,4,0,0
flask,f267f9302a532f0f4a0b29b700841060ee058c64,2012-04-01T15:39:49-07:00,flask/testsuite/blueprints.py,635,27,0,0
flask,f267f9302a532f0f4a0b29b700841060ee058c64,2012-04-01T15:39:49-07:00,flask/templating.py,140,2,0,0
flask,f267f9302a532f0f4a0b29b700841060ee058c64,2012-04-01T15:39:49-07:00,flask/testsuite/subclassing.py,46,2,0,0
flask,f267f9302a532f0f4a0b29b700841060ee058c64,2012-04-01T15:39:49-07:00,flask/testsuite/signals.py,103,1,0,0
flask,f267f9302a532f0f4a0b29b700841060ee058c64,2012-04-01T15:39:49-07:00,docs/conf.py,269,0,0,2
flask,f267f9302a532f0f4a0b29b700841060ee058c64,2012-04-01T15:39:49-07:00,flask/ctx.py,179,0,0,89
flask,f267f9302a532f0f4a0b29b700841060ee058c64,2012-04-01T15:39:49-07:00,flask/__init__.py,41,0,0,5
flask,f267f9302a532f0f4a0b29b700841060ee058c64,2012-04-01T15:39:49-07:00,flask/globals.py,28,0,0,10
flask,f267f9302a532f0f4a0b29b700841060ee058c64,2012-04-01T15:39:49-07:00,flask/exthook.py,119,10,0,0
flask,f267f9302a532f0f4a0b29b700841060ee058c64,2012-04-01T15:39:49-07:00,flask/blueprints.py,345,0,0,2
flask,f267f9302a532f0f4a0b29b700841060ee058c64,2012-04-01T15:39:49-07:00,flask/testsuite/appctx.py,0,0,0,74
flask,f267f9302a532f0f4a0b29b700841060ee058c64,2012-04-01T15:39:49-07:00,flask/app.py,1565,0,0,159
flask,f267f9302a532f0f4a0b29b700841060ee058c64,2012-04-01T15:39:49-07:00,flask/testsuite/templating.py,203,2,0,0
flask,f267f9302a532f0f4a0b29b700841060ee058c64,2012-04-01T15:39:49-07:00,scripts/flaskext_compat.py,124,10,0,6
flask,7fc0ddb57c0fed629924863c7672707346219dbd,2012-09-16T08:52:51+09:00,flask/testsuite/templating.py,203,2,0,0
flask,7fc0ddb57c0fed629924863c7672707346219dbd,2012-09-16T08:52:51+09:00,flask/testsuite/basic.py,1211,21,3,0
flask,7fc0ddb57c0fed629924863c7672707346219dbd,2012-09-16T08:52:51+09:00,flask/exthook.py,119,9,0,0
flask,7fc0ddb57c0fed629924863c7672707346219dbd,2012-09-16T08:52:51+09:00,flask/testsuite/config.py,300,6,0,0
flask,7fc0ddb57c0fed629924863c7672707346219dbd,2012-09-16T08:52:51+09:00,flask/testsuite/testing.py,204,2,0,0
flask,7fc0ddb57c0fed629924863c7672707346219dbd,2012-09-16T08:52:51+09:00,flask/testsuite/views.py,152,4,0,0
flask,7fc0ddb57c0fed629924863c7672707346219dbd,2012-09-16T08:52:51+09:00,flask/testsuite/helpers.py,466,6,0,0
flask,7fc0ddb57c0fed629924863c7672707346219dbd,2012-09-16T08:52:51+09:00,flask/testsuite/blueprints.py,658,27,0,0
flask,7fc0ddb57c0fed629924863c7672707346219dbd,2012-09-16T08:52:51+09:00,flask/templating.py,140,2,0,0
flask,7fc0ddb57c0fed629924863c7672707346219dbd,2012-09-16T08:52:51+09:00,flask/testsuite/subclassing.py,46,2,0,0
flask,7fc0ddb57c0fed629924863c7672707346219dbd,2012-09-16T08:52:51+09:00,flask/testsuite/signals.py,103,1,0,0
flask,7fc0ddb57c0fed629924863c7672707346219dbd,2012-09-16T08:52:51+09:00,scripts/flaskext_compat.py,125,9,0,0
flask,301e244df3dc747a73e2564a046976af5d0164eb,2012-10-07T22:59:52+02:00,flask/testsuite/basic.py,1237,21,3,0
flask,301e244df3dc747a73e2564a046976af5d0164eb,2012-10-07T22:59:52+02:00,flask/testsuite/config.py,300,6,0,0
flask,301e244df3dc747a73e2564a046976af5d0164eb,2012-10-07T22:59:52+02:00,flask/helpers.py,877,0,0,50
flask,301e244df3dc747a73e2564a046976af5d0164eb,2012-10-07T22:59:52+02:00,flask/testsuite/testing.py,243,4,0,0
flask,301e244df3dc747a73e2564a046976af5d0164eb,2012-10-07T22:59:52+02:00,flask/testsuite/views.py,169,6,0,2
flask,301e244df3dc747a73e2564a046976af5d0164eb,2012-10-07T22:59:52+02:00,flask/session.py,19,0,0,19
flask,301e244df3dc747a73e2564a046976af5d0164eb,2012-10-07T22:59:52+02:00,flask/testsuite/helpers.py,468,6,0,43
flask,301e244df3dc747a73e2564a046976af5d0164eb,2012-10-07T22:59:52+02:00,flask/exceptions.py,49,0,0,3
flask,301e244df3dc747a73e2564a046976af5d0164eb,2012-10-07T22:59:52+02:00,examples/minitwit/minitwit.py,248,0,0,81
flask,301e244df3dc747a73e2564a046976af5d0164eb,2012-10-07T22:59:52+02:00,flask/testsuite/blueprints.py,766,37,0,0
flask,301e244df3dc747a73e2564a046976af5d0164eb,2012-10-07T22:59:52+02:00,flask/templating.py,140,2,0,9
flask,301e244df3dc747a73e2564a046976af5d0164eb,2012-10-07T22:59:52+02:00,flask/testsuite/subclassing.py,46,2,0,0
flask,301e244df3dc747a73e2564a046976af5d0164eb,2012-10-07T22:59:52+02:00,flask/testsuite/signals.py,103,1,0,0
flask,301e244df3dc747a73e2564a046976af5d0164eb,2012-10-07T22:59:52+02:00,flask/ctx.py,295,0,0,5
flask,301e244df3dc747a73e2564a046976af5d0164eb,2012-10-07T22:59:52+02:00,flask/__init__.py,45,0,0,14
flask,301e244df3dc747a73e2564a046976af5d0164eb,2012-10-07T22:59:52+02:00,flask/exthook.py,119,9,0,0
flask,301e244df3dc747a73e2564a046976af5d0164eb,2012-10-07T22:59:52+02:00,flask/sessions.py,295,0,0,3
flask,301e244df3dc747a73e2564a046976af5d0164eb,2012-10-07T22:59:52+02:00,flask/json.py,0,0,0,195
flask,301e244df3dc747a73e2564a046976af5d0164eb,2012-10-07T22:59:52+02:00,flask/app.py,1744,0,0,30
flask,301e244df3dc747a73e2564a046976af5d0164eb,2012-10-07T22:59:52+02:00,examples/flaskr/flaskr.py,98,0,0,41
flask,301e244df3dc747a73e2564a046976af5d0164eb,2012-10-07T22:59:52+02:00,flask/wrappers.py,146,0,0,2
flask,301e244df3dc747a73e2564a046976af5d0164eb,2012-10-07T22:59:52+02:00,flask/testsuite/templating.py,280,4,0,12
flask,301e244df3dc747a73e2564a046976af5d0164eb,2012-10-07T22:59:52+02:00,scripts/flaskext_compat.py,125,9,0,2
flask,fedc96c0b9a1c48d11819f03fc82065336af89a4,2012-11-15T18:37:35-08:00,flask/testsuite/templating.py,292,4,0,0
flask,fedc96c0b9a1c48d11819f03fc82065336af89a4,2012-11-15T18:37:35-08:00,flask/testsuite/basic.py,1237,21,3,0
flask,fedc96c0b9a1c48d11819f03fc82065336af89a4,2012-11-15T18:37:35-08:00,flask/exthook.py,119,9,0,0
flask,fedc96c0b9a1c48d11819f03fc82065336af89a4,2012-11-15T18:37:35-08:00,flask/testsuite/config.py,300,6,0,0
flask,fedc96c0b9a1c48d11819f03fc82065336af89a4,2012-11-15T18:37:35-08:00,flask/testsuite/testing.py,243,4,0,0
flask,fedc96c0b9a1c48d11819f03fc82065336af89a4,2012-11-15T18:37:35-08:00,flask/testsuite/views.py,169,6,0,0
flask,fedc96c0b9a1c48d11819f03fc82065336af89a4,2012-11-15T18:37:35-08:00,flask/testsuite/helpers.py,511,6,0,0
flask,fedc96c0b9a1c48d11819f03fc82065336af89a4,2012-11-15T18:37:35-08:00,flask/testsuite/blueprints.py,766,37,0,0
flask,fedc96c0b9a1c48d11819f03fc82065336af89a4,2012-11-15T18:37:35-08:00,flask/testsuite/subclassing.py,46,2,0,0
flask,fedc96c0b9a1c48d11819f03fc82065336af89a4,2012-11-15T18:37:35-08:00,flask/testsuite/signals.py,103,1,0,0
flask,fedc96c0b9a1c48d11819f03fc82065336af89a4,2012-11-15T18:37:35-08:00,scripts/flaskext_compat.py,125,9,0,0
flask,be0b5196bf5b11130ca1688c1aab2750afba8433,2012-12-13T19:03:54+09:00,flask/ctx.py,296,0,0,11
flask,be0b5196bf5b11130ca1688c1aab2750afba8433,2012-12-13T19:03:54+09:00,flask/testsuite/templating.py,292,4,0,0
flask,be0b5196bf5b11130ca1688c1aab2750afba8433,2012-12-13T19:03:54+09:00,flask/testsuite/basic.py,1237,21,3,5
flask,be0b5196bf5b11130ca1688c1aab2750afba8433,2012-12-13T19:03:54+09:00,flask/globals.py,36,0,0,16
flask,be0b5196bf5b11130ca1688c1aab2750afba8433,2012-12-13T19:03:54+09:00,flask/exthook.py,119,9,0,0
flask,be0b5196bf5b11130ca1688c1aab2750afba8433,2012-12-13T19:03:54+09:00,flask/testsuite/config.py,300,6,0,0
flask,be0b5196bf5b11130ca1688c1aab2750afba8433,2012-12-13T19:03:54+09:00,flask/testsuite/testing.py,243,4,0,0
flask,be0b5196bf5b11130ca1688c1aab2750afba8433,2012-12-13T19:03:54+09:00,flask/testsuite/views.py,169,6,0,0
flask,be0b5196bf5b11130ca1688c1aab2750afba8433,2012-12-13T19:03:54+09:00,flask/testsuite/helpers.py,511,6,0,0
flask,be0b5196bf5b11130ca1688c1aab2750afba8433,2012-12-13T19:03:54+09:00,flask/testsuite/appctx.py,102,0,0,6
flask,be0b5196bf5b11130ca1688c1aab2750afba8433,2012-12-13T19:03:54+09:00,flask/testsuite/blueprints.py,766,37,0,0
flask,be0b5196bf5b11130ca1688c1aab2750afba8433,2012-12-13T19:03:54+09:00,flask/templating.py,141,0,0,15
flask,be0b5196bf5b11130ca1688c1aab2750afba8433,2012-12-13T19:03:54+09:00,flask/testsuite/subclassing.py,46,2,0,0
flask,be0b5196bf5b11130ca1688c1aab2750afba8433,2012-12-13T19:03:54+09:00,flask/app.py,1758,0,0,32
flask,be0b5196bf5b11130ca1688c1aab2750afba8433,2012-12-13T19:03:54+09:00,flask/testsuite/signals.py,103,1,0,0
flask,be0b5196bf5b11130ca1688c1aab2750afba8433,2012-12-13T19:03:54+09:00,scripts/flaskext_compat.py,125,9,0,0
flask,1441e02256a169ded5e1bdeaa304b279de98d53a,2013-05-03T10:12:00-07:00,flask/testsuite/regression.py,117,0,0,5
flask,1441e02256a169ded5e1bdeaa304b279de98d53a,2013-05-03T10:12:00-07:00,flask/testsuite/basic.py,1256,22,3,114
flask,1441e02256a169ded5e1bdeaa304b279de98d53a,2013-05-03T10:12:00-07:00,flask/testsuite/config.py,300,6,0,0
flask,1441e02256a169ded5e1bdeaa304b279de98d53a,2013-05-03T10:12:00-07:00,flask/testsuite/testing.py,243,4,0,0
flask,1441e02256a169ded5e1bdeaa304b279de98d53a,2013-05-03T10:12:00-07:00,flask/testsuite/views.py,169,6,0,0
flask,1441e02256a169ded5e1bdeaa304b279de98d53a,2013-05-03T10:12:00-07:00,flask/testsuite/helpers.py,533,9,0,0
flask,1441e02256a169ded5e1bdeaa304b279de98d53a,2013-05-03T10:12:00-07:00,flask/testsuite/blueprints.py,766,37,0,0
flask,1441e02256a169ded5e1bdeaa304b279de98d53a,2013-05-03T10:12:00-07:00,flask/testsuite/subclassing.py,46,2,0,0
flask,1441e02256a169ded5e1bdeaa304b279de98d53a,2013-05-03T10:12:00-07:00,flask/testsuite/signals.py,130,1,0,0
flask,1441e02256a169ded5e1bdeaa304b279de98d53a,2013-05-03T10:12:00-07:00,flask/__init__.py,49,0,0,2
flask,1441e02256a169ded5e1bdeaa304b279de98d53a,2013-05-03T10:12:00-07:00,flask/ctx.py,303,0,0,77
flask,1441e02256a169ded5e1bdeaa304b279de98d53a,2013-05-03T10:12:00-07:00,flask/exthook.py,119,9,0,0
flask,1441e02256a169ded5e1bdeaa304b279de98d53a,2013-05-03T10:12:00-07:00,flask/sessions.py,321,0,0,5
flask,1441e02256a169ded5e1bdeaa304b279de98d53a,2013-05-03T10:12:00-07:00,flask/json.py,169,0,0,9
flask,1441e02256a169ded5e1bdeaa304b279de98d53a,2013-05-03T10:12:00-07:00,flask/testsuite/reqctx.py,0,0,0,187
flask,1441e02256a169ded5e1bdeaa304b279de98d53a,2013-05-03T10:12:00-07:00,flask/app.py,1823,0,0,16
flask,1441e02256a169ded5e1bdeaa304b279de98d53a,2013-05-03T10:12:00-07:00,flask/testsuite/templating.py,304,4,0,0
flask,1441e02256a169ded5e1bdeaa304b279de98d53a,2013-05-03T10:12:00-07:00,scripts/flaskext_compat.py,125,9,0,0
flask,c02c23ee303b9bea99eaf9c512721c28e83cea36,2013-06-27T16:52:34+02:00,flask/testsuite/templating.py,302,4,0,0
flask,c02c23ee303b9bea99eaf9c512721c28e83cea36,2013-06-27T16:52:34+02:00,flask/testsuite/basic.py,1254,22,3,0
flask,c02c23ee303b9bea99eaf9c512721c28e83cea36,2013-06-27T16:52:34+02:00,flask/exthook.py,120,9,0,0
flask,c02c23ee303b9bea99eaf9c512721c28e83cea36,2013-06-27T16:52:34+02:00,flask/testsuite/config.py,299,6,0,0
flask,c02c23ee303b9bea99eaf9c512721c28e83cea36,2013-06-27T16:52:34+02:00,flask/testsuite/testing.py,242,4,0,0
flask,c02c23ee303b9bea99eaf9c512721c28e83cea36,2013-06-27T16:52:34+02:00,flask/testsuite/views.py,169,6,0,0
flask,c02c23ee303b9bea99eaf9c512721c28e83cea36,2013-06-27T16:52:34+02:00,flask/testsuite/helpers.py,593,7,0,0
flask,c02c23ee303b9bea99eaf9c512721c28e83cea36,2013-06-27T16:52:34+02:00,flask/testsuite/reqctx.py,185,6,0,0
flask,c02c23ee303b9bea99eaf9c512721c28e83cea36,2013-06-27T16:52:34+02:00,flask/testsuite/blueprints.py,790,38,0,0
flask,c02c23ee303b9bea99eaf9c512721c28e83cea36,2013-06-27T16:52:34+02:00,flask/testsuite/subclassing.py,46,2,0,0
flask,c02c23ee303b9bea99eaf9c512721c28e83cea36,2013-06-27T16:52:34+02:00,flask/testsuite/signals.py,153,1,0,0
flask,c02c23ee303b9bea99eaf9c512721c28e83cea36,2013-06-27T16:52:34+02:00,scripts/flaskext_compat.py,125,9,0,0
flask,36d70d8789954e9e3e5512d1df2215119279a7c4,2013-09-03T10:58:04-07:00,flask/testsuite/templating.py,302,4,0,0
flask,36d70d8789954e9e3e5512d1df2215119279a7c4,2013-09-03T10:58:04-07:00,flask/testsuite/basic.py,1304,22,3,0
flask,36d70d8789954e9e3e5512d1df2215119279a7c4,2013-09-03T10:58:04-07:00,flask/exthook.py,120,9,0,0
flask,36d70d8789954e9e3e5512d1df2215119279a7c4,2013-09-03T10:58:04-07:00,flask/testsuite/config.py,312,6,0,0
flask,36d70d8789954e9e3e5512d1df2215119279a7c4,2013-09-03T10:58:04-07:00,flask/blueprints.py,401,0,0,11
flask,36d70d8789954e9e3e5512d1df2215119279a7c4,2013-09-03T10:58:04-07:00,flask/testsuite/testing.py,242,4,0,0
flask,36d70d8789954e9e3e5512d1df2215119279a7c4,2013-09-03T10:58:04-07:00,flask/testsuite/views.py,169,6,0,0
flask,36d70d8789954e9e3e5512d1df2215119279a7c4,2013-09-03T10:58:04-07:00,flask/testsuite/helpers.py,623,11,0,2
flask,36d70d8789954e9e3e5512d1df2215119279a7c4,2013-09-03T10:58:04-07:00,flask/testsuite/reqctx.py,185,6,0,0
flask,36d70d8789954e9e3e5512d1df2215119279a7c4,2013-09-03T10:58:04-07:00,flask/testsuite/blueprints.py,790,38,0,33
flask,36d70d8789954e9e3e5512d1df2215119279a7c4,2013-09-03T10:58:04-07:00,flask/testsuite/subclassing.py,46,2,0,0
flask,36d70d8789954e9e3e5512d1df2215119279a7c4,2013-09-03T10:58:04-07:00,flask/testsuite/ext.py,134,0,0,4
flask,36d70d8789954e9e3e5512d1df2215119279a7c4,2013-09-03T10:58:04-07:00,flask/views.py,149,0,0,2
flask,36d70d8789954e9e3e5512d1df2215119279a7c4,2013-09-03T10:58:04-07:00,flask/testsuite/signals.py,153,1,0,0
flask,36d70d8789954e9e3e5512d1df2215119279a7c4,2013-09-03T10:58:04-07:00,scripts/flaskext_compat.py,125,9,0,0
flask,a8a98bc6b61bfc3842667bc97f977fd250bf7403,2014-02-08T22:10:08+00:00,flask/testsuite/basic.py,1334,22,3,39
flask,a8a98bc6b61bfc3842667bc97f977fd250bf7403,2014-02-08T22:10:08+00:00,flask/testsuite/config.py,312,6,0,0
flask,a8a98bc6b61bfc3842667bc97f977fd250bf7403,2014-02-08T22:10:08+00:00,flask/helpers.py,854,0,0,2
flask,a8a98bc6b61bfc3842667bc97f977fd250bf7403,2014-02-08T22:10:08+00:00,flask/testsuite/testing.py,256,4,0,4
flask,a8a98bc6b61bfc3842667bc97f977fd250bf7403,2014-02-08T22:10:08+00:00,flask/testsuite/views.py,169,6,0,0
flask,a8a98bc6b61bfc3842667bc97f977fd250bf7403,2014-02-08T22:10:08+00:00,flask/testsuite/helpers.py,632,11,0,25
flask,a8a98bc6b61bfc3842667bc97f977fd250bf7403,2014-02-08T22:10:08+00:00,flask/testsuite/blueprints.py,790,38,0,0
flask,a8a98bc6b61bfc3842667bc97f977fd250bf7403,2014-02-08T22:10:08+00:00,flask/testsuite/subclassing.py,46,2,0,0
flask,a8a98bc6b61bfc3842667bc97f977fd250bf7403,2014-02-08T22:10:08+00:00,flask/testsuite/signals.py,153,1,0,0
flask,a8a98bc6b61bfc3842667bc97f977fd250bf7403,2014-02-08T22:10:08+00:00,docs/conf.py,269,0,0,2
flask,a8a98bc6b61bfc3842667bc97f977fd250bf7403,2014-02-08T22:10:08+00:00,flask/exthook.py,120,9,0,0
flask,a8a98bc6b61bfc3842667bc97f977fd250bf7403,2014-02-08T22:10:08+00:00,flask/config.py,168,0,0,2
flask,a8a98bc6b61bfc3842667bc97f977fd250bf7403,2014-02-08T22:10:08+00:00,flask/testsuite/appctx.py,118,5,1,0
flask,a8a98bc6b61bfc3842667bc97f977fd250bf7403,2014-02-08T22:10:08+00:00,flask/testsuite/__init__.py,246,0,0,3
flask,a8a98bc6b61bfc3842667bc97f977fd250bf7403,2014-02-08T22:10:08+00:00,flask/testsuite/reqctx.py,201,9,1,0
flask,a8a98bc6b61bfc3842667bc97f977fd250bf7403,2014-02-08T22:10:08+00:00,flask/app.py,1846,0,0,4
flask,a8a98bc6b61bfc3842667bc97f977fd250bf7403,2014-02-08T22:10:08+00:00,flask/testsuite/templating.py,302,4,0,0
flask,a8a98bc6b61bfc3842667bc97f977fd250bf7403,2014-02-08T22:10:08+00:00,scripts/flaskext_compat.py,125,9,0,0
flask,95fa9f21ec43046c113992e89a2741505e666597,2014-03-19T23:07:42+00:00,flask/testsuite/templating.py,302,4,0,0
flask,95fa9f21ec43046c113992e89a2741505e666597,2014-03-19T23:07:42+00:00,flask/testsuite/basic.py,1355,22,3,0
flask,95fa9f21ec43046c113992e89a2741505e666597,2014-03-19T23:07:42+00:00,flask/exthook.py,120,9,0,0
flask,95fa9f21ec43046c113992e89a2741505e666597,2014-03-19T23:07:42+00:00,flask/testsuite/config.py,312,6,0,0
flask,95fa9f21ec43046c113992e89a2741505e666597,2014-03-19T23:07:42+00:00,flask/blueprints.py,401,0,0,22
flask,95fa9f21ec43046c113992e89a2741505e666597,2014-03-19T23:07:42+00:00,flask/testsuite/testing.py,256,4,0,0
flask,95fa9f21ec43046c113992e89a2741505e666597,2014-03-19T23:07:42+00:00,flask/testsuite/views.py,169,6,0,0
flask,95fa9f21ec43046c113992e89a2741505e666597,2014-03-19T23:07:42+00:00,flask/testsuite/helpers.py,658,11,0,0
flask,95fa9f21ec43046c113992e89a2741505e666597,2014-03-19T23:07:42+00:00,flask/testsuite/appctx.py,118,5,1,0
flask,95fa9f21ec43046c113992e89a2741505e666597,2014-03-19T23:07:42+00:00,flask/testsuite/reqctx.py,201,9,1,0
flask,95fa9f21ec43046c113992e89a2741505e666597,2014-03-19T23:07:42+00:00,flask/testsuite/blueprints.py,790,38,0,66
flask,95fa9f21ec43046c113992e89a2741505e666597,2014-03-19T23:07:42+00:00,flask/testsuite/subclassing.py,46,2,0,0
flask,95fa9f21ec43046c113992e89a2741505e666597,2014-03-19T23:07:42+00:00,flask/testsuite/signals.py,153,1,0,0
flask,95fa9f21ec43046c113992e89a2741505e666597,2014-03-19T23:07:42+00:00,scripts/flaskext_compat.py,125,9,0,0
flask,fbda3f94baa6d7dba8f773309121284c6e6c5a6d,2014-04-11T22:40:21+02:00,flask/testsuite/basic.py,1355,22,3,50
flask,fbda3f94baa6d7dba8f773309121284c6e6c5a6d,2014-04-11T22:40:21+02:00,flask/__main__.py,0,0,0,15
flask,fbda3f94baa6d7dba8f773309121284c6e6c5a6d,2014-04-11T22:40:21+02:00,flask/testsuite/config.py,356,6,0,0
flask,fbda3f94baa6d7dba8f773309121284c6e6c5a6d,2014-04-11T22:40:21+02:00,flask/helpers.py,899,0,0,2
flask,fbda3f94baa6d7dba8f773309121284c6e6c5a6d,2014-04-11T22:40:21+02:00,flask/testsuite/testing.py,256,4,0,0
flask,fbda3f94baa6d7dba8f773309121284c6e6c5a6d,2014-04-11T22:40:21+02:00,flask/testsuite/views.py,169,6,0,0
flask,fbda3f94baa6d7dba8f773309121284c6e6c5a6d,2014-04-11T22:40:21+02:00,flask/testsuite/helpers.py,658,11,0,0
flask,fbda3f94baa6d7dba8f773309121284c6e6c5a6d,2014-04-11T22:40:21+02:00,flask/testsuite/blueprints.py,823,38,0,0
flask,fbda3f94baa6d7dba8f773309121284c6e6c5a6d,2014-04-11T22:40:21+02:00,flask/testsuite/subclassing.py,46,2,0,0
flask,fbda3f94baa6d7dba8f773309121284c6e6c5a6d,2014-04-11T22:40:21+02:00,flask/testsuite/signals.py,153,1,0,0
flask,fbda3f94baa6d7dba8f773309121284c6e6c5a6d,2014-04-11T22:40:21+02:00,flask/run.py,0,0,0,269
flask,fbda3f94baa6d7dba8f773309121284c6e6c5a6d,2014-04-11T22:40:21+02:00,flask/__init__.py,50,0,0,4
flask,fbda3f94baa6d7dba8f773309121284c6e6c5a6d,2014-04-11T22:40:21+02:00,flask/exthook.py,120,9,0,0
flask,fbda3f94baa6d7dba8f773309121284c6e6c5a6d,2014-04-11T22:40:21+02:00,flask/sessions.py,365,0,0,58
flask,fbda3f94baa6d7dba8f773309121284c6e6c5a6d,2014-04-11T22:40:21+02:00,flask/json.py,243,0,0,2
flask,fbda3f94baa6d7dba8f773309121284c6e6c5a6d,2014-04-11T22:40:21+02:00,flask/_compat.py,97,0,0,2
flask,fbda3f94baa6d7dba8f773309121284c6e6c5a6d,2014-04-11T22:40:21+02:00,setup.py,111,0,0,4
flask,fbda3f94baa6d7dba8f773309121284c6e6c5a6d,2014-04-11T22:40:21+02:00,flask/config.py,233,2,0,0
flask,fbda3f94baa6d7dba8f773309121284c6e6c5a6d,2014-04-11T22:40:21+02:00,flask/testsuite/appctx.py,118,5,1,0
flask,fbda3f94baa6d7dba8f773309121284c6e6c5a6d,2014-04-11T22:40:21+02:00,flask/testsuite/reqctx.py,201,9,1,0
flask,fbda3f94baa6d7dba8f773309121284c6e6c5a6d,2014-04-11T22:40:21+02:00,flask/app.py,1881,0,0,2
flask,fbda3f94baa6d7dba8f773309121284c6e6c5a6d,2014-04-11T22:40:21+02:00,flask/wrappers.py,199,0,0,2
flask,fbda3f94baa6d7dba8f773309121284c6e6c5a6d,2014-04-11T22:40:21+02:00,flask/testsuite/templating.py,310,4,0,0
flask,fbda3f94baa6d7dba8f773309121284c6e6c5a6d,2014-04-11T22:40:21+02:00,scripts/flaskext_compat.py,125,9,0,0
flask,7503bde2235c28853d4c4e53087090d8c42041aa,2014-04-21T16:34:17+02:00,flask/testsuite/basic.py,1355,22,3,0
flask,7503bde2235c28853d4c4e53087090d8c42041aa,2014-04-21T16:34:17+02:00,flask/__main__.py,0,0,0,17
flask,7503bde2235c28853d4c4e53087090d8c42041aa,2014-04-21T16:34:17+02:00,examples/flaskr/flaskr_tests.py,75,0,0,3
flask,7503bde2235c28853d4c4e53087090d8c42041aa,2014-04-21T16:34:17+02:00,flask/cli.py,0,0,0,378
flask,7503bde2235c28853d4c4e53087090d8c42041aa,2014-04-21T16:34:17+02:00,examples/blueprintexample/blueprintexample.py,11,0,0,6
flask,7503bde2235c28853d4c4e53087090d8c42041aa,2014-04-21T16:34:17+02:00,flask/testsuite/config.py,356,6,0,0
flask,7503bde2235c28853d4c4e53087090d8c42041aa,2014-04-21T16:34:17+02:00,flask/helpers.py,899,0,0,2
flask,7503bde2235c28853d4c4e53087090d8c42041aa,2014-04-21T16:34:17+02:00,flask/testsuite/testing.py,256,4,0,0
flask,7503bde2235c28853d4c4e53087090d8c42041aa,2014-04-21T16:34:17+02:00,flask/testsuite/views.py,169,6,0,0
flask,7503bde2235c28853d4c4e53087090d8c42041aa,2014-04-21T16:34:17+02:00,examples/minitwit/minitwit_tests.py,149,0,0,3
flask,7503bde2235c28853d4c4e53087090d8c42041aa,2014-04-21T16:34:17+02:00,flask/testsuite/helpers.py,658,11,0,0
flask,7503bde2235c28853d4c4e53087090d8c42041aa,2014-04-21T16:34:17+02:00,examples/minitwit/minitwit.py,255,0,0,31
flask,7503bde2235c28853d4c4e53087090d8c42041aa,2014-04-21T16:34:17+02:00,flask/testsuite/blueprints.py,823,38,0,0
flask,7503bde2235c28853d4c4e53087090d8c42041aa,2014-04-21T16:34:17+02:00,flask/testsuite/subclassing.py,46,2,0,0
flask,7503bde2235c28853d4c4e53087090d8c42041aa,2014-04-21T16:34:17+02:00,examples/jqueryexample/jqueryexample.py,29,0,0,4
flask,7503bde2235c28853d4c4e53087090d8c42041aa,2014-04-21T16:34:17+02:00,flask/testsuite/signals.py,153,1,0,0
flask,7503bde2235c28853d4c4e53087090d8c42041aa,2014-04-21T16:34:17+02:00,docs/conf.py,269,0,0,2
flask,7503bde2235c28853d4c4e53087090d8c42041aa,2014-04-21T16:34:17+02:00,flask/run.py,220,0,0,516
flask,7503bde2235c28853d4c4e53087090d8c42041aa,2014-04-21T16:34:17+02:00,flask/exthook.py,120,9,0,0
flask,7503bde2235c28853d4c4e53087090d8c42041aa,2014-04-21T16:34:17+02:00,setup.py,115,0,0,15
flask,7503bde2235c28853d4c4e53087090d8c42041aa,2014-04-21T16:34:17+02:00,flask/_compat.py,97,0,0,2
flask,7503bde2235c28853d4c4e53087090d8c42041aa,2014-04-21T16:34:17+02:00,flask/config.py,233,2,0,0
flask,7503bde2235c28853d4c4e53087090d8c42041aa,2014-04-21T16:34:17+02:00,flask/testsuite/appctx.py,118,5,1,0
flask,7503bde2235c28853d4c4e53087090d8c42041aa,2014-04-21T16:34:17+02:00,flask/testsuite/reqctx.py,201,9,1,0
flask,7503bde2235c28853d4c4e53087090d8c42041aa,2014-04-21T16:34:17+02:00,examples/flaskr/flaskr.py,109,0,0,31
flask,7503bde2235c28853d4c4e53087090d8c42041aa,2014-04-21T16:34:17+02:00,flask/app.py,1881,0,0,47
flask,7503bde2235c28853d4c4e53087090d8c42041aa,2014-04-21T16:34:17+02:00,flask/testsuite/templating.py,310,4,0,0
flask,7503bde2235c28853d4c4e53087090d8c42041aa,2014-04-21T16:34:17+02:00,scripts/flaskext_compat.py,125,9,0,0
flask,7503bde2235c28853d4c4e53087090d8c42041aa,2014-04-21T16:34:17+02:00,examples/persona/persona.py,59,0,0,4
flask,52fa195d459a70f8ef73e954b20a9512b2f5001b,2014-04-23T10:46:38-04:00,flask/testsuite/basic.py,1355,22,3,0
flask,52fa195d459a70f8ef73e954b20a9512b2f5001b,2014-04-23T10:46:38-04:00,flask/__main__.py,15,0,0,2
flask,52fa195d459a70f8ef73e954b20a9512b2f5001b,2014-04-23T10:46:38-04:00,examples/flaskr/flaskr_tests.py,75,0,0,3
flask,52fa195d459a70f8ef73e954b20a9512b2f5001b,2014-04-23T10:46:38-04:00,flask/cli.py,0,0,0,687
flask,52fa195d459a70f8ef73e954b20a9512b2f5001b,2014-04-23T10:46:38-04:00,examples/blueprintexample/blueprintexample.py,11,0,0,6
flask,52fa195d459a70f8ef73e954b20a9512b2f5001b,2014-04-23T10:46:38-04:00,flask/testsuite/config.py,356,6,0,0
flask,52fa195d459a70f8ef73e954b20a9512b2f5001b,2014-04-23T10:46:38-04:00,flask/helpers.py,899,0,0,2
flask,52fa195d459a70f8ef73e954b20a9512b2f5001b,2014-04-23T10:46:38-04:00,flask/testsuite/testing.py,256,4,0,0
flask,52fa195d459a70f8ef73e954b20a9512b2f5001b,2014-04-23T10:46:38-04:00,flask/testsuite/views.py,169,6,0,0
flask,52fa195d459a70f8ef73e954b20a9512b2f5001b,2014-04-23T10:46:38-04:00,examples/minitwit/minitwit_tests.py,149,0,0,3
flask,52fa195d459a70f8ef73e954b20a9512b2f5001b,2014-04-23T10:46:38-04:00,flask/testsuite/helpers.py,658,11,0,0
flask,52fa195d459a70f8ef73e954b20a9512b2f5001b,2014-04-23T10:46:38-04:00,examples/minitwit/minitwit.py,255,0,0,31
flask,52fa195d459a70f8ef73e954b20a9512b2f5001b,2014-04-23T10:46:38-04:00,flask/testsuite/blueprints.py,823,38,0,0
flask,52fa195d459a70f8ef73e954b20a9512b2f5001b,2014-04-23T10:46:38-04:00,flask/testsuite/subclassing.py,46,2,0,0
flask,52fa195d459a70f8ef73e954b20a9512b2f5001b,2014-04-23T10:46:38-04:00,examples/jqueryexample/jqueryexample.py,29,0,0,4
flask,52fa195d459a70f8ef73e954b20a9512b2f5001b,2014-04-23T10:46:38-04:00,flask/testsuite/signals.py,153,1,0,0
flask,52fa195d459a70f8ef73e954b20a9512b2f5001b,2014-04-23T10:46:38-04:00,docs/conf.py,269,0,0,2
flask,52fa195d459a70f8ef73e954b20a9512b2f5001b,2014-04-23T10:46:38-04:00,flask/run.py,247,0,0,247
flask,52fa195d459a70f8ef73e954b20a9512b2f5001b,2014-04-23T10:46:38-04:00,flask/exthook.py,120,9,0,0
flask,52fa195d459a70f8ef73e954b20a9512b2f5001b,2014-04-23T10:46:38-04:00,setup.py,115,0,0,11
flask,52fa195d459a70f8ef73e954b20a9512b2f5001b,2014-04-23T10:46:38-04:00,flask/_compat.py,97,0,0,2
flask,52fa195d459a70f8ef73e954b20a9512b2f5001b,2014-04-23T10:46:38-04:00,flask/config.py,233,2,0,0
flask,52fa195d459a70f8ef73e954b20a9512b2f5001b,2014-04-23T10:46:38-04:00,flask/testsuite/appctx.py,118,5,1,0
flask,52fa195d459a70f8ef73e954b20a9512b2f5001b,2014-04-23T10:46:38-04:00,flask/testsuite/reqctx.py,201,9,1,0
flask,52fa195d459a70f8ef73e954b20a9512b2f5001b,2014-04-23T10:46:38-04:00,examples/flaskr/flaskr.py,109,0,0,31
flask,52fa195d459a70f8ef73e954b20a9512b2f5001b,2014-04-23T10:46:38-04:00,flask/app.py,1881,0,0,47
flask,52fa195d459a70f8ef73e954b20a9512b2f5001b,2014-04-23T10:46:38-04:00,flask/testsuite/templating.py,310,4,0,0
flask,52fa195d459a70f8ef73e954b20a9512b2f5001b,2014-04-23T10:46:38-04:00,scripts/flaskext_compat.py,125,9,0,0
flask,52fa195d459a70f8ef73e954b20a9512b2f5001b,2014-04-23T10:46:38-04:00,examples/persona/persona.py,59,0,0,4
flask,ed9e458850a548ceb6027bf25a657f26595656ff,2014-04-28T11:26:18-04:00,flask/testsuite/basic.py,1355,22,3,0
flask,ed9e458850a548ceb6027bf25a657f26595656ff,2014-04-28T11:26:18-04:00,flask/__main__.py,15,0,0,2
flask,ed9e458850a548ceb6027bf25a657f26595656ff,2014-04-28T11:26:18-04:00,examples/flaskr/flaskr_tests.py,75,0,0,3
flask,ed9e458850a548ceb6027bf25a657f26595656ff,2014-04-28T11:26:18-04:00,flask/cli.py,351,0,0,585
flask,ed9e458850a548ceb6027bf25a657f26595656ff,2014-04-28T11:26:18-04:00,examples/blueprintexample/blueprintexample.py,11,0,0,6
flask,ed9e458850a548ceb6027bf25a657f26595656ff,2014-04-28T11:26:18-04:00,flask/testsuite/config.py,356,6,0,0
flask,ed9e458850a548ceb6027bf25a657f26595656ff,2014-04-28T11:26:18-04:00,flask/testsuite/testing.py,256,4,0,0
flask,ed9e458850a548ceb6027bf25a657f26595656ff,2014-04-28T11:26:18-04:00,flask/testsuite/views.py,169,6,0,0
flask,ed9e458850a548ceb6027bf25a657f26595656ff,2014-04-28T11:26:18-04:00,examples/minitwit/minitwit_tests.py,149,0,0,3
flask,ed9e458850a548ceb6027bf25a657f26595656ff,2014-04-28T11:26:18-04:00,flask/testsuite/helpers.py,658,11,0,0
flask,ed9e458850a548ceb6027bf25a657f26595656ff,2014-04-28T11:26:18-04:00,examples/minitwit/minitwit.py,255,0,0,31
flask,ed9e458850a548ceb6027bf25a657f26595656ff,2014-04-28T11:26:18-04:00,flask/testsuite/blueprints.py,823,38,0,0
flask,ed9e458850a548ceb6027bf25a657f26595656ff,2014-04-28T11:26:18-04:00,flask/testsuite/subclassing.py,46,2,0,0
flask,ed9e458850a548ceb6027bf25a657f26595656ff,2014-04-28T11:26:18-04:00,examples/jqueryexample/jqueryexample.py,29,0,0,4
flask,ed9e458850a548ceb6027bf25a657f26595656ff,2014-04-28T11:26:18-04:00,flask/testsuite/signals.py,153,1,0,0
flask,ed9e458850a548ceb6027bf25a657f26595656ff,2014-04-28T11:26:18-04:00,flask/globals.py,44,0,0,23
flask,ed9e458850a548ceb6027bf25a657f26595656ff,2014-04-28T11:26:18-04:00,flask/exthook.py,120,9,0,0
flask,ed9e458850a548ceb6027bf25a657f26595656ff,2014-04-28T11:26:18-04:00,setup.py,118,0,0,6
flask,ed9e458850a548ceb6027bf25a657f26595656ff,2014-04-28T11:26:18-04:00,flask/config.py,233,2,0,0
flask,ed9e458850a548ceb6027bf25a657f26595656ff,2014-04-28T11:26:18-04:00,flask/testsuite/appctx.py,118,5,1,0
flask,ed9e458850a548ceb6027bf25a657f26595656ff,2014-04-28T11:26:18-04:00,flask/testsuite/reqctx.py,201,9,1,0
flask,ed9e458850a548ceb6027bf25a657f26595656ff,2014-04-28T11:26:18-04:00,flask/app.py,1922,0,0,4
flask,ed9e458850a548ceb6027bf25a657f26595656ff,2014-04-28T11:26:18-04:00,examples/flaskr/flaskr.py,105,0,0,11
flask,ed9e458850a548ceb6027bf25a657f26595656ff,2014-04-28T11:26:18-04:00,flask/testsuite/templating.py,310,4,0,0
flask,ed9e458850a548ceb6027bf25a657f26595656ff,2014-04-28T11:26:18-04:00,scripts/flaskext_compat.py,125,9,0,0
flask,ed9e458850a548ceb6027bf25a657f26595656ff,2014-04-28T11:26:18-04:00,examples/persona/persona.py,59,0,0,4
flask,1eede1de1fd8844430a4df90756e92883ed7103d,2014-05-27T12:09:38-04:00,flask/testsuite/templating.py,310,4,0,0
flask,1eede1de1fd8844430a4df90756e92883ed7103d,2014-05-27T12:09:38-04:00,flask/testsuite/basic.py,1394,22,3,0
flask,1eede1de1fd8844430a4df90756e92883ed7103d,2014-05-27T12:09:38-04:00,flask/exthook.py,120,9,0,0
flask,1eede1de1fd8844430a4df90756e92883ed7103d,2014-05-27T12:09:38-04:00,flask/testsuite/config.py,356,6,0,0
flask,1eede1de1fd8844430a4df90756e92883ed7103d,2014-05-27T12:09:38-04:00,flask/sessions.py,365,0,0,50
flask,1eede1de1fd8844430a4df90756e92883ed7103d,2014-05-27T12:09:38-04:00,flask/testsuite/testing.py,256,4,0,0
flask,1eede1de1fd8844430a4df90756e92883ed7103d,2014-05-27T12:09:38-04:00,flask/testsuite/views.py,169,6,0,0
flask,1eede1de1fd8844430a4df90756e92883ed7103d,2014-05-27T12:09:38-04:00,flask/config.py,233,2,0,0
flask,1eede1de1fd8844430a4df90756e92883ed7103d,2014-05-27T12:09:38-04:00,flask/testsuite/helpers.py,658,11,0,0
flask,1eede1de1fd8844430a4df90756e92883ed7103d,2014-05-27T12:09:38-04:00,flask/testsuite/appctx.py,118,5,1,0
flask,1eede1de1fd8844430a4df90756e92883ed7103d,2014-05-27T12:09:38-04:00,flask/testsuite/reqctx.py,201,9,1,0
flask,1eede1de1fd8844430a4df90756e92883ed7103d,2014-05-27T12:09:38-04:00,flask/testsuite/blueprints.py,823,38,0,0
flask,1eede1de1fd8844430a4df90756e92883ed7103d,2014-05-27T12:09:38-04:00,flask/testsuite/subclassing.py,46,2,0,0
flask,1eede1de1fd8844430a4df90756e92883ed7103d,2014-05-27T12:09:38-04:00,flask/testsuite/signals.py,153,1,0,0
flask,1eede1de1fd8844430a4df90756e92883ed7103d,2014-05-27T12:09:38-04:00,scripts/flaskext_compat.py,125,9,0,0
flask,c44a6111bc78ace1849748af424ac0ddabbe5f47,2014-06-16T18:59:33+08:00,flask/testsuite/templating.py,310,4,0,0
flask,c44a6111bc78ace1849748af424ac0ddabbe5f47,2014-06-16T18:59:33+08:00,flask/testsuite/basic.py,1394,22,3,0
flask,c44a6111bc78ace1849748af424ac0ddabbe5f47,2014-06-16T18:59:33+08:00,flask/exthook.py,120,9,0,0
flask,c44a6111bc78ace1849748af424ac0ddabbe5f47,2014-06-16T18:59:33+08:00,flask/testsuite/config.py,356,6,0,0
flask,c44a6111bc78ace1849748af424ac0ddabbe5f47,2014-06-16T18:59:33+08:00,flask/testsuite/testing.py,256,4,0,0
flask,c44a6111bc78ace1849748af424ac0ddabbe5f47,2014-06-16T18:59:33+08:00,flask/testsuite/views.py,169,6,0,0
flask,c44a6111bc78ace1849748af424ac0ddabbe5f47,2014-06-16T18:59:33+08:00,flask/config.py,233,2,0,0
flask,c44a6111bc78ace1849748af424ac0ddabbe5f47,2014-06-16T18:59:33+08:00,flask/testsuite/helpers.py,658,11,0,0
flask,c44a6111bc78ace1849748af424ac0ddabbe5f47,2014-06-16T18:59:33+08:00,flask/testsuite/appctx.py,118,5,1,0
flask,c44a6111bc78ace1849748af424ac0ddabbe5f47,2014-06-16T18:59:33+08:00,flask/testsuite/reqctx.py,201,9,1,0
flask,c44a6111bc78ace1849748af424ac0ddabbe5f47,2014-06-16T18:59:33+08:00,flask/testsuite/blueprints.py,823,38,0,0
flask,c44a6111bc78ace1849748af424ac0ddabbe5f47,2014-06-16T18:59:33+08:00,flask/testsuite/subclassing.py,46,2,0,0
flask,c44a6111bc78ace1849748af424ac0ddabbe5f47,2014-06-16T18:59:33+08:00,flask/testsuite/signals.py,153,1,0,0
flask,c44a6111bc78ace1849748af424ac0ddabbe5f47,2014-06-16T18:59:33+08:00,scripts/flaskext_compat.py,125,9,0,0
flask,a61347b902961d36d932bab56794fc39fab0d210,2014-07-27T02:47:33+09:00,flask/testsuite/templating.py,310,4,0,0
flask,a61347b902961d36d932bab56794fc39fab0d210,2014-07-27T02:47:33+09:00,flask/testsuite/basic.py,1394,22,3,0
flask,a61347b902961d36d932bab56794fc39fab0d210,2014-07-27T02:47:33+09:00,flask/exthook.py,120,9,0,0
flask,a61347b902961d36d932bab56794fc39fab0d210,2014-07-27T02:47:33+09:00,flask/testsuite/config.py,356,6,0,28
flask,a61347b902961d36d932bab56794fc39fab0d210,2014-07-27T02:47:33+09:00,flask/testsuite/testing.py,256,4,0,0
flask,a61347b902961d36d932bab56794fc39fab0d210,2014-07-27T02:47:33+09:00,flask/testsuite/views.py,169,6,0,0
flask,a61347b902961d36d932bab56794fc39fab0d210,2014-07-27T02:47:33+09:00,flask/config.py,233,2,0,32
flask,a61347b902961d36d932bab56794fc39fab0d210,2014-07-27T02:47:33+09:00,flask/testsuite/helpers.py,658,11,0,0
flask,a61347b902961d36d932bab56794fc39fab0d210,2014-07-27T02:47:33+09:00,flask/testsuite/appctx.py,118,5,1,0
flask,a61347b902961d36d932bab56794fc39fab0d210,2014-07-27T02:47:33+09:00,flask/testsuite/reqctx.py,201,9,1,0
flask,a61347b902961d36d932bab56794fc39fab0d210,2014-07-27T02:47:33+09:00,flask/testsuite/blueprints.py,823,38,0,0
flask,a61347b902961d36d932bab56794fc39fab0d210,2014-07-27T02:47:33+09:00,flask/testsuite/subclassing.py,46,2,0,0
flask,a61347b902961d36d932bab56794fc39fab0d210,2014-07-27T02:47:33+09:00,flask/testsuite/signals.py,153,1,0,0
flask,a61347b902961d36d932bab56794fc39fab0d210,2014-07-27T02:47:33+09:00,scripts/flaskext_compat.py,125,9,0,0
flask,486c1089b0ce968b74e81649cdceb0e158157036,2014-07-27T13:21:14+02:00,flask/testsuite/templating.py,310,4,0,0
flask,486c1089b0ce968b74e81649cdceb0e158157036,2014-07-27T13:21:14+02:00,flask/testsuite/basic.py,1394,22,3,0
flask,486c1089b0ce968b74e81649cdceb0e158157036,2014-07-27T13:21:14+02:00,flask/exthook.py,120,9,0,0
flask,486c1089b0ce968b74e81649cdceb0e158157036,2014-07-27T13:21:14+02:00,flask/testsuite/config.py,384,6,0,0
flask,486c1089b0ce968b74e81649cdceb0e158157036,2014-07-27T13:21:14+02:00,flask/testsuite/testing.py,256,4,0,0
flask,486c1089b0ce968b74e81649cdceb0e158157036,2014-07-27T13:21:14+02:00,flask/testsuite/views.py,169,6,0,0
flask,486c1089b0ce968b74e81649cdceb0e158157036,2014-07-27T13:21:14+02:00,flask/config.py,253,2,0,10
flask,486c1089b0ce968b74e81649cdceb0e158157036,2014-07-27T13:21:14+02:00,flask/testsuite/helpers.py,658,11,0,0
flask,486c1089b0ce968b74e81649cdceb0e158157036,2014-07-27T13:21:14+02:00,flask/testsuite/appctx.py,118,5,1,0
flask,486c1089b0ce968b74e81649cdceb0e158157036,2014-07-27T13:21:14+02:00,flask/testsuite/reqctx.py,201,9,1,0
flask,486c1089b0ce968b74e81649cdceb0e158157036,2014-07-27T13:21:14+02:00,flask/testsuite/blueprints.py,823,38,0,0
flask,486c1089b0ce968b74e81649cdceb0e158157036,2014-07-27T13:21:14+02:00,flask/testsuite/subclassing.py,46,2,0,0
flask,486c1089b0ce968b74e81649cdceb0e158157036,2014-07-27T13:21:14+02:00,flask/testsuite/signals.py,153,1,0,0
flask,486c1089b0ce968b74e81649cdceb0e158157036,2014-07-27T13:21:14+02:00,scripts/flaskext_compat.py,125,9,0,0
flask,3b3c5b8bf3e353b138605b5fdf1693e3f4ab9200,2014-09-21T23:03:41-04:00,flask/exthook.py,120,9,0,0
flask,3b3c5b8bf3e353b138605b5fdf1693e3f4ab9200,2014-09-21T23:03:41-04:00,scripts/flaskext_compat.py,125,9,0,0
flask,3b3c5b8bf3e353b138605b5fdf1693e3f4ab9200,2014-09-21T23:03:41-04:00,flask/config.py,253,2,0,0
flask,3b3c5b8bf3e353b138605b5fdf1693e3f4ab9200,2014-09-21T23:03:41-04:00,scripts/flaskext_tester.py,309,0,1,0
flask,e401a83fc5e57c6ac12175edcf3ef9157f094d7e,2014-09-25T09:35:46-04:00,tests/test_signals.py,158,0,0,21
flask,e401a83fc5e57c6ac12175edcf3ef9157f094d7e,2014-09-25T09:35:46-04:00,flask/exthook.py,120,9,0,0
flask,e401a83fc5e57c6ac12175edcf3ef9157f094d7e,2014-09-25T09:35:46-04:00,scripts/flaskext_compat.py,125,9,0,0
flask,e401a83fc5e57c6ac12175edcf3ef9157f094d7e,2014-09-25T09:35:46-04:00,flask/config.py,253,2,0,0
flask,e401a83fc5e57c6ac12175edcf3ef9157f094d7e,2014-09-25T09:35:46-04:00,scripts/flaskext_tester.py,309,0,1,0
flask,4a9e34a57476c92a4147f9ecafc357a681f1a19a,2015-02-11T14:41:48-05:00,flask/exthook.py,120,9,0,0
flask,4a9e34a57476c92a4147f9ecafc357a681f1a19a,2015-02-11T14:41:48-05:00,scripts/flaskext_migrate.py,93,0,0,172
flask,4a9e34a57476c92a4147f9ecafc357a681f1a19a,2015-02-11T14:41:48-05:00,flask/config.py,258,2,0,0
flask,4a9e34a57476c92a4147f9ecafc357a681f1a19a,2015-02-11T14:41:48-05:00,scripts/test_import_migration.py,0,0,0,91
flask,4a9e34a57476c92a4147f9ecafc357a681f1a19a,2015-02-11T14:41:48-05:00,scripts/test.py,34,0,0,34
flask,4a9e34a57476c92a4147f9ecafc357a681f1a19a,2015-02-11T14:41:48-05:00,scripts/flaskext_compat.py,125,9,0,0
flask,4a9e34a57476c92a4147f9ecafc357a681f1a19a,2015-02-11T14:41:48-05:00,tests/test_import_migration.py,0,0,0,98
flask,4a9e34a57476c92a4147f9ecafc357a681f1a19a,2015-02-11T14:41:48-05:00,scripts/flaskext_tester.py,309,0,1,0
flask,e527c173f51d9fff61429ae2b659ad0400b3d79b,2015-03-04T18:44:56+01:00,flask/exthook.py,120,9,0,0
flask,e527c173f51d9fff61429ae2b659ad0400b3d79b,2015-03-04T18:44:56+01:00,flask/helpers.py,899,0,0,7
flask,e527c173f51d9fff61429ae2b659ad0400b3d79b,2015-03-04T18:44:56+01:00,tests/test_helpers.py,656,0,0,40
flask,e527c173f51d9fff61429ae2b659ad0400b3d79b,2015-03-04T18:44:56+01:00,flask/wrappers.py,201,0,0,22
flask,e527c173f51d9fff61429ae2b659ad0400b3d79b,2015-03-04T18:44:56+01:00,scripts/flaskext_compat.py,125,9,0,0
flask,e527c173f51d9fff61429ae2b659ad0400b3d79b,2015-03-04T18:44:56+01:00,flask/config.py,258,2,0,0
flask,e527c173f51d9fff61429ae2b659ad0400b3d79b,2015-03-04T18:44:56+01:00,scripts/flaskext_tester.py,309,0,1,0
flask,1cd9e91810fcfc3b3ca4e8c157593af28de427d6,2015-03-05T13:04:38-05:00,flask/exthook.py,120,9,0,0
flask,1cd9e91810fcfc3b3ca4e8c157593af28de427d6,2015-03-05T13:04:38-05:00,flask/helpers.py,899,0,0,7
flask,1cd9e91810fcfc3b3ca4e8c157593af28de427d6,2015-03-05T13:04:38-05:00,tests/test_helpers.py,680,0,0,4
flask,1cd9e91810fcfc3b3ca4e8c157593af28de427d6,2015-03-05T13:04:38-05:00,flask/wrappers.py,204,0,0,11
flask,1cd9e91810fcfc3b3ca4e8c157593af28de427d6,2015-03-05T13:04:38-05:00,scripts/flaskext_compat.py,125,9,0,0
flask,1cd9e91810fcfc3b3ca4e8c157593af28de427d6,2015-03-05T13:04:38-05:00,flask/config.py,258,2,0,0
flask,1cd9e91810fcfc3b3ca4e8c157593af28de427d6,2015-03-05T13:04:38-05:00,scripts/flaskext_tester.py,309,0,1,0
flask,1aa8a54b175ef10a72d3c3d3f4ed112ddc6e2ea6,2015-03-22T12:49:47+01:00,flask/ctx.py,395,0,0,12
flask,1aa8a54b175ef10a72d3c3d3f4ed112ddc6e2ea6,2015-03-22T12:49:47+01:00,tests/test_appctx.py,111,0,0,15
flask,1aa8a54b175ef10a72d3c3d3f4ed112ddc6e2ea6,2015-03-22T12:49:47+01:00,flask/exthook.py,120,9,0,0
flask,1aa8a54b175ef10a72d3c3d3f4ed112ddc6e2ea6,2015-03-22T12:49:47+01:00,tests/test_basic.py,1606,0,0,100
flask,1aa8a54b175ef10a72d3c3d3f4ed112ddc6e2ea6,2015-03-22T12:49:47+01:00,flask/config.py,258,2,0,0
flask,1aa8a54b175ef10a72d3c3d3f4ed112ddc6e2ea6,2015-03-22T12:49:47+01:00,tests/test_regression.py,103,0,0,4
flask,1aa8a54b175ef10a72d3c3d3f4ed112ddc6e2ea6,2015-03-22T12:49:47+01:00,tests/test_reqctx.py,184,0,0,15
flask,1aa8a54b175ef10a72d3c3d3f4ed112ddc6e2ea6,2015-03-22T12:49:47+01:00,flask/app.py,1923,0,0,11
flask,1aa8a54b175ef10a72d3c3d3f4ed112ddc6e2ea6,2015-03-22T12:49:47+01:00,scripts/flaskext_compat.py,125,9,0,0
flask,1aa8a54b175ef10a72d3c3d3f4ed112ddc6e2ea6,2015-03-22T12:49:47+01:00,scripts/flaskext_tester.py,309,0,1,0
flask,2de525c720bea58c088decedd89bab5914e39a7e,2015-05-02T10:54:38-07:00,flask/exthook.py,120,9,0,0
flask,2de525c720bea58c088decedd89bab5914e39a7e,2015-05-02T10:54:38-07:00,scripts/flaskext_compat.py,125,9,0,4
flask,2de525c720bea58c088decedd89bab5914e39a7e,2015-05-02T10:54:38-07:00,flask/config.py,258,2,0,4
flask,2de525c720bea58c088decedd89bab5914e39a7e,2015-05-02T10:54:38-07:00,scripts/flaskext_tester.py,309,0,1,0
flask,b12d9762e7fdb4877ea0cb750628149609e3ecb4,2015-06-06T04:44:41+02:00,flask/__init__.py,49,0,0,2
flask,b12d9762e7fdb4877ea0cb750628149609e3ecb4,2015-06-06T04:44:41+02:00,tests/test_templating.py,373,0,0,2
flask,b12d9762e7fdb4877ea0cb750628149609e3ecb4,2015-06-06T04:44:41+02:00,flask/cli.py,498,0,0,2
flask,b12d9762e7fdb4877ea0cb750628149609e3ecb4,2015-06-06T04:44:41+02:00,flask/exthook.py,120,9,0,0
flask,b12d9762e7fdb4877ea0cb750628149609e3ecb4,2015-06-06T04:44:41+02:00,flask/helpers.py,898,0,0,20
flask,b12d9762e7fdb4877ea0cb750628149609e3ecb4,2015-06-06T04:44:41+02:00,flask/signals.py,55,0,0,5
flask,b12d9762e7fdb4877ea0cb750628149609e3ecb4,2015-06-06T04:44:41+02:00,flask/blueprints.py,414,0,0,1
flask,b12d9762e7fdb4877ea0cb750628149609e3ecb4,2015-06-06T04:44:41+02:00,flask/config.py,258,2,0,0
flask,b12d9762e7fdb4877ea0cb750628149609e3ecb4,2015-06-06T04:44:41+02:00,flask/templating.py,138,0,0,44
flask,b12d9762e7fdb4877ea0cb750628149609e3ecb4,2015-06-06T04:44:41+02:00,tests/test_signals.py,178,0,0,78
flask,b12d9762e7fdb4877ea0cb750628149609e3ecb4,2015-06-06T04:44:41+02:00,flask/app.py,1981,0,0,4
flask,b12d9762e7fdb4877ea0cb750628149609e3ecb4,2015-06-06T04:44:41+02:00,scripts/flaskext_compat.py,125,9,0,0
flask,b12d9762e7fdb4877ea0cb750628149609e3ecb4,2015-06-06T04:44:41+02:00,scripts/flaskext_tester.py,309,0,1,0
flask,43d6b8a5fc5f4efd9dd1ce8c73a0c15979defd22,2015-06-06T04:44:41+02:00,flask/__init__.py,49,0,0,2
flask,43d6b8a5fc5f4efd9dd1ce8c73a0c15979defd22,2015-06-06T04:44:41+02:00,tests/test_templating.py,373,0,0,2
flask,43d6b8a5fc5f4efd9dd1ce8c73a0c15979defd22,2015-06-06T04:44:41+02:00,flask/cli.py,498,0,0,2
flask,43d6b8a5fc5f4efd9dd1ce8c73a0c15979defd22,2015-06-06T04:44:41+02:00,flask/exthook.py,120,9,0,0
flask,43d6b8a5fc5f4efd9dd1ce8c73a0c15979defd22,2015-06-06T04:44:41+02:00,flask/helpers.py,898,0,0,20
flask,43d6b8a5fc5f4efd9dd1ce8c73a0c15979defd22,2015-06-06T04:44:41+02:00,flask/signals.py,55,0,0,5
flask,43d6b8a5fc5f4efd9dd1ce8c73a0c15979defd22,2015-06-06T04:44:41+02:00,flask/blueprints.py,414,0,0,1
flask,43d6b8a5fc5f4efd9dd1ce8c73a0c15979defd22,2015-06-06T04:44:41+02:00,flask/config.py,258,2,0,0
flask,43d6b8a5fc5f4efd9dd1ce8c73a0c15979defd22,2015-06-06T04:44:41+02:00,flask/templating.py,138,0,0,44
flask,43d6b8a5fc5f4efd9dd1ce8c73a0c15979defd22,2015-06-06T04:44:41+02:00,tests/test_signals.py,178,0,0,78
flask,43d6b8a5fc5f4efd9dd1ce8c73a0c15979defd22,2015-06-06T04:44:41+02:00,flask/app.py,1981,0,0,4
flask,43d6b8a5fc5f4efd9dd1ce8c73a0c15979defd22,2015-06-06T04:44:41+02:00,scripts/flaskext_compat.py,125,9,0,0
flask,43d6b8a5fc5f4efd9dd1ce8c73a0c15979defd22,2015-06-06T04:44:41+02:00,scripts/flaskext_tester.py,309,0,1,0
flask,3185f445c908a3926f17deb574cb9b1f0b049fe8,2015-06-06T04:44:41+02:00,flask/__init__.py,49,0,0,2
flask,3185f445c908a3926f17deb574cb9b1f0b049fe8,2015-06-06T04:44:41+02:00,tests/test_templating.py,373,0,0,2
flask,3185f445c908a3926f17deb574cb9b1f0b049fe8,2015-06-06T04:44:41+02:00,flask/cli.py,498,0,0,2
flask,3185f445c908a3926f17deb574cb9b1f0b049fe8,2015-06-06T04:44:41+02:00,flask/exthook.py,120,9,0,0
flask,3185f445c908a3926f17deb574cb9b1f0b049fe8,2015-06-06T04:44:41+02:00,flask/helpers.py,898,0,0,20
flask,3185f445c908a3926f17deb574cb9b1f0b049fe8,2015-06-06T04:44:41+02:00,flask/signals.py,55,0,0,5
flask,3185f445c908a3926f17deb574cb9b1f0b049fe8,2015-06-06T04:44:41+02:00,flask/blueprints.py,414,0,0,1
flask,3185f445c908a3926f17deb574cb9b1f0b049fe8,2015-06-06T04:44:41+02:00,flask/config.py,258,2,0,0
flask,3185f445c908a3926f17deb574cb9b1f0b049fe8,2015-06-06T04:44:41+02:00,flask/templating.py,138,0,0,44
flask,3185f445c908a3926f17deb574cb9b1f0b049fe8,2015-06-06T04:44:41+02:00,tests/test_signals.py,178,0,0,78
flask,3185f445c908a3926f17deb574cb9b1f0b049fe8,2015-06-06T04:44:41+02:00,flask/app.py,1981,0,0,4
flask,3185f445c908a3926f17deb574cb9b1f0b049fe8,2015-06-06T04:44:41+02:00,scripts/flaskext_compat.py,125,9,0,0
flask,3185f445c908a3926f17deb574cb9b1f0b049fe8,2015-06-06T04:44:41+02:00,scripts/flaskext_tester.py,309,0,1,0
flask,b3b5a98fd09f4c02828765a5968825ab4f11556a,2015-11-27T08:57:56-08:00,flask/exthook.py,120,9,0,0
flask,b3b5a98fd09f4c02828765a5968825ab4f11556a,2015-11-27T08:57:56-08:00,scripts/flaskext_compat.py,125,9,0,0
flask,b3b5a98fd09f4c02828765a5968825ab4f11556a,2015-11-27T08:57:56-08:00,flask/config.py,258,2,0,0
flask,b3b5a98fd09f4c02828765a5968825ab4f11556a,2015-11-27T08:57:56-08:00,scripts/flaskext_tester.py,309,0,1,0
flask,6d0bbd627c8ff7b6339c894342d00eae11deb7ec,2016-02-03T21:08:22+08:00,flask/app.py,1986,0,0,10
flask,6d0bbd627c8ff7b6339c894342d00eae11deb7ec,2016-02-03T21:08:22+08:00,flask/exthook.py,120,9,0,0
flask,6d0bbd627c8ff7b6339c894342d00eae11deb7ec,2016-02-03T21:08:22+08:00,scripts/flaskext_compat.py,125,9,0,0
flask,6d0bbd627c8ff7b6339c894342d00eae11deb7ec,2016-02-03T21:08:22+08:00,flask/config.py,258,2,0,2
flask,6d0bbd627c8ff7b6339c894342d00eae11deb7ec,2016-02-03T21:08:22+08:00,scripts/flaskext_tester.py,309,0,1,0
flask,c54d67adee6f99113f525b376da4af27c3001321,2016-07-28T22:46:42+02:00,flask/exthook.py,143,7,0,0
flask,c54d67adee6f99113f525b376da4af27c3001321,2016-07-28T22:46:42+02:00,scripts/flaskext_compat.py,125,7,0,0
flask,c54d67adee6f99113f525b376da4af27c3001321,2016-07-28T22:46:42+02:00,flask/config.py,263,2,0,0
flask,c54d67adee6f99113f525b376da4af27c3001321,2016-07-28T22:46:42+02:00,scripts/flaskext_tester.py,309,0,1,0
flask,2b8fef4fe72b5592a844083284c2615ced8a0cb8,2016-10-30T14:35:15+01:00,flask/__init__.py,49,0,0,2
flask,2b8fef4fe72b5592a844083284c2615ced8a0cb8,2016-10-30T14:35:15+01:00,flask/cli.py,511,0,0,4
flask,2b8fef4fe72b5592a844083284c2615ced8a0cb8,2016-10-30T14:35:15+01:00,flask/exthook.py,143,7,0,0
flask,2b8fef4fe72b5592a844083284c2615ced8a0cb8,2016-10-30T14:35:15+01:00,flask/sessions.py,362,0,0,2
flask,2b8fef4fe72b5592a844083284c2615ced8a0cb8,2016-10-30T14:35:15+01:00,flask/signals.py,56,0,0,2
flask,2b8fef4fe72b5592a844083284c2615ced8a0cb8,2016-10-30T14:35:15+01:00,flask/config.py,263,2,0,0
flask,2b8fef4fe72b5592a844083284c2615ced8a0cb8,2016-10-30T14:35:15+01:00,docs/flaskext.py,86,0,0,86
flask,2b8fef4fe72b5592a844083284c2615ced8a0cb8,2016-10-30T14:35:15+01:00,flask/app.py,2011,0,0,17
flask,2b8fef4fe72b5592a844083284c2615ced8a0cb8,2016-10-30T14:35:15+01:00,tests/test_helpers.py,885,0,0,24
flask,2b8fef4fe72b5592a844083284c2615ced8a0cb8,2016-10-30T14:35:15+01:00,docs/conf.py,299,0,0,14
flask,2b8fef4fe72b5592a844083284c2615ced8a0cb8,2016-10-30T14:35:15+01:00,scripts/flaskext_compat.py,125,7,0,0
flask,2b8fef4fe72b5592a844083284c2615ced8a0cb8,2016-10-30T14:35:15+01:00,scripts/flaskext_tester.py,309,0,1,0
flask,d04d36842b6c0c9430dfb3d1129e5cfa5e8bac3d,2017-04-06T08:31:25-07:00,flask/exthook.py,143,7,0,0
flask,d04d36842b6c0c9430dfb3d1129e5cfa5e8bac3d,2017-04-06T08:31:25-07:00,flask/helpers.py,960,0,0,54
flask,d04d36842b6c0c9430dfb3d1129e5cfa5e8bac3d,2017-04-06T08:31:25-07:00,tests/test_basic.py,1717,0,0,19
flask,d04d36842b6c0c9430dfb3d1129e5cfa5e8bac3d,2017-04-06T08:31:25-07:00,flask/config.py,263,2,0,0
flask,d04d36842b6c0c9430dfb3d1129e5cfa5e8bac3d,2017-04-06T08:31:25-07:00,flask/app.py,2011,0,0,30
flask,d04d36842b6c0c9430dfb3d1129e5cfa5e8bac3d,2017-04-06T08:31:25-07:00,tests/test_helpers.py,889,0,0,50
flask,d04d36842b6c0c9430dfb3d1129e5cfa5e8bac3d,2017-04-06T08:31:25-07:00,scripts/flaskext_compat.py,125,7,0,0
flask,d04d36842b6c0c9430dfb3d1129e5cfa5e8bac3d,2017-04-06T08:31:25-07:00,scripts/flaskext_tester.py,309,0,1,0
flask,13754b6d117eb6847cca45475412fdd05025f1b8,2017-04-22T13:57:04-07:00,flask/cli.py,529,0,0,74
flask,13754b6d117eb6847cca45475412fdd05025f1b8,2017-04-22T13:57:04-07:00,flask/exthook.py,143,7,0,0
flask,13754b6d117eb6847cca45475412fdd05025f1b8,2017-04-22T13:57:04-07:00,tests/test_basic.py,1801,0,0,143
flask,13754b6d117eb6847cca45475412fdd05025f1b8,2017-04-22T13:57:04-07:00,flask/blueprints.py,413,0,0,4
flask,13754b6d117eb6847cca45475412fdd05025f1b8,2017-04-22T13:57:04-07:00,flask/json.py,268,0,0,24
flask,13754b6d117eb6847cca45475412fdd05025f1b8,2017-04-22T13:57:04-07:00,flask/config.py,263,2,0,0
flask,13754b6d117eb6847cca45475412fdd05025f1b8,2017-04-22T13:57:04-07:00,tests/test_apps/cliapp/routesapp.py,0,0,0,18
flask,13754b6d117eb6847cca45475412fdd05025f1b8,2017-04-22T13:57:04-07:00,tests/test_cli.py,210,0,0,84
flask,13754b6d117eb6847cca45475412fdd05025f1b8,2017-04-22T13:57:04-07:00,tests/test_reqctx.py,220,0,0,25
flask,13754b6d117eb6847cca45475412fdd05025f1b8,2017-04-22T13:57:04-07:00,flask/app.py,2030,0,0,242
flask,13754b6d117eb6847cca45475412fdd05025f1b8,2017-04-22T13:57:04-07:00,tests/test_helpers.py,903,0,0,16
flask,13754b6d117eb6847cca45475412fdd05025f1b8,2017-04-22T13:57:04-07:00,docs/conf.py,302,0,0,8
flask,13754b6d117eb6847cca45475412fdd05025f1b8,2017-04-22T13:57:04-07:00,scripts/flaskext_compat.py,125,7,0,0
flask,13754b6d117eb6847cca45475412fdd05025f1b8,2017-04-22T13:57:04-07:00,scripts/flaskext_tester.py,309,0,1,0
flask,716edfdb2921222eebf64176d416c761d21aed1d,2017-05-11T22:50:29-07:00,flask/cli.py,580,0,0,339
flask,716edfdb2921222eebf64176d416c761d21aed1d,2017-05-11T22:50:29-07:00,flask/helpers.py,978,0,0,96
flask,716edfdb2921222eebf64176d416c761d21aed1d,2017-05-11T22:50:29-07:00,tests/test_cli.py,270,0,0,156
flask,716edfdb2921222eebf64176d416c761d21aed1d,2017-05-11T22:50:29-07:00,scripts/flaskext_tester.py,309,0,1,0
flask,716edfdb2921222eebf64176d416c761d21aed1d,2017-05-11T22:50:29-07:00,flask/__init__.py,49,0,0,4
flask,716edfdb2921222eebf64176d416c761d21aed1d,2017-05-11T22:50:29-07:00,flask/exthook.py,143,7,0,0
flask,716edfdb2921222eebf64176d416c761d21aed1d,2017-05-11T22:50:29-07:00,flask/sessions.py,366,0,0,213
flask,716edfdb2921222eebf64176d416c761d21aed1d,2017-05-11T22:50:29-07:00,tests/test_basic.py,1850,0,0,904
flask,716edfdb2921222eebf64176d416c761d21aed1d,2017-05-11T22:50:29-07:00,tests/test_views.py,204,0,0,119
flask,716edfdb2921222eebf64176d416c761d21aed1d,2017-05-11T22:50:29-07:00,setup.py,100,0,0,4
flask,716edfdb2921222eebf64176d416c761d21aed1d,2017-05-11T22:50:29-07:00,flask/config.py,263,2,0,0
flask,716edfdb2921222eebf64176d416c761d21aed1d,2017-05-11T22:50:29-07:00,tests/test_regression.py,102,0,0,11
flask,716edfdb2921222eebf64176d416c761d21aed1d,2017-05-11T22:50:29-07:00,tests/test_blueprints.py,593,0,0,505
flask,716edfdb2921222eebf64176d416c761d21aed1d,2017-05-11T22:50:29-07:00,flask/app.py,2082,0,0,83
flask,716edfdb2921222eebf64176d416c761d21aed1d,2017-05-11T22:50:29-07:00,flask/views.py,153,0,0,4
flask,716edfdb2921222eebf64176d416c761d21aed1d,2017-05-11T22:50:29-07:00,scripts/flaskext_compat.py,125,7,0,0
flask,716edfdb2921222eebf64176d416c761d21aed1d,2017-05-11T22:50:29-07:00,tests/test_ext.py,199,0,0,22
flask,716edfdb2921222eebf64176d416c761d21aed1d,2017-05-11T22:50:29-07:00,tests/test_appctx.py,170,0,0,96
flask,716edfdb2921222eebf64176d416c761d21aed1d,2017-05-11T22:50:29-07:00,examples/minitwit/tests/test_minitwit.py,151,0,0,12
flask,716edfdb2921222eebf64176d416c761d21aed1d,2017-05-11T22:50:29-07:00,tests/test_templating.py,392,0,0,218
flask,716edfdb2921222eebf64176d416c761d21aed1d,2017-05-11T22:50:29-07:00,tests/test_testing.py,271,0,0,180
flask,716edfdb2921222eebf64176d416c761d21aed1d,2017-05-11T22:50:29-07:00,examples/flaskr/tests/test_flaskr.py,76,0,0,12
flask,716edfdb2921222eebf64176d416c761d21aed1d,2017-05-11T22:50:29-07:00,tests/test_signals.py,202,0,0,12
flask,716edfdb2921222eebf64176d416c761d21aed1d,2017-05-11T22:50:29-07:00,tests/test_reqctx.py,220,0,0,137
flask,716edfdb2921222eebf64176d416c761d21aed1d,2017-05-11T22:50:29-07:00,docs/conf.py,310,0,0,13
flask,716edfdb2921222eebf64176d416c761d21aed1d,2017-05-11T22:50:29-07:00,tests/test_helpers.py,944,0,0,823
flask,716edfdb2921222eebf64176d416c761d21aed1d,2017-05-11T22:50:29-07:00,tests/test_deprecations.py,46,0,0,15
flask,716edfdb2921222eebf64176d416c761d21aed1d,2017-05-11T22:50:29-07:00,tests/test_apps/cliapp/factory.py,0,0,0,15
flask,716edfdb2921222eebf64176d416c761d21aed1d,2017-05-11T22:50:29-07:00,examples/flaskr/flaskr/_cliapp.py,0,0,0,15
flask,716edfdb2921222eebf64176d416c761d21aed1d,2017-05-11T22:50:29-07:00,flask/_compat.py,96,0,0,2
flask,716edfdb2921222eebf64176d416c761d21aed1d,2017-05-11T22:50:29-07:00,tests/conftest.py,134,0,0,71
flask,716edfdb2921222eebf64176d416c761d21aed1d,2017-05-11T22:50:29-07:00,tests/test_user_error_handler.py,140,0,0,207
flask,65b22926f7673b419a9da82f3213d7243c968af1,2017-05-24T15:41:35-07:00,examples/flaskr/flaskr/_cliapp.py,0,0,0,15
flask,65b22926f7673b419a9da82f3213d7243c968af1,2017-05-24T15:41:35-07:00,flask/testing.py,143,0,0,23
flask,65b22926f7673b419a9da82f3213d7243c968af1,2017-05-24T15:41:35-07:00,tests/test_templating.py,434,0,0,8
flask,65b22926f7673b419a9da82f3213d7243c968af1,2017-05-24T15:41:35-07:00,flask/cli.py,621,0,0,249
flask,65b22926f7673b419a9da82f3213d7243c968af1,2017-05-24T15:41:35-07:00,flask/helpers.py,1006,0,0,67
flask,65b22926f7673b419a9da82f3213d7243c968af1,2017-05-24T15:41:35-07:00,examples/patterns/largerapp/yourapplication/__init__.py,4,0,0,4
flask,65b22926f7673b419a9da82f3213d7243c968af1,2017-05-24T15:41:35-07:00,tests/test_testing.py,273,0,0,86
flask,65b22926f7673b419a9da82f3213d7243c968af1,2017-05-24T15:41:35-07:00,tests/test_signals.py,202,0,0,12
flask,65b22926f7673b419a9da82f3213d7243c968af1,2017-05-24T15:41:35-07:00,tests/test_json_tag.py,0,0,0,65
flask,65b22926f7673b419a9da82f3213d7243c968af1,2017-05-24T15:41:35-07:00,examples/flaskr/flaskr/factory.py,0,0,0,6
flask,65b22926f7673b419a9da82f3213d7243c968af1,2017-05-24T15:41:35-07:00,docs/conf.py,310,0,0,13
flask,65b22926f7673b419a9da82f3213d7243c968af1,2017-05-24T15:41:35-07:00,tests/test_cli.py,324,0,0,60
flask,65b22926f7673b419a9da82f3213d7243c968af1,2017-05-24T15:41:35-07:00,tests/test_helpers.py,942,0,0,44
flask,65b22926f7673b419a9da82f3213d7243c968af1,2017-05-24T15:41:35-07:00,scripts/flaskext_tester.py,309,0,1,0
flask,65b22926f7673b419a9da82f3213d7243c968af1,2017-05-24T15:41:35-07:00,flask/ctx.py,410,0,0,25
flask,65b22926f7673b419a9da82f3213d7243c968af1,2017-05-24T15:41:35-07:00,tests/test_deprecations.py,41,0,0,2
flask,65b22926f7673b419a9da82f3213d7243c968af1,2017-05-24T15:41:35-07:00,flask/exthook.py,143,7,0,0
flask,65b22926f7673b419a9da82f3213d7243c968af1,2017-05-24T15:41:35-07:00,flask/sessions.py,425,0,0,188
flask,65b22926f7673b419a9da82f3213d7243c968af1,2017-05-24T15:41:35-07:00,tests/test_basic.py,1855,0,0,456
flask,65b22926f7673b419a9da82f3213d7243c968af1,2017-05-24T15:41:35-07:00,setup.py,100,0,0,18
flask,65b22926f7673b419a9da82f3213d7243c968af1,2017-05-24T15:41:35-07:00,tests/test_views.py,245,0,0,38
flask,65b22926f7673b419a9da82f3213d7243c968af1,2017-05-24T15:41:35-07:00,flask/config.py,263,2,0,0
flask,65b22926f7673b419a9da82f3213d7243c968af1,2017-05-24T15:41:35-07:00,examples/minitwit/minitwit/minitwit.py,256,0,0,2
flask,65b22926f7673b419a9da82f3213d7243c968af1,2017-05-24T15:41:35-07:00,tests/test_regression.py,101,0,0,4
flask,65b22926f7673b419a9da82f3213d7243c968af1,2017-05-24T15:41:35-07:00,tests/test_blueprints.py,812,0,0,8
flask,65b22926f7673b419a9da82f3213d7243c968af1,2017-05-24T15:41:35-07:00,tests/test_apps/cliapp/factory.py,0,0,0,15
flask,65b22926f7673b419a9da82f3213d7243c968af1,2017-05-24T15:41:35-07:00,flask/blueprints.py,420,0,0,15
flask,65b22926f7673b419a9da82f3213d7243c968af1,2017-05-24T15:41:35-07:00,flask/app.py,2080,0,0,167
flask,65b22926f7673b419a9da82f3213d7243c968af1,2017-05-24T15:41:35-07:00,flask/wrappers.py,205,0,0,158
flask,65b22926f7673b419a9da82f3213d7243c968af1,2017-05-24T15:41:35-07:00,scripts/flaskext_compat.py,125,7,0,0
flask,65b22926f7673b419a9da82f3213d7243c968af1,2017-05-24T15:41:35-07:00,flask/json/tag.py,0,0,0,481
flask,7c0b36f1467d2d8ea5fdc572d5edfce476a6eb89,2017-05-26T09:16:45-04:00,flask/testing.py,143,0,0,23
flask,7c0b36f1467d2d8ea5fdc572d5edfce476a6eb89,2017-05-26T09:16:45-04:00,flask/cli.py,667,0,0,37
flask,7c0b36f1467d2d8ea5fdc572d5edfce476a6eb89,2017-05-26T09:16:45-04:00,flask/helpers.py,1020,0,0,53
flask,7c0b36f1467d2d8ea5fdc572d5edfce476a6eb89,2017-05-26T09:16:45-04:00,examples/patterns/largerapp/yourapplication/__init__.py,4,0,0,4
flask,7c0b36f1467d2d8ea5fdc572d5edfce476a6eb89,2017-05-26T09:16:45-04:00,tests/test_testing.py,265,0,0,2
flask,7c0b36f1467d2d8ea5fdc572d5edfce476a6eb89,2017-05-26T09:16:45-04:00,tests/test_json_tag.py,0,0,0,65
flask,7c0b36f1467d2d8ea5fdc572d5edfce476a6eb89,2017-05-26T09:16:45-04:00,examples/flaskr/flaskr/factory.py,64,0,0,6
flask,7c0b36f1467d2d8ea5fdc572d5edfce476a6eb89,2017-05-26T09:16:45-04:00,tests/test_helpers.py,930,0,0,16
flask,7c0b36f1467d2d8ea5fdc572d5edfce476a6eb89,2017-05-26T09:16:45-04:00,scripts/flaskext_tester.py,309,0,1,0
flask,7c0b36f1467d2d8ea5fdc572d5edfce476a6eb89,2017-05-26T09:16:45-04:00,flask/ctx.py,410,0,0,25
flask,7c0b36f1467d2d8ea5fdc572d5edfce476a6eb89,2017-05-26T09:16:45-04:00,flask/exthook.py,143,7,0,0
flask,7c0b36f1467d2d8ea5fdc572d5edfce476a6eb89,2017-05-26T09:16:45-04:00,flask/sessions.py,427,0,0,144
flask,7c0b36f1467d2d8ea5fdc572d5edfce476a6eb89,2017-05-26T09:16:45-04:00,flask/blueprints.py,420,0,0,15
flask,7c0b36f1467d2d8ea5fdc572d5edfce476a6eb89,2017-05-26T09:16:45-04:00,setup.py,100,0,0,16
flask,7c0b36f1467d2d8ea5fdc572d5edfce476a6eb89,2017-05-26T09:16:45-04:00,tests/test_basic.py,1816,0,0,115
flask,7c0b36f1467d2d8ea5fdc572d5edfce476a6eb89,2017-05-26T09:16:45-04:00,flask/config.py,263,2,0,0
flask,7c0b36f1467d2d8ea5fdc572d5edfce476a6eb89,2017-05-26T09:16:45-04:00,examples/minitwit/minitwit/minitwit.py,256,0,0,2
flask,7c0b36f1467d2d8ea5fdc572d5edfce476a6eb89,2017-05-26T09:16:45-04:00,flask/app.py,2080,0,0,167
flask,7c0b36f1467d2d8ea5fdc572d5edfce476a6eb89,2017-05-26T09:16:45-04:00,flask/wrappers.py,205,0,0,158
flask,7c0b36f1467d2d8ea5fdc572d5edfce476a6eb89,2017-05-26T09:16:45-04:00,scripts/flaskext_compat.py,125,7,0,0
flask,7c0b36f1467d2d8ea5fdc572d5edfce476a6eb89,2017-05-26T09:16:45-04:00,flask/json/tag.py,0,0,0,481
flask,b9c8c9bad124790ff0a8a9615d3d40a3b6fe2d83,2017-05-29T13:35:02-07:00,flask/testing.py,162,0,0,19
flask,b9c8c9bad124790ff0a8a9615d3d40a3b6fe2d83,2017-05-29T13:35:02-07:00,flask/cli.py,670,0,0,22
flask,b9c8c9bad124790ff0a8a9615d3d40a3b6fe2d83,2017-05-29T13:35:02-07:00,flask/helpers.py,1006,0,0,39
flask,b9c8c9bad124790ff0a8a9615d3d40a3b6fe2d83,2017-05-29T13:35:02-07:00,tests/test_testing.py,297,0,0,2
flask,b9c8c9bad124790ff0a8a9615d3d40a3b6fe2d83,2017-05-29T13:35:02-07:00,tests/test_json_tag.py,0,0,0,65
flask,b9c8c9bad124790ff0a8a9615d3d40a3b6fe2d83,2017-05-29T13:35:02-07:00,tests/test_helpers.py,930,0,0,16
flask,b9c8c9bad124790ff0a8a9615d3d40a3b6fe2d83,2017-05-29T13:35:02-07:00,scripts/flaskext_tester.py,309,0,1,0
flask,b9c8c9bad124790ff0a8a9615d3d40a3b6fe2d83,2017-05-29T13:35:02-07:00,flask/ctx.py,412,0,0,25
flask,b9c8c9bad124790ff0a8a9615d3d40a3b6fe2d83,2017-05-29T13:35:02-07:00,flask/exthook.py,143,7,0,0
flask,b9c8c9bad124790ff0a8a9615d3d40a3b6fe2d83,2017-05-29T13:35:02-07:00,flask/sessions.py,426,0,0,137
flask,b9c8c9bad124790ff0a8a9615d3d40a3b6fe2d83,2017-05-29T13:35:02-07:00,flask/blueprints.py,420,0,0,15
flask,b9c8c9bad124790ff0a8a9615d3d40a3b6fe2d83,2017-05-29T13:35:02-07:00,setup.py,110,0,0,2
flask,b9c8c9bad124790ff0a8a9615d3d40a3b6fe2d83,2017-05-29T13:35:02-07:00,tests/test_basic.py,1817,0,0,94
flask,b9c8c9bad124790ff0a8a9615d3d40a3b6fe2d83,2017-05-29T13:35:02-07:00,flask/config.py,263,2,0,0
flask,b9c8c9bad124790ff0a8a9615d3d40a3b6fe2d83,2017-05-29T13:35:02-07:00,flask/app.py,2117,0,0,165
flask,b9c8c9bad124790ff0a8a9615d3d40a3b6fe2d83,2017-05-29T13:35:02-07:00,flask/wrappers.py,205,0,0,158
flask,b9c8c9bad124790ff0a8a9615d3d40a3b6fe2d83,2017-05-29T13:35:02-07:00,scripts/flaskext_compat.py,125,7,0,0
flask,b9c8c9bad124790ff0a8a9615d3d40a3b6fe2d83,2017-05-29T13:35:02-07:00,flask/json/tag.py,0,0,0,481
flask,f29fa0d56b1e971ed9ac303806d7da153f6d6fa9,2017-06-04T12:38:34-07:00,tests/test_apps/helloworld/hello.py,0,0,0,6
flask,f29fa0d56b1e971ed9ac303806d7da153f6d6fa9,2017-06-04T12:38:34-07:00,tests/test_templating.py,434,0,0,14
flask,f29fa0d56b1e971ed9ac303806d7da153f6d6fa9,2017-06-04T12:38:34-07:00,flask/cli.py,670,0,0,67
flask,f29fa0d56b1e971ed9ac303806d7da153f6d6fa9,2017-06-04T12:38:34-07:00,flask/helpers.py,1006,0,0,39
flask,f29fa0d56b1e971ed9ac303806d7da153f6d6fa9,2017-06-04T12:38:34-07:00,tests/test_cli.py,368,0,0,40
flask,f29fa0d56b1e971ed9ac303806d7da153f6d6fa9,2017-06-04T12:38:34-07:00,tests/test_helpers.py,946,0,0,94
flask,f29fa0d56b1e971ed9ac303806d7da153f6d6fa9,2017-06-04T12:38:34-07:00,scripts/flaskext_tester.py,309,0,1,0
flask,f29fa0d56b1e971ed9ac303806d7da153f6d6fa9,2017-06-04T12:38:34-07:00,tests/test_apps/helloworld/wsgi.py,0,0,0,1
flask,f29fa0d56b1e971ed9ac303806d7da153f6d6fa9,2017-06-04T12:38:34-07:00,flask/exthook.py,143,7,0,0
flask,f29fa0d56b1e971ed9ac303806d7da153f6d6fa9,2017-06-04T12:38:34-07:00,flask/blueprints.py,420,0,0,38
flask,f29fa0d56b1e971ed9ac303806d7da153f6d6fa9,2017-06-04T12:38:34-07:00,tests/test_basic.py,1832,0,0,33
flask,f29fa0d56b1e971ed9ac303806d7da153f6d6fa9,2017-06-04T12:38:34-07:00,setup.py,110,0,0,2
flask,f29fa0d56b1e971ed9ac303806d7da153f6d6fa9,2017-06-04T12:38:34-07:00,flask/config.py,263,2,0,0
flask,f29fa0d56b1e971ed9ac303806d7da153f6d6fa9,2017-06-04T12:38:34-07:00,flask/app.py,2135,0,0,140
flask,f29fa0d56b1e971ed9ac303806d7da153f6d6fa9,2017-06-04T12:38:34-07:00,flask/json/__init__.py,271,0,0,4
flask,f29fa0d56b1e971ed9ac303806d7da153f6d6fa9,2017-06-04T12:38:34-07:00,scripts/flaskext_compat.py,125,7,0,0
flask,9491bf8695be9b24036b3d966d9c43b46f0ddc23,2017-06-26T07:39:35-07:00,tests/test_appctx.py,176,0,0,73
flask,9491bf8695be9b24036b3d966d9c43b46f0ddc23,2017-06-26T07:39:35-07:00,tests/test_templating.py,449,0,0,2
flask,9491bf8695be9b24036b3d966d9c43b46f0ddc23,2017-06-26T07:39:35-07:00,flask/cli.py,699,0,0,7
flask,9491bf8695be9b24036b3d966d9c43b46f0ddc23,2017-06-26T07:39:35-07:00,flask/helpers.py,1019,0,0,38
flask,9491bf8695be9b24036b3d966d9c43b46f0ddc23,2017-06-26T07:39:35-07:00,tests/test_testing.py,317,0,0,6
flask,9491bf8695be9b24036b3d966d9c43b46f0ddc23,2017-06-26T07:39:35-07:00,tests/test_signals.py,206,0,0,5
flask,9491bf8695be9b24036b3d966d9c43b46f0ddc23,2017-06-26T07:39:35-07:00,examples/flaskr/flaskr/factory.py,64,0,0,2
flask,9491bf8695be9b24036b3d966d9c43b46f0ddc23,2017-06-26T07:39:35-07:00,scripts/flaskext_tester.py,309,0,1,0
flask,9491bf8695be9b24036b3d966d9c43b46f0ddc23,2017-06-26T07:39:35-07:00,tests/test_deprecations.py,39,0,0,39
flask,9491bf8695be9b24036b3d966d9c43b46f0ddc23,2017-06-26T07:39:35-07:00,flask/exthook.py,143,7,0,143
flask,9491bf8695be9b24036b3d966d9c43b46f0ddc23,2017-06-26T07:39:35-07:00,tests/test_basic.py,1865,0,0,38
flask,9491bf8695be9b24036b3d966d9c43b46f0ddc23,2017-06-26T07:39:35-07:00,setup.py,110,0,0,2
flask,9491bf8695be9b24036b3d966d9c43b46f0ddc23,2017-06-26T07:39:35-07:00,flask/ext/__init__.py,29,0,0,29
flask,9491bf8695be9b24036b3d966d9c43b46f0ddc23,2017-06-26T07:39:35-07:00,flask/config.py,263,2,0,0
flask,9491bf8695be9b24036b3d966d9c43b46f0ddc23,2017-06-26T07:39:35-07:00,examples/minitwit/minitwit/minitwit.py,256,0,0,2
flask,9491bf8695be9b24036b3d966d9c43b46f0ddc23,2017-06-26T07:39:35-07:00,tests/conftest.py,173,0,0,7
flask,9491bf8695be9b24036b3d966d9c43b46f0ddc23,2017-06-26T07:39:35-07:00,scripts/flask-07-upgrade.py,298,0,0,298
flask,9491bf8695be9b24036b3d966d9c43b46f0ddc23,2017-06-26T07:39:35-07:00,flask/app.py,2171,0,0,79
flask,9491bf8695be9b24036b3d966d9c43b46f0ddc23,2017-06-26T07:39:35-07:00,flask/wrappers.py,215,0,0,25
flask,9491bf8695be9b24036b3d966d9c43b46f0ddc23,2017-06-26T07:39:35-07:00,tests/test_config.py,207,0,0,13
flask,9491bf8695be9b24036b3d966d9c43b46f0ddc23,2017-06-26T07:39:35-07:00,scripts/flaskext_compat.py,125,7,0,125
flask,9491bf8695be9b24036b3d966d9c43b46f0ddc23,2017-06-26T07:39:35-07:00,tests/test_ext.py,197,0,0,197
flask,3a2f396265aa052892a0f432b058b65588d331b8,2017-11-09T14:10:10-08:00,flask/config.py,263,2,0,0
flask,3a2f396265aa052892a0f432b058b65588d331b8,2017-11-09T14:10:10-08:00,scripts/flaskext_tester.py,309,0,1,0
flask,777cc17de34622a7f8324a3ce42fbc589d86476b,2017-11-25T00:53:43+01:00,tests/test_helpers.py,913,0,0,4
flask,777cc17de34622a7f8324a3ce42fbc589d86476b,2017-11-25T00:53:43+01:00,flask/config.py,263,2,0,0
flask,777cc17de34622a7f8324a3ce42fbc589d86476b,2017-11-25T00:53:43+01:00,scripts/flaskext_tester.py,309,0,1,0
flask,601cd90fdbb76f972442f3841a2f4d25e5d6f200,2017-12-03T16:37:52+09:00,tests/test_logging.py,91,0,0,19
flask,601cd90fdbb76f972442f3841a2f4d25e5d6f200,2017-12-03T16:37:52+09:00,flask/config.py,263,2,0,0
flask,601cd90fdbb76f972442f3841a2f4d25e5d6f200,2017-12-03T16:37:52+09:00,scripts/flaskext_tester.py,309,0,1,0
flask,5892a6f2c5aefeb54598a824c9775b487999ba90,2017-12-03T17:05:20+09:00,tests/test_logging.py,91,0,0,19
flask,5892a6f2c5aefeb54598a824c9775b487999ba90,2017-12-03T17:05:20+09:00,flask/config.py,263,2,0,0
flask,5892a6f2c5aefeb54598a824c9775b487999ba90,2017-12-03T17:05:20+09:00,scripts/flaskext_tester.py,309,0,1,0
flask,9394c389bf02af8bb3dde20fb6363992a885690f,2018-04-27T10:17:43-07:00,flask/__init__.py,49,0,0,12
flask,9394c389bf02af8bb3dde20fb6363992a885690f,2018-04-27T10:17:43-07:00,flask/cli.py,895,0,0,19
flask,9394c389bf02af8bb3dde20fb6363992a885690f,2018-04-27T10:17:43-07:00,flask/helpers.py,1029,0,0,15
flask,9394c389bf02af8bb3dde20fb6363992a885690f,2018-04-27T10:17:43-07:00,flask/blueprints.py,447,0,0,21
flask,9394c389bf02af8bb3dde20fb6363992a885690f,2018-04-27T10:17:43-07:00,setup.py,81,0,0,4
flask,9394c389bf02af8bb3dde20fb6363992a885690f,2018-04-27T10:17:43-07:00,tests/test_basic.py,1949,0,0,25
flask,9394c389bf02af8bb3dde20fb6363992a885690f,2018-04-27T10:17:43-07:00,tests/test_blueprints.py,845,0,0,27
flask,9394c389bf02af8bb3dde20fb6363992a885690f,2018-04-27T10:17:43-07:00,flask/app.py,2307,0,0,22
flask,9394c389bf02af8bb3dde20fb6363992a885690f,2018-04-27T10:17:43-07:00,tests/test_cli.py,533,0,0,8
flask,49efc4423398e4895cb22a772c4aa4269b4eaa78,2019-01-05T12:49:59-08:00,flask/cli.py,903,0,0,27
flask,49efc4423398e4895cb22a772c4aa4269b4eaa78,2019-01-05T12:49:59-08:00,flask/helpers.py,1048,0,0,30
flask,49efc4423398e4895cb22a772c4aa4269b4eaa78,2019-01-05T12:49:59-08:00,flask/sessions.py,385,0,0,4
flask,49efc4423398e4895cb22a772c4aa4269b4eaa78,2019-01-05T12:49:59-08:00,flask/_compat.py,99,0,0,11
flask,49efc4423398e4895cb22a772c4aa4269b4eaa78,2019-01-05T12:49:59-08:00,tests/test_basic.py,1962,0,0,2
flask,49efc4423398e4895cb22a772c4aa4269b4eaa78,2019-01-05T12:49:59-08:00,flask/config.py,265,0,0,4
flask,49efc4423398e4895cb22a772c4aa4269b4eaa78,2019-01-05T12:49:59-08:00,tests/test_cli.py,576,0,0,11
flask,49efc4423398e4895cb22a772c4aa4269b4eaa78,2019-01-05T12:49:59-08:00,flask/app.py,2316,0,0,63
flask,49efc4423398e4895cb22a772c4aa4269b4eaa78,2019-01-05T12:49:59-08:00,docs/conf.py,175,0,0,169
flask,49efc4423398e4895cb22a772c4aa4269b4eaa78,2019-01-05T12:49:59-08:00,tests/test_user_error_handler.py,195,0,0,14
flask,49efc4423398e4895cb22a772c4aa4269b4eaa78,2019-01-05T12:49:59-08:00,tests/test_helpers.py,954,0,0,60
flask,24325ecb69a2c51d5b3da3000df715dfd9aba2de,2019-01-06T09:44:09-08:00,flask/cli.py,903,0,0,19
flask,24325ecb69a2c51d5b3da3000df715dfd9aba2de,2019-01-06T09:44:09-08:00,flask/helpers.py,1048,0,0,19
flask,24325ecb69a2c51d5b3da3000df715dfd9aba2de,2019-01-06T09:44:09-08:00,flask/sessions.py,385,0,0,4
flask,24325ecb69a2c51d5b3da3000df715dfd9aba2de,2019-01-06T09:44:09-08:00,flask/_compat.py,99,0,0,2
flask,24325ecb69a2c51d5b3da3000df715dfd9aba2de,2019-01-06T09:44:09-08:00,flask/config.py,265,0,0,4
flask,24325ecb69a2c51d5b3da3000df715dfd9aba2de,2019-01-06T09:44:09-08:00,tests/test_cli.py,576,0,0,11
flask,24325ecb69a2c51d5b3da3000df715dfd9aba2de,2019-01-06T09:44:09-08:00,flask/app.py,2316,0,0,42
flask,24325ecb69a2c51d5b3da3000df715dfd9aba2de,2019-01-06T09:44:09-08:00,tests/test_user_error_handler.py,195,0,0,14
flask,24325ecb69a2c51d5b3da3000df715dfd9aba2de,2019-01-06T09:44:09-08:00,tests/test_helpers.py,954,0,0,24
flask,10d0ed68a342880ea355ba62e8d24efa664142cd,2019-01-06T10:25:47-08:00,flask/cli.py,903,0,0,19
flask,10d0ed68a342880ea355ba62e8d24efa664142cd,2019-01-06T10:25:47-08:00,tests/test_user_error_handler.py,195,0,0,14
flask,10d0ed68a342880ea355ba62e8d24efa664142cd,2019-01-06T10:25:47-08:00,flask/app.py,2317,0,0,25
flask,10d0ed68a342880ea355ba62e8d24efa664142cd,2019-01-06T10:25:47-08:00,flask/helpers.py,1048,0,0,19
flask,10d0ed68a342880ea355ba62e8d24efa664142cd,2019-01-06T10:25:47-08:00,tests/test_cli.py,576,0,0,11
flask,10d0ed68a342880ea355ba62e8d24efa664142cd,2019-01-06T10:25:47-08:00,flask/config.py,265,0,0,4
flask,10d0ed68a342880ea355ba62e8d24efa664142cd,2019-01-06T10:25:47-08:00,tests/test_helpers.py,954,0,0,24
flask,31d3c7e71941c3a1800f5e31064c9862da473d86,2019-06-23T15:43:47-07:00,flask/__init__.py,49,0,0,4
flask,31d3c7e71941c3a1800f5e31064c9862da473d86,2019-06-23T15:43:47-07:00,tests/test_templating.py,443,0,0,4
flask,31d3c7e71941c3a1800f5e31064c9862da473d86,2019-06-23T15:43:47-07:00,flask/cli.py,910,0,0,4
flask,31d3c7e71941c3a1800f5e31064c9862da473d86,2019-06-23T15:43:47-07:00,src/flask/logging.py,0,0,0,38
flask,31d3c7e71941c3a1800f5e31064c9862da473d86,2019-06-23T15:43:47-07:00,examples/tutorial/tests/test_db.py,28,0,0,2
flask,31d3c7e71941c3a1800f5e31064c9862da473d86,2019-06-23T15:43:47-07:00,flask/helpers.py,1051,0,0,63
flask,31d3c7e71941c3a1800f5e31064c9862da473d86,2019-06-23T15:43:47-07:00,tests/test_basic.py,1948,0,0,12
flask,31d3c7e71941c3a1800f5e31064c9862da473d86,2019-06-23T15:43:47-07:00,setup.py,76,0,0,1
flask,31d3c7e71941c3a1800f5e31064c9862da473d86,2019-06-23T15:43:47-07:00,tests/test_meta.py,0,0,0,6
flask,31d3c7e71941c3a1800f5e31064c9862da473d86,2019-06-23T15:43:47-07:00,src/flask/__init__.py,0,0,0,2
flask,31d3c7e71941c3a1800f5e31064c9862da473d86,2019-06-23T15:43:47-07:00,tests/test_logging.py,107,0,0,13
flask,31d3c7e71941c3a1800f5e31064c9862da473d86,2019-06-23T15:43:47-07:00,flask/app.py,2340,0,0,10
flask,31d3c7e71941c3a1800f5e31064c9862da473d86,2019-06-23T15:43:47-07:00,src/flask/app.py,0,0,0,28
flask,31d3c7e71941c3a1800f5e31064c9862da473d86,2019-06-23T15:43:47-07:00,flask/json/__init__.py,357,2,0,0
flask,31d3c7e71941c3a1800f5e31064c9862da473d86,2019-06-23T15:43:47-07:00,tests/test_helpers.py,956,0,0,6
flask,98a26cfb425aef527ce5ace06f3a8e7cac186a6a,2019-07-10T19:03:10+02:00,src/flask/app.py,2466,0,0,13
flask,98a26cfb425aef527ce5ace06f3a8e7cac186a6a,2019-07-10T19:03:10+02:00,src/flask/json/__init__.py,376,2,0,0
flask,98a26cfb425aef527ce5ace06f3a8e7cac186a6a,2019-07-10T19:03:10+02:00,src/flask/cli.py,970,0,0,6
flask,98a26cfb425aef527ce5ace06f3a8e7cac186a6a,2019-07-10T19:03:10+02:00,src/flask/__init__.py,60,0,0,4
flask,af970bd20f2d5c1d36abcb1f300a531c436b5655,2019-10-08T09:06:01-07:00,src/flask/json/__init__.py,376,2,0,0
flask,af970bd20f2d5c1d36abcb1f300a531c436b5655,2019-10-08T09:06:01-07:00,tests/test_reqctx.py,285,0,0,53
flask,af970bd20f2d5c1d36abcb1f300a531c436b5655,2019-10-08T09:06:01-07:00,tests/test_config.py,202,0,0,13
flask,af970bd20f2d5c1d36abcb1f300a531c436b5655,2019-10-08T09:06:01-07:00,src/flask/config.py,269,0,0,104
flask,af970bd20f2d5c1d36abcb1f300a531c436b5655,2019-10-08T09:06:01-07:00,src/flask/sessions.py,388,0,0,16
flask,0586188f22a8a6de4cd9d5e13e116aa1ef594201,2019-11-18T18:23:39-08:00,examples/tutorial/setup.py,23,0,0,2
flask,0586188f22a8a6de4cd9d5e13e116aa1ef594201,2019-11-18T18:23:39-08:00,tests/test_templating.py,453,0,0,2
flask,0586188f22a8a6de4cd9d5e13e116aa1ef594201,2019-11-18T18:23:39-08:00,setup.py,77,0,0,3
flask,0586188f22a8a6de4cd9d5e13e116aa1ef594201,2019-11-18T18:23:39-08:00,src/flask/json/__init__.py,376,2,0,0
flask,0586188f22a8a6de4cd9d5e13e116aa1ef594201,2019-11-18T18:23:39-08:00,examples/javascript/setup.py,23,0,0,2
flask,0586188f22a8a6de4cd9d5e13e116aa1ef594201,2019-11-18T18:23:39-08:00,src/flask/app.py,2455,0,0,7
flask,0586188f22a8a6de4cd9d5e13e116aa1ef594201,2019-11-18T18:23:39-08:00,docs/conf.py,96,0,0,2
flask,0586188f22a8a6de4cd9d5e13e116aa1ef594201,2019-11-18T18:23:39-08:00,tests/test_helpers.py,1050,0,0,105
flask,0586188f22a8a6de4cd9d5e13e116aa1ef594201,2019-11-18T18:23:39-08:00,src/flask/helpers.py,1153,0,0,88
flask,0586188f22a8a6de4cd9d5e13e116aa1ef594201,2019-11-18T18:23:39-08:00,src/flask/debughelpers.py,183,0,0,2
flask,fd62210f583e90764be6e8d9f295f37f33a65e48,2021-03-08T09:58:12-08:00,src/flask/blueprints.py,465,1,0,118
flask,fd62210f583e90764be6e8d9f295f37f33a65e48,2021-03-08T09:58:12-08:00,src/flask/json/__init__.py,332,4,0,0
flask,fd62210f583e90764be6e8d9f295f37f33a65e48,2021-03-08T09:58:12-08:00,src/flask/scaffold.py,453,0,0,714
flask,fd62210f583e90764be6e8d9f295f37f33a65e48,2021-03-08T09:58:12-08:00,src/flask/cli.py,962,0,0,7
flask,fd62210f583e90764be6e8d9f295f37f33a65e48,2021-03-08T09:58:12-08:00,src/flask/app.py,2032,1,0,106
flask,fd62210f583e90764be6e8d9f295f37f33a65e48,2021-03-08T09:58:12-08:00,tests/test_cli.py,661,0,0,5
flask,fd62210f583e90764be6e8d9f295f37f33a65e48,2021-03-08T09:58:12-08:00,src/flask/helpers.py,1034,0,0,303
flask,e248e09399b21b0d21d3c8005a30c4dc4d430faa,2021-08-01T16:51:44+08:00,examples/tutorial/flaskr/auth.py,116,0,0,26
flask,e248e09399b21b0d21d3c8005a30c4dc4d430faa,2021-08-01T16:51:44+08:00,src/flask/blueprints.py,608,1,0,3
flask,e248e09399b21b0d21d3c8005a30c4dc4d430faa,2021-08-01T16:51:44+08:00,src/flask/json/__init__.py,350,2,0,9
flask,e248e09399b21b0d21d3c8005a30c4dc4d430faa,2021-08-01T16:51:44+08:00,src/flask/scaffold.py,875,0,0,6
flask,e248e09399b21b0d21d3c8005a30c4dc4d430faa,2021-08-01T16:51:44+08:00,src/flask/cli.py,994,0,0,44
flask,e248e09399b21b0d21d3c8005a30c4dc4d430faa,2021-08-01T16:51:44+08:00,tests/test_json.py,402,0,0,6
flask,e248e09399b21b0d21d3c8005a30c4dc4d430faa,2021-08-01T16:51:44+08:00,src/flask/app.py,2093,1,0,2
flask,e248e09399b21b0d21d3c8005a30c4dc4d430faa,2021-08-01T16:51:44+08:00,tests/test_cli.py,661,0,0,35
flask,e248e09399b21b0d21d3c8005a30c4dc4d430faa,2021-08-01T16:51:44+08:00,src/flask/config.py,291,0,0,6
flask,9f0da9b770abfe3376ca0bbb09c535b42071feeb,2021-08-05T19:32:43-07:00,src/flask/blueprints.py,609,1,0,0
flask,9f0da9b770abfe3376ca0bbb09c535b42071feeb,2021-08-05T19:32:43-07:00,src/flask/json/__init__.py,357,2,0,0
flask,9f0da9b770abfe3376ca0bbb09c535b42071feeb,2021-08-05T19:32:43-07:00,src/flask/cli.py,998,0,0,27
flask,9f0da9b770abfe3376ca0bbb09c535b42071feeb,2021-08-05T19:32:43-07:00,src/flask/app.py,2093,1,0,0
flask,9f0da9b770abfe3376ca0bbb09c535b42071feeb,2021-08-05T19:32:43-07:00,tests/test_cli.py,688,0,0,9
flask,a2e79eefc9e13c48e5c44f1eb0c1d69b55bbf79a,2021-11-07T10:40:52+08:00,src/flask/testing.py,280,0,0,42
flask,a2e79eefc9e13c48e5c44f1eb0c1d69b55bbf79a,2021-11-07T10:40:52+08:00,src/flask/cli.py,998,0,0,79
flask,a2e79eefc9e13c48e5c44f1eb0c1d69b55bbf79a,2021-11-07T10:40:52+08:00,tests/test_async.py,163,0,0,11
flask,a2e79eefc9e13c48e5c44f1eb0c1d69b55bbf79a,2021-11-07T10:40:52+08:00,src/flask/app.py,2091,1,0,8
flask,a2e79eefc9e13c48e5c44f1eb0c1d69b55bbf79a,2021-11-07T10:40:52+08:00,tests/test_cli.py,692,0,0,60
flask,a2e79eefc9e13c48e5c44f1eb0c1d69b55bbf79a,2021-11-07T10:40:52+08:00,src/flask/config.py,295,0,0,29
flask,a2e79eefc9e13c48e5c44f1eb0c1d69b55bbf79a,2021-11-07T10:40:52+08:00,src/flask/helpers.py,836,0,0,54
flask,a2e79eefc9e13c48e5c44f1eb0c1d69b55bbf79a,2021-11-07T10:40:52+08:00,tests/test_basic.py,2028,0,0,2
flask,a2e79eefc9e13c48e5c44f1eb0c1d69b55bbf79a,2021-11-07T10:40:52+08:00,src/flask/ctx.py,480,0,0,24
flask,a2e79eefc9e13c48e5c44f1eb0c1d69b55bbf79a,2021-11-07T10:40:52+08:00,src/flask/sessions.py,404,0,0,28
flask,a2e79eefc9e13c48e5c44f1eb0c1d69b55bbf79a,2021-11-07T10:40:52+08:00,tests/test_blueprints.py,1003,0,0,4
flask,a2e79eefc9e13c48e5c44f1eb0c1d69b55bbf79a,2021-11-07T10:40:52+08:00,src/flask/blueprints.py,609,1,0,22
flask,a2e79eefc9e13c48e5c44f1eb0c1d69b55bbf79a,2021-11-07T10:40:52+08:00,src/flask/json/__init__.py,357,2,0,68
flask,a2e79eefc9e13c48e5c44f1eb0c1d69b55bbf79a,2021-11-07T10:40:52+08:00,src/flask/typing.py,56,0,0,9
flask,a2e79eefc9e13c48e5c44f1eb0c1d69b55bbf79a,2021-11-07T10:40:52+08:00,src/flask/__init__.py,46,0,0,1
flask,1b552d0b0163e1c1ae3d4895438a9ce2b2bc098e,2021-11-11T16:12:08-08:00,src/flask/testing.py,280,0,0,42
flask,1b552d0b0163e1c1ae3d4895438a9ce2b2bc098e,2021-11-11T16:12:08-08:00,src/flask/cli.py,998,0,0,79
flask,1b552d0b0163e1c1ae3d4895438a9ce2b2bc098e,2021-11-11T16:12:08-08:00,src/flask/app.py,2083,1,0,8
flask,1b552d0b0163e1c1ae3d4895438a9ce2b2bc098e,2021-11-11T16:12:08-08:00,tests/test_cli.py,692,0,0,60
flask,1b552d0b0163e1c1ae3d4895438a9ce2b2bc098e,2021-11-11T16:12:08-08:00,src/flask/config.py,295,0,0,29
flask,1b552d0b0163e1c1ae3d4895438a9ce2b2bc098e,2021-11-11T16:12:08-08:00,src/flask/helpers.py,836,0,0,54
flask,1b552d0b0163e1c1ae3d4895438a9ce2b2bc098e,2021-11-11T16:12:08-08:00,src/flask/ctx.py,480,0,0,24
flask,1b552d0b0163e1c1ae3d4895438a9ce2b2bc098e,2021-11-11T16:12:08-08:00,src/flask/sessions.py,404,0,0,28
flask,1b552d0b0163e1c1ae3d4895438a9ce2b2bc098e,2021-11-11T16:12:08-08:00,tests/test_blueprints.py,1003,0,0,4
flask,1b552d0b0163e1c1ae3d4895438a9ce2b2bc098e,2021-11-11T16:12:08-08:00,src/flask/blueprints.py,609,1,0,22
flask,1b552d0b0163e1c1ae3d4895438a9ce2b2bc098e,2021-11-11T16:12:08-08:00,src/flask/json/__init__.py,352,2,0,61
flask,1b552d0b0163e1c1ae3d4895438a9ce2b2bc098e,2021-11-11T16:12:08-08:00,src/flask/typing.py,56,0,0,9
flask,1b552d0b0163e1c1ae3d4895438a9ce2b2bc098e,2021-11-11T16:12:08-08:00,src/flask/__init__.py,46,0,0,1
flask,e103747c544494d67aad64ec2da668d2d69493c3,2022-01-13T11:10:12-08:00,src/flask/templating.py,165,0,0,3
flask,e103747c544494d67aad64ec2da668d2d69493c3,2022-01-13T11:10:12-08:00,src/flask/blueprints.py,599,1,0,0
flask,e103747c544494d67aad64ec2da668d2d69493c3,2022-01-13T11:10:12-08:00,src/flask/testing.py,298,0,0,29
flask,e103747c544494d67aad64ec2da668d2d69493c3,2022-01-13T11:10:12-08:00,src/flask/cli.py,955,0,0,18
flask,e103747c544494d67aad64ec2da668d2d69493c3,2022-01-13T11:10:12-08:00,src/flask/app.py,2083,1,0,0
flask,e103747c544494d67aad64ec2da668d2d69493c3,2022-01-13T11:10:12-08:00,setup.py,16,0,0,1
flask,e103747c544494d67aad64ec2da668d2d69493c3,2022-01-13T11:10:12-08:00,src/flask/ctx.py,507,2,0,0
flask,af34b8c9e7adbf0b060738fee12f04c1e46a98fd,2022-03-08T20:13:30+05:30,src/flask/testing.py,280,0,0,5
flask,af34b8c9e7adbf0b060738fee12f04c1e46a98fd,2022-03-08T20:13:30+05:30,src/flask/ctx.py,507,2,0,10
flask,af34b8c9e7adbf0b060738fee12f04c1e46a98fd,2022-03-08T20:13:30+05:30,src/flask/sessions.py,416,0,0,9
flask,af34b8c9e7adbf0b060738fee12f04c1e46a98fd,2022-03-08T20:13:30+05:30,src/flask/blueprints.py,599,1,0,4
flask,af34b8c9e7adbf0b060738fee12f04c1e46a98fd,2022-03-08T20:13:30+05:30,src/flask/typing.py,49,0,0,18
flask,af34b8c9e7adbf0b060738fee12f04c1e46a98fd,2022-03-08T20:13:30+05:30,src/flask/scaffold.py,880,0,0,46
flask,af34b8c9e7adbf0b060738fee12f04c1e46a98fd,2022-03-08T20:13:30+05:30,src/flask/app.py,2084,1,0,18
flask,af34b8c9e7adbf0b060738fee12f04c1e46a98fd,2022-03-08T20:13:30+05:30,src/flask/helpers.py,790,0,0,2
flask,9f4f559f5946306b190a0195baf2700851a9eb36,2022-04-01T16:04:08+00:00,src/flask/app.py,2095,1,0,0
flask,9f4f559f5946306b190a0195baf2700851a9eb36,2022-04-01T16:04:08+00:00,src/flask/blueprints.py,597,1,0,0
flask,9f4f559f5946306b190a0195baf2700851a9eb36,2022-04-01T16:04:08+00:00,tests/test_cli.py,664,0,0,10
flask,9f4f559f5946306b190a0195baf2700851a9eb36,2022-04-01T16:04:08+00:00,src/flask/ctx.py,513,2,0,0
flask,57a95e82b7194f1809ac9f626140ab1e497e121f,2022-07-01T09:45:43-07:00,tests/test_appctx.py,210,0,0,18
flask,57a95e82b7194f1809ac9f626140ab1e497e121f,2022-07-01T09:45:43-07:00,src/flask/testing.py,283,0,0,75
flask,57a95e82b7194f1809ac9f626140ab1e497e121f,2022-07-01T09:45:43-07:00,src/flask/templating.py,220,2,0,66
flask,57a95e82b7194f1809ac9f626140ab1e497e121f,2022-07-01T09:45:43-07:00,tests/test_testing.py,424,0,0,43
flask,57a95e82b7194f1809ac9f626140ab1e497e121f,2022-07-01T09:45:43-07:00,tests/typing/typing_route.py,88,0,0,28
flask,57a95e82b7194f1809ac9f626140ab1e497e121f,2022-07-01T09:45:43-07:00,tests/typing/typing_app_decorators.py,0,0,0,38
flask,57a95e82b7194f1809ac9f626140ab1e497e121f,2022-07-01T09:45:43-07:00,src/flask/cli.py,1160,0,0,8
flask,57a95e82b7194f1809ac9f626140ab1e497e121f,2022-07-01T09:45:43-07:00,tests/test_reqctx.py,325,0,0,5
flask,57a95e82b7194f1809ac9f626140ab1e497e121f,2022-07-01T09:45:43-07:00,src/flask/app.py,2313,1,0,219
flask,57a95e82b7194f1809ac9f626140ab1e497e121f,2022-07-01T09:45:43-07:00,src/flask/globals.py,59,0,0,176
flask,57a95e82b7194f1809ac9f626140ab1e497e121f,2022-07-01T09:45:43-07:00,tests/test_signals.py,196,0,0,26
flask,57a95e82b7194f1809ac9f626140ab1e497e121f,2022-07-01T09:45:43-07:00,tests/test_cli.py,701,0,0,33
flask,57a95e82b7194f1809ac9f626140ab1e497e121f,2022-07-01T09:45:43-07:00,src/flask/json/provider.py,0,0,0,310
flask,57a95e82b7194f1809ac9f626140ab1e497e121f,2022-07-01T09:45:43-07:00,src/flask/helpers.py,744,0,0,90
flask,57a95e82b7194f1809ac9f626140ab1e497e121f,2022-07-01T09:45:43-07:00,tests/test_basic.py,2029,0,0,149
flask,57a95e82b7194f1809ac9f626140ab1e497e121f,2022-07-01T09:45:43-07:00,setup.py,17,0,0,2
flask,57a95e82b7194f1809ac9f626140ab1e497e121f,2022-07-01T09:45:43-07:00,src/flask/ctx.py,513,2,0,249
flask,57a95e82b7194f1809ac9f626140ab1e497e121f,2022-07-01T09:45:43-07:00,src/flask/views.py,188,0,0,2
flask,57a95e82b7194f1809ac9f626140ab1e497e121f,2022-07-01T09:45:43-07:00,tests/conftest.py,198,0,0,19
flask,57a95e82b7194f1809ac9f626140ab1e497e121f,2022-07-01T09:45:43-07:00,src/flask/blueprints.py,625,1,0,70
flask,57a95e82b7194f1809ac9f626140ab1e497e121f,2022-07-01T09:45:43-07:00,src/flask/typing.py,60,0,0,40
flask,57a95e82b7194f1809ac9f626140ab1e497e121f,2022-07-01T09:45:43-07:00,src/flask/json/__init__.py,303,0,0,363
flask,57a95e82b7194f1809ac9f626140ab1e497e121f,2022-07-01T09:45:43-07:00,src/flask/scaffold.py,897,0,0,132
flask,57a95e82b7194f1809ac9f626140ab1e497e121f,2022-07-01T09:45:43-07:00,tests/test_json.py,408,0,0,77
flask,57a95e82b7194f1809ac9f626140ab1e497e121f,2022-07-01T09:45:43-07:00,tests/test_session_interface.py,27,0,0,3
flask,57a95e82b7194f1809ac9f626140ab1e497e121f,2022-07-01T09:45:43-07:00,src/flask/__init__.py,47,0,0,30
flask,57a95e82b7194f1809ac9f626140ab1e497e121f,2022-07-01T09:45:43-07:00,src/flask/debughelpers.py,159,0,0,7
flask,b0b27785ae2a94bb41a9750ae9a0aaea8ae2dc35,2022-08-13T10:22:10+08:00,src/flask/json/provider.py,310,4,0,0
flask,b0b27785ae2a94bb41a9750ae9a0aaea8ae2dc35,2022-08-13T10:22:10+08:00,src/flask/templating.py,212,2,0,0
flask,b0b27785ae2a94bb41a9750ae9a0aaea8ae2dc35,2022-08-13T10:22:10+08:00,src/flask/ctx.py,438,2,0,0
flask,b0b27785ae2a94bb41a9750ae9a0aaea8ae2dc35,2022-08-13T10:22:10+08:00,src/flask/blueprints.py,706,7,0,0
flask,b0b27785ae2a94bb41a9750ae9a0aaea8ae2dc35,2022-08-13T10:22:10+08:00,src/flask/json/__init__.py,342,11,0,0
flask,b0b27785ae2a94bb41a9750ae9a0aaea8ae2dc35,2022-08-13T10:22:10+08:00,src/flask/config.py,337,0,0,5
flask,b0b27785ae2a94bb41a9750ae9a0aaea8ae2dc35,2022-08-13T10:22:10+08:00,src/flask/app.py,2548,17,0,0
flask,b0b27785ae2a94bb41a9750ae9a0aaea8ae2dc35,2022-08-13T10:22:10+08:00,src/flask/globals.py,107,3,0,0
flask,b0b27785ae2a94bb41a9750ae9a0aaea8ae2dc35,2022-08-13T10:22:10+08:00,src/flask/__init__.py,71,3,0,2
flask,b0b27785ae2a94bb41a9750ae9a0aaea8ae2dc35,2022-08-13T10:22:10+08:00,src/flask/helpers.py,705,1,0,0
flask,ce6ad90ecf79daf759e177e0403f27c469c7f6a8,2022-08-27T06:03:46-07:00,src/flask/json/provider.py,310,4,0,0
flask,ce6ad90ecf79daf759e177e0403f27c469c7f6a8,2022-08-27T06:03:46-07:00,src/flask/templating.py,212,2,0,0
flask,ce6ad90ecf79daf759e177e0403f27c469c7f6a8,2022-08-27T06:03:46-07:00,src/flask/ctx.py,438,2,0,0
flask,ce6ad90ecf79daf759e177e0403f27c469c7f6a8,2022-08-27T06:03:46-07:00,src/flask/blueprints.py,706,7,0,0
flask,ce6ad90ecf79daf759e177e0403f27c469c7f6a8,2022-08-27T06:03:46-07:00,src/flask/json/__init__.py,342,11,0,0
flask,ce6ad90ecf79daf759e177e0403f27c469c7f6a8,2022-08-27T06:03:46-07:00,src/flask/app.py,2548,17,0,0
flask,ce6ad90ecf79daf759e177e0403f27c469c7f6a8,2022-08-27T06:03:46-07:00,src/flask/globals.py,107,3,0,0
flask,ce6ad90ecf79daf759e177e0403f27c469c7f6a8,2022-08-27T06:03:46-07:00,src/flask/__init__.py,71,3,0,2
flask,ce6ad90ecf79daf759e177e0403f27c469c7f6a8,2022-08-27T06:03:46-07:00,src/flask/helpers.py,705,1,0,0
flask,a6cd8f212e762b8f70e00f3341b27799c0fb657a,2023-02-10T14:48:02-08:00,tests/test_templating.py,450,0,0,5
flask,a6cd8f212e762b8f70e00f3341b27799c0fb657a,2023-02-10T14:48:02-08:00,src/flask/templating.py,212,2,0,4
flask,a6cd8f212e762b8f70e00f3341b27799c0fb657a,2023-02-10T14:48:02-08:00,tests/test_config.py,249,0,0,13
flask,a6cd8f212e762b8f70e00f3341b27799c0fb657a,2023-02-10T14:48:02-08:00,tests/test_json_tag.py,86,0,0,2
flask,a6cd8f212e762b8f70e00f3341b27799c0fb657a,2023-02-10T14:48:02-08:00,tests/test_async.py,154,0,0,9
flask,a6cd8f212e762b8f70e00f3341b27799c0fb657a,2023-02-10T14:48:02-08:00,src/flask/app.py,2551,17,0,364
flask,a6cd8f212e762b8f70e00f3341b27799c0fb657a,2023-02-10T14:48:02-08:00,src/flask/json/provider.py,310,4,0,104
flask,a6cd8f212e762b8f70e00f3341b27799c0fb657a,2023-02-10T14:48:02-08:00,src/flask/globals.py,107,3,0,29
flask,a6cd8f212e762b8f70e00f3341b27799c0fb657a,2023-02-10T14:48:02-08:00,tests/test_helpers.py,348,0,0,22
flask,a6cd8f212e762b8f70e00f3341b27799c0fb657a,2023-02-10T14:48:02-08:00,src/flask/helpers.py,705,1,0,47
flask,a6cd8f212e762b8f70e00f3341b27799c0fb657a,2023-02-10T14:48:02-08:00,src/flask/config.py,338,0,0,11
flask,a6cd8f212e762b8f70e00f3341b27799c0fb657a,2023-02-10T14:48:02-08:00,tests/test_basic.py,1958,0,0,57
flask,a6cd8f212e762b8f70e00f3341b27799c0fb657a,2023-02-10T14:48:02-08:00,src/flask/ctx.py,438,2,0,0
flask,a6cd8f212e762b8f70e00f3341b27799c0fb657a,2023-02-10T14:48:02-08:00,tests/conftest.py,199,0,0,1
flask,a6cd8f212e762b8f70e00f3341b27799c0fb657a,2023-02-10T14:48:02-08:00,tests/test_blueprints.py,1005,0,0,10
flask,a6cd8f212e762b8f70e00f3341b27799c0fb657a,2023-02-10T14:48:02-08:00,src/flask/blueprints.py,712,7,0,125
flask,a6cd8f212e762b8f70e00f3341b27799c0fb657a,2023-02-10T14:48:02-08:00,src/flask/json/__init__.py,342,11,0,220
flask,a6cd8f212e762b8f70e00f3341b27799c0fb657a,2023-02-10T14:48:02-08:00,src/flask/scaffold.py,936,0,0,19
flask,a6cd8f212e762b8f70e00f3341b27799c0fb657a,2023-02-10T14:48:02-08:00,src/flask/__init__.py,71,3,0,33
flask,2a33c1785412075c09f9f55b3e25f2bc995ca461,2023-02-23T09:28:42-08:00,src/flask/helpers.py,672,0,0,12
flask,2a33c1785412075c09f9f55b3e25f2bc995ca461,2023-02-23T09:28:42-08:00,src/flask/templating.py,212,2,0,0
flask,2a33c1785412075c09f9f55b3e25f2bc995ca461,2023-02-23T09:28:42-08:00,tests/test_basic.py,1919,0,0,1
flask,2a33c1785412075c09f9f55b3e25f2bc995ca461,2023-02-23T09:28:42-08:00,src/flask/ctx.py,438,2,0,0
flask,2a33c1785412075c09f9f55b3e25f2bc995ca461,2023-02-23T09:28:42-08:00,src/flask/blueprints.py,628,1,0,19
flask,2a33c1785412075c09f9f55b3e25f2bc995ca461,2023-02-23T09:28:42-08:00,tests/test_config.py,249,0,0,13
flask,2a33c1785412075c09f9f55b3e25f2bc995ca461,2023-02-23T09:28:42-08:00,src/flask/scaffold.py,921,0,0,4
flask,2a33c1785412075c09f9f55b3e25f2bc995ca461,2023-02-23T09:28:42-08:00,src/flask/app.py,2227,1,0,20
flask,2a33c1785412075c09f9f55b3e25f2bc995ca461,2023-02-23T09:28:42-08:00,src/flask/globals.py,94,3,0,0
flask,2a33c1785412075c09f9f55b3e25f2bc995ca461,2023-02-23T09:28:42-08:00,src/flask/__init__.py,92,3,0,0
flask,2a33c1785412075c09f9f55b3e25f2bc995ca461,2023-02-23T09:28:42-08:00,src/flask/config.py,338,0,0,11
flask,e1e4e82096efbf25aa3c65b706aec60f1b00dec7,2023-04-12T13:43:23-07:00,src/flask/logging.py,74,0,0,4
flask,e1e4e82096efbf25aa3c65b706aec60f1b00dec7,2023-04-12T13:43:23-07:00,src/flask/testing.py,290,0,0,26
flask,e1e4e82096efbf25aa3c65b706aec60f1b00dec7,2023-04-12T13:43:23-07:00,src/flask/templating.py,212,2,0,50
flask,e1e4e82096efbf25aa3c65b706aec60f1b00dec7,2023-04-12T13:43:23-07:00,tests/test_testing.py,403,0,0,6
flask,e1e4e82096efbf25aa3c65b706aec60f1b00dec7,2023-04-12T13:43:23-07:00,tests/typing/typing_route.py,114,0,0,4
flask,e1e4e82096efbf25aa3c65b706aec60f1b00dec7,2023-04-12T13:43:23-07:00,src/flask/cli.py,1054,0,0,67
flask,e1e4e82096efbf25aa3c65b706aec60f1b00dec7,2023-04-12T13:43:23-07:00,tests/test_signals.py,192,0,0,11
flask,e1e4e82096efbf25aa3c65b706aec60f1b00dec7,2023-04-12T13:43:23-07:00,src/flask/app.py,2228,1,0,143
flask,e1e4e82096efbf25aa3c65b706aec60f1b00dec7,2023-04-12T13:43:23-07:00,src/flask/globals.py,94,3,0,20
flask,e1e4e82096efbf25aa3c65b706aec60f1b00dec7,2023-04-12T13:43:23-07:00,src/flask/signals.py,56,0,0,59
flask,e1e4e82096efbf25aa3c65b706aec60f1b00dec7,2023-04-12T13:43:23-07:00,tests/test_cli.py,678,0,0,51
flask,e1e4e82096efbf25aa3c65b706aec60f1b00dec7,2023-04-12T13:43:23-07:00,src/flask/json/tag.py,312,0,0,18
flask,e1e4e82096efbf25aa3c65b706aec60f1b00dec7,2023-04-12T13:43:23-07:00,src/flask/config.py,343,0,0,14
flask,e1e4e82096efbf25aa3c65b706aec60f1b00dec7,2023-04-12T13:43:23-07:00,src/flask/json/provider.py,216,0,0,4
flask,e1e4e82096efbf25aa3c65b706aec60f1b00dec7,2023-04-12T13:43:23-07:00,docs/conf.py,98,0,0,6
flask,e1e4e82096efbf25aa3c65b706aec60f1b00dec7,2023-04-12T13:43:23-07:00,src/flask/helpers.py,694,0,0,67
flask,e1e4e82096efbf25aa3c65b706aec60f1b00dec7,2023-04-12T13:43:23-07:00,src/flask/ctx.py,438,2,0,48
flask,e1e4e82096efbf25aa3c65b706aec60f1b00dec7,2023-04-12T13:43:23-07:00,src/flask/views.py,188,0,0,8
flask,e1e4e82096efbf25aa3c65b706aec60f1b00dec7,2023-04-12T13:43:23-07:00,src/flask/sessions.py,372,0,0,43
flask,e1e4e82096efbf25aa3c65b706aec60f1b00dec7,2023-04-12T13:43:23-07:00,src/flask/wrappers.py,171,0,0,20
flask,e1e4e82096efbf25aa3c65b706aec60f1b00dec7,2023-04-12T13:43:23-07:00,src/flask/blueprints.py,624,1,0,56
flask,e1e4e82096efbf25aa3c65b706aec60f1b00dec7,2023-04-12T13:43:23-07:00,src/flask/typing.py,80,0,0,2
flask,e1e4e82096efbf25aa3c65b706aec60f1b00dec7,2023-04-12T13:43:23-07:00,src/flask/scaffold.py,921,0,0,74
flask,e1e4e82096efbf25aa3c65b706aec60f1b00dec7,2023-04-12T13:43:23-07:00,src/flask/__init__.py,92,3,0,22
flask,e1e4e82096efbf25aa3c65b706aec60f1b00dec7,2023-04-12T13:43:23-07:00,src/flask/debughelpers.py,158,0,0,2
flask,2abb7513dc52e9d9f2c73dde91f3b89d8f9492e4,2023-05-14T16:09:25+01:00,src/flask/blueprints.py,626,1,0,0
flask,2abb7513dc52e9d9f2c73dde91f3b89d8f9492e4,2023-05-14T16:09:25+01:00,src/flask/__init__.py,102,4,0,0
flask,2abb7513dc52e9d9f2c73dde91f3b89d8f9492e4,2023-05-14T16:09:25+01:00,src/flask/templating.py,220,2,0,0
flask,2abb7513dc52e9d9f2c73dde91f3b89d8f9492e4,2023-05-14T16:09:25+01:00,src/flask/signals.py,33,1,0,0
flask,2abb7513dc52e9d9f2c73dde91f3b89d8f9492e4,2023-05-14T16:09:25+01:00,src/flask/globals.py,96,3,0,0
flask,2abb7513dc52e9d9f2c73dde91f3b89d8f9492e4,2023-05-14T16:09:25+01:00,src/flask/ctx.py,440,2,0,0
flask,2abb7513dc52e9d9f2c73dde91f3b89d8f9492e4,2023-05-14T16:09:25+01:00,src/flask/config.py,347,0,0,8
flask,2abb7513dc52e9d9f2c73dde91f3b89d8f9492e4,2023-05-14T16:09:25+01:00,src/flask/app.py,2213,1,0,0
flask,cc80a47f5be6c60e53c42ef9378e6db3b0e183b1,2023-08-19T18:35:15+01:00,src/flask/sansio/app.py,964,1,0,0
flask,cc80a47f5be6c60e53c42ef9378e6db3b0e183b1,2023-08-19T18:35:15+01:00,src/flask/testing.py,282,0,0,30
flask,cc80a47f5be6c60e53c42ef9378e6db3b0e183b1,2023-08-19T18:35:15+01:00,src/flask/templating.py,221,2,0,0
flask,cc80a47f5be6c60e53c42ef9378e6db3b0e183b1,2023-08-19T18:35:15+01:00,src/flask/ctx.py,440,2,0,0
flask,cc80a47f5be6c60e53c42ef9378e6db3b0e183b1,2023-08-19T18:35:15+01:00,tests/test_testing.py,397,0,0,80
flask,cc80a47f5be6c60e53c42ef9378e6db3b0e183b1,2023-08-19T18:35:15+01:00,src/flask/blueprints.py,91,5,0,0
flask,cc80a47f5be6c60e53c42ef9378e6db3b0e183b1,2023-08-19T18:35:15+01:00,src/flask/typing.py,85,0,0,12
flask,cc80a47f5be6c60e53c42ef9378e6db3b0e183b1,2023-08-19T18:35:15+01:00,src/flask/cli.py,1067,0,0,18
flask,cc80a47f5be6c60e53c42ef9378e6db3b0e183b1,2023-08-19T18:35:15+01:00,src/flask/sansio/blueprints.py,626,1,0,62
flask,cc80a47f5be6c60e53c42ef9378e6db3b0e183b1,2023-08-19T18:35:15+01:00,src/flask/app.py,1478,5,0,3
flask,cc80a47f5be6c60e53c42ef9378e6db3b0e183b1,2023-08-19T18:35:15+01:00,src/flask/__init__.py,41,0,0,23
flask,cc80a47f5be6c60e53c42ef9378e6db3b0e183b1,2023-08-19T18:35:15+01:00,tests/test_cli.py,683,0,0,24
flask,78ced0093ade22a5de43ce3da98a4c2526022fbf,2023-12-01T15:47:14+00:00,src/flask/sansio/app.py,967,1,0,0
flask,78ced0093ade22a5de43ce3da98a4c2526022fbf,2023-12-01T15:47:14+00:00,src/flask/blueprints.py,91,5,0,0
flask,78ced0093ade22a5de43ce3da98a4c2526022fbf,2023-12-01T15:47:14+00:00,src/flask/cli.py,1068,0,0,4
flask,78ced0093ade22a5de43ce3da98a4c2526022fbf,2023-12-01T15:47:14+00:00,src/flask/sansio/blueprints.py,626,1,0,0
flask,78ced0093ade22a5de43ce3da98a4c2526022fbf,2023-12-01T15:47:14+00:00,src/flask/templating.py,221,2,0,0
flask,78ced0093ade22a5de43ce3da98a4c2526022fbf,2023-12-01T15:47:14+00:00,src/flask/app.py,1481,5,0,0
flask,78ced0093ade22a5de43ce3da98a4c2526022fbf,2023-12-01T15:47:14+00:00,src/flask/ctx.py,440,2,0,0
flask,78ced0093ade22a5de43ce3da98a4c2526022fbf,2023-12-01T15:47:14+00:00,src/flask/helpers.py,622,0,0,2
flask,1d5abfadd7132c9a78e14e5ba6c07aed47115280,2023-12-13T15:05:03-08:00,src/flask/sansio/app.py,967,1,0,0
flask,1d5abfadd7132c9a78e14e5ba6c07aed47115280,2023-12-13T15:05:03-08:00,src/flask/blueprints.py,91,5,0,0
flask,1d5abfadd7132c9a78e14e5ba6c07aed47115280,2023-12-13T15:05:03-08:00,src/flask/cli.py,1070,0,0,4
flask,1d5abfadd7132c9a78e14e5ba6c07aed47115280,2023-12-13T15:05:03-08:00,src/flask/sansio/blueprints.py,626,1,0,0
flask,1d5abfadd7132c9a78e14e5ba6c07aed47115280,2023-12-13T15:05:03-08:00,src/flask/templating.py,221,2,0,0
flask,1d5abfadd7132c9a78e14e5ba6c07aed47115280,2023-12-13T15:05:03-08:00,src/flask/app.py,1481,5,0,0
flask,1d5abfadd7132c9a78e14e5ba6c07aed47115280,2023-12-13T15:05:03-08:00,src/flask/ctx.py,440,2,0,0
flask,1af8f95785b85d0937153ee63d504c0b51934d80,2024-02-03T12:36:06-08:00,src/flask/sansio/app.py,968,1,0,0
flask,1af8f95785b85d0937153ee63d504c0b51934d80,2024-02-03T12:36:06-08:00,src/flask/blueprints.py,91,5,0,0
flask,1af8f95785b85d0937153ee63d504c0b51934d80,2024-02-03T12:36:06-08:00,src/flask/cli.py,1111,0,0,4
flask,1af8f95785b85d0937153ee63d504c0b51934d80,2024-02-03T12:36:06-08:00,src/flask/sansio/blueprints.py,632,1,0,0
flask,1af8f95785b85d0937153ee63d504c0b51934d80,2024-02-03T12:36:06-08:00,src/flask/templating.py,219,2,0,0
flask,1af8f95785b85d0937153ee63d504c0b51934d80,2024-02-03T12:36:06-08:00,src/flask/app.py,1488,5,0,0
flask,1af8f95785b85d0937153ee63d504c0b51934d80,2024-02-03T12:36:06-08:00,tests/test_cli.py,686,0,0,5
flask,1af8f95785b85d0937153ee63d504c0b51934d80,2024-02-03T12:36:06-08:00,src/flask/ctx.py,449,2,0,0
flask,6b422a05f37641ca0b84422f2436e9d4bd144376,2024-02-03T13:13:41-08:00,src/flask/sansio/app.py,968,1,0,0
flask,6b422a05f37641ca0b84422f2436e9d4bd144376,2024-02-03T13:13:41-08:00,src/flask/blueprints.py,91,5,0,0
flask,6b422a05f37641ca0b84422f2436e9d4bd144376,2024-02-03T13:13:41-08:00,src/flask/sansio/blueprints.py,632,1,0,0
flask,6b422a05f37641ca0b84422f2436e9d4bd144376,2024-02-03T13:13:41-08:00,src/flask/templating.py,219,2,0,0
flask,6b422a05f37641ca0b84422f2436e9d4bd144376,2024-02-03T13:13:41-08:00,src/flask/app.py,1488,5,0,0
flask,6b422a05f37641ca0b84422f2436e9d4bd144376,2024-02-03T13:13:41-08:00,src/flask/ctx.py,449,2,0,0
flask,4fe0aebab79a092615f5f86a24b91bac07fb2ef2,2024-08-01T15:48:34+00:00,src/flask/sansio/app.py,964,1,0,0
flask,4fe0aebab79a092615f5f86a24b91bac07fb2ef2,2024-08-01T15:48:34+00:00,src/flask/blueprints.py,128,7,0,0
flask,4fe0aebab79a092615f5f86a24b91bac07fb2ef2,2024-08-01T15:48:34+00:00,src/flask/sansio/blueprints.py,632,1,0,0
flask,4fe0aebab79a092615f5f86a24b91bac07fb2ef2,2024-08-01T15:48:34+00:00,src/flask/templating.py,219,2,0,0
flask,4fe0aebab79a092615f5f86a24b91bac07fb2ef2,2024-08-01T15:48:34+00:00,src/flask/app.py,1515,7,0,0
flask,4fe0aebab79a092615f5f86a24b91bac07fb2ef2,2024-08-01T15:48:34+00:00,src/flask/ctx.py,449,2,0,0
flask,db49548d7168bba319fdba400bc201528cb1d3cd,2024-09-01T08:32:27-07:00,src/flask/sansio/app.py,964,1,0,0
flask,db49548d7168bba319fdba400bc201528cb1d3cd,2024-09-01T08:32:27-07:00,src/flask/blueprints.py,128,7,0,0
flask,db49548d7168bba319fdba400bc201528cb1d3cd,2024-09-01T08:32:27-07:00,src/flask/sansio/blueprints.py,632,1,0,0
flask,db49548d7168bba319fdba400bc201528cb1d3cd,2024-09-01T08:32:27-07:00,src/flask/templating.py,219,2,0,0
flask,db49548d7168bba319fdba400bc201528cb1d3cd,2024-09-01T08:32:27-07:00,src/flask/app.py,1515,7,0,0
flask,db49548d7168bba319fdba400bc201528cb1d3cd,2024-09-01T08:32:27-07:00,src/flask/ctx.py,449,2,0,0
flask,73d6504063bfa00666a92b07a28aaf906c532f09,2025-05-13T07:46:54-07:00,src/flask/sansio/app.py,964,1,0,2
flask,73d6504063bfa00666a92b07a28aaf906c532f09,2025-05-13T07:46:54-07:00,src/flask/templating.py,219,2,0,0
flask,73d6504063bfa00666a92b07a28aaf906c532f09,2025-05-13T07:46:54-07:00,src/flask/ctx.py,449,2,0,0
flask,73d6504063bfa00666a92b07a28aaf906c532f09,2025-05-13T07:46:54-07:00,src/flask/blueprints.py,128,7,0,0
flask,73d6504063bfa00666a92b07a28aaf906c532f09,2025-05-13T07:46:54-07:00,src/flask/typing.py,93,0,0,60
flask,73d6504063bfa00666a92b07a28aaf906c532f09,2025-05-13T07:46:54-07:00,src/flask/cli.py,1135,0,0,10
flask,73d6504063bfa00666a92b07a28aaf906c532f09,2025-05-13T07:46:54-07:00,src/flask/sansio/blueprints.py,632,1,0,0
flask,73d6504063bfa00666a92b07a28aaf906c532f09,2025-05-13T07:46:54-07:00,src/flask/app.py,1536,7,0,0
flask,73d6504063bfa00666a92b07a28aaf906c532f09,2025-05-13T07:46:54-07:00,src/flask/json/provider.py,215,0,0,2
flask,73d6504063bfa00666a92b07a28aaf906c532f09,2025-05-13T07:46:54-07:00,tests/test_cli.py,702,0,0,2
flask,c77a5203438fe772d41f6a47303ad3f57a4efe6d,2026-01-24T19:50:30-08:00,src/flask/sansio/app.py,1010,1,0,17
flask,c77a5203438fe772d41f6a47303ad3f57a4efe6d,2026-01-24T19:50:30-08:00,src/flask/templating.py,211,2,0,0
flask,c77a5203438fe772d41f6a47303ad3f57a4efe6d,2026-01-24T19:50:30-08:00,tests/test_basic.py,1944,0,0,49
flask,c77a5203438fe772d41f6a47303ad3f57a4efe6d,2026-01-24T19:50:30-08:00,src/flask/ctx.py,516,2,0,0
flask,c77a5203438fe772d41f6a47303ad3f57a4efe6d,2026-01-24T19:50:30-08:00,src/flask/blueprints.py,128,6,0,0
flask,c77a5203438fe772d41f6a47303ad3f57a4efe6d,2026-01-24T19:50:30-08:00,src/flask/sansio/blueprints.py,692,1,0,0
flask,c77a5203438fe772d41f6a47303ad3f57a4efe6d,2026-01-24T19:50:30-08:00,src/flask/app.py,1606,6,0,17
flask,c77a5203438fe772d41f6a47303ad3f57a4efe6d,2026-01-24T19:50:30-08:00,examples/tutorial/flaskr/__init__.py,51,0,0,5
flask,30d1c5d6fcbd62d9e902209d7a207f7510e9f5dc,2026-07-30T10:27:54-07:00,src/flask/sansio/scaffold.py,792,0,0,8
flask,30d1c5d6fcbd62d9e902209d7a207f7510e9f5dc,2026-07-30T10:27:54-07:00,src/flask/sansio/app.py,964,1,0,0
flask,30d1c5d6fcbd62d9e902209d7a207f7510e9f5dc,2026-07-30T10:27:54-07:00,src/flask/testing.py,298,0,0,2
flask,30d1c5d6fcbd62d9e902209d7a207f7510e9f5dc,2026-07-30T10:27:54-07:00,src/flask/templating.py,220,2,0,0
flask,30d1c5d6fcbd62d9e902209d7a207f7510e9f5dc,2026-07-30T10:27:54-07:00,tests/test_views.py,260,0,0,9
flask,30d1c5d6fcbd62d9e902209d7a207f7510e9f5dc,2026-07-30T10:27:54-07:00,tests/test_basic.py,1965,0,0,8
flask,30d1c5d6fcbd62d9e902209d7a207f7510e9f5dc,2026-07-30T10:27:54-07:00,src/flask/ctx.py,473,2,0,0
flask,30d1c5d6fcbd62d9e902209d7a207f7510e9f5dc,2026-07-30T10:27:54-07:00,src/flask/views.py,191,0,0,2
flask,30d1c5d6fcbd62d9e902209d7a207f7510e9f5dc,2026-07-30T10:27:54-07:00,tests/test_testing.py,385,0,0,14
flask,30d1c5d6fcbd62d9e902209d7a207f7510e9f5dc,2026-07-30T10:27:54-07:00,tests/test_blueprints.py,1046,0,0,7
flask,30d1c5d6fcbd62d9e902209d7a207f7510e9f5dc,2026-07-30T10:27:54-07:00,src/flask/blueprints.py,128,7,0,0
flask,30d1c5d6fcbd62d9e902209d7a207f7510e9f5dc,2026-07-30T10:27:54-07:00,src/flask/sansio/blueprints.py,632,1,0,0
flask,30d1c5d6fcbd62d9e902209d7a207f7510e9f5dc,2026-07-30T10:27:54-07:00,src/flask/app.py,1536,7,0,15
