repo,sha,date,file,loc,warns_dup,warns_em,churn_14d
httpx,86263fa073aa97cc4f11026e9ca81bef12599f1b,2019-04-06T13:18:39+01:00,httpcore/compat.py,0,0,0,10
httpx,86263fa073aa97cc4f11026e9ca81bef12599f1b,2019-04-06T13:18:39+01:00,httpcore/api.py,0,0,0,67
httpx,86263fa073aa97cc4f11026e9ca81bef12599f1b,2019-04-06T13:18:39+01:00,tests/conftest.py,34,0,0,80
httpx,86263fa073aa97cc4f11026e9ca81bef12599f1b,2019-04-06T13:18:39+01:00,httpcore/connections.py,128,0,0,224
httpx,86263fa073aa97cc4f11026e9ca81bef12599f1b,2019-04-06T13:18:39+01:00,httpcore/__init__.py,6,0,0,19
httpx,86263fa073aa97cc4f11026e9ca81bef12599f1b,2019-04-06T13:18:39+01:00,tests/test_api.py,38,0,0,57
httpx,86263fa073aa97cc4f11026e9ca81bef12599f1b,2019-04-06T13:18:39+01:00,httpcore/pool.py,126,0,0,304
httpx,86263fa073aa97cc4f11026e9ca81bef12599f1b,2019-04-06T13:18:39+01:00,httpcore/config.py,57,0,0,77
httpx,86263fa073aa97cc4f11026e9ca81bef12599f1b,2019-04-06T13:18:39+01:00,tests/test_timeouts.py,0,0,0,36
httpx,86263fa073aa97cc4f11026e9ca81bef12599f1b,2019-04-06T13:18:39+01:00,setup.py,63,0,0,2
httpx,86263fa073aa97cc4f11026e9ca81bef12599f1b,2019-04-06T13:18:39+01:00,tests/test_pool.py,0,0,0,126
httpx,86263fa073aa97cc4f11026e9ca81bef12599f1b,2019-04-06T13:18:39+01:00,httpcore/datastructures.py,145,0,0,223
httpx,86263fa073aa97cc4f11026e9ca81bef12599f1b,2019-04-06T13:18:39+01:00,httpcore/decoders.py,41,0,0,150
httpx,86263fa073aa97cc4f11026e9ca81bef12599f1b,2019-04-06T13:18:39+01:00,tests/test_decoding.py,0,0,0,79
httpx,86263fa073aa97cc4f11026e9ca81bef12599f1b,2019-04-06T13:18:39+01:00,httpcore/models.py,0,0,0,68
httpx,86263fa073aa97cc4f11026e9ca81bef12599f1b,2019-04-06T13:18:39+01:00,tests/test_config.py,0,0,0,58
httpx,86263fa073aa97cc4f11026e9ca81bef12599f1b,2019-04-06T13:18:39+01:00,tests/test_requests.py,0,0,0,96
httpx,86263fa073aa97cc4f11026e9ca81bef12599f1b,2019-04-06T13:18:39+01:00,tests/test_responses.py,114,0,0,32
httpx,39eb55b2b31eccc741892bdfa5f631a3e33cc4a7,2019-04-23T09:48:57+01:00,httpcore/http2.py,0,0,0,360
httpx,39eb55b2b31eccc741892bdfa5f631a3e33cc4a7,2019-04-23T09:48:57+01:00,httpcore/__init__.py,15,0,0,57
httpx,39eb55b2b31eccc741892bdfa5f631a3e33cc4a7,2019-04-23T09:48:57+01:00,tests/test_api.py,43,0,0,24
httpx,39eb55b2b31eccc741892bdfa5f631a3e33cc4a7,2019-04-23T09:48:57+01:00,httpcore/pool.py,118,0,0,16
httpx,39eb55b2b31eccc741892bdfa5f631a3e33cc4a7,2019-04-23T09:48:57+01:00,httpcore/config.py,172,0,0,74
httpx,39eb55b2b31eccc741892bdfa5f631a3e33cc4a7,2019-04-23T09:48:57+01:00,httpcore/connectionpool.py,0,0,0,18
httpx,39eb55b2b31eccc741892bdfa5f631a3e33cc4a7,2019-04-23T09:48:57+01:00,tests/test_config.py,58,0,0,47
httpx,39eb55b2b31eccc741892bdfa5f631a3e33cc4a7,2019-04-23T09:48:57+01:00,httpcore/dispatch/http2.py,0,0,0,34
httpx,39eb55b2b31eccc741892bdfa5f631a3e33cc4a7,2019-04-23T09:48:57+01:00,httpcore/http11.py,0,0,0,203
httpx,39eb55b2b31eccc741892bdfa5f631a3e33cc4a7,2019-04-23T09:48:57+01:00,httpcore/auth.py,0,0,0,20
httpx,39eb55b2b31eccc741892bdfa5f631a3e33cc4a7,2019-04-23T09:48:57+01:00,tests/test_connections.py,20,0,0,8
httpx,39eb55b2b31eccc741892bdfa5f631a3e33cc4a7,2019-04-23T09:48:57+01:00,tests/test_responses.py,74,0,0,4
httpx,39eb55b2b31eccc741892bdfa5f631a3e33cc4a7,2019-04-23T09:48:57+01:00,tests/dispatch/test_http2.py,0,0,0,17
httpx,39eb55b2b31eccc741892bdfa5f631a3e33cc4a7,2019-04-23T09:48:57+01:00,tests/conftest.py,50,0,0,14
httpx,39eb55b2b31eccc741892bdfa5f631a3e33cc4a7,2019-04-23T09:48:57+01:00,httpcore/exceptions.py,42,0,0,153
httpx,39eb55b2b31eccc741892bdfa5f631a3e33cc4a7,2019-04-23T09:48:57+01:00,httpcore/adapters/redirects.py,0,0,0,137
httpx,39eb55b2b31eccc741892bdfa5f631a3e33cc4a7,2019-04-23T09:48:57+01:00,httpcore/sync.py,0,0,0,430
httpx,39eb55b2b31eccc741892bdfa5f631a3e33cc4a7,2019-04-23T09:48:57+01:00,tests/models/test_headers.py,0,0,0,162
httpx,39eb55b2b31eccc741892bdfa5f631a3e33cc4a7,2019-04-23T09:48:57+01:00,httpcore/{ => adapters}/redirects.py,0,0,0,27
httpx,39eb55b2b31eccc741892bdfa5f631a3e33cc4a7,2019-04-23T09:48:57+01:00,httpcore/adapters.py,0,0,0,42
httpx,39eb55b2b31eccc741892bdfa5f631a3e33cc4a7,2019-04-23T09:48:57+01:00,tests/{ => dispatch}/test_connection_pools.py,0,0,0,0
httpx,39eb55b2b31eccc741892bdfa5f631a3e33cc4a7,2019-04-23T09:48:57+01:00,httpcore/connection_pool.py,0,0,0,207
httpx,39eb55b2b31eccc741892bdfa5f631a3e33cc4a7,2019-04-23T09:48:57+01:00,httpcore/structures.py,0,0,0,40
httpx,39eb55b2b31eccc741892bdfa5f631a3e33cc4a7,2019-04-23T09:48:57+01:00,tests/adapters/test_redirects.py,0,0,0,389
httpx,39eb55b2b31eccc741892bdfa5f631a3e33cc4a7,2019-04-23T09:48:57+01:00,httpcore/{ => backends}/sync.py,0,0,0,6
httpx,39eb55b2b31eccc741892bdfa5f631a3e33cc4a7,2019-04-23T09:48:57+01:00,httpcore/{ => dispatch}/connection.py,0,0,0,15
httpx,39eb55b2b31eccc741892bdfa5f631a3e33cc4a7,2019-04-23T09:48:57+01:00,httpcore/datastructures.py,284,0,0,27
httpx,39eb55b2b31eccc741892bdfa5f631a3e33cc4a7,2019-04-23T09:48:57+01:00,httpcore/client.py,0,0,0,328
httpx,39eb55b2b31eccc741892bdfa5f631a3e33cc4a7,2019-04-23T09:48:57+01:00,tests/test_decoding.py,79,0,0,27
httpx,39eb55b2b31eccc741892bdfa5f631a3e33cc4a7,2019-04-23T09:48:57+01:00,httpcore/{ => adapters}/environment.py,0,0,0,4
httpx,39eb55b2b31eccc741892bdfa5f631a3e33cc4a7,2019-04-23T09:48:57+01:00,tests/test_http2.py,0,0,0,188
httpx,39eb55b2b31eccc741892bdfa5f631a3e33cc4a7,2019-04-23T09:48:57+01:00,httpcore/connection.py,0,0,0,298
httpx,39eb55b2b31eccc741892bdfa5f631a3e33cc4a7,2019-04-23T09:48:57+01:00,httpcore/dispatch/http11.py,0,0,0,26
httpx,39eb55b2b31eccc741892bdfa5f631a3e33cc4a7,2019-04-23T09:48:57+01:00,httpcore/{ => dispatch}/connection_pool.py,0,0,0,10
httpx,39eb55b2b31eccc741892bdfa5f631a3e33cc4a7,2019-04-23T09:48:57+01:00,httpcore/adapters/__init__.py,0,0,0,4
httpx,39eb55b2b31eccc741892bdfa5f631a3e33cc4a7,2019-04-23T09:48:57+01:00,httpcore/backends/__init__.py,0,0,0,2
httpx,39eb55b2b31eccc741892bdfa5f631a3e33cc4a7,2019-04-23T09:48:57+01:00,httpcore/environment.py,0,0,0,27
httpx,39eb55b2b31eccc741892bdfa5f631a3e33cc4a7,2019-04-23T09:48:57+01:00,tests/dispatch/test_connections.py,0,0,0,2
httpx,39eb55b2b31eccc741892bdfa5f631a3e33cc4a7,2019-04-23T09:48:57+01:00,tests/{ => dispatch}/test_connections.py,0,0,0,0
httpx,39eb55b2b31eccc741892bdfa5f631a3e33cc4a7,2019-04-23T09:48:57+01:00,httpcore/decoders.py,126,0,0,79
httpx,39eb55b2b31eccc741892bdfa5f631a3e33cc4a7,2019-04-23T09:48:57+01:00,httpcore/{ => dispatch}/http2.py,0,0,0,15
httpx,39eb55b2b31eccc741892bdfa5f631a3e33cc4a7,2019-04-23T09:48:57+01:00,tests/test_requests.py,92,0,0,67
httpx,39eb55b2b31eccc741892bdfa5f631a3e33cc4a7,2019-04-23T09:48:57+01:00,tests/test_decoders.py,0,0,0,29
httpx,39eb55b2b31eccc741892bdfa5f631a3e33cc4a7,2019-04-23T09:48:57+01:00,tests/test_sync.py,0,0,0,109
httpx,39eb55b2b31eccc741892bdfa5f631a3e33cc4a7,2019-04-23T09:48:57+01:00,httpcore/{ => dispatch}/http11.py,0,0,0,15
httpx,39eb55b2b31eccc741892bdfa5f631a3e33cc4a7,2019-04-23T09:48:57+01:00,httpcore/compat.py,0,0,0,104
httpx,39eb55b2b31eccc741892bdfa5f631a3e33cc4a7,2019-04-23T09:48:57+01:00,tests/{ => dispatch}/test_http2.py,0,0,0,0
httpx,39eb55b2b31eccc741892bdfa5f631a3e33cc4a7,2019-04-23T09:48:57+01:00,httpcore/dispatch/__init__.py,0,0,0,4
httpx,39eb55b2b31eccc741892bdfa5f631a3e33cc4a7,2019-04-23T09:48:57+01:00,tests/test_connection_pools.py,0,0,0,60
httpx,39eb55b2b31eccc741892bdfa5f631a3e33cc4a7,2019-04-23T09:48:57+01:00,httpcore/redirects.py,0,0,0,90
httpx,39eb55b2b31eccc741892bdfa5f631a3e33cc4a7,2019-04-23T09:48:57+01:00,tests/models/test_url.py,0,0,0,27
httpx,39eb55b2b31eccc741892bdfa5f631a3e33cc4a7,2019-04-23T09:48:57+01:00,httpcore/{ => adapters}/cookies.py,0,0,0,4
httpx,39eb55b2b31eccc741892bdfa5f631a3e33cc4a7,2019-04-23T09:48:57+01:00,tests/{ => models}/test_responses.py,0,0,0,0
httpx,39eb55b2b31eccc741892bdfa5f631a3e33cc4a7,2019-04-23T09:48:57+01:00,httpcore/cookies.py,0,0,0,20
httpx,39eb55b2b31eccc741892bdfa5f631a3e33cc4a7,2019-04-23T09:48:57+01:00,tests/test_timeouts.py,36,0,0,40
httpx,39eb55b2b31eccc741892bdfa5f631a3e33cc4a7,2019-04-23T09:48:57+01:00,httpcore/utils.py,0,0,0,160
httpx,39eb55b2b31eccc741892bdfa5f631a3e33cc4a7,2019-04-23T09:48:57+01:00,httpcore/dispatch/connection.py,0,0,0,9
httpx,39eb55b2b31eccc741892bdfa5f631a3e33cc4a7,2019-04-23T09:48:57+01:00,setup.py,63,0,0,15
httpx,39eb55b2b31eccc741892bdfa5f631a3e33cc4a7,2019-04-23T09:48:57+01:00,httpcore/dispatch/connection_pool.py,0,0,0,15
httpx,39eb55b2b31eccc741892bdfa5f631a3e33cc4a7,2019-04-23T09:48:57+01:00,tests/dispatch/test_connection_pools.py,0,0,0,4
httpx,39eb55b2b31eccc741892bdfa5f631a3e33cc4a7,2019-04-23T09:48:57+01:00,httpcore/models.py,0,0,0,941
httpx,39eb55b2b31eccc741892bdfa5f631a3e33cc4a7,2019-04-23T09:48:57+01:00,httpcore/status_codes.py,0,0,0,309
httpx,39eb55b2b31eccc741892bdfa5f631a3e33cc4a7,2019-04-23T09:48:57+01:00,tests/test_client.py,0,0,0,34
httpx,39eb55b2b31eccc741892bdfa5f631a3e33cc4a7,2019-04-23T09:48:57+01:00,tests/models/test_requests.py,0,0,0,18
httpx,39eb55b2b31eccc741892bdfa5f631a3e33cc4a7,2019-04-23T09:48:57+01:00,httpcore/interfaces.py,0,0,0,36
httpx,39eb55b2b31eccc741892bdfa5f631a3e33cc4a7,2019-04-23T09:48:57+01:00,httpcore/streams.py,0,0,0,219
httpx,39eb55b2b31eccc741892bdfa5f631a3e33cc4a7,2019-04-23T09:48:57+01:00,tests/{ => models}/test_requests.py,0,0,0,0
httpx,39eb55b2b31eccc741892bdfa5f631a3e33cc4a7,2019-04-23T09:48:57+01:00,tests/models/test_responses.py,0,0,0,161
httpx,03080623f0fe2850ae4e6cc7600583bf08d06b8a,2019-04-23T11:52:41+01:00,httpcore/http2.py,0,0,0,360
httpx,03080623f0fe2850ae4e6cc7600583bf08d06b8a,2019-04-23T11:52:41+01:00,httpcore/__init__.py,16,0,0,56
httpx,03080623f0fe2850ae4e6cc7600583bf08d06b8a,2019-04-23T11:52:41+01:00,tests/test_api.py,43,0,0,24
httpx,03080623f0fe2850ae4e6cc7600583bf08d06b8a,2019-04-23T11:52:41+01:00,httpcore/config.py,172,0,0,74
httpx,03080623f0fe2850ae4e6cc7600583bf08d06b8a,2019-04-23T11:52:41+01:00,httpcore/connectionpool.py,0,0,0,18
httpx,03080623f0fe2850ae4e6cc7600583bf08d06b8a,2019-04-23T11:52:41+01:00,tests/test_config.py,58,0,0,47
httpx,03080623f0fe2850ae4e6cc7600583bf08d06b8a,2019-04-23T11:52:41+01:00,httpcore/dispatch/http2.py,0,0,0,34
httpx,03080623f0fe2850ae4e6cc7600583bf08d06b8a,2019-04-23T11:52:41+01:00,httpcore/http11.py,0,0,0,203
httpx,03080623f0fe2850ae4e6cc7600583bf08d06b8a,2019-04-23T11:52:41+01:00,httpcore/auth.py,0,0,0,20
httpx,03080623f0fe2850ae4e6cc7600583bf08d06b8a,2019-04-23T11:52:41+01:00,tests/test_connections.py,20,0,0,8
httpx,03080623f0fe2850ae4e6cc7600583bf08d06b8a,2019-04-23T11:52:41+01:00,tests/test_responses.py,74,0,0,4
httpx,03080623f0fe2850ae4e6cc7600583bf08d06b8a,2019-04-23T11:52:41+01:00,tests/dispatch/test_http2.py,0,0,0,17
httpx,03080623f0fe2850ae4e6cc7600583bf08d06b8a,2019-04-23T11:52:41+01:00,tests/conftest.py,50,0,0,14
httpx,03080623f0fe2850ae4e6cc7600583bf08d06b8a,2019-04-23T11:52:41+01:00,httpcore/exceptions.py,42,0,0,153
httpx,03080623f0fe2850ae4e6cc7600583bf08d06b8a,2019-04-23T11:52:41+01:00,httpcore/adapters/redirects.py,0,0,0,137
httpx,03080623f0fe2850ae4e6cc7600583bf08d06b8a,2019-04-23T11:52:41+01:00,httpcore/sync.py,90,0,0,343
httpx,03080623f0fe2850ae4e6cc7600583bf08d06b8a,2019-04-23T11:52:41+01:00,tests/models/test_headers.py,0,0,0,162
httpx,03080623f0fe2850ae4e6cc7600583bf08d06b8a,2019-04-23T11:52:41+01:00,httpcore/{ => adapters}/redirects.py,0,0,0,27
httpx,03080623f0fe2850ae4e6cc7600583bf08d06b8a,2019-04-23T11:52:41+01:00,httpcore/adapters.py,0,0,0,42
httpx,03080623f0fe2850ae4e6cc7600583bf08d06b8a,2019-04-23T11:52:41+01:00,tests/{ => dispatch}/test_connection_pools.py,0,0,0,0
httpx,03080623f0fe2850ae4e6cc7600583bf08d06b8a,2019-04-23T11:52:41+01:00,httpcore/connection_pool.py,0,0,0,207
httpx,03080623f0fe2850ae4e6cc7600583bf08d06b8a,2019-04-23T11:52:41+01:00,httpcore/structures.py,0,0,0,40
httpx,03080623f0fe2850ae4e6cc7600583bf08d06b8a,2019-04-23T11:52:41+01:00,tests/adapters/test_redirects.py,0,0,0,389
httpx,03080623f0fe2850ae4e6cc7600583bf08d06b8a,2019-04-23T11:52:41+01:00,httpcore/{ => backends}/sync.py,0,0,0,6
httpx,03080623f0fe2850ae4e6cc7600583bf08d06b8a,2019-04-23T11:52:41+01:00,httpcore/{ => dispatch}/connection.py,0,0,0,15
httpx,03080623f0fe2850ae4e6cc7600583bf08d06b8a,2019-04-23T11:52:41+01:00,httpcore/datastructures.py,284,0,0,25
httpx,03080623f0fe2850ae4e6cc7600583bf08d06b8a,2019-04-23T11:52:41+01:00,httpcore/client.py,0,0,0,328
httpx,03080623f0fe2850ae4e6cc7600583bf08d06b8a,2019-04-23T11:52:41+01:00,tests/test_decoding.py,79,0,0,27
httpx,03080623f0fe2850ae4e6cc7600583bf08d06b8a,2019-04-23T11:52:41+01:00,httpcore/{ => adapters}/environment.py,0,0,0,4
httpx,03080623f0fe2850ae4e6cc7600583bf08d06b8a,2019-04-23T11:52:41+01:00,tests/test_http2.py,0,0,0,188
httpx,03080623f0fe2850ae4e6cc7600583bf08d06b8a,2019-04-23T11:52:41+01:00,httpcore/connection.py,0,0,0,298
httpx,03080623f0fe2850ae4e6cc7600583bf08d06b8a,2019-04-23T11:52:41+01:00,httpcore/dispatch/http11.py,0,0,0,26
httpx,03080623f0fe2850ae4e6cc7600583bf08d06b8a,2019-04-23T11:52:41+01:00,httpcore/{ => dispatch}/connection_pool.py,0,0,0,10
httpx,03080623f0fe2850ae4e6cc7600583bf08d06b8a,2019-04-23T11:52:41+01:00,httpcore/adapters/__init__.py,0,0,0,4
httpx,03080623f0fe2850ae4e6cc7600583bf08d06b8a,2019-04-23T11:52:41+01:00,httpcore/backends/__init__.py,0,0,0,2
httpx,03080623f0fe2850ae4e6cc7600583bf08d06b8a,2019-04-23T11:52:41+01:00,httpcore/environment.py,0,0,0,27
httpx,03080623f0fe2850ae4e6cc7600583bf08d06b8a,2019-04-23T11:52:41+01:00,tests/dispatch/test_connections.py,0,0,0,2
httpx,03080623f0fe2850ae4e6cc7600583bf08d06b8a,2019-04-23T11:52:41+01:00,tests/{ => dispatch}/test_connections.py,0,0,0,0
httpx,03080623f0fe2850ae4e6cc7600583bf08d06b8a,2019-04-23T11:52:41+01:00,httpcore/decoders.py,126,0,0,79
httpx,03080623f0fe2850ae4e6cc7600583bf08d06b8a,2019-04-23T11:52:41+01:00,httpcore/{ => dispatch}/http2.py,0,0,0,15
httpx,03080623f0fe2850ae4e6cc7600583bf08d06b8a,2019-04-23T11:52:41+01:00,tests/test_requests.py,92,0,0,67
httpx,03080623f0fe2850ae4e6cc7600583bf08d06b8a,2019-04-23T11:52:41+01:00,tests/test_decoders.py,0,0,0,29
httpx,03080623f0fe2850ae4e6cc7600583bf08d06b8a,2019-04-23T11:52:41+01:00,tests/test_sync.py,59,0,0,50
httpx,03080623f0fe2850ae4e6cc7600583bf08d06b8a,2019-04-23T11:52:41+01:00,httpcore/{ => dispatch}/http11.py,0,0,0,15
httpx,03080623f0fe2850ae4e6cc7600583bf08d06b8a,2019-04-23T11:52:41+01:00,httpcore/compat.py,51,0,0,53
httpx,03080623f0fe2850ae4e6cc7600583bf08d06b8a,2019-04-23T11:52:41+01:00,tests/{ => dispatch}/test_http2.py,0,0,0,0
httpx,03080623f0fe2850ae4e6cc7600583bf08d06b8a,2019-04-23T11:52:41+01:00,httpcore/dispatch/__init__.py,0,0,0,4
httpx,03080623f0fe2850ae4e6cc7600583bf08d06b8a,2019-04-23T11:52:41+01:00,tests/test_connection_pools.py,0,0,0,60
httpx,03080623f0fe2850ae4e6cc7600583bf08d06b8a,2019-04-23T11:52:41+01:00,httpcore/redirects.py,0,0,0,90
httpx,03080623f0fe2850ae4e6cc7600583bf08d06b8a,2019-04-23T11:52:41+01:00,tests/models/test_url.py,0,0,0,27
httpx,03080623f0fe2850ae4e6cc7600583bf08d06b8a,2019-04-23T11:52:41+01:00,httpcore/{ => adapters}/cookies.py,0,0,0,4
httpx,03080623f0fe2850ae4e6cc7600583bf08d06b8a,2019-04-23T11:52:41+01:00,tests/{ => models}/test_responses.py,0,0,0,0
httpx,03080623f0fe2850ae4e6cc7600583bf08d06b8a,2019-04-23T11:52:41+01:00,httpcore/cookies.py,0,0,0,20
httpx,03080623f0fe2850ae4e6cc7600583bf08d06b8a,2019-04-23T11:52:41+01:00,tests/test_timeouts.py,36,0,0,40
httpx,03080623f0fe2850ae4e6cc7600583bf08d06b8a,2019-04-23T11:52:41+01:00,httpcore/utils.py,0,0,0,160
httpx,03080623f0fe2850ae4e6cc7600583bf08d06b8a,2019-04-23T11:52:41+01:00,httpcore/dispatch/connection.py,0,0,0,9
httpx,03080623f0fe2850ae4e6cc7600583bf08d06b8a,2019-04-23T11:52:41+01:00,setup.py,63,0,0,15
httpx,03080623f0fe2850ae4e6cc7600583bf08d06b8a,2019-04-23T11:52:41+01:00,httpcore/dispatch/connection_pool.py,0,0,0,15
httpx,03080623f0fe2850ae4e6cc7600583bf08d06b8a,2019-04-23T11:52:41+01:00,tests/dispatch/test_connection_pools.py,0,0,0,4
httpx,03080623f0fe2850ae4e6cc7600583bf08d06b8a,2019-04-23T11:52:41+01:00,httpcore/models.py,0,0,0,941
httpx,03080623f0fe2850ae4e6cc7600583bf08d06b8a,2019-04-23T11:52:41+01:00,httpcore/status_codes.py,0,0,0,309
httpx,03080623f0fe2850ae4e6cc7600583bf08d06b8a,2019-04-23T11:52:41+01:00,tests/test_client.py,0,0,0,34
httpx,03080623f0fe2850ae4e6cc7600583bf08d06b8a,2019-04-23T11:52:41+01:00,tests/models/test_requests.py,0,0,0,18
httpx,03080623f0fe2850ae4e6cc7600583bf08d06b8a,2019-04-23T11:52:41+01:00,httpcore/interfaces.py,0,0,0,36
httpx,03080623f0fe2850ae4e6cc7600583bf08d06b8a,2019-04-23T11:52:41+01:00,httpcore/streams.py,0,0,0,219
httpx,03080623f0fe2850ae4e6cc7600583bf08d06b8a,2019-04-23T11:52:41+01:00,tests/{ => models}/test_requests.py,0,0,0,0
httpx,03080623f0fe2850ae4e6cc7600583bf08d06b8a,2019-04-23T11:52:41+01:00,tests/models/test_responses.py,0,0,0,161
httpx,799df23dde030ed3f638fc593d6be9a665e37918,2019-04-24T11:42:45+01:00,httpcore/http2.py,0,0,0,360
httpx,799df23dde030ed3f638fc593d6be9a665e37918,2019-04-24T11:42:45+01:00,httpcore/__init__.py,16,0,0,50
httpx,799df23dde030ed3f638fc593d6be9a665e37918,2019-04-24T11:42:45+01:00,tests/test_api.py,43,0,0,24
httpx,799df23dde030ed3f638fc593d6be9a665e37918,2019-04-24T11:42:45+01:00,httpcore/backends/default.py,0,0,0,21
httpx,799df23dde030ed3f638fc593d6be9a665e37918,2019-04-24T11:42:45+01:00,httpcore/config.py,172,0,0,74
httpx,799df23dde030ed3f638fc593d6be9a665e37918,2019-04-24T11:42:45+01:00,httpcore/connectionpool.py,132,0,0,18
httpx,799df23dde030ed3f638fc593d6be9a665e37918,2019-04-24T11:42:45+01:00,tests/test_config.py,58,0,0,47
httpx,799df23dde030ed3f638fc593d6be9a665e37918,2019-04-24T11:42:45+01:00,httpcore/dispatch/http2.py,0,0,0,34
httpx,799df23dde030ed3f638fc593d6be9a665e37918,2019-04-24T11:42:45+01:00,httpcore/http11.py,164,0,0,203
httpx,799df23dde030ed3f638fc593d6be9a665e37918,2019-04-24T11:42:45+01:00,httpcore/auth.py,0,0,0,20
httpx,799df23dde030ed3f638fc593d6be9a665e37918,2019-04-24T11:42:45+01:00,tests/test_connections.py,20,0,0,4
httpx,799df23dde030ed3f638fc593d6be9a665e37918,2019-04-24T11:42:45+01:00,tests/test_responses.py,74,0,0,4
httpx,799df23dde030ed3f638fc593d6be9a665e37918,2019-04-24T11:42:45+01:00,tests/dispatch/test_http2.py,0,0,0,17
httpx,799df23dde030ed3f638fc593d6be9a665e37918,2019-04-24T11:42:45+01:00,tests/conftest.py,50,0,0,14
httpx,799df23dde030ed3f638fc593d6be9a665e37918,2019-04-24T11:42:45+01:00,httpcore/exceptions.py,42,0,0,153
httpx,799df23dde030ed3f638fc593d6be9a665e37918,2019-04-24T11:42:45+01:00,httpcore/adapters/redirects.py,0,0,0,137
httpx,799df23dde030ed3f638fc593d6be9a665e37918,2019-04-24T11:42:45+01:00,httpcore/sync.py,92,0,0,338
httpx,799df23dde030ed3f638fc593d6be9a665e37918,2019-04-24T11:42:45+01:00,tests/models/test_headers.py,0,0,0,162
httpx,799df23dde030ed3f638fc593d6be9a665e37918,2019-04-24T11:42:45+01:00,httpcore/{ => adapters}/redirects.py,0,0,0,27
httpx,799df23dde030ed3f638fc593d6be9a665e37918,2019-04-24T11:42:45+01:00,httpcore/adapters.py,0,0,0,42
httpx,799df23dde030ed3f638fc593d6be9a665e37918,2019-04-24T11:42:45+01:00,tests/{ => dispatch}/test_connection_pools.py,0,0,0,0
httpx,799df23dde030ed3f638fc593d6be9a665e37918,2019-04-24T11:42:45+01:00,httpcore/connection_pool.py,0,0,0,207
httpx,799df23dde030ed3f638fc593d6be9a665e37918,2019-04-24T11:42:45+01:00,httpcore/structures.py,0,0,0,40
httpx,799df23dde030ed3f638fc593d6be9a665e37918,2019-04-24T11:42:45+01:00,tests/adapters/test_redirects.py,0,0,0,389
httpx,799df23dde030ed3f638fc593d6be9a665e37918,2019-04-24T11:42:45+01:00,httpcore/{ => backends}/sync.py,0,0,0,6
httpx,799df23dde030ed3f638fc593d6be9a665e37918,2019-04-24T11:42:45+01:00,httpcore/{ => dispatch}/connection.py,0,0,0,15
httpx,799df23dde030ed3f638fc593d6be9a665e37918,2019-04-24T11:42:45+01:00,httpcore/datastructures.py,280,0,0,13
httpx,799df23dde030ed3f638fc593d6be9a665e37918,2019-04-24T11:42:45+01:00,httpcore/client.py,0,0,0,328
httpx,799df23dde030ed3f638fc593d6be9a665e37918,2019-04-24T11:42:45+01:00,tests/test_decoding.py,79,0,0,27
httpx,799df23dde030ed3f638fc593d6be9a665e37918,2019-04-24T11:42:45+01:00,httpcore/{ => adapters}/environment.py,0,0,0,4
httpx,799df23dde030ed3f638fc593d6be9a665e37918,2019-04-24T11:42:45+01:00,tests/test_http2.py,0,0,0,188
httpx,799df23dde030ed3f638fc593d6be9a665e37918,2019-04-24T11:42:45+01:00,httpcore/connection.py,0,0,0,298
httpx,799df23dde030ed3f638fc593d6be9a665e37918,2019-04-24T11:42:45+01:00,httpcore/dispatch/http11.py,0,0,0,26
httpx,799df23dde030ed3f638fc593d6be9a665e37918,2019-04-24T11:42:45+01:00,httpcore/{ => dispatch}/connection_pool.py,0,0,0,10
httpx,799df23dde030ed3f638fc593d6be9a665e37918,2019-04-24T11:42:45+01:00,httpcore/adapters/__init__.py,0,0,0,4
httpx,799df23dde030ed3f638fc593d6be9a665e37918,2019-04-24T11:42:45+01:00,httpcore/backends/__init__.py,0,0,0,2
httpx,799df23dde030ed3f638fc593d6be9a665e37918,2019-04-24T11:42:45+01:00,httpcore/environment.py,0,0,0,27
httpx,799df23dde030ed3f638fc593d6be9a665e37918,2019-04-24T11:42:45+01:00,tests/dispatch/test_connections.py,0,0,0,2
httpx,799df23dde030ed3f638fc593d6be9a665e37918,2019-04-24T11:42:45+01:00,tests/{ => dispatch}/test_connections.py,0,0,0,0
httpx,799df23dde030ed3f638fc593d6be9a665e37918,2019-04-24T11:42:45+01:00,httpcore/decoders.py,126,0,0,79
httpx,799df23dde030ed3f638fc593d6be9a665e37918,2019-04-24T11:42:45+01:00,httpcore/{ => dispatch}/http2.py,0,0,0,15
httpx,799df23dde030ed3f638fc593d6be9a665e37918,2019-04-24T11:42:45+01:00,tests/test_requests.py,92,0,0,67
httpx,799df23dde030ed3f638fc593d6be9a665e37918,2019-04-24T11:42:45+01:00,tests/test_decoders.py,0,0,0,29
httpx,799df23dde030ed3f638fc593d6be9a665e37918,2019-04-24T11:42:45+01:00,tests/test_sync.py,59,0,0,48
httpx,799df23dde030ed3f638fc593d6be9a665e37918,2019-04-24T11:42:45+01:00,httpcore/{ => dispatch}/http11.py,0,0,0,15
httpx,799df23dde030ed3f638fc593d6be9a665e37918,2019-04-24T11:42:45+01:00,httpcore/compat.py,0,0,0,52
httpx,799df23dde030ed3f638fc593d6be9a665e37918,2019-04-24T11:42:45+01:00,tests/{ => dispatch}/test_http2.py,0,0,0,0
httpx,799df23dde030ed3f638fc593d6be9a665e37918,2019-04-24T11:42:45+01:00,httpcore/dispatch/__init__.py,0,0,0,4
httpx,799df23dde030ed3f638fc593d6be9a665e37918,2019-04-24T11:42:45+01:00,tests/test_connection_pools.py,126,0,0,60
httpx,799df23dde030ed3f638fc593d6be9a665e37918,2019-04-24T11:42:45+01:00,httpcore/redirects.py,0,0,0,90
httpx,799df23dde030ed3f638fc593d6be9a665e37918,2019-04-24T11:42:45+01:00,tests/models/test_url.py,0,0,0,27
httpx,799df23dde030ed3f638fc593d6be9a665e37918,2019-04-24T11:42:45+01:00,httpcore/{ => adapters}/cookies.py,0,0,0,4
httpx,799df23dde030ed3f638fc593d6be9a665e37918,2019-04-24T11:42:45+01:00,tests/{ => models}/test_responses.py,0,0,0,0
httpx,799df23dde030ed3f638fc593d6be9a665e37918,2019-04-24T11:42:45+01:00,httpcore/cookies.py,0,0,0,20
httpx,799df23dde030ed3f638fc593d6be9a665e37918,2019-04-24T11:42:45+01:00,tests/test_timeouts.py,36,0,0,40
httpx,799df23dde030ed3f638fc593d6be9a665e37918,2019-04-24T11:42:45+01:00,httpcore/utils.py,0,0,0,160
httpx,799df23dde030ed3f638fc593d6be9a665e37918,2019-04-24T11:42:45+01:00,httpcore/dispatch/connection.py,0,0,0,9
httpx,799df23dde030ed3f638fc593d6be9a665e37918,2019-04-24T11:42:45+01:00,setup.py,63,0,0,15
httpx,799df23dde030ed3f638fc593d6be9a665e37918,2019-04-24T11:42:45+01:00,httpcore/dispatch/connection_pool.py,0,0,0,15
httpx,799df23dde030ed3f638fc593d6be9a665e37918,2019-04-24T11:42:45+01:00,tests/dispatch/test_connection_pools.py,0,0,0,4
httpx,799df23dde030ed3f638fc593d6be9a665e37918,2019-04-24T11:42:45+01:00,httpcore/models.py,0,0,0,941
httpx,799df23dde030ed3f638fc593d6be9a665e37918,2019-04-24T11:42:45+01:00,httpcore/status_codes.py,0,0,0,309
httpx,799df23dde030ed3f638fc593d6be9a665e37918,2019-04-24T11:42:45+01:00,tests/test_client.py,0,0,0,34
httpx,799df23dde030ed3f638fc593d6be9a665e37918,2019-04-24T11:42:45+01:00,tests/models/test_requests.py,0,0,0,18
httpx,799df23dde030ed3f638fc593d6be9a665e37918,2019-04-24T11:42:45+01:00,httpcore/interfaces.py,0,0,0,36
httpx,799df23dde030ed3f638fc593d6be9a665e37918,2019-04-24T11:42:45+01:00,httpcore/streams.py,0,0,0,219
httpx,799df23dde030ed3f638fc593d6be9a665e37918,2019-04-24T11:42:45+01:00,tests/{ => models}/test_requests.py,0,0,0,0
httpx,799df23dde030ed3f638fc593d6be9a665e37918,2019-04-24T11:42:45+01:00,tests/models/test_responses.py,0,0,0,161
httpx,0bdcbaef72c569aaaac548b99f2ecfee5a0a76dd,2019-04-24T17:04:15+01:00,httpcore/http2.py,147,2,0,208
httpx,0bdcbaef72c569aaaac548b99f2ecfee5a0a76dd,2019-04-24T17:04:15+01:00,httpcore/__init__.py,18,0,0,46
httpx,0bdcbaef72c569aaaac548b99f2ecfee5a0a76dd,2019-04-24T17:04:15+01:00,tests/test_api.py,43,0,0,24
httpx,0bdcbaef72c569aaaac548b99f2ecfee5a0a76dd,2019-04-24T17:04:15+01:00,httpcore/backends/default.py,0,0,0,34
httpx,0bdcbaef72c569aaaac548b99f2ecfee5a0a76dd,2019-04-24T17:04:15+01:00,httpcore/config.py,188,0,0,56
httpx,0bdcbaef72c569aaaac548b99f2ecfee5a0a76dd,2019-04-24T17:04:15+01:00,tests/models/test_queryparams.py,0,0,0,33
httpx,0bdcbaef72c569aaaac548b99f2ecfee5a0a76dd,2019-04-24T17:04:15+01:00,httpcore/backends/sync.py,0,0,0,33
httpx,0bdcbaef72c569aaaac548b99f2ecfee5a0a76dd,2019-04-24T17:04:15+01:00,tests/test_config.py,58,0,0,47
httpx,0bdcbaef72c569aaaac548b99f2ecfee5a0a76dd,2019-04-24T17:04:15+01:00,httpcore/dispatch/http2.py,0,0,0,34
httpx,0bdcbaef72c569aaaac548b99f2ecfee5a0a76dd,2019-04-24T17:04:15+01:00,httpcore/http11.py,135,2,0,119
httpx,0bdcbaef72c569aaaac548b99f2ecfee5a0a76dd,2019-04-24T17:04:15+01:00,httpcore/auth.py,0,0,0,20
httpx,0bdcbaef72c569aaaac548b99f2ecfee5a0a76dd,2019-04-24T17:04:15+01:00,tests/test_responses.py,74,0,0,4
httpx,0bdcbaef72c569aaaac548b99f2ecfee5a0a76dd,2019-04-24T17:04:15+01:00,tests/dispatch/test_http2.py,0,0,0,19
httpx,0bdcbaef72c569aaaac548b99f2ecfee5a0a76dd,2019-04-24T17:04:15+01:00,tests/conftest.py,50,0,0,14
httpx,0bdcbaef72c569aaaac548b99f2ecfee5a0a76dd,2019-04-24T17:04:15+01:00,httpcore/exceptions.py,42,0,0,149
httpx,0bdcbaef72c569aaaac548b99f2ecfee5a0a76dd,2019-04-24T17:04:15+01:00,httpcore/adapters/redirects.py,0,0,0,139
httpx,0bdcbaef72c569aaaac548b99f2ecfee5a0a76dd,2019-04-24T17:04:15+01:00,httpcore/sync.py,92,0,0,320
httpx,0bdcbaef72c569aaaac548b99f2ecfee5a0a76dd,2019-04-24T17:04:15+01:00,tests/models/test_headers.py,0,0,0,163
httpx,0bdcbaef72c569aaaac548b99f2ecfee5a0a76dd,2019-04-24T17:04:15+01:00,httpcore/{ => adapters}/redirects.py,0,0,0,27
httpx,0bdcbaef72c569aaaac548b99f2ecfee5a0a76dd,2019-04-24T17:04:15+01:00,httpcore/adapters.py,0,0,0,42
httpx,0bdcbaef72c569aaaac548b99f2ecfee5a0a76dd,2019-04-24T17:04:15+01:00,tests/{ => dispatch}/test_connection_pools.py,0,0,0,0
httpx,0bdcbaef72c569aaaac548b99f2ecfee5a0a76dd,2019-04-24T17:04:15+01:00,httpcore/connection_pool.py,132,0,0,207
httpx,0bdcbaef72c569aaaac548b99f2ecfee5a0a76dd,2019-04-24T17:04:15+01:00,httpcore/structures.py,0,0,0,40
httpx,0bdcbaef72c569aaaac548b99f2ecfee5a0a76dd,2019-04-24T17:04:15+01:00,tests/adapters/test_redirects.py,0,0,0,395
httpx,0bdcbaef72c569aaaac548b99f2ecfee5a0a76dd,2019-04-24T17:04:15+01:00,httpcore/{ => backends}/sync.py,0,0,0,6
httpx,0bdcbaef72c569aaaac548b99f2ecfee5a0a76dd,2019-04-24T17:04:15+01:00,httpcore/{ => dispatch}/connection.py,0,0,0,15
httpx,0bdcbaef72c569aaaac548b99f2ecfee5a0a76dd,2019-04-24T17:04:15+01:00,httpcore/client.py,0,0,0,379
httpx,0bdcbaef72c569aaaac548b99f2ecfee5a0a76dd,2019-04-24T17:04:15+01:00,tests/test_decoding.py,79,0,0,27
httpx,0bdcbaef72c569aaaac548b99f2ecfee5a0a76dd,2019-04-24T17:04:15+01:00,httpcore/{ => adapters}/environment.py,0,0,0,4
httpx,0bdcbaef72c569aaaac548b99f2ecfee5a0a76dd,2019-04-24T17:04:15+01:00,tests/test_http2.py,0,0,0,188
httpx,0bdcbaef72c569aaaac548b99f2ecfee5a0a76dd,2019-04-24T17:04:15+01:00,httpcore/connection.py,106,2,0,192
httpx,0bdcbaef72c569aaaac548b99f2ecfee5a0a76dd,2019-04-24T17:04:15+01:00,httpcore/dispatch/http11.py,0,0,0,26
httpx,0bdcbaef72c569aaaac548b99f2ecfee5a0a76dd,2019-04-24T17:04:15+01:00,httpcore/{ => dispatch}/connection_pool.py,0,0,0,10
httpx,0bdcbaef72c569aaaac548b99f2ecfee5a0a76dd,2019-04-24T17:04:15+01:00,httpcore/adapters/__init__.py,0,0,0,4
httpx,0bdcbaef72c569aaaac548b99f2ecfee5a0a76dd,2019-04-24T17:04:15+01:00,httpcore/backends/__init__.py,0,0,0,2
httpx,0bdcbaef72c569aaaac548b99f2ecfee5a0a76dd,2019-04-24T17:04:15+01:00,httpcore/environment.py,0,0,0,27
httpx,0bdcbaef72c569aaaac548b99f2ecfee5a0a76dd,2019-04-24T17:04:15+01:00,tests/dispatch/test_connections.py,0,0,0,2
httpx,0bdcbaef72c569aaaac548b99f2ecfee5a0a76dd,2019-04-24T17:04:15+01:00,tests/{ => dispatch}/test_connections.py,0,0,0,0
httpx,0bdcbaef72c569aaaac548b99f2ecfee5a0a76dd,2019-04-24T17:04:15+01:00,httpcore/decoders.py,126,0,0,79
httpx,0bdcbaef72c569aaaac548b99f2ecfee5a0a76dd,2019-04-24T17:04:15+01:00,httpcore/{ => dispatch}/http2.py,0,0,0,15
httpx,0bdcbaef72c569aaaac548b99f2ecfee5a0a76dd,2019-04-24T17:04:15+01:00,tests/test_requests.py,92,0,0,63
httpx,0bdcbaef72c569aaaac548b99f2ecfee5a0a76dd,2019-04-24T17:04:15+01:00,tests/test_decoders.py,0,0,0,29
httpx,0bdcbaef72c569aaaac548b99f2ecfee5a0a76dd,2019-04-24T17:04:15+01:00,tests/test_sync.py,59,0,0,50
httpx,0bdcbaef72c569aaaac548b99f2ecfee5a0a76dd,2019-04-24T17:04:15+01:00,httpcore/{ => dispatch}/http11.py,0,0,0,15
httpx,0bdcbaef72c569aaaac548b99f2ecfee5a0a76dd,2019-04-24T17:04:15+01:00,tests/{ => dispatch}/test_http2.py,0,0,0,0
httpx,0bdcbaef72c569aaaac548b99f2ecfee5a0a76dd,2019-04-24T17:04:15+01:00,httpcore/dispatch/__init__.py,0,0,0,4
httpx,0bdcbaef72c569aaaac548b99f2ecfee5a0a76dd,2019-04-24T17:04:15+01:00,tests/test_connection_pools.py,126,0,0,60
httpx,0bdcbaef72c569aaaac548b99f2ecfee5a0a76dd,2019-04-24T17:04:15+01:00,httpcore/redirects.py,0,0,0,90
httpx,0bdcbaef72c569aaaac548b99f2ecfee5a0a76dd,2019-04-24T17:04:15+01:00,tests/models/test_url.py,0,0,0,37
httpx,0bdcbaef72c569aaaac548b99f2ecfee5a0a76dd,2019-04-24T17:04:15+01:00,httpcore/{ => adapters}/cookies.py,0,0,0,4
httpx,0bdcbaef72c569aaaac548b99f2ecfee5a0a76dd,2019-04-24T17:04:15+01:00,tests/{ => models}/test_responses.py,0,0,0,0
httpx,0bdcbaef72c569aaaac548b99f2ecfee5a0a76dd,2019-04-24T17:04:15+01:00,httpcore/cookies.py,0,0,0,20
httpx,0bdcbaef72c569aaaac548b99f2ecfee5a0a76dd,2019-04-24T17:04:15+01:00,tests/test_timeouts.py,36,0,0,40
httpx,0bdcbaef72c569aaaac548b99f2ecfee5a0a76dd,2019-04-24T17:04:15+01:00,httpcore/dispatch/connection.py,0,0,0,9
httpx,0bdcbaef72c569aaaac548b99f2ecfee5a0a76dd,2019-04-24T17:04:15+01:00,httpcore/utils.py,0,0,0,160
httpx,0bdcbaef72c569aaaac548b99f2ecfee5a0a76dd,2019-04-24T17:04:15+01:00,setup.py,63,0,0,15
httpx,0bdcbaef72c569aaaac548b99f2ecfee5a0a76dd,2019-04-24T17:04:15+01:00,httpcore/dispatch/connection_pool.py,0,0,0,15
httpx,0bdcbaef72c569aaaac548b99f2ecfee5a0a76dd,2019-04-24T17:04:15+01:00,tests/dispatch/test_connection_pools.py,0,0,0,4
httpx,0bdcbaef72c569aaaac548b99f2ecfee5a0a76dd,2019-04-24T17:04:15+01:00,httpcore/models.py,283,0,0,1074
httpx,0bdcbaef72c569aaaac548b99f2ecfee5a0a76dd,2019-04-24T17:04:15+01:00,httpcore/status_codes.py,0,0,0,309
httpx,0bdcbaef72c569aaaac548b99f2ecfee5a0a76dd,2019-04-24T17:04:15+01:00,tests/test_client.py,0,0,0,38
httpx,0bdcbaef72c569aaaac548b99f2ecfee5a0a76dd,2019-04-24T17:04:15+01:00,tests/models/test_requests.py,0,0,0,51
httpx,0bdcbaef72c569aaaac548b99f2ecfee5a0a76dd,2019-04-24T17:04:15+01:00,httpcore/interfaces.py,0,0,0,53
httpx,0bdcbaef72c569aaaac548b99f2ecfee5a0a76dd,2019-04-24T17:04:15+01:00,httpcore/streams.py,0,0,0,219
httpx,0bdcbaef72c569aaaac548b99f2ecfee5a0a76dd,2019-04-24T17:04:15+01:00,tests/{ => models}/test_requests.py,0,0,0,0
httpx,0bdcbaef72c569aaaac548b99f2ecfee5a0a76dd,2019-04-24T17:04:15+01:00,tests/models/test_responses.py,0,0,0,178
httpx,b392b7ea591734813e94c9f0237365a53e17f91e,2019-04-29T16:08:31+01:00,httpcore/adapters/__init__.py,4,0,0,4
httpx,b392b7ea591734813e94c9f0237365a53e17f91e,2019-04-29T16:08:31+01:00,httpcore/backends/__init__.py,0,0,0,4
httpx,b392b7ea591734813e94c9f0237365a53e17f91e,2019-04-29T16:08:31+01:00,tests/{adapters => client}/test_redirects.py,0,0,0,55
httpx,b392b7ea591734813e94c9f0237365a53e17f91e,2019-04-29T16:08:31+01:00,httpcore/__init__.py,26,0,0,23
httpx,b392b7ea591734813e94c9f0237365a53e17f91e,2019-04-29T16:08:31+01:00,tests/test_api.py,43,0,0,8
httpx,b392b7ea591734813e94c9f0237365a53e17f91e,2019-04-29T16:08:31+01:00,httpcore/backends/default.py,0,0,0,34
httpx,b392b7ea591734813e94c9f0237365a53e17f91e,2019-04-29T16:08:31+01:00,tests/dispatch/test_connections.py,0,0,0,18
httpx,b392b7ea591734813e94c9f0237365a53e17f91e,2019-04-29T16:08:31+01:00,tests/{ => dispatch}/test_connections.py,0,0,0,0
httpx,b392b7ea591734813e94c9f0237365a53e17f91e,2019-04-29T16:08:31+01:00,httpcore/config.py,178,0,0,2
httpx,b392b7ea591734813e94c9f0237365a53e17f91e,2019-04-29T16:08:31+01:00,tests/models/test_queryparams.py,0,0,0,33
httpx,b392b7ea591734813e94c9f0237365a53e17f91e,2019-04-29T16:08:31+01:00,tests/client/test_client.py,0,0,0,98
httpx,b392b7ea591734813e94c9f0237365a53e17f91e,2019-04-29T16:08:31+01:00,httpcore/backends/sync.py,0,0,0,348
httpx,b392b7ea591734813e94c9f0237365a53e17f91e,2019-04-29T16:08:31+01:00,httpcore/decoders.py,126,0,0,14
httpx,b392b7ea591734813e94c9f0237365a53e17f91e,2019-04-29T16:08:31+01:00,httpcore/concurrency.py,0,0,0,3
httpx,b392b7ea591734813e94c9f0237365a53e17f91e,2019-04-29T16:08:31+01:00,tests/test_config.py,39,0,0,18
httpx,b392b7ea591734813e94c9f0237365a53e17f91e,2019-04-29T16:08:31+01:00,httpcore/dispatch/http2.py,156,3,0,46
httpx,b392b7ea591734813e94c9f0237365a53e17f91e,2019-04-29T16:08:31+01:00,tests/test_decoders.py,0,0,0,29
httpx,b392b7ea591734813e94c9f0237365a53e17f91e,2019-04-29T16:08:31+01:00,tests/test_sync.py,59,0,0,110
httpx,b392b7ea591734813e94c9f0237365a53e17f91e,2019-04-29T16:08:31+01:00,tests/client/test_redirects.py,0,0,0,76
httpx,b392b7ea591734813e94c9f0237365a53e17f91e,2019-04-29T16:08:31+01:00,tests/test_responses.py,74,0,0,4
httpx,b392b7ea591734813e94c9f0237365a53e17f91e,2019-04-29T16:08:31+01:00,tests/dispatch/test_http2.py,0,0,0,57
httpx,b392b7ea591734813e94c9f0237365a53e17f91e,2019-04-29T16:08:31+01:00,tests/conftest.py,50,0,0,14
httpx,b392b7ea591734813e94c9f0237365a53e17f91e,2019-04-29T16:08:31+01:00,httpcore/exceptions.py,78,0,0,69
httpx,b392b7ea591734813e94c9f0237365a53e17f91e,2019-04-29T16:08:31+01:00,httpcore/adapters/redirects.py,107,0,0,237
httpx,b392b7ea591734813e94c9f0237365a53e17f91e,2019-04-29T16:08:31+01:00,httpcore/sync.py,83,0,0,277
httpx,b392b7ea591734813e94c9f0237365a53e17f91e,2019-04-29T16:08:31+01:00,tests/{ => dispatch}/test_http2.py,0,0,0,0
httpx,b392b7ea591734813e94c9f0237365a53e17f91e,2019-04-29T16:08:31+01:00,tests/models/test_headers.py,0,0,0,163
httpx,b392b7ea591734813e94c9f0237365a53e17f91e,2019-04-29T16:08:31+01:00,tests/models/test_url.py,0,0,0,37
httpx,b392b7ea591734813e94c9f0237365a53e17f91e,2019-04-29T16:08:31+01:00,tests/{ => client}/test_client.py,0,0,0,0
httpx,b392b7ea591734813e94c9f0237365a53e17f91e,2019-04-29T16:08:31+01:00,tests/{ => models}/test_responses.py,0,0,0,0
httpx,b392b7ea591734813e94c9f0237365a53e17f91e,2019-04-29T16:08:31+01:00,tests/{ => dispatch}/test_connection_pools.py,0,0,0,0
httpx,b392b7ea591734813e94c9f0237365a53e17f91e,2019-04-29T16:08:31+01:00,httpcore/adapters/environment.py,27,0,0,27
httpx,b392b7ea591734813e94c9f0237365a53e17f91e,2019-04-29T16:08:31+01:00,tests/test_timeouts.py,35,0,0,43
httpx,b392b7ea591734813e94c9f0237365a53e17f91e,2019-04-29T16:08:31+01:00,httpcore/dispatch/connection.py,93,0,0,49
httpx,b392b7ea591734813e94c9f0237365a53e17f91e,2019-04-29T16:08:31+01:00,httpcore/utils.py,71,0,0,85
httpx,b392b7ea591734813e94c9f0237365a53e17f91e,2019-04-29T16:08:31+01:00,setup.py,63,0,0,13
httpx,b392b7ea591734813e94c9f0237365a53e17f91e,2019-04-29T16:08:31+01:00,tests/adapters/test_redirects.py,214,0,0,74
httpx,b392b7ea591734813e94c9f0237365a53e17f91e,2019-04-29T16:08:31+01:00,httpcore/{ => backends}/sync.py,0,0,0,6
httpx,b392b7ea591734813e94c9f0237365a53e17f91e,2019-04-29T16:08:31+01:00,httpcore/dispatch/connection_pool.py,158,0,0,33
httpx,b392b7ea591734813e94c9f0237365a53e17f91e,2019-04-29T16:08:31+01:00,tests/dispatch/test_connection_pools.py,0,0,0,4
httpx,b392b7ea591734813e94c9f0237365a53e17f91e,2019-04-29T16:08:31+01:00,httpcore/adapters/authentication.py,18,0,0,18
httpx,b392b7ea591734813e94c9f0237365a53e17f91e,2019-04-29T16:08:31+01:00,httpcore/client.py,124,0,0,684
httpx,b392b7ea591734813e94c9f0237365a53e17f91e,2019-04-29T16:08:31+01:00,httpcore/models.py,400,2,0,874
httpx,b392b7ea591734813e94c9f0237365a53e17f91e,2019-04-29T16:08:31+01:00,httpcore/adapters/cookies.py,18,0,0,18
httpx,b392b7ea591734813e94c9f0237365a53e17f91e,2019-04-29T16:08:31+01:00,tests/client/test_asnyc_client.py,0,0,0,67
httpx,b392b7ea591734813e94c9f0237365a53e17f91e,2019-04-29T16:08:31+01:00,httpcore/status_codes.py,61,0,0,3
httpx,b392b7ea591734813e94c9f0237365a53e17f91e,2019-04-29T16:08:31+01:00,httpcore/constants.py,0,0,0,67
httpx,b392b7ea591734813e94c9f0237365a53e17f91e,2019-04-29T16:08:31+01:00,tests/test_client.py,0,0,0,38
httpx,b392b7ea591734813e94c9f0237365a53e17f91e,2019-04-29T16:08:31+01:00,tests/models/test_requests.py,0,0,0,51
httpx,b392b7ea591734813e94c9f0237365a53e17f91e,2019-04-29T16:08:31+01:00,httpcore/interfaces.py,67,0,0,84
httpx,b392b7ea591734813e94c9f0237365a53e17f91e,2019-04-29T16:08:31+01:00,httpcore/streams.py,133,0,0,8
httpx,b392b7ea591734813e94c9f0237365a53e17f91e,2019-04-29T16:08:31+01:00,tests/{ => models}/test_requests.py,0,0,0,0
httpx,b392b7ea591734813e94c9f0237365a53e17f91e,2019-04-29T16:08:31+01:00,tests/models/test_responses.py,0,0,0,178
httpx,b392b7ea591734813e94c9f0237365a53e17f91e,2019-04-29T16:08:31+01:00,httpcore/dispatch/http11.py,148,3,0,38
httpx,d652479b074a97b1829b9fa7663bf400d5e3af04,2019-04-29T17:14:08+01:00,httpcore/adapters/__init__.py,4,0,0,4
httpx,d652479b074a97b1829b9fa7663bf400d5e3af04,2019-04-29T17:14:08+01:00,httpcore/backends/__init__.py,0,0,0,4
httpx,d652479b074a97b1829b9fa7663bf400d5e3af04,2019-04-29T17:14:08+01:00,tests/{adapters => client}/test_redirects.py,0,0,0,55
httpx,d652479b074a97b1829b9fa7663bf400d5e3af04,2019-04-29T17:14:08+01:00,httpcore/__init__.py,27,0,0,23
httpx,d652479b074a97b1829b9fa7663bf400d5e3af04,2019-04-29T17:14:08+01:00,tests/test_api.py,43,0,0,8
httpx,d652479b074a97b1829b9fa7663bf400d5e3af04,2019-04-29T17:14:08+01:00,httpcore/backends/default.py,0,0,0,34
httpx,d652479b074a97b1829b9fa7663bf400d5e3af04,2019-04-29T17:14:08+01:00,tests/dispatch/test_connections.py,0,0,0,18
httpx,d652479b074a97b1829b9fa7663bf400d5e3af04,2019-04-29T17:14:08+01:00,tests/{ => dispatch}/test_connections.py,0,0,0,0
httpx,d652479b074a97b1829b9fa7663bf400d5e3af04,2019-04-29T17:14:08+01:00,httpcore/config.py,178,0,0,2
httpx,d652479b074a97b1829b9fa7663bf400d5e3af04,2019-04-29T17:14:08+01:00,tests/models/test_queryparams.py,0,0,0,33
httpx,d652479b074a97b1829b9fa7663bf400d5e3af04,2019-04-29T17:14:08+01:00,tests/client/test_client.py,0,0,0,98
httpx,d652479b074a97b1829b9fa7663bf400d5e3af04,2019-04-29T17:14:08+01:00,httpcore/backends/sync.py,0,0,0,348
httpx,d652479b074a97b1829b9fa7663bf400d5e3af04,2019-04-29T17:14:08+01:00,httpcore/decoders.py,146,0,0,14
httpx,d652479b074a97b1829b9fa7663bf400d5e3af04,2019-04-29T17:14:08+01:00,httpcore/concurrency.py,0,0,0,3
httpx,d652479b074a97b1829b9fa7663bf400d5e3af04,2019-04-29T17:14:08+01:00,tests/test_config.py,39,0,0,18
httpx,d652479b074a97b1829b9fa7663bf400d5e3af04,2019-04-29T17:14:08+01:00,httpcore/dispatch/http2.py,156,3,0,46
httpx,d652479b074a97b1829b9fa7663bf400d5e3af04,2019-04-29T17:14:08+01:00,tests/test_decoders.py,0,0,0,29
httpx,d652479b074a97b1829b9fa7663bf400d5e3af04,2019-04-29T17:14:08+01:00,tests/test_sync.py,59,0,0,110
httpx,d652479b074a97b1829b9fa7663bf400d5e3af04,2019-04-29T17:14:08+01:00,tests/client/test_redirects.py,0,0,0,76
httpx,d652479b074a97b1829b9fa7663bf400d5e3af04,2019-04-29T17:14:08+01:00,tests/test_responses.py,74,0,0,4
httpx,d652479b074a97b1829b9fa7663bf400d5e3af04,2019-04-29T17:14:08+01:00,tests/dispatch/test_http2.py,0,0,0,57
httpx,d652479b074a97b1829b9fa7663bf400d5e3af04,2019-04-29T17:14:08+01:00,tests/conftest.py,50,0,0,14
httpx,d652479b074a97b1829b9fa7663bf400d5e3af04,2019-04-29T17:14:08+01:00,httpcore/exceptions.py,85,0,0,69
httpx,d652479b074a97b1829b9fa7663bf400d5e3af04,2019-04-29T17:14:08+01:00,httpcore/adapters/redirects.py,139,0,0,211
httpx,d652479b074a97b1829b9fa7663bf400d5e3af04,2019-04-29T17:14:08+01:00,httpcore/sync.py,83,0,0,277
httpx,d652479b074a97b1829b9fa7663bf400d5e3af04,2019-04-29T17:14:08+01:00,tests/{ => dispatch}/test_http2.py,0,0,0,0
httpx,d652479b074a97b1829b9fa7663bf400d5e3af04,2019-04-29T17:14:08+01:00,tests/models/test_headers.py,0,0,0,163
httpx,d652479b074a97b1829b9fa7663bf400d5e3af04,2019-04-29T17:14:08+01:00,tests/models/test_url.py,0,0,0,37
httpx,d652479b074a97b1829b9fa7663bf400d5e3af04,2019-04-29T17:14:08+01:00,tests/{ => client}/test_client.py,0,0,0,0
httpx,d652479b074a97b1829b9fa7663bf400d5e3af04,2019-04-29T17:14:08+01:00,tests/{ => models}/test_responses.py,0,0,0,0
httpx,d652479b074a97b1829b9fa7663bf400d5e3af04,2019-04-29T17:14:08+01:00,tests/{ => dispatch}/test_connection_pools.py,0,0,0,0
httpx,d652479b074a97b1829b9fa7663bf400d5e3af04,2019-04-29T17:14:08+01:00,httpcore/adapters/environment.py,27,0,0,27
httpx,d652479b074a97b1829b9fa7663bf400d5e3af04,2019-04-29T17:14:08+01:00,tests/test_timeouts.py,35,0,0,43
httpx,d652479b074a97b1829b9fa7663bf400d5e3af04,2019-04-29T17:14:08+01:00,httpcore/dispatch/connection.py,93,0,0,49
httpx,d652479b074a97b1829b9fa7663bf400d5e3af04,2019-04-29T17:14:08+01:00,httpcore/utils.py,71,0,0,85
httpx,d652479b074a97b1829b9fa7663bf400d5e3af04,2019-04-29T17:14:08+01:00,setup.py,63,0,0,13
httpx,d652479b074a97b1829b9fa7663bf400d5e3af04,2019-04-29T17:14:08+01:00,tests/adapters/test_redirects.py,241,0,0,60
httpx,d652479b074a97b1829b9fa7663bf400d5e3af04,2019-04-29T17:14:08+01:00,httpcore/{ => backends}/sync.py,0,0,0,6
httpx,d652479b074a97b1829b9fa7663bf400d5e3af04,2019-04-29T17:14:08+01:00,httpcore/dispatch/connection_pool.py,158,0,0,33
httpx,d652479b074a97b1829b9fa7663bf400d5e3af04,2019-04-29T17:14:08+01:00,tests/dispatch/test_connection_pools.py,0,0,0,4
httpx,d652479b074a97b1829b9fa7663bf400d5e3af04,2019-04-29T17:14:08+01:00,httpcore/adapters/authentication.py,18,0,0,18
httpx,d652479b074a97b1829b9fa7663bf400d5e3af04,2019-04-29T17:14:08+01:00,httpcore/client.py,124,0,0,684
httpx,d652479b074a97b1829b9fa7663bf400d5e3af04,2019-04-29T17:14:08+01:00,httpcore/models.py,401,2,0,874
httpx,d652479b074a97b1829b9fa7663bf400d5e3af04,2019-04-29T17:14:08+01:00,httpcore/adapters/cookies.py,18,0,0,18
httpx,d652479b074a97b1829b9fa7663bf400d5e3af04,2019-04-29T17:14:08+01:00,tests/client/test_asnyc_client.py,0,0,0,67
httpx,d652479b074a97b1829b9fa7663bf400d5e3af04,2019-04-29T17:14:08+01:00,httpcore/status_codes.py,61,0,0,3
httpx,d652479b074a97b1829b9fa7663bf400d5e3af04,2019-04-29T17:14:08+01:00,httpcore/constants.py,0,0,0,67
httpx,d652479b074a97b1829b9fa7663bf400d5e3af04,2019-04-29T17:14:08+01:00,tests/test_client.py,0,0,0,38
httpx,d652479b074a97b1829b9fa7663bf400d5e3af04,2019-04-29T17:14:08+01:00,tests/models/test_requests.py,0,0,0,51
httpx,d652479b074a97b1829b9fa7663bf400d5e3af04,2019-04-29T17:14:08+01:00,httpcore/interfaces.py,67,0,0,88
httpx,d652479b074a97b1829b9fa7663bf400d5e3af04,2019-04-29T17:14:08+01:00,httpcore/streams.py,133,0,0,8
httpx,d652479b074a97b1829b9fa7663bf400d5e3af04,2019-04-29T17:14:08+01:00,tests/{ => models}/test_requests.py,0,0,0,0
httpx,d652479b074a97b1829b9fa7663bf400d5e3af04,2019-04-29T17:14:08+01:00,tests/models/test_responses.py,0,0,0,178
httpx,d652479b074a97b1829b9fa7663bf400d5e3af04,2019-04-29T17:14:08+01:00,httpcore/dispatch/http11.py,148,3,0,38
httpx,5f8000fb352a23dc9f75217d92a86f583163151b,2019-05-01T15:58:23+01:00,httpcore/adapters/__init__.py,4,0,0,4
httpx,5f8000fb352a23dc9f75217d92a86f583163151b,2019-05-01T15:58:23+01:00,httpcore/backends/__init__.py,0,0,0,4
httpx,5f8000fb352a23dc9f75217d92a86f583163151b,2019-05-01T15:58:23+01:00,tests/{adapters => client}/test_redirects.py,0,0,0,55
httpx,5f8000fb352a23dc9f75217d92a86f583163151b,2019-05-01T15:58:23+01:00,tests/dispatch/__init__.py,0,0,0,0
httpx,5f8000fb352a23dc9f75217d92a86f583163151b,2019-05-01T15:58:23+01:00,httpcore/__init__.py,29,0,0,24
httpx,5f8000fb352a23dc9f75217d92a86f583163151b,2019-05-01T15:58:23+01:00,httpcore/backends/default.py,0,0,0,34
httpx,5f8000fb352a23dc9f75217d92a86f583163151b,2019-05-01T15:58:23+01:00,tests/client/test_async_client.py,0,0,0,46
httpx,5f8000fb352a23dc9f75217d92a86f583163151b,2019-05-01T15:58:23+01:00,tests/dispatch/test_connections.py,20,0,0,26
httpx,5f8000fb352a23dc9f75217d92a86f583163151b,2019-05-01T15:58:23+01:00,tests/models/test_queryparams.py,0,0,0,33
httpx,5f8000fb352a23dc9f75217d92a86f583163151b,2019-05-01T15:58:23+01:00,tests/client/test_client.py,0,0,0,182
httpx,5f8000fb352a23dc9f75217d92a86f583163151b,2019-05-01T15:58:23+01:00,httpcore/backends/sync.py,0,0,0,348
httpx,5f8000fb352a23dc9f75217d92a86f583163151b,2019-05-01T15:58:23+01:00,httpcore/decoders.py,149,0,0,15
httpx,5f8000fb352a23dc9f75217d92a86f583163151b,2019-05-01T15:58:23+01:00,tests/test_config.py,57,0,0,39
httpx,5f8000fb352a23dc9f75217d92a86f583163151b,2019-05-01T15:58:23+01:00,httpcore/concurrency.py,0,0,0,105
httpx,5f8000fb352a23dc9f75217d92a86f583163151b,2019-05-01T15:58:23+01:00,httpcore/dispatch/http2.py,156,3,0,18
httpx,5f8000fb352a23dc9f75217d92a86f583163151b,2019-05-01T15:58:23+01:00,tests/test_sync.py,71,0,0,73
httpx,5f8000fb352a23dc9f75217d92a86f583163151b,2019-05-01T15:58:23+01:00,tests/client/test_redirects.py,0,0,0,112
httpx,5f8000fb352a23dc9f75217d92a86f583163151b,2019-05-01T15:58:23+01:00,tests/dispatch/test_http2.py,119,0,0,182
httpx,5f8000fb352a23dc9f75217d92a86f583163151b,2019-05-01T15:58:23+01:00,httpcore/sync.py,304,10,0,0
httpx,5f8000fb352a23dc9f75217d92a86f583163151b,2019-05-01T15:58:23+01:00,tests/conftest.py,50,0,0,65
httpx,5f8000fb352a23dc9f75217d92a86f583163151b,2019-05-01T15:58:23+01:00,httpcore/exceptions.py,116,0,0,37
httpx,5f8000fb352a23dc9f75217d92a86f583163151b,2019-05-01T15:58:23+01:00,httpcore/adapters/redirects.py,130,0,0,134
httpx,5f8000fb352a23dc9f75217d92a86f583163151b,2019-05-01T15:58:23+01:00,tests/models/test_headers.py,154,0,0,1
httpx,5f8000fb352a23dc9f75217d92a86f583163151b,2019-05-01T15:58:23+01:00,tests/models/test_url.py,25,0,0,21
httpx,5f8000fb352a23dc9f75217d92a86f583163151b,2019-05-01T15:58:23+01:00,tests/{ => client}/test_client.py,0,0,0,0
httpx,5f8000fb352a23dc9f75217d92a86f583163151b,2019-05-01T15:58:23+01:00,httpcore/adapters/environment.py,27,0,0,27
httpx,5f8000fb352a23dc9f75217d92a86f583163151b,2019-05-01T15:58:23+01:00,tests/test_timeouts.py,42,0,0,8
httpx,5f8000fb352a23dc9f75217d92a86f583163151b,2019-05-01T15:58:23+01:00,httpcore/dispatch/connection.py,93,0,0,55
httpx,5f8000fb352a23dc9f75217d92a86f583163151b,2019-05-01T15:58:23+01:00,httpcore/utils.py,39,0,0,5
httpx,5f8000fb352a23dc9f75217d92a86f583163151b,2019-05-01T15:58:23+01:00,tests/adapters/test_redirects.py,241,0,0,6
httpx,5f8000fb352a23dc9f75217d92a86f583163151b,2019-05-01T15:58:23+01:00,httpcore/{ => backends}/sync.py,0,0,0,6
httpx,5f8000fb352a23dc9f75217d92a86f583163151b,2019-05-01T15:58:23+01:00,httpcore/dispatch/connection_pool.py,158,0,0,33
httpx,5f8000fb352a23dc9f75217d92a86f583163151b,2019-05-01T15:58:23+01:00,httpcore/adapters/authentication.py,18,0,0,18
httpx,5f8000fb352a23dc9f75217d92a86f583163151b,2019-05-01T15:58:23+01:00,httpcore/client.py,246,8,0,507
httpx,5f8000fb352a23dc9f75217d92a86f583163151b,2019-05-01T15:58:23+01:00,httpcore/models.py,630,0,0,290
httpx,5f8000fb352a23dc9f75217d92a86f583163151b,2019-05-01T15:58:23+01:00,tests/client/test_asnyc_client.py,0,0,0,67
httpx,5f8000fb352a23dc9f75217d92a86f583163151b,2019-05-01T15:58:23+01:00,httpcore/status_codes.py,61,0,0,3
httpx,5f8000fb352a23dc9f75217d92a86f583163151b,2019-05-01T15:58:23+01:00,httpcore/constants.py,0,0,0,67
httpx,5f8000fb352a23dc9f75217d92a86f583163151b,2019-05-01T15:58:23+01:00,tests/test_client.py,52,0,0,19
httpx,5f8000fb352a23dc9f75217d92a86f583163151b,2019-05-01T15:58:23+01:00,tests/models/test_requests.py,103,0,0,39
httpx,5f8000fb352a23dc9f75217d92a86f583163151b,2019-05-01T15:58:23+01:00,httpcore/interfaces.py,93,0,0,95
httpx,5f8000fb352a23dc9f75217d92a86f583163151b,2019-05-01T15:58:23+01:00,httpcore/adapters/cookies.py,18,0,0,18
httpx,5f8000fb352a23dc9f75217d92a86f583163151b,2019-05-01T15:58:23+01:00,tests/dispatch/utils.py,0,0,0,117
httpx,5f8000fb352a23dc9f75217d92a86f583163151b,2019-05-01T15:58:23+01:00,tests/models/test_responses.py,181,0,0,17
httpx,5f8000fb352a23dc9f75217d92a86f583163151b,2019-05-01T15:58:23+01:00,httpcore/dispatch/http11.py,148,3,0,18
httpx,84b9691f3ff3184a9627eee4d088982bbb295f23,2019-05-09T10:57:23+01:00,httpcore/api.py,0,0,0,236
httpx,84b9691f3ff3184a9627eee4d088982bbb295f23,2019-05-09T10:57:23+01:00,httpcore/backends/__init__.py,2,0,0,2
httpx,84b9691f3ff3184a9627eee4d088982bbb295f23,2019-05-09T10:57:23+01:00,httpcore/adapters/__init__.py,4,0,0,4
httpx,84b9691f3ff3184a9627eee4d088982bbb295f23,2019-05-09T10:57:23+01:00,tests/{adapters => client}/test_redirects.py,0,0,0,55
httpx,84b9691f3ff3184a9627eee4d088982bbb295f23,2019-05-09T10:57:23+01:00,tests/dispatch/__init__.py,0,0,0,0
httpx,84b9691f3ff3184a9627eee4d088982bbb295f23,2019-05-09T10:57:23+01:00,httpcore/__init__.py,28,0,0,29
httpx,84b9691f3ff3184a9627eee4d088982bbb295f23,2019-05-09T10:57:23+01:00,tests/test_api.py,0,0,0,73
httpx,84b9691f3ff3184a9627eee4d088982bbb295f23,2019-05-09T10:57:23+01:00,tests/client/test_async_client.py,0,0,0,67
httpx,84b9691f3ff3184a9627eee4d088982bbb295f23,2019-05-09T10:57:23+01:00,tests/dispatch/test_connections.py,20,0,0,26
httpx,84b9691f3ff3184a9627eee4d088982bbb295f23,2019-05-09T10:57:23+01:00,tests/client/test_client.py,0,0,0,190
httpx,84b9691f3ff3184a9627eee4d088982bbb295f23,2019-05-09T10:57:23+01:00,httpcore/backends/sync.py,315,10,0,315
httpx,84b9691f3ff3184a9627eee4d088982bbb295f23,2019-05-09T10:57:23+01:00,httpcore/decoders.py,149,0,0,6
httpx,84b9691f3ff3184a9627eee4d088982bbb295f23,2019-05-09T10:57:23+01:00,httpcore/concurrency.py,0,0,0,107
httpx,84b9691f3ff3184a9627eee4d088982bbb295f23,2019-05-09T10:57:23+01:00,tests/test_config.py,57,0,0,39
httpx,84b9691f3ff3184a9627eee4d088982bbb295f23,2019-05-09T10:57:23+01:00,httpcore/dispatch/http2.py,155,3,0,15
httpx,84b9691f3ff3184a9627eee4d088982bbb295f23,2019-05-09T10:57:23+01:00,tests/client/test_auth.py,0,0,0,109
httpx,84b9691f3ff3184a9627eee4d088982bbb295f23,2019-05-09T10:57:23+01:00,tests/test_sync.py,71,0,0,71
httpx,84b9691f3ff3184a9627eee4d088982bbb295f23,2019-05-09T10:57:23+01:00,tests/client/test_redirects.py,0,0,0,121
httpx,84b9691f3ff3184a9627eee4d088982bbb295f23,2019-05-09T10:57:23+01:00,httpcore/auth.py,0,0,0,38
httpx,84b9691f3ff3184a9627eee4d088982bbb295f23,2019-05-09T10:57:23+01:00,tests/dispatch/test_http2.py,119,0,0,180
httpx,84b9691f3ff3184a9627eee4d088982bbb295f23,2019-05-09T10:57:23+01:00,tests/conftest.py,64,0,0,78
httpx,84b9691f3ff3184a9627eee4d088982bbb295f23,2019-05-09T10:57:23+01:00,httpcore/exceptions.py,122,0,0,12
httpx,84b9691f3ff3184a9627eee4d088982bbb295f23,2019-05-09T10:57:23+01:00,httpcore/adapters/redirects.py,130,0,0,130
httpx,84b9691f3ff3184a9627eee4d088982bbb295f23,2019-05-09T10:57:23+01:00,tests/client/test_cookies.py,0,0,0,176
httpx,84b9691f3ff3184a9627eee4d088982bbb295f23,2019-05-09T10:57:23+01:00,tests/models/test_url.py,35,0,0,17
httpx,84b9691f3ff3184a9627eee4d088982bbb295f23,2019-05-09T10:57:23+01:00,tests/{ => client}/test_client.py,0,0,0,0
httpx,84b9691f3ff3184a9627eee4d088982bbb295f23,2019-05-09T10:57:23+01:00,tests/models/__init__.py,0,0,0,0
httpx,84b9691f3ff3184a9627eee4d088982bbb295f23,2019-05-09T10:57:23+01:00,tests/models/test_cookies.py,0,0,0,100
httpx,84b9691f3ff3184a9627eee4d088982bbb295f23,2019-05-09T10:57:23+01:00,httpcore/adapters/environment.py,27,0,0,27
httpx,84b9691f3ff3184a9627eee4d088982bbb295f23,2019-05-09T10:57:23+01:00,tests/client/__init__.py,0,0,0,0
httpx,84b9691f3ff3184a9627eee4d088982bbb295f23,2019-05-09T10:57:23+01:00,tests/test_timeouts.py,42,0,0,33
httpx,84b9691f3ff3184a9627eee4d088982bbb295f23,2019-05-09T10:57:23+01:00,httpcore/dispatch/connection.py,94,0,0,52
httpx,84b9691f3ff3184a9627eee4d088982bbb295f23,2019-05-09T10:57:23+01:00,httpcore/dispatch/connection_pool.py,158,0,0,39
httpx,84b9691f3ff3184a9627eee4d088982bbb295f23,2019-05-09T10:57:23+01:00,httpcore/adapters/authentication.py,18,0,0,18
httpx,84b9691f3ff3184a9627eee4d088982bbb295f23,2019-05-09T10:57:23+01:00,httpcore/client.py,271,8,0,771
httpx,84b9691f3ff3184a9627eee4d088982bbb295f23,2019-05-09T10:57:23+01:00,httpcore/models.py,753,0,0,668
httpx,84b9691f3ff3184a9627eee4d088982bbb295f23,2019-05-09T10:57:23+01:00,tests/client/test_cookie_handling.py,0,0,0,146
httpx,84b9691f3ff3184a9627eee4d088982bbb295f23,2019-05-09T10:57:23+01:00,tests/client/test_asnyc_client.py,0,0,0,67
httpx,84b9691f3ff3184a9627eee4d088982bbb295f23,2019-05-09T10:57:23+01:00,httpcore/status_codes.py,0,0,0,3
httpx,84b9691f3ff3184a9627eee4d088982bbb295f23,2019-05-09T10:57:23+01:00,httpcore/constants.py,67,0,0,67
httpx,84b9691f3ff3184a9627eee4d088982bbb295f23,2019-05-09T10:57:23+01:00,tests/models/test_requests.py,120,0,0,6
httpx,84b9691f3ff3184a9627eee4d088982bbb295f23,2019-05-09T10:57:23+01:00,httpcore/interfaces.py,104,0,0,58
httpx,84b9691f3ff3184a9627eee4d088982bbb295f23,2019-05-09T10:57:23+01:00,httpcore/adapters/cookies.py,18,0,0,18
httpx,84b9691f3ff3184a9627eee4d088982bbb295f23,2019-05-09T10:57:23+01:00,tests/dispatch/utils.py,0,0,0,117
httpx,84b9691f3ff3184a9627eee4d088982bbb295f23,2019-05-09T10:57:23+01:00,httpcore/dispatch/http11.py,147,3,0,24
httpx,21ac95a77a31d73c7282423dd12ff53feed5df70,2019-05-13T12:06:51+01:00,httpcore/api.py,0,0,0,308
httpx,21ac95a77a31d73c7282423dd12ff53feed5df70,2019-05-13T12:06:51+01:00,httpcore/backends/__init__.py,2,0,0,2
httpx,21ac95a77a31d73c7282423dd12ff53feed5df70,2019-05-13T12:06:51+01:00,tests/dispatch/__init__.py,0,0,0,0
httpx,21ac95a77a31d73c7282423dd12ff53feed5df70,2019-05-13T12:06:51+01:00,httpcore/__init__.py,27,0,0,37
httpx,21ac95a77a31d73c7282423dd12ff53feed5df70,2019-05-13T12:06:51+01:00,tests/test_api.py,0,0,0,73
httpx,21ac95a77a31d73c7282423dd12ff53feed5df70,2019-05-13T12:06:51+01:00,tests/client/test_async_client.py,0,0,0,67
httpx,21ac95a77a31d73c7282423dd12ff53feed5df70,2019-05-13T12:06:51+01:00,tests/dispatch/test_connections.py,22,0,0,46
httpx,21ac95a77a31d73c7282423dd12ff53feed5df70,2019-05-13T12:06:51+01:00,httpcore/config.py,180,0,0,52
httpx,21ac95a77a31d73c7282423dd12ff53feed5df70,2019-05-13T12:06:51+01:00,tests/client/test_client.py,67,0,0,190
httpx,21ac95a77a31d73c7282423dd12ff53feed5df70,2019-05-13T12:06:51+01:00,httpcore/backends/sync.py,315,10,0,315
httpx,21ac95a77a31d73c7282423dd12ff53feed5df70,2019-05-13T12:06:51+01:00,httpcore/decoders.py,149,0,0,6
httpx,21ac95a77a31d73c7282423dd12ff53feed5df70,2019-05-13T12:06:51+01:00,httpcore/concurrency.py,0,0,0,114
httpx,21ac95a77a31d73c7282423dd12ff53feed5df70,2019-05-13T12:06:51+01:00,tests/test_config.py,57,0,0,49
httpx,21ac95a77a31d73c7282423dd12ff53feed5df70,2019-05-13T12:06:51+01:00,httpcore/dispatch/http2.py,150,2,0,29
httpx,21ac95a77a31d73c7282423dd12ff53feed5df70,2019-05-13T12:06:51+01:00,tests/client/test_auth.py,0,0,0,119
httpx,21ac95a77a31d73c7282423dd12ff53feed5df70,2019-05-13T12:06:51+01:00,tests/test_sync.py,71,0,0,71
httpx,21ac95a77a31d73c7282423dd12ff53feed5df70,2019-05-13T12:06:51+01:00,tests/client/test_redirects.py,246,0,0,131
httpx,21ac95a77a31d73c7282423dd12ff53feed5df70,2019-05-13T12:06:51+01:00,httpcore/auth.py,0,0,0,38
httpx,21ac95a77a31d73c7282423dd12ff53feed5df70,2019-05-13T12:06:51+01:00,tests/dispatch/test_http2.py,137,0,0,142
httpx,21ac95a77a31d73c7282423dd12ff53feed5df70,2019-05-13T12:06:51+01:00,tests/conftest.py,64,0,0,78
httpx,21ac95a77a31d73c7282423dd12ff53feed5df70,2019-05-13T12:06:51+01:00,httpcore/exceptions.py,122,0,0,12
httpx,21ac95a77a31d73c7282423dd12ff53feed5df70,2019-05-13T12:06:51+01:00,tests/client/test_cookies.py,0,0,0,186
httpx,21ac95a77a31d73c7282423dd12ff53feed5df70,2019-05-13T12:06:51+01:00,tests/test_parallel.py,0,0,0,0
httpx,21ac95a77a31d73c7282423dd12ff53feed5df70,2019-05-13T12:06:51+01:00,tests/models/test_url.py,35,0,0,17
httpx,21ac95a77a31d73c7282423dd12ff53feed5df70,2019-05-13T12:06:51+01:00,tests/models/__init__.py,0,0,0,0
httpx,21ac95a77a31d73c7282423dd12ff53feed5df70,2019-05-13T12:06:51+01:00,tests/models/test_cookies.py,0,0,0,100
httpx,21ac95a77a31d73c7282423dd12ff53feed5df70,2019-05-13T12:06:51+01:00,tests/client/__init__.py,0,0,0,0
httpx,21ac95a77a31d73c7282423dd12ff53feed5df70,2019-05-13T12:06:51+01:00,tests/test_timeouts.py,42,0,0,33
httpx,21ac95a77a31d73c7282423dd12ff53feed5df70,2019-05-13T12:06:51+01:00,httpcore/dispatch/connection.py,103,0,0,45
httpx,21ac95a77a31d73c7282423dd12ff53feed5df70,2019-05-13T12:06:51+01:00,httpcore/utils.py,42,0,0,11
httpx,21ac95a77a31d73c7282423dd12ff53feed5df70,2019-05-13T12:06:51+01:00,httpcore/dispatch/connection_pool.py,163,0,0,44
httpx,21ac95a77a31d73c7282423dd12ff53feed5df70,2019-05-13T12:06:51+01:00,httpcore/client.py,367,8,0,764
httpx,21ac95a77a31d73c7282423dd12ff53feed5df70,2019-05-13T12:06:51+01:00,httpcore/models.py,747,0,0,700
httpx,21ac95a77a31d73c7282423dd12ff53feed5df70,2019-05-13T12:06:51+01:00,tests/client/test_cookie_handling.py,0,0,0,146
httpx,21ac95a77a31d73c7282423dd12ff53feed5df70,2019-05-13T12:06:51+01:00,tests/client/test_asnyc_client.py,0,0,0,67
httpx,21ac95a77a31d73c7282423dd12ff53feed5df70,2019-05-13T12:06:51+01:00,httpcore/status_codes.py,0,0,0,133
httpx,21ac95a77a31d73c7282423dd12ff53feed5df70,2019-05-13T12:06:51+01:00,httpcore/constants.py,67,0,0,67
httpx,21ac95a77a31d73c7282423dd12ff53feed5df70,2019-05-13T12:06:51+01:00,tests/models/test_requests.py,120,0,0,6
httpx,21ac95a77a31d73c7282423dd12ff53feed5df70,2019-05-13T12:06:51+01:00,httpcore/interfaces.py,113,0,0,59
httpx,21ac95a77a31d73c7282423dd12ff53feed5df70,2019-05-13T12:06:51+01:00,tests/dispatch/utils.py,0,0,0,119
httpx,21ac95a77a31d73c7282423dd12ff53feed5df70,2019-05-13T12:06:51+01:00,httpcore/dispatch/http11.py,142,2,0,30
httpx,c27c635f2f436d6e8e279705d48c6c9c5a21fc75,2019-05-14T09:32:09+01:00,httpcore/api.py,0,0,0,308
httpx,c27c635f2f436d6e8e279705d48c6c9c5a21fc75,2019-05-14T09:32:09+01:00,tests/dispatch/__init__.py,0,0,0,0
httpx,c27c635f2f436d6e8e279705d48c6c9c5a21fc75,2019-05-14T09:32:09+01:00,httpcore/__init__.py,26,0,0,30
httpx,c27c635f2f436d6e8e279705d48c6c9c5a21fc75,2019-05-14T09:32:09+01:00,tests/test_api.py,0,0,0,73
httpx,c27c635f2f436d6e8e279705d48c6c9c5a21fc75,2019-05-14T09:32:09+01:00,tests/client/test_async_client.py,0,0,0,21
httpx,c27c635f2f436d6e8e279705d48c6c9c5a21fc75,2019-05-14T09:32:09+01:00,tests/dispatch/test_connections.py,30,0,0,36
httpx,c27c635f2f436d6e8e279705d48c6c9c5a21fc75,2019-05-14T09:32:09+01:00,httpcore/config.py,180,0,0,52
httpx,c27c635f2f436d6e8e279705d48c6c9c5a21fc75,2019-05-14T09:32:09+01:00,tests/client/test_client.py,71,0,0,10
httpx,c27c635f2f436d6e8e279705d48c6c9c5a21fc75,2019-05-14T09:32:09+01:00,httpcore/decoders.py,149,0,0,6
httpx,c27c635f2f436d6e8e279705d48c6c9c5a21fc75,2019-05-14T09:32:09+01:00,httpcore/concurrency.py,147,0,0,111
httpx,c27c635f2f436d6e8e279705d48c6c9c5a21fc75,2019-05-14T09:32:09+01:00,tests/test_config.py,57,0,0,49
httpx,c27c635f2f436d6e8e279705d48c6c9c5a21fc75,2019-05-14T09:32:09+01:00,httpcore/dispatch/http2.py,150,2,0,29
httpx,c27c635f2f436d6e8e279705d48c6c9c5a21fc75,2019-05-14T09:32:09+01:00,tests/client/test_auth.py,0,0,0,119
httpx,c27c635f2f436d6e8e279705d48c6c9c5a21fc75,2019-05-14T09:32:09+01:00,tests/client/test_redirects.py,246,0,0,55
httpx,c27c635f2f436d6e8e279705d48c6c9c5a21fc75,2019-05-14T09:32:09+01:00,httpcore/auth.py,0,0,0,38
httpx,c27c635f2f436d6e8e279705d48c6c9c5a21fc75,2019-05-14T09:32:09+01:00,tests/dispatch/test_http2.py,137,0,0,142
httpx,c27c635f2f436d6e8e279705d48c6c9c5a21fc75,2019-05-14T09:32:09+01:00,tests/conftest.py,89,0,0,53
httpx,c27c635f2f436d6e8e279705d48c6c9c5a21fc75,2019-05-14T09:32:09+01:00,httpcore/exceptions.py,122,0,0,12
httpx,c27c635f2f436d6e8e279705d48c6c9c5a21fc75,2019-05-14T09:32:09+01:00,tests/client/test_cookies.py,0,0,0,186
httpx,c27c635f2f436d6e8e279705d48c6c9c5a21fc75,2019-05-14T09:32:09+01:00,tests/test_parallel.py,0,0,0,0
httpx,c27c635f2f436d6e8e279705d48c6c9c5a21fc75,2019-05-14T09:32:09+01:00,tests/models/test_url.py,35,0,0,17
httpx,c27c635f2f436d6e8e279705d48c6c9c5a21fc75,2019-05-14T09:32:09+01:00,tests/models/__init__.py,0,0,0,0
httpx,c27c635f2f436d6e8e279705d48c6c9c5a21fc75,2019-05-14T09:32:09+01:00,tests/models/test_cookies.py,0,0,0,100
httpx,c27c635f2f436d6e8e279705d48c6c9c5a21fc75,2019-05-14T09:32:09+01:00,tests/client/__init__.py,0,0,0,0
httpx,c27c635f2f436d6e8e279705d48c6c9c5a21fc75,2019-05-14T09:32:09+01:00,tests/test_timeouts.py,42,0,0,25
httpx,c27c635f2f436d6e8e279705d48c6c9c5a21fc75,2019-05-14T09:32:09+01:00,httpcore/dispatch/connection.py,102,0,0,40
httpx,c27c635f2f436d6e8e279705d48c6c9c5a21fc75,2019-05-14T09:32:09+01:00,httpcore/utils.py,42,0,0,11
httpx,c27c635f2f436d6e8e279705d48c6c9c5a21fc75,2019-05-14T09:32:09+01:00,httpcore/dispatch/connection_pool.py,163,0,0,42
httpx,c27c635f2f436d6e8e279705d48c6c9c5a21fc75,2019-05-14T09:32:09+01:00,httpcore/client.py,606,16,0,513
httpx,c27c635f2f436d6e8e279705d48c6c9c5a21fc75,2019-05-14T09:32:09+01:00,httpcore/models.py,824,2,0,599
httpx,c27c635f2f436d6e8e279705d48c6c9c5a21fc75,2019-05-14T09:32:09+01:00,tests/client/test_cookie_handling.py,0,0,0,146
httpx,c27c635f2f436d6e8e279705d48c6c9c5a21fc75,2019-05-14T09:32:09+01:00,httpcore/status_codes.py,3,0,0,130
httpx,c27c635f2f436d6e8e279705d48c6c9c5a21fc75,2019-05-14T09:32:09+01:00,tests/models/test_requests.py,120,0,0,6
httpx,c27c635f2f436d6e8e279705d48c6c9c5a21fc75,2019-05-14T09:32:09+01:00,httpcore/interfaces.py,119,0,0,49
httpx,c27c635f2f436d6e8e279705d48c6c9c5a21fc75,2019-05-14T09:32:09+01:00,tests/dispatch/utils.py,0,0,0,119
httpx,c27c635f2f436d6e8e279705d48c6c9c5a21fc75,2019-05-14T09:32:09+01:00,httpcore/dispatch/http11.py,142,2,0,30
httpx,2694c48492077d93b7f4c2958e7dce0f2319b0ea,2019-05-14T10:25:31+01:00,httpcore/api.py,0,0,0,308
httpx,2694c48492077d93b7f4c2958e7dce0f2319b0ea,2019-05-14T10:25:31+01:00,tests/dispatch/__init__.py,0,0,0,0
httpx,2694c48492077d93b7f4c2958e7dce0f2319b0ea,2019-05-14T10:25:31+01:00,httpcore/__init__.py,26,0,0,30
httpx,2694c48492077d93b7f4c2958e7dce0f2319b0ea,2019-05-14T10:25:31+01:00,tests/test_api.py,0,0,0,73
httpx,2694c48492077d93b7f4c2958e7dce0f2319b0ea,2019-05-14T10:25:31+01:00,tests/client/test_async_client.py,113,0,0,21
httpx,2694c48492077d93b7f4c2958e7dce0f2319b0ea,2019-05-14T10:25:31+01:00,tests/dispatch/test_connections.py,30,0,0,36
httpx,2694c48492077d93b7f4c2958e7dce0f2319b0ea,2019-05-14T10:25:31+01:00,httpcore/config.py,180,0,0,52
httpx,2694c48492077d93b7f4c2958e7dce0f2319b0ea,2019-05-14T10:25:31+01:00,tests/client/test_client.py,135,0,0,10
httpx,2694c48492077d93b7f4c2958e7dce0f2319b0ea,2019-05-14T10:25:31+01:00,httpcore/decoders.py,149,0,0,6
httpx,2694c48492077d93b7f4c2958e7dce0f2319b0ea,2019-05-14T10:25:31+01:00,httpcore/concurrency.py,169,0,0,111
httpx,2694c48492077d93b7f4c2958e7dce0f2319b0ea,2019-05-14T10:25:31+01:00,tests/test_config.py,57,0,0,49
httpx,2694c48492077d93b7f4c2958e7dce0f2319b0ea,2019-05-14T10:25:31+01:00,httpcore/dispatch/http2.py,150,2,0,29
httpx,2694c48492077d93b7f4c2958e7dce0f2319b0ea,2019-05-14T10:25:31+01:00,tests/client/test_auth.py,0,0,0,119
httpx,2694c48492077d93b7f4c2958e7dce0f2319b0ea,2019-05-14T10:25:31+01:00,tests/client/test_redirects.py,246,0,0,55
httpx,2694c48492077d93b7f4c2958e7dce0f2319b0ea,2019-05-14T10:25:31+01:00,httpcore/auth.py,0,0,0,38
httpx,2694c48492077d93b7f4c2958e7dce0f2319b0ea,2019-05-14T10:25:31+01:00,tests/dispatch/test_http2.py,137,0,0,142
httpx,2694c48492077d93b7f4c2958e7dce0f2319b0ea,2019-05-14T10:25:31+01:00,tests/conftest.py,88,0,0,53
httpx,2694c48492077d93b7f4c2958e7dce0f2319b0ea,2019-05-14T10:25:31+01:00,httpcore/exceptions.py,122,0,0,12
httpx,2694c48492077d93b7f4c2958e7dce0f2319b0ea,2019-05-14T10:25:31+01:00,tests/client/test_cookies.py,0,0,0,186
httpx,2694c48492077d93b7f4c2958e7dce0f2319b0ea,2019-05-14T10:25:31+01:00,tests/test_parallel.py,0,0,0,0
httpx,2694c48492077d93b7f4c2958e7dce0f2319b0ea,2019-05-14T10:25:31+01:00,tests/models/test_url.py,35,0,0,17
httpx,2694c48492077d93b7f4c2958e7dce0f2319b0ea,2019-05-14T10:25:31+01:00,tests/models/__init__.py,0,0,0,0
httpx,2694c48492077d93b7f4c2958e7dce0f2319b0ea,2019-05-14T10:25:31+01:00,tests/models/test_cookies.py,0,0,0,100
httpx,2694c48492077d93b7f4c2958e7dce0f2319b0ea,2019-05-14T10:25:31+01:00,tests/client/__init__.py,0,0,0,0
httpx,2694c48492077d93b7f4c2958e7dce0f2319b0ea,2019-05-14T10:25:31+01:00,tests/test_timeouts.py,42,0,0,25
httpx,2694c48492077d93b7f4c2958e7dce0f2319b0ea,2019-05-14T10:25:31+01:00,httpcore/dispatch/connection.py,106,0,0,40
httpx,2694c48492077d93b7f4c2958e7dce0f2319b0ea,2019-05-14T10:25:31+01:00,httpcore/utils.py,42,0,0,11
httpx,2694c48492077d93b7f4c2958e7dce0f2319b0ea,2019-05-14T10:25:31+01:00,httpcore/dispatch/connection_pool.py,167,0,0,42
httpx,2694c48492077d93b7f4c2958e7dce0f2319b0ea,2019-05-14T10:25:31+01:00,httpcore/client.py,606,16,0,513
httpx,2694c48492077d93b7f4c2958e7dce0f2319b0ea,2019-05-14T10:25:31+01:00,httpcore/models.py,828,2,0,599
httpx,2694c48492077d93b7f4c2958e7dce0f2319b0ea,2019-05-14T10:25:31+01:00,tests/client/test_cookie_handling.py,0,0,0,146
httpx,2694c48492077d93b7f4c2958e7dce0f2319b0ea,2019-05-14T10:25:31+01:00,httpcore/status_codes.py,3,0,0,130
httpx,2694c48492077d93b7f4c2958e7dce0f2319b0ea,2019-05-14T10:25:31+01:00,tests/models/test_requests.py,120,0,0,6
httpx,2694c48492077d93b7f4c2958e7dce0f2319b0ea,2019-05-14T10:25:31+01:00,httpcore/interfaces.py,134,0,0,49
httpx,2694c48492077d93b7f4c2958e7dce0f2319b0ea,2019-05-14T10:25:31+01:00,tests/dispatch/utils.py,0,0,0,119
httpx,2694c48492077d93b7f4c2958e7dce0f2319b0ea,2019-05-14T10:25:31+01:00,httpcore/dispatch/http11.py,142,2,0,30
httpx,4fe6bc058aaef044b875320a0ad0ccf3576de775,2019-05-16T10:21:24+01:00,httpcore/api.py,0,0,0,308
httpx,4fe6bc058aaef044b875320a0ad0ccf3576de775,2019-05-16T10:21:24+01:00,httpcore/__init__.py,25,0,0,25
httpx,4fe6bc058aaef044b875320a0ad0ccf3576de775,2019-05-16T10:21:24+01:00,tests/test_api.py,0,0,0,73
httpx,4fe6bc058aaef044b875320a0ad0ccf3576de775,2019-05-16T10:21:24+01:00,tests/client/test_async_client.py,126,0,0,21
httpx,4fe6bc058aaef044b875320a0ad0ccf3576de775,2019-05-16T10:21:24+01:00,tests/dispatch/test_connections.py,30,0,0,36
httpx,4fe6bc058aaef044b875320a0ad0ccf3576de775,2019-05-16T10:21:24+01:00,httpcore/config.py,180,0,0,52
httpx,4fe6bc058aaef044b875320a0ad0ccf3576de775,2019-05-16T10:21:24+01:00,tests/client/test_client.py,135,0,0,8
httpx,4fe6bc058aaef044b875320a0ad0ccf3576de775,2019-05-16T10:21:24+01:00,httpcore/concurrency.py,169,0,0,9
httpx,4fe6bc058aaef044b875320a0ad0ccf3576de775,2019-05-16T10:21:24+01:00,tests/test_config.py,96,0,0,10
httpx,4fe6bc058aaef044b875320a0ad0ccf3576de775,2019-05-16T10:21:24+01:00,httpcore/dispatch/http2.py,150,2,0,29
httpx,4fe6bc058aaef044b875320a0ad0ccf3576de775,2019-05-16T10:21:24+01:00,tests/client/test_auth.py,72,0,0,47
httpx,4fe6bc058aaef044b875320a0ad0ccf3576de775,2019-05-16T10:21:24+01:00,tests/client/test_redirects.py,244,0,0,19
httpx,4fe6bc058aaef044b875320a0ad0ccf3576de775,2019-05-16T10:21:24+01:00,tests/conftest.py,111,0,0,27
httpx,4fe6bc058aaef044b875320a0ad0ccf3576de775,2019-05-16T10:21:24+01:00,httpcore/exceptions.py,122,0,0,12
httpx,4fe6bc058aaef044b875320a0ad0ccf3576de775,2019-05-16T10:21:24+01:00,tests/client/test_cookies.py,0,0,0,186
httpx,4fe6bc058aaef044b875320a0ad0ccf3576de775,2019-05-16T10:21:24+01:00,tests/test_parallel.py,0,0,0,0
httpx,4fe6bc058aaef044b875320a0ad0ccf3576de775,2019-05-16T10:21:24+01:00,tests/models/test_url.py,46,0,0,6
httpx,4fe6bc058aaef044b875320a0ad0ccf3576de775,2019-05-16T10:21:24+01:00,tests/models/__init__.py,0,0,0,0
httpx,4fe6bc058aaef044b875320a0ad0ccf3576de775,2019-05-16T10:21:24+01:00,tests/models/test_cookies.py,0,0,0,100
httpx,4fe6bc058aaef044b875320a0ad0ccf3576de775,2019-05-16T10:21:24+01:00,tests/client/__init__.py,0,0,0,0
httpx,4fe6bc058aaef044b875320a0ad0ccf3576de775,2019-05-16T10:21:24+01:00,tests/test_timeouts.py,42,0,0,25
httpx,4fe6bc058aaef044b875320a0ad0ccf3576de775,2019-05-16T10:21:24+01:00,httpcore/dispatch/connection.py,106,0,0,30
httpx,4fe6bc058aaef044b875320a0ad0ccf3576de775,2019-05-16T10:21:24+01:00,httpcore/utils.py,42,0,0,11
httpx,4fe6bc058aaef044b875320a0ad0ccf3576de775,2019-05-16T10:21:24+01:00,httpcore/dispatch/connection_pool.py,167,0,0,32
httpx,4fe6bc058aaef044b875320a0ad0ccf3576de775,2019-05-16T10:21:24+01:00,httpcore/client.py,682,16,0,431
httpx,4fe6bc058aaef044b875320a0ad0ccf3576de775,2019-05-16T10:21:24+01:00,httpcore/models.py,839,2,0,575
httpx,4fe6bc058aaef044b875320a0ad0ccf3576de775,2019-05-16T10:21:24+01:00,tests/client/test_cookie_handling.py,0,0,0,146
httpx,4fe6bc058aaef044b875320a0ad0ccf3576de775,2019-05-16T10:21:24+01:00,httpcore/status_codes.py,3,0,0,130
httpx,4fe6bc058aaef044b875320a0ad0ccf3576de775,2019-05-16T10:21:24+01:00,tests/models/test_requests.py,122,0,0,10
httpx,4fe6bc058aaef044b875320a0ad0ccf3576de775,2019-05-16T10:21:24+01:00,httpcore/interfaces.py,134,0,0,32
httpx,4fe6bc058aaef044b875320a0ad0ccf3576de775,2019-05-16T10:21:24+01:00,tests/dispatch/utils.py,115,0,0,2
httpx,4fe6bc058aaef044b875320a0ad0ccf3576de775,2019-05-16T10:21:24+01:00,httpcore/dispatch/http11.py,142,2,0,33
httpx,feae0a895deea88726388a49e22d9e7536330edc,2019-05-17T12:51:00+01:00,httpcore/api.py,0,0,0,308
httpx,feae0a895deea88726388a49e22d9e7536330edc,2019-05-17T12:51:00+01:00,httpcore/__init__.py,27,0,0,17
httpx,feae0a895deea88726388a49e22d9e7536330edc,2019-05-17T12:51:00+01:00,tests/test_api.py,0,0,0,73
httpx,feae0a895deea88726388a49e22d9e7536330edc,2019-05-17T12:51:00+01:00,tests/client/test_async_client.py,126,0,0,8
httpx,feae0a895deea88726388a49e22d9e7536330edc,2019-05-17T12:51:00+01:00,tests/dispatch/test_connections.py,30,0,0,36
httpx,feae0a895deea88726388a49e22d9e7536330edc,2019-05-17T12:51:00+01:00,httpcore/config.py,180,0,0,52
httpx,feae0a895deea88726388a49e22d9e7536330edc,2019-05-17T12:51:00+01:00,tests/client/test_client.py,135,0,0,8
httpx,feae0a895deea88726388a49e22d9e7536330edc,2019-05-17T12:51:00+01:00,httpcore/concurrency.py,169,0,0,7
httpx,feae0a895deea88726388a49e22d9e7536330edc,2019-05-17T12:51:00+01:00,tests/test_config.py,96,0,0,10
httpx,feae0a895deea88726388a49e22d9e7536330edc,2019-05-17T12:51:00+01:00,httpcore/dispatch/http2.py,150,2,0,29
httpx,feae0a895deea88726388a49e22d9e7536330edc,2019-05-17T12:51:00+01:00,tests/client/test_auth.py,77,0,0,24
httpx,feae0a895deea88726388a49e22d9e7536330edc,2019-05-17T12:51:00+01:00,tests/client/test_redirects.py,244,0,0,19
httpx,feae0a895deea88726388a49e22d9e7536330edc,2019-05-17T12:51:00+01:00,httpcore/exceptions.py,128,0,0,6
httpx,feae0a895deea88726388a49e22d9e7536330edc,2019-05-17T12:51:00+01:00,tests/client/test_cookies.py,0,0,0,20
httpx,feae0a895deea88726388a49e22d9e7536330edc,2019-05-17T12:51:00+01:00,tests/test_parallel.py,0,0,0,0
httpx,feae0a895deea88726388a49e22d9e7536330edc,2019-05-17T12:51:00+01:00,tests/models/test_url.py,46,0,0,6
httpx,feae0a895deea88726388a49e22d9e7536330edc,2019-05-17T12:51:00+01:00,tests/models/__init__.py,0,0,0,0
httpx,feae0a895deea88726388a49e22d9e7536330edc,2019-05-17T12:51:00+01:00,tests/models/test_cookies.py,50,0,0,50
httpx,feae0a895deea88726388a49e22d9e7536330edc,2019-05-17T12:51:00+01:00,tests/client/__init__.py,0,0,0,0
httpx,feae0a895deea88726388a49e22d9e7536330edc,2019-05-17T12:51:00+01:00,tests/test_timeouts.py,53,0,0,2
httpx,feae0a895deea88726388a49e22d9e7536330edc,2019-05-17T12:51:00+01:00,httpcore/dispatch/connection.py,106,0,0,30
httpx,feae0a895deea88726388a49e22d9e7536330edc,2019-05-17T12:51:00+01:00,httpcore/utils.py,42,0,0,11
httpx,feae0a895deea88726388a49e22d9e7536330edc,2019-05-17T12:51:00+01:00,httpcore/dispatch/connection_pool.py,161,0,0,24
httpx,feae0a895deea88726388a49e22d9e7536330edc,2019-05-17T12:51:00+01:00,httpcore/client.py,739,18,0,330
httpx,feae0a895deea88726388a49e22d9e7536330edc,2019-05-17T12:51:00+01:00,httpcore/models.py,1043,2,0,277
httpx,feae0a895deea88726388a49e22d9e7536330edc,2019-05-17T12:51:00+01:00,tests/client/test_cookie_handling.py,126,0,0,126
httpx,feae0a895deea88726388a49e22d9e7536330edc,2019-05-17T12:51:00+01:00,httpcore/status_codes.py,3,0,0,130
httpx,feae0a895deea88726388a49e22d9e7536330edc,2019-05-17T12:51:00+01:00,tests/models/test_requests.py,122,0,0,10
httpx,feae0a895deea88726388a49e22d9e7536330edc,2019-05-17T12:51:00+01:00,httpcore/interfaces.py,134,0,0,32
httpx,feae0a895deea88726388a49e22d9e7536330edc,2019-05-17T12:51:00+01:00,tests/dispatch/utils.py,115,0,0,2
httpx,feae0a895deea88726388a49e22d9e7536330edc,2019-05-17T12:51:00+01:00,httpcore/dispatch/http11.py,135,2,0,24
httpx,c6287ed78241927264a5a0f0eedbf53637f22ba7,2019-05-17T13:06:26+01:00,httpcore/api.py,0,0,0,308
httpx,c6287ed78241927264a5a0f0eedbf53637f22ba7,2019-05-17T13:06:26+01:00,tests/client/test_cookies.py,0,0,0,20
httpx,c6287ed78241927264a5a0f0eedbf53637f22ba7,2019-05-17T13:06:26+01:00,tests/test_parallel.py,0,0,0,0
httpx,c6287ed78241927264a5a0f0eedbf53637f22ba7,2019-05-17T13:06:26+01:00,tests/models/test_url.py,46,0,0,6
httpx,c6287ed78241927264a5a0f0eedbf53637f22ba7,2019-05-17T13:06:26+01:00,httpcore/__init__.py,27,0,0,12
httpx,c6287ed78241927264a5a0f0eedbf53637f22ba7,2019-05-17T13:06:26+01:00,tests/test_api.py,0,0,0,73
httpx,c6287ed78241927264a5a0f0eedbf53637f22ba7,2019-05-17T13:06:26+01:00,tests/client/test_async_client.py,126,0,0,8
httpx,c6287ed78241927264a5a0f0eedbf53637f22ba7,2019-05-17T13:06:26+01:00,tests/models/__init__.py,0,0,0,0
httpx,c6287ed78241927264a5a0f0eedbf53637f22ba7,2019-05-17T13:06:26+01:00,tests/dispatch/test_connections.py,30,0,0,36
httpx,c6287ed78241927264a5a0f0eedbf53637f22ba7,2019-05-17T13:06:26+01:00,httpcore/config.py,180,0,0,52
httpx,c6287ed78241927264a5a0f0eedbf53637f22ba7,2019-05-17T13:06:26+01:00,tests/client/__init__.py,0,0,0,0
httpx,c6287ed78241927264a5a0f0eedbf53637f22ba7,2019-05-17T13:06:26+01:00,httpcore/dispatch/connection.py,106,0,0,30
httpx,c6287ed78241927264a5a0f0eedbf53637f22ba7,2019-05-17T13:06:26+01:00,httpcore/utils.py,42,0,0,11
httpx,c6287ed78241927264a5a0f0eedbf53637f22ba7,2019-05-17T13:06:26+01:00,httpcore/dispatch/connection_pool.py,161,0,0,24
httpx,c6287ed78241927264a5a0f0eedbf53637f22ba7,2019-05-17T13:06:26+01:00,tests/client/test_client.py,135,0,0,8
httpx,c6287ed78241927264a5a0f0eedbf53637f22ba7,2019-05-17T13:06:26+01:00,httpcore/client.py,743,18,0,267
httpx,c6287ed78241927264a5a0f0eedbf53637f22ba7,2019-05-17T13:06:26+01:00,httpcore/models.py,1043,2,0,73
httpx,c6287ed78241927264a5a0f0eedbf53637f22ba7,2019-05-17T13:06:26+01:00,httpcore/concurrency.py,169,0,0,7
httpx,c6287ed78241927264a5a0f0eedbf53637f22ba7,2019-05-17T13:06:26+01:00,tests/test_config.py,96,0,0,10
httpx,c6287ed78241927264a5a0f0eedbf53637f22ba7,2019-05-17T13:06:26+01:00,httpcore/dispatch/http2.py,150,2,0,29
httpx,c6287ed78241927264a5a0f0eedbf53637f22ba7,2019-05-17T13:06:26+01:00,tests/client/test_auth.py,77,0,0,24
httpx,c6287ed78241927264a5a0f0eedbf53637f22ba7,2019-05-17T13:06:26+01:00,httpcore/status_codes.py,3,0,0,130
httpx,c6287ed78241927264a5a0f0eedbf53637f22ba7,2019-05-17T13:06:26+01:00,tests/models/test_requests.py,122,0,0,10
httpx,c6287ed78241927264a5a0f0eedbf53637f22ba7,2019-05-17T13:06:26+01:00,httpcore/interfaces.py,132,0,0,32
httpx,c6287ed78241927264a5a0f0eedbf53637f22ba7,2019-05-17T13:06:26+01:00,tests/client/test_redirects.py,244,0,0,19
httpx,c6287ed78241927264a5a0f0eedbf53637f22ba7,2019-05-17T13:06:26+01:00,tests/dispatch/utils.py,115,0,0,2
httpx,c6287ed78241927264a5a0f0eedbf53637f22ba7,2019-05-17T13:06:26+01:00,httpcore/dispatch/http11.py,135,2,0,24
httpx,5a63d313f0838f81be28f04a2cdf63daadb039c5,2019-05-17T14:43:22+01:00,httpcore/api.py,0,0,0,308
httpx,5a63d313f0838f81be28f04a2cdf63daadb039c5,2019-05-17T14:43:22+01:00,tests/client/test_cookies.py,126,0,0,10
httpx,5a63d313f0838f81be28f04a2cdf63daadb039c5,2019-05-17T14:43:22+01:00,tests/test_parallel.py,0,0,0,0
httpx,5a63d313f0838f81be28f04a2cdf63daadb039c5,2019-05-17T14:43:22+01:00,httpcore/__init__.py,27,0,0,12
httpx,5a63d313f0838f81be28f04a2cdf63daadb039c5,2019-05-17T14:43:22+01:00,tests/test_api.py,0,0,0,73
httpx,5a63d313f0838f81be28f04a2cdf63daadb039c5,2019-05-17T14:43:22+01:00,tests/client/test_async_client.py,134,0,0,8
httpx,5a63d313f0838f81be28f04a2cdf63daadb039c5,2019-05-17T14:43:22+01:00,tests/dispatch/test_connections.py,30,0,0,36
httpx,5a63d313f0838f81be28f04a2cdf63daadb039c5,2019-05-17T14:43:22+01:00,httpcore/config.py,180,0,0,52
httpx,5a63d313f0838f81be28f04a2cdf63daadb039c5,2019-05-17T14:43:22+01:00,httpcore/dispatch/connection.py,106,0,0,30
httpx,5a63d313f0838f81be28f04a2cdf63daadb039c5,2019-05-17T14:43:22+01:00,httpcore/utils.py,42,0,0,11
httpx,5a63d313f0838f81be28f04a2cdf63daadb039c5,2019-05-17T14:43:22+01:00,httpcore/dispatch/connection_pool.py,161,0,0,24
httpx,5a63d313f0838f81be28f04a2cdf63daadb039c5,2019-05-17T14:43:22+01:00,tests/client/test_client.py,143,0,0,8
httpx,5a63d313f0838f81be28f04a2cdf63daadb039c5,2019-05-17T14:43:22+01:00,httpcore/client.py,763,17,0,209
httpx,5a63d313f0838f81be28f04a2cdf63daadb039c5,2019-05-17T14:43:22+01:00,httpcore/models.py,1055,2,0,54
httpx,5a63d313f0838f81be28f04a2cdf63daadb039c5,2019-05-17T14:43:22+01:00,httpcore/concurrency.py,169,0,0,7
httpx,5a63d313f0838f81be28f04a2cdf63daadb039c5,2019-05-17T14:43:22+01:00,tests/test_config.py,96,0,0,10
httpx,5a63d313f0838f81be28f04a2cdf63daadb039c5,2019-05-17T14:43:22+01:00,httpcore/dispatch/http2.py,150,2,0,29
httpx,5a63d313f0838f81be28f04a2cdf63daadb039c5,2019-05-17T14:43:22+01:00,tests/client/test_auth.py,71,0,0,10
httpx,5a63d313f0838f81be28f04a2cdf63daadb039c5,2019-05-17T14:43:22+01:00,httpcore/status_codes.py,3,0,0,130
httpx,5a63d313f0838f81be28f04a2cdf63daadb039c5,2019-05-17T14:43:22+01:00,tests/models/test_requests.py,122,0,0,10
httpx,5a63d313f0838f81be28f04a2cdf63daadb039c5,2019-05-17T14:43:22+01:00,httpcore/interfaces.py,132,0,0,26
httpx,5a63d313f0838f81be28f04a2cdf63daadb039c5,2019-05-17T14:43:22+01:00,tests/client/test_redirects.py,241,0,0,10
httpx,5a63d313f0838f81be28f04a2cdf63daadb039c5,2019-05-17T14:43:22+01:00,tests/dispatch/utils.py,115,0,0,2
httpx,5a63d313f0838f81be28f04a2cdf63daadb039c5,2019-05-17T14:43:22+01:00,httpcore/dispatch/http11.py,135,2,0,24
httpx,37da9ed26aebca9a05cfd10ed8946d0f27397cc3,2019-05-24T13:40:04+01:00,httpcore/api.py,254,8,0,0
httpx,37da9ed26aebca9a05cfd10ed8946d0f27397cc3,2019-05-24T13:40:04+01:00,httpcore/client.py,800,17,0,8
httpx,37da9ed26aebca9a05cfd10ed8946d0f27397cc3,2019-05-24T13:40:04+01:00,httpcore/models.py,1031,2,0,12
httpx,37da9ed26aebca9a05cfd10ed8946d0f27397cc3,2019-05-24T13:40:04+01:00,httpcore/dispatch/http2.py,147,2,0,4
httpx,37da9ed26aebca9a05cfd10ed8946d0f27397cc3,2019-05-24T13:40:04+01:00,httpcore/__init__.py,35,0,0,4
httpx,37da9ed26aebca9a05cfd10ed8946d0f27397cc3,2019-05-24T13:40:04+01:00,tests/models/test_requests.py,122,0,0,10
httpx,37da9ed26aebca9a05cfd10ed8946d0f27397cc3,2019-05-24T13:40:04+01:00,httpcore/interfaces.py,130,0,0,4
httpx,37da9ed26aebca9a05cfd10ed8946d0f27397cc3,2019-05-24T13:40:04+01:00,httpcore/dispatch/http11.py,132,2,0,3
httpx,76bc6c6dea6e93587213bc49d175b8011ef644ff,2019-05-28T14:39:57+01:00,httpcore/api.py,254,8,0,25
httpx,76bc6c6dea6e93587213bc49d175b8011ef644ff,2019-05-28T14:39:57+01:00,tests/client/test_cookies.py,128,0,0,17
httpx,76bc6c6dea6e93587213bc49d175b8011ef644ff,2019-05-28T14:39:57+01:00,httpcore/dispatch/threaded.py,0,0,0,97
httpx,76bc6c6dea6e93587213bc49d175b8011ef644ff,2019-05-28T14:39:57+01:00,httpcore/__init__.py,35,0,0,25
httpx,76bc6c6dea6e93587213bc49d175b8011ef644ff,2019-05-28T14:39:57+01:00,tests/test_api.py,73,0,0,12
httpx,76bc6c6dea6e93587213bc49d175b8011ef644ff,2019-05-28T14:39:57+01:00,tests/dispatch/test_connections.py,42,0,0,3
httpx,76bc6c6dea6e93587213bc49d175b8011ef644ff,2019-05-28T14:39:57+01:00,httpcore/dispatch/connection.py,112,0,0,19
httpx,76bc6c6dea6e93587213bc49d175b8011ef644ff,2019-05-28T14:39:57+01:00,tests/dispatch/test_threaded.py,0,0,0,100
httpx,76bc6c6dea6e93587213bc49d175b8011ef644ff,2019-05-28T14:39:57+01:00,httpcore/dispatch/connection_pool.py,165,0,0,13
httpx,76bc6c6dea6e93587213bc49d175b8011ef644ff,2019-05-28T14:39:57+01:00,tests/dispatch/test_connection_pools.py,126,0,0,17
httpx,76bc6c6dea6e93587213bc49d175b8011ef644ff,2019-05-28T14:39:57+01:00,httpcore/client.py,800,17,0,541
httpx,76bc6c6dea6e93587213bc49d175b8011ef644ff,2019-05-28T14:39:57+01:00,httpcore/models.py,1028,2,0,432
httpx,76bc6c6dea6e93587213bc49d175b8011ef644ff,2019-05-28T14:39:57+01:00,httpcore/concurrency.py,166,0,0,29
httpx,76bc6c6dea6e93587213bc49d175b8011ef644ff,2019-05-28T14:39:57+01:00,httpcore/dispatch/http2.py,149,2,0,20
httpx,76bc6c6dea6e93587213bc49d175b8011ef644ff,2019-05-28T14:39:57+01:00,tests/client/test_auth.py,73,0,0,15
httpx,76bc6c6dea6e93587213bc49d175b8011ef644ff,2019-05-28T14:39:57+01:00,tests/test_decoders.py,89,0,0,7
httpx,76bc6c6dea6e93587213bc49d175b8011ef644ff,2019-05-28T14:39:57+01:00,tests/models/test_requests.py,118,0,0,81
httpx,76bc6c6dea6e93587213bc49d175b8011ef644ff,2019-05-28T14:39:57+01:00,httpcore/interfaces.py,130,0,0,105
httpx,76bc6c6dea6e93587213bc49d175b8011ef644ff,2019-05-28T14:39:57+01:00,tests/client/test_redirects.py,243,0,0,37
httpx,76bc6c6dea6e93587213bc49d175b8011ef644ff,2019-05-28T14:39:57+01:00,tests/models/test_responses.py,196,0,0,90
httpx,76bc6c6dea6e93587213bc49d175b8011ef644ff,2019-05-28T14:39:57+01:00,httpcore/auth.py,38,0,0,6
httpx,76bc6c6dea6e93587213bc49d175b8011ef644ff,2019-05-28T14:39:57+01:00,httpcore/dispatch/http11.py,135,2,0,23
httpx,d21e3ab2f0432b1501f19aabe1fdbbac1c05494d,2019-06-17T14:51:40+01:00,http3/models.py,1147,18,0,41
httpx,d21e3ab2f0432b1501f19aabe1fdbbac1c05494d,2019-06-17T14:51:40+01:00,tests/conftest.py,111,0,0,2
httpx,d21e3ab2f0432b1501f19aabe1fdbbac1c05494d,2019-06-17T14:51:40+01:00,http3/status_codes.py,133,0,0,7
httpx,d21e3ab2f0432b1501f19aabe1fdbbac1c05494d,2019-06-17T14:51:40+01:00,http3/client.py,860,16,0,42
httpx,d21e3ab2f0432b1501f19aabe1fdbbac1c05494d,2019-06-17T14:51:40+01:00,http3/interfaces.py,209,0,0,22
httpx,d21e3ab2f0432b1501f19aabe1fdbbac1c05494d,2019-06-17T14:51:40+01:00,tests/test_status_codes.py,0,0,0,18
httpx,d21e3ab2f0432b1501f19aabe1fdbbac1c05494d,2019-06-17T14:51:40+01:00,tests/dispatch/utils.py,115,0,0,4
httpx,d21e3ab2f0432b1501f19aabe1fdbbac1c05494d,2019-06-17T14:51:40+01:00,tests/client/test_async_client.py,134,0,0,4
httpx,d21e3ab2f0432b1501f19aabe1fdbbac1c05494d,2019-06-17T14:51:40+01:00,http3/dispatch/connection.py,107,0,0,6
httpx,d21e3ab2f0432b1501f19aabe1fdbbac1c05494d,2019-06-17T14:51:40+01:00,tests/test_wsgi.py,0,0,0,95
httpx,d21e3ab2f0432b1501f19aabe1fdbbac1c05494d,2019-06-17T14:51:40+01:00,http3/multipart.py,100,0,0,10
httpx,d21e3ab2f0432b1501f19aabe1fdbbac1c05494d,2019-06-17T14:51:40+01:00,http3/concurrency.py,195,0,0,116
httpx,d21e3ab2f0432b1501f19aabe1fdbbac1c05494d,2019-06-17T14:51:40+01:00,tests/test_asgi.py,0,0,0,65
httpx,d21e3ab2f0432b1501f19aabe1fdbbac1c05494d,2019-06-17T14:51:40+01:00,http3/dispatch/http2.py,141,0,0,97
httpx,d21e3ab2f0432b1501f19aabe1fdbbac1c05494d,2019-06-17T14:51:40+01:00,tests/client/test_client.py,143,0,0,15
httpx,d21e3ab2f0432b1501f19aabe1fdbbac1c05494d,2019-06-17T14:51:40+01:00,http3/decoders.py,149,0,0,2
httpx,d21e3ab2f0432b1501f19aabe1fdbbac1c05494d,2019-06-17T14:51:40+01:00,http3/config.py,196,0,0,26
httpx,d21e3ab2f0432b1501f19aabe1fdbbac1c05494d,2019-06-17T14:51:40+01:00,http3/api.py,272,7,0,0
httpx,d21e3ab2f0432b1501f19aabe1fdbbac1c05494d,2019-06-17T14:51:40+01:00,http3/dispatch/wsgi.py,0,0,0,156
httpx,d21e3ab2f0432b1501f19aabe1fdbbac1c05494d,2019-06-17T14:51:40+01:00,http3/dispatch/asgi.py,0,0,0,203
httpx,d21e3ab2f0432b1501f19aabe1fdbbac1c05494d,2019-06-17T14:51:40+01:00,http3/dispatch/threaded.py,97,0,0,1
httpx,d21e3ab2f0432b1501f19aabe1fdbbac1c05494d,2019-06-17T14:51:40+01:00,tests/models/test_responses.py,252,0,0,4
httpx,d21e3ab2f0432b1501f19aabe1fdbbac1c05494d,2019-06-17T14:51:40+01:00,http3/dispatch/http11.py,127,0,0,167
httpx,d21e3ab2f0432b1501f19aabe1fdbbac1c05494d,2019-06-17T14:51:40+01:00,http3/__init__.py,52,0,0,18
httpx,0e8dae4815327462345e36326f218a36dc6aa3aa,2019-07-18T12:00:02+01:00,httpx/interfaces.py,0,0,0,3
httpx,0e8dae4815327462345e36326f218a36dc6aa3aa,2019-07-18T12:00:02+01:00,{http3 => httpx}/exceptions.py,0,0,0,0
httpx,0e8dae4815327462345e36326f218a36dc6aa3aa,2019-07-18T12:00:02+01:00,http3/client.py,895,18,0,0
httpx,0e8dae4815327462345e36326f218a36dc6aa3aa,2019-07-18T12:00:02+01:00,tests/test_api.py,91,0,0,22
httpx,0e8dae4815327462345e36326f218a36dc6aa3aa,2019-07-18T12:00:02+01:00,httpx/client.py,0,0,0,89
httpx,0e8dae4815327462345e36326f218a36dc6aa3aa,2019-07-18T12:00:02+01:00,tests/test_multipart.py,124,0,0,88
httpx,0e8dae4815327462345e36326f218a36dc6aa3aa,2019-07-18T12:00:02+01:00,httpx/dispatch/connection.py,0,0,0,7
httpx,0e8dae4815327462345e36326f218a36dc6aa3aa,2019-07-18T12:00:02+01:00,tests/models/test_queryparams.py,33,0,0,22
httpx,0e8dae4815327462345e36326f218a36dc6aa3aa,2019-07-18T12:00:02+01:00,httpx/api.py,0,0,0,16
httpx,0e8dae4815327462345e36326f218a36dc6aa3aa,2019-07-18T12:00:02+01:00,httpx/dispatch/http2.py,0,0,0,9
httpx,0e8dae4815327462345e36326f218a36dc6aa3aa,2019-07-18T12:00:02+01:00,httpx/dispatch/http11.py,0,0,0,13
httpx,0e8dae4815327462345e36326f218a36dc6aa3aa,2019-07-18T12:00:02+01:00,httpx/__version__.py,0,0,0,2
httpx,0e8dae4815327462345e36326f218a36dc6aa3aa,2019-07-18T12:00:02+01:00,tests/test_config.py,134,0,0,50
httpx,0e8dae4815327462345e36326f218a36dc6aa3aa,2019-07-18T12:00:02+01:00,tests/client/test_auth.py,69,0,0,27
httpx,0e8dae4815327462345e36326f218a36dc6aa3aa,2019-07-18T12:00:02+01:00,{http3 => httpx}/concurrency.py,0,0,0,0
httpx,0e8dae4815327462345e36326f218a36dc6aa3aa,2019-07-18T12:00:02+01:00,http3/api.py,272,7,0,0
httpx,0e8dae4815327462345e36326f218a36dc6aa3aa,2019-07-18T12:00:02+01:00,{http3 => httpx}/dispatch/connection.py,0,0,0,0
httpx,0e8dae4815327462345e36326f218a36dc6aa3aa,2019-07-18T12:00:02+01:00,{http3 => httpx}/decoders.py,0,0,0,0
httpx,0e8dae4815327462345e36326f218a36dc6aa3aa,2019-07-18T12:00:02+01:00,tests/test_utils.py,39,0,0,25
httpx,0e8dae4815327462345e36326f218a36dc6aa3aa,2019-07-18T12:00:02+01:00,tests/dispatch/test_http2.py,78,0,0,4
httpx,0e8dae4815327462345e36326f218a36dc6aa3aa,2019-07-18T12:00:02+01:00,{http3 => httpx}/config.py,0,0,0,2
httpx,0e8dae4815327462345e36326f218a36dc6aa3aa,2019-07-18T12:00:02+01:00,tests/models/test_headers.py,153,0,0,40
httpx,0e8dae4815327462345e36326f218a36dc6aa3aa,2019-07-18T12:00:02+01:00,{http3 => httpx}/dispatch/connection_pool.py,0,0,0,0
httpx,0e8dae4815327462345e36326f218a36dc6aa3aa,2019-07-18T12:00:02+01:00,httpx/utils.py,0,0,0,26
httpx,0e8dae4815327462345e36326f218a36dc6aa3aa,2019-07-18T12:00:02+01:00,httpx/dispatch/connection_pool.py,0,0,0,47
httpx,0e8dae4815327462345e36326f218a36dc6aa3aa,2019-07-18T12:00:02+01:00,tests/dispatch/test_threaded.py,98,0,0,2
httpx,0e8dae4815327462345e36326f218a36dc6aa3aa,2019-07-18T12:00:02+01:00,tests/client/test_headers.py,0,0,0,123
httpx,0e8dae4815327462345e36326f218a36dc6aa3aa,2019-07-18T12:00:02+01:00,{http3 => httpx}/models.py,0,0,0,0
httpx,0e8dae4815327462345e36326f218a36dc6aa3aa,2019-07-18T12:00:02+01:00,{http3 => httpx}/__version__.py,0,0,0,2
httpx,0e8dae4815327462345e36326f218a36dc6aa3aa,2019-07-18T12:00:02+01:00,{http3 => httpx}/client.py,0,0,0,0
httpx,0e8dae4815327462345e36326f218a36dc6aa3aa,2019-07-18T12:00:02+01:00,httpx/config.py,0,0,0,2
httpx,0e8dae4815327462345e36326f218a36dc6aa3aa,2019-07-18T12:00:02+01:00,httpx/decoders.py,0,0,0,16
httpx,0e8dae4815327462345e36326f218a36dc6aa3aa,2019-07-18T12:00:02+01:00,{http3 => httpx}/status_codes.py,0,0,0,0
httpx,0e8dae4815327462345e36326f218a36dc6aa3aa,2019-07-18T12:00:02+01:00,{http3 => httpx}/__init__.py,0,0,0,0
httpx,0e8dae4815327462345e36326f218a36dc6aa3aa,2019-07-18T12:00:02+01:00,tests/test_wsgi.py,95,0,0,10
httpx,0e8dae4815327462345e36326f218a36dc6aa3aa,2019-07-18T12:00:02+01:00,httpx/models.py,0,0,0,154
httpx,0e8dae4815327462345e36326f218a36dc6aa3aa,2019-07-18T12:00:02+01:00,{http3 => httpx}/utils.py,0,0,0,0
httpx,0e8dae4815327462345e36326f218a36dc6aa3aa,2019-07-18T12:00:02+01:00,tests/dispatch/test_connections.py,45,0,0,2
httpx,0e8dae4815327462345e36326f218a36dc6aa3aa,2019-07-18T12:00:02+01:00,tests/client/test_client.py,152,0,0,42
httpx,0e8dae4815327462345e36326f218a36dc6aa3aa,2019-07-18T12:00:02+01:00,{http3 => httpx}/dispatch/http2.py,0,0,0,0
httpx,0e8dae4815327462345e36326f218a36dc6aa3aa,2019-07-18T12:00:02+01:00,{http3 => httpx}/dispatch/__init__.py,0,0,0,0
httpx,0e8dae4815327462345e36326f218a36dc6aa3aa,2019-07-18T12:00:02+01:00,tests/test_decoders.py,88,0,0,20
httpx,0e8dae4815327462345e36326f218a36dc6aa3aa,2019-07-18T12:00:02+01:00,httpx/status_codes.py,0,0,0,4
httpx,0e8dae4815327462345e36326f218a36dc6aa3aa,2019-07-18T12:00:02+01:00,httpx/exceptions.py,0,0,0,7
httpx,0e8dae4815327462345e36326f218a36dc6aa3aa,2019-07-18T12:00:02+01:00,{http3 => httpx}/dispatch/threaded.py,0,0,0,0
httpx,0e8dae4815327462345e36326f218a36dc6aa3aa,2019-07-18T12:00:02+01:00,tests/client/test_redirects.py,252,0,0,2
httpx,0e8dae4815327462345e36326f218a36dc6aa3aa,2019-07-18T12:00:02+01:00,{http3 => httpx}/multipart.py,0,0,0,0
httpx,0e8dae4815327462345e36326f218a36dc6aa3aa,2019-07-18T12:00:02+01:00,http3/models.py,1168,20,0,0
httpx,0e8dae4815327462345e36326f218a36dc6aa3aa,2019-07-18T12:00:02+01:00,{http3 => httpx}/dispatch/asgi.py,0,0,0,6
httpx,0e8dae4815327462345e36326f218a36dc6aa3aa,2019-07-18T12:00:02+01:00,{http3 => httpx}/api.py,0,0,0,0
httpx,0e8dae4815327462345e36326f218a36dc6aa3aa,2019-07-18T12:00:02+01:00,tests/client/test_cookies.py,124,0,0,2
httpx,0e8dae4815327462345e36326f218a36dc6aa3aa,2019-07-18T12:00:02+01:00,tests/test_status_codes.py,18,0,0,12
httpx,0e8dae4815327462345e36326f218a36dc6aa3aa,2019-07-18T12:00:02+01:00,tests/models/test_url.py,44,0,0,172
httpx,0e8dae4815327462345e36326f218a36dc6aa3aa,2019-07-18T12:00:02+01:00,{http3 => httpx}/dispatch/wsgi.py,0,0,0,6
httpx,0e8dae4815327462345e36326f218a36dc6aa3aa,2019-07-18T12:00:02+01:00,httpx/__init__.py,0,0,0,2
httpx,0e8dae4815327462345e36326f218a36dc6aa3aa,2019-07-18T12:00:02+01:00,httpx/concurrency.py,0,0,0,3
httpx,0e8dae4815327462345e36326f218a36dc6aa3aa,2019-07-18T12:00:02+01:00,tests/models/test_cookies.py,50,0,0,2
httpx,0e8dae4815327462345e36326f218a36dc6aa3aa,2019-07-18T12:00:02+01:00,httpx/multipart.py,0,0,0,43
httpx,0e8dae4815327462345e36326f218a36dc6aa3aa,2019-07-18T12:00:02+01:00,http3/multipart.py,106,0,0,12
httpx,0e8dae4815327462345e36326f218a36dc6aa3aa,2019-07-18T12:00:02+01:00,tests/test_asgi.py,65,0,0,10
httpx,0e8dae4815327462345e36326f218a36dc6aa3aa,2019-07-18T12:00:02+01:00,tests/test_timeouts.py,53,0,0,2
httpx,0e8dae4815327462345e36326f218a36dc6aa3aa,2019-07-18T12:00:02+01:00,setup.py,70,0,0,10
httpx,0e8dae4815327462345e36326f218a36dc6aa3aa,2019-07-18T12:00:02+01:00,tests/dispatch/test_connection_pools.py,133,0,0,68
httpx,0e8dae4815327462345e36326f218a36dc6aa3aa,2019-07-18T12:00:02+01:00,{http3 => httpx}/dispatch/http11.py,0,0,0,0
httpx,0e8dae4815327462345e36326f218a36dc6aa3aa,2019-07-18T12:00:02+01:00,tests/models/test_requests.py,90,0,0,32
httpx,0e8dae4815327462345e36326f218a36dc6aa3aa,2019-07-18T12:00:02+01:00,{http3 => httpx}/auth.py,0,0,0,0
httpx,0e8dae4815327462345e36326f218a36dc6aa3aa,2019-07-18T12:00:02+01:00,{http3 => httpx}/interfaces.py,0,0,0,0
httpx,0e8dae4815327462345e36326f218a36dc6aa3aa,2019-07-18T12:00:02+01:00,tests/dispatch/utils.py,122,0,0,10
httpx,0e8dae4815327462345e36326f218a36dc6aa3aa,2019-07-18T12:00:02+01:00,tests/models/test_responses.py,290,0,0,74
httpx,0e8dae4815327462345e36326f218a36dc6aa3aa,2019-07-18T12:00:02+01:00,tests/client/test_async_client.py,134,0,0,32
httpx,9142a893ffa2d399add134a42cf72915fa92d0d2,2019-08-01T10:26:45+01:00,httpx/interfaces.py,230,0,0,14
httpx,9142a893ffa2d399add134a42cf72915fa92d0d2,2019-08-01T10:26:45+01:00,httpx/config.py,252,0,0,74
httpx,9142a893ffa2d399add134a42cf72915fa92d0d2,2019-08-01T10:26:45+01:00,httpx/decoders.py,155,0,0,67
httpx,9142a893ffa2d399add134a42cf72915fa92d0d2,2019-08-01T10:26:45+01:00,noxfile.py,0,0,0,94
httpx,9142a893ffa2d399add134a42cf72915fa92d0d2,2019-08-01T10:26:45+01:00,tests/models/test_url.py,178,0,0,9
httpx,9142a893ffa2d399add134a42cf72915fa92d0d2,2019-08-01T10:26:45+01:00,httpx/__init__.py,133,0,0,6
httpx,9142a893ffa2d399add134a42cf72915fa92d0d2,2019-08-01T10:26:45+01:00,httpx/client.py,960,18,0,56
httpx,9142a893ffa2d399add134a42cf72915fa92d0d2,2019-08-01T10:26:45+01:00,httpx/concurrency.py,274,0,0,2
httpx,9142a893ffa2d399add134a42cf72915fa92d0d2,2019-08-01T10:26:45+01:00,httpx/models.py,1170,20,0,80
httpx,9142a893ffa2d399add134a42cf72915fa92d0d2,2019-08-01T10:26:45+01:00,httpx/dispatch/connection.py,111,0,0,7
httpx,9142a893ffa2d399add134a42cf72915fa92d0d2,2019-08-01T10:26:45+01:00,httpx/dispatch/http2.py,177,0,0,2
httpx,9142a893ffa2d399add134a42cf72915fa92d0d2,2019-08-01T10:26:45+01:00,httpx/api.py,288,7,0,0
httpx,9142a893ffa2d399add134a42cf72915fa92d0d2,2019-08-01T10:26:45+01:00,httpx/multipart.py,121,0,0,5
httpx,9142a893ffa2d399add134a42cf72915fa92d0d2,2019-08-01T10:26:45+01:00,httpx/utils.py,92,0,0,38
httpx,9142a893ffa2d399add134a42cf72915fa92d0d2,2019-08-01T10:26:45+01:00,setup.py,70,0,0,13
httpx,9142a893ffa2d399add134a42cf72915fa92d0d2,2019-08-01T10:26:45+01:00,tests/client/test_client.py,160,0,0,12
httpx,9142a893ffa2d399add134a42cf72915fa92d0d2,2019-08-01T10:26:45+01:00,tests/client/test_headers.py,123,0,0,9
httpx,9142a893ffa2d399add134a42cf72915fa92d0d2,2019-08-01T10:26:45+01:00,httpx/dispatch/http11.py,187,0,0,2
httpx,9142a893ffa2d399add134a42cf72915fa92d0d2,2019-08-01T10:26:45+01:00,tests/test_config.py,134,0,0,57
httpx,9142a893ffa2d399add134a42cf72915fa92d0d2,2019-08-01T10:26:45+01:00,tests/test_decoders.py,88,0,0,65
httpx,9142a893ffa2d399add134a42cf72915fa92d0d2,2019-08-01T10:26:45+01:00,httpx/exceptions.py,128,0,0,56
httpx,9142a893ffa2d399add134a42cf72915fa92d0d2,2019-08-01T10:26:45+01:00,tests/client/test_redirects.py,252,0,0,21
httpx,9142a893ffa2d399add134a42cf72915fa92d0d2,2019-08-01T10:26:45+01:00,tests/dispatch/utils.py,122,0,0,2
httpx,9142a893ffa2d399add134a42cf72915fa92d0d2,2019-08-01T10:26:45+01:00,tests/models/test_responses.py,290,0,0,15
httpx,9142a893ffa2d399add134a42cf72915fa92d0d2,2019-08-01T10:26:45+01:00,tests/test_utils.py,60,0,0,8
httpx,9142a893ffa2d399add134a42cf72915fa92d0d2,2019-08-01T10:26:45+01:00,tests/client/test_async_client.py,134,0,0,3
httpx,79425b28d092a0e9d2577539a571467395b768c4,2019-08-19T16:12:00+01:00,httpx/interfaces.py,230,0,0,93
httpx,79425b28d092a0e9d2577539a571467395b768c4,2019-08-19T16:12:00+01:00,httpx/config.py,262,0,0,202
httpx,79425b28d092a0e9d2577539a571467395b768c4,2019-08-19T16:12:00+01:00,httpx/decoders.py,228,0,0,6
httpx,79425b28d092a0e9d2577539a571467395b768c4,2019-08-19T16:12:00+01:00,tests/test_concurrency.py,0,0,0,56
httpx,79425b28d092a0e9d2577539a571467395b768c4,2019-08-19T16:12:00+01:00,tests/test_api.py,91,0,0,46
httpx,79425b28d092a0e9d2577539a571467395b768c4,2019-08-19T16:12:00+01:00,httpx/client.py,983,18,0,291
httpx,79425b28d092a0e9d2577539a571467395b768c4,2019-08-19T16:12:00+01:00,httpx/dispatch/wsgi.py,164,0,0,12
httpx,79425b28d092a0e9d2577539a571467395b768c4,2019-08-19T16:12:00+01:00,httpx/models.py,1210,20,0,50
httpx,79425b28d092a0e9d2577539a571467395b768c4,2019-08-19T16:12:00+01:00,httpx/dispatch/connection.py,116,0,0,133
httpx,79425b28d092a0e9d2577539a571467395b768c4,2019-08-19T16:12:00+01:00,tests/dispatch/test_connections.py,45,0,0,88
httpx,79425b28d092a0e9d2577539a571467395b768c4,2019-08-19T16:12:00+01:00,httpx/dispatch/base.py,0,0,0,111
httpx,79425b28d092a0e9d2577539a571467395b768c4,2019-08-19T16:12:00+01:00,httpx/dispatch/http2.py,177,0,0,57
httpx,79425b28d092a0e9d2577539a571467395b768c4,2019-08-19T16:12:00+01:00,httpx/api.py,288,7,0,3
httpx,79425b28d092a0e9d2577539a571467395b768c4,2019-08-19T16:12:00+01:00,tests/test_multipart.py,143,0,0,4
httpx,79425b28d092a0e9d2577539a571467395b768c4,2019-08-19T16:12:00+01:00,httpx/concurrency/base.py,0,0,0,58
httpx,79425b28d092a0e9d2577539a571467395b768c4,2019-08-19T16:12:00+01:00,tests/client/test_client.py,176,0,0,69
httpx,79425b28d092a0e9d2577539a571467395b768c4,2019-08-19T16:12:00+01:00,httpx/concurrency/__init__.py,0,0,0,0
httpx,79425b28d092a0e9d2577539a571467395b768c4,2019-08-19T16:12:00+01:00,httpx/dispatch/http11.py,188,0,0,48
httpx,79425b28d092a0e9d2577539a571467395b768c4,2019-08-19T16:12:00+01:00,tests/test_config.py,133,0,0,71
httpx,79425b28d092a0e9d2577539a571467395b768c4,2019-08-19T16:12:00+01:00,httpx/__version__.py,3,0,0,2
httpx,79425b28d092a0e9d2577539a571467395b768c4,2019-08-19T16:12:00+01:00,tests/test_decoders.py,171,0,0,24
httpx,79425b28d092a0e9d2577539a571467395b768c4,2019-08-19T16:12:00+01:00,tests/client/test_auth.py,102,0,0,31
httpx,79425b28d092a0e9d2577539a571467395b768c4,2019-08-19T16:12:00+01:00,httpx/status_codes.py,135,0,0,2
httpx,79425b28d092a0e9d2577539a571467395b768c4,2019-08-19T16:12:00+01:00,httpx/exceptions.py,144,0,0,6
httpx,79425b28d092a0e9d2577539a571467395b768c4,2019-08-19T16:12:00+01:00,tests/client/test_redirects.py,273,0,0,106
httpx,79425b28d092a0e9d2577539a571467395b768c4,2019-08-19T16:12:00+01:00,tests/test_utils.py,89,0,0,26
httpx,79425b28d092a0e9d2577539a571467395b768c4,2019-08-19T16:12:00+01:00,tests/dispatch/test_http2.py,78,0,0,91
httpx,79425b28d092a0e9d2577539a571467395b768c4,2019-08-19T16:12:00+01:00,tests/conftest.py,152,0,0,151
httpx,79425b28d092a0e9d2577539a571467395b768c4,2019-08-19T16:12:00+01:00,noxfile.py,40,0,0,5
httpx,79425b28d092a0e9d2577539a571467395b768c4,2019-08-19T16:12:00+01:00,httpx/dispatch/asgi.py,196,0,0,74
httpx,79425b28d092a0e9d2577539a571467395b768c4,2019-08-19T16:12:00+01:00,tests/client/test_cookies.py,124,0,0,40
httpx,79425b28d092a0e9d2577539a571467395b768c4,2019-08-19T16:12:00+01:00,httpx/auth.py,38,0,0,38
httpx,79425b28d092a0e9d2577539a571467395b768c4,2019-08-19T16:12:00+01:00,httpx/__init__.py,135,0,0,39
httpx,79425b28d092a0e9d2577539a571467395b768c4,2019-08-19T16:12:00+01:00,httpx/concurrency.py,274,0,0,6
httpx,79425b28d092a0e9d2577539a571467395b768c4,2019-08-19T16:12:00+01:00,tests/client/test_properties.py,0,0,0,17
httpx,79425b28d092a0e9d2577539a571467395b768c4,2019-08-19T16:12:00+01:00,tests/test_timeouts.py,53,0,0,34
httpx,79425b28d092a0e9d2577539a571467395b768c4,2019-08-19T16:12:00+01:00,httpx/utils.py,142,0,0,29
httpx,79425b28d092a0e9d2577539a571467395b768c4,2019-08-19T16:12:00+01:00,tests/test_asgi.py,65,0,0,50
httpx,79425b28d092a0e9d2577539a571467395b768c4,2019-08-19T16:12:00+01:00,httpx/dispatch/connection_pool.py,164,0,0,37
httpx,79425b28d092a0e9d2577539a571467395b768c4,2019-08-19T16:12:00+01:00,tests/dispatch/test_threaded.py,98,0,0,32
httpx,79425b28d092a0e9d2577539a571467395b768c4,2019-08-19T16:12:00+01:00,setup.py,73,0,0,2
httpx,79425b28d092a0e9d2577539a571467395b768c4,2019-08-19T16:12:00+01:00,tests/dispatch/test_connection_pools.py,191,0,0,104
httpx,79425b28d092a0e9d2577539a571467395b768c4,2019-08-19T16:12:00+01:00,tests/client/test_headers.py,124,0,0,4
httpx,79425b28d092a0e9d2577539a571467395b768c4,2019-08-19T16:12:00+01:00,tests/concurrency.py,0,0,0,19
httpx,79425b28d092a0e9d2577539a571467395b768c4,2019-08-19T16:12:00+01:00,httpx/dispatch/threaded.py,96,0,0,15
httpx,79425b28d092a0e9d2577539a571467395b768c4,2019-08-19T16:12:00+01:00,tests/dispatch/utils.py,122,0,0,66
httpx,79425b28d092a0e9d2577539a571467395b768c4,2019-08-19T16:12:00+01:00,httpx/concurrency/asyncio.py,0,0,0,167
httpx,79425b28d092a0e9d2577539a571467395b768c4,2019-08-19T16:12:00+01:00,httpx/middleware.py,0,0,0,160
httpx,79425b28d092a0e9d2577539a571467395b768c4,2019-08-19T16:12:00+01:00,tests/client/test_async_client.py,135,0,0,116
httpx,fc27fd253063fa54647823d78e9ea26fad3ba8e9,2019-08-20T12:33:28+01:00,httpx/interfaces.py,230,0,0,85
httpx,fc27fd253063fa54647823d78e9ea26fad3ba8e9,2019-08-20T12:33:28+01:00,httpx/config.py,302,0,0,85
httpx,fc27fd253063fa54647823d78e9ea26fad3ba8e9,2019-08-20T12:33:28+01:00,tests/test_concurrency.py,0,0,0,56
httpx,fc27fd253063fa54647823d78e9ea26fad3ba8e9,2019-08-20T12:33:28+01:00,tests/test_api.py,91,0,0,46
httpx,fc27fd253063fa54647823d78e9ea26fad3ba8e9,2019-08-20T12:33:28+01:00,httpx/client.py,983,18,0,289
httpx,fc27fd253063fa54647823d78e9ea26fad3ba8e9,2019-08-20T12:33:28+01:00,httpx/dispatch/wsgi.py,164,0,0,12
httpx,fc27fd253063fa54647823d78e9ea26fad3ba8e9,2019-08-20T12:33:28+01:00,httpx/models.py,1220,20,0,34
httpx,fc27fd253063fa54647823d78e9ea26fad3ba8e9,2019-08-20T12:33:28+01:00,httpx/dispatch/connection.py,126,0,0,81
httpx,fc27fd253063fa54647823d78e9ea26fad3ba8e9,2019-08-20T12:33:28+01:00,tests/dispatch/test_connections.py,45,0,0,88
httpx,fc27fd253063fa54647823d78e9ea26fad3ba8e9,2019-08-20T12:33:28+01:00,httpx/dispatch/base.py,0,0,0,111
httpx,fc27fd253063fa54647823d78e9ea26fad3ba8e9,2019-08-20T12:33:28+01:00,httpx/dispatch/http2.py,177,0,0,55
httpx,fc27fd253063fa54647823d78e9ea26fad3ba8e9,2019-08-20T12:33:28+01:00,httpx/api.py,288,7,0,3
httpx,fc27fd253063fa54647823d78e9ea26fad3ba8e9,2019-08-20T12:33:28+01:00,tests/test_multipart.py,143,0,0,4
httpx,fc27fd253063fa54647823d78e9ea26fad3ba8e9,2019-08-20T12:33:28+01:00,httpx/concurrency/base.py,0,0,0,58
httpx,fc27fd253063fa54647823d78e9ea26fad3ba8e9,2019-08-20T12:33:28+01:00,tests/client/test_client.py,176,0,0,69
httpx,fc27fd253063fa54647823d78e9ea26fad3ba8e9,2019-08-20T12:33:28+01:00,httpx/dispatch/http11.py,188,0,0,46
httpx,fc27fd253063fa54647823d78e9ea26fad3ba8e9,2019-08-20T12:33:28+01:00,tests/test_config.py,163,0,0,71
httpx,fc27fd253063fa54647823d78e9ea26fad3ba8e9,2019-08-20T12:33:28+01:00,httpx/__version__.py,3,0,0,2
httpx,fc27fd253063fa54647823d78e9ea26fad3ba8e9,2019-08-20T12:33:28+01:00,tests/client/test_auth.py,120,0,0,13
httpx,fc27fd253063fa54647823d78e9ea26fad3ba8e9,2019-08-20T12:33:28+01:00,httpx/status_codes.py,135,0,0,2
httpx,fc27fd253063fa54647823d78e9ea26fad3ba8e9,2019-08-20T12:33:28+01:00,httpx/exceptions.py,144,0,0,6
httpx,fc27fd253063fa54647823d78e9ea26fad3ba8e9,2019-08-20T12:33:28+01:00,tests/client/test_redirects.py,273,0,0,106
httpx,fc27fd253063fa54647823d78e9ea26fad3ba8e9,2019-08-20T12:33:28+01:00,tests/test_utils.py,89,0,0,26
httpx,fc27fd253063fa54647823d78e9ea26fad3ba8e9,2019-08-20T12:33:28+01:00,tests/dispatch/test_http2.py,78,0,0,91
httpx,fc27fd253063fa54647823d78e9ea26fad3ba8e9,2019-08-20T12:33:28+01:00,tests/conftest.py,152,0,0,175
httpx,fc27fd253063fa54647823d78e9ea26fad3ba8e9,2019-08-20T12:33:28+01:00,noxfile.py,40,0,0,5
httpx,fc27fd253063fa54647823d78e9ea26fad3ba8e9,2019-08-20T12:33:28+01:00,httpx/dispatch/asgi.py,194,0,0,52
httpx,fc27fd253063fa54647823d78e9ea26fad3ba8e9,2019-08-20T12:33:28+01:00,tests/client/test_cookies.py,124,0,0,40
httpx,fc27fd253063fa54647823d78e9ea26fad3ba8e9,2019-08-20T12:33:28+01:00,httpx/auth.py,38,0,0,38
httpx,fc27fd253063fa54647823d78e9ea26fad3ba8e9,2019-08-20T12:33:28+01:00,httpx/__init__.py,137,0,0,31
httpx,fc27fd253063fa54647823d78e9ea26fad3ba8e9,2019-08-20T12:33:28+01:00,tests/client/test_properties.py,0,0,0,17
httpx,fc27fd253063fa54647823d78e9ea26fad3ba8e9,2019-08-20T12:33:28+01:00,tests/test_timeouts.py,53,0,0,34
httpx,fc27fd253063fa54647823d78e9ea26fad3ba8e9,2019-08-20T12:33:28+01:00,httpx/utils.py,142,0,0,29
httpx,fc27fd253063fa54647823d78e9ea26fad3ba8e9,2019-08-20T12:33:28+01:00,tests/test_asgi.py,65,0,0,50
httpx,fc27fd253063fa54647823d78e9ea26fad3ba8e9,2019-08-20T12:33:28+01:00,httpx/dispatch/connection_pool.py,164,0,0,35
httpx,fc27fd253063fa54647823d78e9ea26fad3ba8e9,2019-08-20T12:33:28+01:00,tests/dispatch/test_threaded.py,98,0,0,32
httpx,fc27fd253063fa54647823d78e9ea26fad3ba8e9,2019-08-20T12:33:28+01:00,setup.py,73,0,0,2
httpx,fc27fd253063fa54647823d78e9ea26fad3ba8e9,2019-08-20T12:33:28+01:00,tests/dispatch/test_connection_pools.py,191,0,0,104
httpx,fc27fd253063fa54647823d78e9ea26fad3ba8e9,2019-08-20T12:33:28+01:00,tests/client/test_headers.py,124,0,0,4
httpx,fc27fd253063fa54647823d78e9ea26fad3ba8e9,2019-08-20T12:33:28+01:00,tests/concurrency.py,0,0,0,19
httpx,fc27fd253063fa54647823d78e9ea26fad3ba8e9,2019-08-20T12:33:28+01:00,httpx/dispatch/threaded.py,96,0,0,15
httpx,fc27fd253063fa54647823d78e9ea26fad3ba8e9,2019-08-20T12:33:28+01:00,tests/dispatch/utils.py,123,0,0,59
httpx,fc27fd253063fa54647823d78e9ea26fad3ba8e9,2019-08-20T12:33:28+01:00,httpx/concurrency/asyncio.py,0,0,0,167
httpx,fc27fd253063fa54647823d78e9ea26fad3ba8e9,2019-08-20T12:33:28+01:00,httpx/middleware.py,0,0,0,160
httpx,fc27fd253063fa54647823d78e9ea26fad3ba8e9,2019-08-20T12:33:28+01:00,tests/client/test_async_client.py,135,0,0,116
httpx,7408c443f5985ce0b15b71fc27f36e1f1f88ac16,2019-08-20T14:30:23+01:00,httpx/interfaces.py,224,0,0,16
httpx,7408c443f5985ce0b15b71fc27f36e1f1f88ac16,2019-08-20T14:30:23+01:00,httpx/config.py,262,0,0,25
httpx,7408c443f5985ce0b15b71fc27f36e1f1f88ac16,2019-08-20T14:30:23+01:00,tests/test_concurrency.py,0,0,0,56
httpx,7408c443f5985ce0b15b71fc27f36e1f1f88ac16,2019-08-20T14:30:23+01:00,tests/test_api.py,91,0,0,46
httpx,7408c443f5985ce0b15b71fc27f36e1f1f88ac16,2019-08-20T14:30:23+01:00,httpx/client.py,983,18,0,286
httpx,7408c443f5985ce0b15b71fc27f36e1f1f88ac16,2019-08-20T14:30:23+01:00,httpx/dispatch/wsgi.py,164,0,0,6
httpx,7408c443f5985ce0b15b71fc27f36e1f1f88ac16,2019-08-20T14:30:23+01:00,httpx/models.py,1220,20,0,34
httpx,7408c443f5985ce0b15b71fc27f36e1f1f88ac16,2019-08-20T14:30:23+01:00,httpx/dispatch/connection.py,117,0,0,33
httpx,7408c443f5985ce0b15b71fc27f36e1f1f88ac16,2019-08-20T14:30:23+01:00,tests/dispatch/test_connections.py,45,0,0,88
httpx,7408c443f5985ce0b15b71fc27f36e1f1f88ac16,2019-08-20T14:30:23+01:00,httpx/dispatch/base.py,0,0,0,111
httpx,7408c443f5985ce0b15b71fc27f36e1f1f88ac16,2019-08-20T14:30:23+01:00,httpx/dispatch/http2.py,177,0,0,55
httpx,7408c443f5985ce0b15b71fc27f36e1f1f88ac16,2019-08-20T14:30:23+01:00,httpx/api.py,288,7,0,2
httpx,7408c443f5985ce0b15b71fc27f36e1f1f88ac16,2019-08-20T14:30:23+01:00,httpx/concurrency/base.py,0,0,0,58
httpx,7408c443f5985ce0b15b71fc27f36e1f1f88ac16,2019-08-20T14:30:23+01:00,tests/client/test_client.py,176,0,0,69
httpx,7408c443f5985ce0b15b71fc27f36e1f1f88ac16,2019-08-20T14:30:23+01:00,httpx/dispatch/http11.py,188,0,0,46
httpx,7408c443f5985ce0b15b71fc27f36e1f1f88ac16,2019-08-20T14:30:23+01:00,tests/test_config.py,133,0,0,41
httpx,7408c443f5985ce0b15b71fc27f36e1f1f88ac16,2019-08-20T14:30:23+01:00,httpx/__version__.py,3,0,0,2
httpx,7408c443f5985ce0b15b71fc27f36e1f1f88ac16,2019-08-20T14:30:23+01:00,tests/client/test_auth.py,120,0,0,9
httpx,7408c443f5985ce0b15b71fc27f36e1f1f88ac16,2019-08-20T14:30:23+01:00,httpx/status_codes.py,135,0,0,2
httpx,7408c443f5985ce0b15b71fc27f36e1f1f88ac16,2019-08-20T14:30:23+01:00,httpx/exceptions.py,144,0,0,6
httpx,7408c443f5985ce0b15b71fc27f36e1f1f88ac16,2019-08-20T14:30:23+01:00,tests/client/test_redirects.py,273,0,0,102
httpx,7408c443f5985ce0b15b71fc27f36e1f1f88ac16,2019-08-20T14:30:23+01:00,tests/test_utils.py,89,0,0,26
httpx,7408c443f5985ce0b15b71fc27f36e1f1f88ac16,2019-08-20T14:30:23+01:00,tests/dispatch/test_http2.py,78,0,0,91
httpx,7408c443f5985ce0b15b71fc27f36e1f1f88ac16,2019-08-20T14:30:23+01:00,tests/conftest.py,152,0,0,175
httpx,7408c443f5985ce0b15b71fc27f36e1f1f88ac16,2019-08-20T14:30:23+01:00,noxfile.py,40,0,0,5
httpx,7408c443f5985ce0b15b71fc27f36e1f1f88ac16,2019-08-20T14:30:23+01:00,httpx/dispatch/asgi.py,194,0,0,46
httpx,7408c443f5985ce0b15b71fc27f36e1f1f88ac16,2019-08-20T14:30:23+01:00,tests/client/test_cookies.py,124,0,0,36
httpx,7408c443f5985ce0b15b71fc27f36e1f1f88ac16,2019-08-20T14:30:23+01:00,httpx/auth.py,38,0,0,38
httpx,7408c443f5985ce0b15b71fc27f36e1f1f88ac16,2019-08-20T14:30:23+01:00,httpx/__init__.py,133,0,0,25
httpx,7408c443f5985ce0b15b71fc27f36e1f1f88ac16,2019-08-20T14:30:23+01:00,tests/client/test_properties.py,0,0,0,17
httpx,7408c443f5985ce0b15b71fc27f36e1f1f88ac16,2019-08-20T14:30:23+01:00,tests/test_timeouts.py,53,0,0,34
httpx,7408c443f5985ce0b15b71fc27f36e1f1f88ac16,2019-08-20T14:30:23+01:00,httpx/utils.py,142,0,0,29
httpx,7408c443f5985ce0b15b71fc27f36e1f1f88ac16,2019-08-20T14:30:23+01:00,tests/test_asgi.py,65,0,0,50
httpx,7408c443f5985ce0b15b71fc27f36e1f1f88ac16,2019-08-20T14:30:23+01:00,httpx/dispatch/connection_pool.py,164,0,0,17
httpx,7408c443f5985ce0b15b71fc27f36e1f1f88ac16,2019-08-20T14:30:23+01:00,tests/dispatch/test_threaded.py,98,0,0,28
httpx,7408c443f5985ce0b15b71fc27f36e1f1f88ac16,2019-08-20T14:30:23+01:00,setup.py,73,0,0,2
httpx,7408c443f5985ce0b15b71fc27f36e1f1f88ac16,2019-08-20T14:30:23+01:00,tests/dispatch/test_connection_pools.py,191,0,0,104
httpx,7408c443f5985ce0b15b71fc27f36e1f1f88ac16,2019-08-20T14:30:23+01:00,tests/concurrency.py,0,0,0,19
httpx,7408c443f5985ce0b15b71fc27f36e1f1f88ac16,2019-08-20T14:30:23+01:00,httpx/dispatch/threaded.py,96,0,0,7
httpx,7408c443f5985ce0b15b71fc27f36e1f1f88ac16,2019-08-20T14:30:23+01:00,tests/dispatch/utils.py,115,0,0,41
httpx,7408c443f5985ce0b15b71fc27f36e1f1f88ac16,2019-08-20T14:30:23+01:00,httpx/concurrency/asyncio.py,273,0,0,158
httpx,7408c443f5985ce0b15b71fc27f36e1f1f88ac16,2019-08-20T14:30:23+01:00,httpx/middleware.py,0,0,0,160
httpx,7408c443f5985ce0b15b71fc27f36e1f1f88ac16,2019-08-20T14:30:23+01:00,tests/client/test_async_client.py,135,0,0,116
httpx,c1ec1c33cddc683101ffb046dfb418a9a62cf12b,2019-08-20T15:15:38+01:00,httpx/interfaces.py,230,0,0,15
httpx,c1ec1c33cddc683101ffb046dfb418a9a62cf12b,2019-08-20T15:15:38+01:00,httpx/config.py,262,0,0,25
httpx,c1ec1c33cddc683101ffb046dfb418a9a62cf12b,2019-08-20T15:15:38+01:00,tests/test_concurrency.py,0,0,0,56
httpx,c1ec1c33cddc683101ffb046dfb418a9a62cf12b,2019-08-20T15:15:38+01:00,tests/test_api.py,91,0,0,46
httpx,c1ec1c33cddc683101ffb046dfb418a9a62cf12b,2019-08-20T15:15:38+01:00,httpx/client.py,983,18,0,286
httpx,c1ec1c33cddc683101ffb046dfb418a9a62cf12b,2019-08-20T15:15:38+01:00,httpx/dispatch/wsgi.py,164,0,0,6
httpx,c1ec1c33cddc683101ffb046dfb418a9a62cf12b,2019-08-20T15:15:38+01:00,httpx/models.py,1220,20,0,34
httpx,c1ec1c33cddc683101ffb046dfb418a9a62cf12b,2019-08-20T15:15:38+01:00,httpx/dispatch/connection.py,116,0,0,33
httpx,c1ec1c33cddc683101ffb046dfb418a9a62cf12b,2019-08-20T15:15:38+01:00,tests/dispatch/test_connections.py,45,0,0,88
httpx,c1ec1c33cddc683101ffb046dfb418a9a62cf12b,2019-08-20T15:15:38+01:00,httpx/dispatch/base.py,0,0,0,111
httpx,c1ec1c33cddc683101ffb046dfb418a9a62cf12b,2019-08-20T15:15:38+01:00,httpx/dispatch/http2.py,177,0,0,55
httpx,c1ec1c33cddc683101ffb046dfb418a9a62cf12b,2019-08-20T15:15:38+01:00,httpx/api.py,288,7,0,2
httpx,c1ec1c33cddc683101ffb046dfb418a9a62cf12b,2019-08-20T15:15:38+01:00,httpx/concurrency/base.py,0,0,0,58
httpx,c1ec1c33cddc683101ffb046dfb418a9a62cf12b,2019-08-20T15:15:38+01:00,tests/client/test_client.py,176,0,0,69
httpx,c1ec1c33cddc683101ffb046dfb418a9a62cf12b,2019-08-20T15:15:38+01:00,httpx/dispatch/http11.py,188,0,0,46
httpx,c1ec1c33cddc683101ffb046dfb418a9a62cf12b,2019-08-20T15:15:38+01:00,tests/test_config.py,133,0,0,41
httpx,c1ec1c33cddc683101ffb046dfb418a9a62cf12b,2019-08-20T15:15:38+01:00,httpx/__version__.py,3,0,0,2
httpx,c1ec1c33cddc683101ffb046dfb418a9a62cf12b,2019-08-20T15:15:38+01:00,tests/client/test_auth.py,120,0,0,9
httpx,c1ec1c33cddc683101ffb046dfb418a9a62cf12b,2019-08-20T15:15:38+01:00,httpx/status_codes.py,135,0,0,2
httpx,c1ec1c33cddc683101ffb046dfb418a9a62cf12b,2019-08-20T15:15:38+01:00,httpx/exceptions.py,144,0,0,6
httpx,c1ec1c33cddc683101ffb046dfb418a9a62cf12b,2019-08-20T15:15:38+01:00,tests/client/test_redirects.py,273,0,0,102
httpx,c1ec1c33cddc683101ffb046dfb418a9a62cf12b,2019-08-20T15:15:38+01:00,tests/test_utils.py,89,0,0,26
httpx,c1ec1c33cddc683101ffb046dfb418a9a62cf12b,2019-08-20T15:15:38+01:00,tests/dispatch/test_http2.py,78,0,0,91
httpx,c1ec1c33cddc683101ffb046dfb418a9a62cf12b,2019-08-20T15:15:38+01:00,tests/conftest.py,152,0,0,175
httpx,c1ec1c33cddc683101ffb046dfb418a9a62cf12b,2019-08-20T15:15:38+01:00,noxfile.py,40,0,0,5
httpx,c1ec1c33cddc683101ffb046dfb418a9a62cf12b,2019-08-20T15:15:38+01:00,httpx/dispatch/asgi.py,194,0,0,46
httpx,c1ec1c33cddc683101ffb046dfb418a9a62cf12b,2019-08-20T15:15:38+01:00,example.py,0,0,0,17
httpx,c1ec1c33cddc683101ffb046dfb418a9a62cf12b,2019-08-20T15:15:38+01:00,tests/client/test_cookies.py,124,0,0,36
httpx,c1ec1c33cddc683101ffb046dfb418a9a62cf12b,2019-08-20T15:15:38+01:00,httpx/auth.py,38,0,0,38
httpx,c1ec1c33cddc683101ffb046dfb418a9a62cf12b,2019-08-20T15:15:38+01:00,httpx/__init__.py,135,0,0,25
httpx,c1ec1c33cddc683101ffb046dfb418a9a62cf12b,2019-08-20T15:15:38+01:00,tests/client/test_properties.py,0,0,0,17
httpx,c1ec1c33cddc683101ffb046dfb418a9a62cf12b,2019-08-20T15:15:38+01:00,tests/test_timeouts.py,53,0,0,34
httpx,c1ec1c33cddc683101ffb046dfb418a9a62cf12b,2019-08-20T15:15:38+01:00,httpx/utils.py,142,0,0,29
httpx,c1ec1c33cddc683101ffb046dfb418a9a62cf12b,2019-08-20T15:15:38+01:00,tests/test_asgi.py,65,0,0,50
httpx,c1ec1c33cddc683101ffb046dfb418a9a62cf12b,2019-08-20T15:15:38+01:00,httpx/dispatch/connection_pool.py,164,0,0,17
httpx,c1ec1c33cddc683101ffb046dfb418a9a62cf12b,2019-08-20T15:15:38+01:00,tests/dispatch/test_threaded.py,98,0,0,28
httpx,c1ec1c33cddc683101ffb046dfb418a9a62cf12b,2019-08-20T15:15:38+01:00,setup.py,73,0,0,2
httpx,c1ec1c33cddc683101ffb046dfb418a9a62cf12b,2019-08-20T15:15:38+01:00,tests/dispatch/test_connection_pools.py,191,0,0,104
httpx,c1ec1c33cddc683101ffb046dfb418a9a62cf12b,2019-08-20T15:15:38+01:00,tests/concurrency.py,0,0,0,19
httpx,c1ec1c33cddc683101ffb046dfb418a9a62cf12b,2019-08-20T15:15:38+01:00,httpx/dispatch/threaded.py,96,0,0,7
httpx,c1ec1c33cddc683101ffb046dfb418a9a62cf12b,2019-08-20T15:15:38+01:00,tests/dispatch/utils.py,122,0,0,41
httpx,c1ec1c33cddc683101ffb046dfb418a9a62cf12b,2019-08-20T15:15:38+01:00,httpx/concurrency/asyncio.py,274,0,0,158
httpx,c1ec1c33cddc683101ffb046dfb418a9a62cf12b,2019-08-20T15:15:38+01:00,httpx/middleware.py,0,0,0,181
httpx,c1ec1c33cddc683101ffb046dfb418a9a62cf12b,2019-08-20T15:15:38+01:00,tests/client/test_async_client.py,135,0,0,116
httpx,3674058ff74f43b127b97900a9f0b93a5a4b7953,2019-08-25T20:25:18+02:00,httpx/config.py,323,0,0,17
httpx,3674058ff74f43b127b97900a9f0b93a5a4b7953,2019-08-25T20:25:18+02:00,tests/test_concurrency.py,31,0,0,25
httpx,3674058ff74f43b127b97900a9f0b93a5a4b7953,2019-08-25T20:25:18+02:00,tests/test_api.py,91,0,0,46
httpx,3674058ff74f43b127b97900a9f0b93a5a4b7953,2019-08-25T20:25:18+02:00,httpx/client.py,992,18,0,387
httpx,3674058ff74f43b127b97900a9f0b93a5a4b7953,2019-08-25T20:25:18+02:00,httpx/models.py,1220,20,0,25
httpx,3674058ff74f43b127b97900a9f0b93a5a4b7953,2019-08-25T20:25:18+02:00,httpx/dispatch/connection.py,127,0,0,14
httpx,3674058ff74f43b127b97900a9f0b93a5a4b7953,2019-08-25T20:25:18+02:00,tests/dispatch/test_connections.py,41,0,0,88
httpx,3674058ff74f43b127b97900a9f0b93a5a4b7953,2019-08-25T20:25:18+02:00,httpx/dispatch/http2.py,174,0,0,82
httpx,3674058ff74f43b127b97900a9f0b93a5a4b7953,2019-08-25T20:25:18+02:00,httpx/api.py,287,7,0,2
httpx,3674058ff74f43b127b97900a9f0b93a5a4b7953,2019-08-25T20:25:18+02:00,httpx/concurrency/base.py,186,0,0,3
httpx,3674058ff74f43b127b97900a9f0b93a5a4b7953,2019-08-25T20:25:18+02:00,tests/client/test_client.py,176,0,0,82
httpx,3674058ff74f43b127b97900a9f0b93a5a4b7953,2019-08-25T20:25:18+02:00,httpx/dispatch/http11.py,185,0,0,23
httpx,3674058ff74f43b127b97900a9f0b93a5a4b7953,2019-08-25T20:25:18+02:00,tests/test_config.py,173,0,0,31
httpx,3674058ff74f43b127b97900a9f0b93a5a4b7953,2019-08-25T20:25:18+02:00,httpx/__version__.py,3,0,0,2
httpx,3674058ff74f43b127b97900a9f0b93a5a4b7953,2019-08-25T20:25:18+02:00,tests/client/test_auth.py,120,0,0,9
httpx,3674058ff74f43b127b97900a9f0b93a5a4b7953,2019-08-25T20:25:18+02:00,httpx/status_codes.py,135,0,0,2
httpx,3674058ff74f43b127b97900a9f0b93a5a4b7953,2019-08-25T20:25:18+02:00,httpx/exceptions.py,144,0,0,6
httpx,3674058ff74f43b127b97900a9f0b93a5a4b7953,2019-08-25T20:25:18+02:00,httpx/middleware/base.py,0,0,0,10
httpx,3674058ff74f43b127b97900a9f0b93a5a4b7953,2019-08-25T20:25:18+02:00,tests/client/test_redirects.py,256,0,0,135
httpx,3674058ff74f43b127b97900a9f0b93a5a4b7953,2019-08-25T20:25:18+02:00,tests/test_utils.py,89,0,0,26
httpx,3674058ff74f43b127b97900a9f0b93a5a4b7953,2019-08-25T20:25:18+02:00,httpx/middleware/__init__.py,0,0,0,0
httpx,3674058ff74f43b127b97900a9f0b93a5a4b7953,2019-08-25T20:25:18+02:00,tests/dispatch/test_http2.py,139,0,0,50
httpx,3674058ff74f43b127b97900a9f0b93a5a4b7953,2019-08-25T20:25:18+02:00,tests/conftest.py,176,0,0,193
httpx,3674058ff74f43b127b97900a9f0b93a5a4b7953,2019-08-25T20:25:18+02:00,noxfile.py,40,0,0,5
httpx,3674058ff74f43b127b97900a9f0b93a5a4b7953,2019-08-25T20:25:18+02:00,example.py,0,0,0,34
httpx,3674058ff74f43b127b97900a9f0b93a5a4b7953,2019-08-25T20:25:18+02:00,httpx/middleware/basic_auth.py,0,0,0,27
httpx,3674058ff74f43b127b97900a9f0b93a5a4b7953,2019-08-25T20:25:18+02:00,tests/client/test_cookies.py,124,0,0,36
httpx,3674058ff74f43b127b97900a9f0b93a5a4b7953,2019-08-25T20:25:18+02:00,tests/models/test_url.py,177,0,0,10
httpx,3674058ff74f43b127b97900a9f0b93a5a4b7953,2019-08-25T20:25:18+02:00,httpx/auth.py,38,0,0,38
httpx,3674058ff74f43b127b97900a9f0b93a5a4b7953,2019-08-25T20:25:18+02:00,httpx/__init__.py,134,0,0,2
httpx,3674058ff74f43b127b97900a9f0b93a5a4b7953,2019-08-25T20:25:18+02:00,tests/client/test_properties.py,0,0,0,17
httpx,3674058ff74f43b127b97900a9f0b93a5a4b7953,2019-08-25T20:25:18+02:00,tests/test_timeouts.py,49,0,0,34
httpx,3674058ff74f43b127b97900a9f0b93a5a4b7953,2019-08-25T20:25:18+02:00,httpx/utils.py,142,0,0,33
httpx,3674058ff74f43b127b97900a9f0b93a5a4b7953,2019-08-25T20:25:18+02:00,tests/test_asgi.py,91,0,0,20
httpx,3674058ff74f43b127b97900a9f0b93a5a4b7953,2019-08-25T20:25:18+02:00,httpx/dispatch/connection_pool.py,169,0,0,12
httpx,3674058ff74f43b127b97900a9f0b93a5a4b7953,2019-08-25T20:25:18+02:00,tests/dispatch/test_threaded.py,112,0,0,9
httpx,3674058ff74f43b127b97900a9f0b93a5a4b7953,2019-08-25T20:25:18+02:00,setup.py,73,0,0,2
httpx,3674058ff74f43b127b97900a9f0b93a5a4b7953,2019-08-25T20:25:18+02:00,tests/dispatch/test_connection_pools.py,179,0,0,104
httpx,3674058ff74f43b127b97900a9f0b93a5a4b7953,2019-08-25T20:25:18+02:00,tests/client/test_headers.py,124,0,0,9
httpx,3674058ff74f43b127b97900a9f0b93a5a4b7953,2019-08-25T20:25:18+02:00,httpx/middleware/custom_auth.py,0,0,0,15
httpx,3674058ff74f43b127b97900a9f0b93a5a4b7953,2019-08-25T20:25:18+02:00,tests/concurrency.py,19,0,0,19
httpx,3674058ff74f43b127b97900a9f0b93a5a4b7953,2019-08-25T20:25:18+02:00,tests/dispatch/utils.py,118,0,0,64
httpx,3674058ff74f43b127b97900a9f0b93a5a4b7953,2019-08-25T20:25:18+02:00,httpx/concurrency/asyncio.py,287,0,0,5
httpx,3674058ff74f43b127b97900a9f0b93a5a4b7953,2019-08-25T20:25:18+02:00,httpx/middleware.py,0,0,0,194
httpx,3674058ff74f43b127b97900a9f0b93a5a4b7953,2019-08-25T20:25:18+02:00,tests/client/test_async_client.py,137,0,0,128
httpx,8155352d2028b7f74ccd53acdf5a8d74b84e6d15,2019-09-16T12:50:00+01:00,tests/client/test_proxies.py,0,0,0,120
httpx,8155352d2028b7f74ccd53acdf5a8d74b84e6d15,2019-09-16T12:50:00+01:00,httpx/config.py,334,0,0,27
httpx,8155352d2028b7f74ccd53acdf5a8d74b84e6d15,2019-09-16T12:50:00+01:00,httpx/concurrency/asyncio/backend.py,0,0,0,4
httpx,8155352d2028b7f74ccd53acdf5a8d74b84e6d15,2019-09-16T12:50:00+01:00,tools/httpxprof/httpxprof/__main__.py,0,0,0,5
httpx,8155352d2028b7f74ccd53acdf5a8d74b84e6d15,2019-09-16T12:50:00+01:00,tests/test_concurrency.py,38,0,0,4
httpx,8155352d2028b7f74ccd53acdf5a8d74b84e6d15,2019-09-16T12:50:00+01:00,tools/httpxprof/httpxprof/main.py,0,0,0,45
httpx,8155352d2028b7f74ccd53acdf5a8d74b84e6d15,2019-09-16T12:50:00+01:00,httpx/client.py,965,20,0,261
httpx,8155352d2028b7f74ccd53acdf5a8d74b84e6d15,2019-09-16T12:50:00+01:00,httpx/models.py,1254,20,0,52
httpx,8155352d2028b7f74ccd53acdf5a8d74b84e6d15,2019-09-16T12:50:00+01:00,tests/dispatch/test_connections.py,39,0,0,8
httpx,8155352d2028b7f74ccd53acdf5a8d74b84e6d15,2019-09-16T12:50:00+01:00,tools/httpxprof/httpxprof/scripts/sync.py,0,0,0,13
httpx,8155352d2028b7f74ccd53acdf5a8d74b84e6d15,2019-09-16T12:50:00+01:00,tests/models/test_queryparams.py,53,0,0,11
httpx,8155352d2028b7f74ccd53acdf5a8d74b84e6d15,2019-09-16T12:50:00+01:00,httpx/api.py,286,8,0,19
httpx,8155352d2028b7f74ccd53acdf5a8d74b84e6d15,2019-09-16T12:50:00+01:00,httpx/dispatch/http2.py,224,0,0,31
httpx,8155352d2028b7f74ccd53acdf5a8d74b84e6d15,2019-09-16T12:50:00+01:00,tools/httpxprof/httpxprof/config.py,0,0,0,9
httpx,8155352d2028b7f74ccd53acdf5a8d74b84e6d15,2019-09-16T12:50:00+01:00,httpx/concurrency/asyncio/__init__.py,0,0,0,3
httpx,8155352d2028b7f74ccd53acdf5a8d74b84e6d15,2019-09-16T12:50:00+01:00,httpx/concurrency/base.py,189,0,0,7
httpx,8155352d2028b7f74ccd53acdf5a8d74b84e6d15,2019-09-16T12:50:00+01:00,tools/httpxprof/httpxprof/__init__.py,0,0,0,0
httpx,8155352d2028b7f74ccd53acdf5a8d74b84e6d15,2019-09-16T12:50:00+01:00,tests/client/test_client.py,158,0,0,18
httpx,8155352d2028b7f74ccd53acdf5a8d74b84e6d15,2019-09-16T12:50:00+01:00,tests/dispatch/test_proxy_http.py,181,0,0,51
httpx,8155352d2028b7f74ccd53acdf5a8d74b84e6d15,2019-09-16T12:50:00+01:00,tests/requests_compat/test_api.py,29,0,0,1
httpx,8155352d2028b7f74ccd53acdf5a8d74b84e6d15,2019-09-16T12:50:00+01:00,httpx/__version__.py,3,0,0,4
httpx,8155352d2028b7f74ccd53acdf5a8d74b84e6d15,2019-09-16T12:50:00+01:00,tests/test_config.py,204,0,0,27
httpx,8155352d2028b7f74ccd53acdf5a8d74b84e6d15,2019-09-16T12:50:00+01:00,tests/client/test_auth.py,358,0,0,3
httpx,8155352d2028b7f74ccd53acdf5a8d74b84e6d15,2019-09-16T12:50:00+01:00,tools/httpxprof/setup.py,0,0,0,20
httpx,8155352d2028b7f74ccd53acdf5a8d74b84e6d15,2019-09-16T12:50:00+01:00,httpx/concurrency/trio.py,0,0,0,260
httpx,8155352d2028b7f74ccd53acdf5a8d74b84e6d15,2019-09-16T12:50:00+01:00,tools/httpxprof/httpxprof/utils.py,0,0,0,49
httpx,8155352d2028b7f74ccd53acdf5a8d74b84e6d15,2019-09-16T12:50:00+01:00,tests/test_utils.py,113,0,0,99
httpx,8155352d2028b7f74ccd53acdf5a8d74b84e6d15,2019-09-16T12:50:00+01:00,tools/httpxprof/httpxprof/scripts/async.py,0,0,0,15
httpx,8155352d2028b7f74ccd53acdf5a8d74b84e6d15,2019-09-16T12:50:00+01:00,tests/dispatch/test_http2.py,167,0,0,47
httpx,8155352d2028b7f74ccd53acdf5a8d74b84e6d15,2019-09-16T12:50:00+01:00,httpx/concurrency/asyncio/compat.py,0,0,0,137
httpx,8155352d2028b7f74ccd53acdf5a8d74b84e6d15,2019-09-16T12:50:00+01:00,noxfile.py,41,0,0,7
httpx,8155352d2028b7f74ccd53acdf5a8d74b84e6d15,2019-09-16T12:50:00+01:00,tests/conftest.py,272,0,0,78
httpx,8155352d2028b7f74ccd53acdf5a8d74b84e6d15,2019-09-16T12:50:00+01:00,httpx/dispatch/asgi.py,194,0,0,22
httpx,8155352d2028b7f74ccd53acdf5a8d74b84e6d15,2019-09-16T12:50:00+01:00,tests/models/test_headers.py,153,0,0,12
httpx,8155352d2028b7f74ccd53acdf5a8d74b84e6d15,2019-09-16T12:50:00+01:00,tools/httpxprof/httpxprof/scripts/__init__.py,0,0,0,0
httpx,8155352d2028b7f74ccd53acdf5a8d74b84e6d15,2019-09-16T12:50:00+01:00,tests/test_timeouts.py,49,0,0,13
httpx,8155352d2028b7f74ccd53acdf5a8d74b84e6d15,2019-09-16T12:50:00+01:00,httpx/utils.py,185,0,0,164
httpx,8155352d2028b7f74ccd53acdf5a8d74b84e6d15,2019-09-16T12:50:00+01:00,setup.py,73,0,0,3
httpx,8155352d2028b7f74ccd53acdf5a8d74b84e6d15,2019-09-16T12:50:00+01:00,httpx/dispatch/connection_pool.py,186,0,0,2
httpx,8155352d2028b7f74ccd53acdf5a8d74b84e6d15,2019-09-16T12:50:00+01:00,tests/dispatch/test_connection_pools.py,179,0,0,4
httpx,8155352d2028b7f74ccd53acdf5a8d74b84e6d15,2019-09-16T12:50:00+01:00,httpx/dispatch/__init__.py,4,0,0,4
httpx,8155352d2028b7f74ccd53acdf5a8d74b84e6d15,2019-09-16T12:50:00+01:00,tests/concurrency.py,19,0,0,12
httpx,8155352d2028b7f74ccd53acdf5a8d74b84e6d15,2019-09-16T12:50:00+01:00,httpx/dispatch/proxy_http.py,251,0,0,5
httpx,8155352d2028b7f74ccd53acdf5a8d74b84e6d15,2019-09-16T12:50:00+01:00,tests/client/test_queryparams.py,0,0,0,56
httpx,8155352d2028b7f74ccd53acdf5a8d74b84e6d15,2019-09-16T12:50:00+01:00,tests/dispatch/utils.py,220,0,0,6
httpx,8155352d2028b7f74ccd53acdf5a8d74b84e6d15,2019-09-16T12:50:00+01:00,tests/models/test_responses.py,326,0,0,2
httpx,8155352d2028b7f74ccd53acdf5a8d74b84e6d15,2019-09-16T12:50:00+01:00,httpx/concurrency/asyncio.py,278,0,0,20
httpx,8155352d2028b7f74ccd53acdf5a8d74b84e6d15,2019-09-16T12:50:00+01:00,tests/client/test_async_client.py,145,0,0,3
httpx,0fa55bb6d4d5eeb4b56112ebb00974de0662644b,2019-09-24T17:02:46+02:00,tests/client/test_proxies.py,29,0,0,91
httpx,0fa55bb6d4d5eeb4b56112ebb00974de0662644b,2019-09-24T17:02:46+02:00,httpx/config.py,353,0,0,15
httpx,0fa55bb6d4d5eeb4b56112ebb00974de0662644b,2019-09-24T17:02:46+02:00,httpx/concurrency/asyncio/backend.py,0,0,0,4
httpx,0fa55bb6d4d5eeb4b56112ebb00974de0662644b,2019-09-24T17:02:46+02:00,tests/test_concurrency.py,38,0,0,8
httpx,0fa55bb6d4d5eeb4b56112ebb00974de0662644b,2019-09-24T17:02:46+02:00,httpx/client.py,1100,20,0,114
httpx,0fa55bb6d4d5eeb4b56112ebb00974de0662644b,2019-09-24T17:02:46+02:00,httpx/models.py,1292,22,0,33
httpx,0fa55bb6d4d5eeb4b56112ebb00974de0662644b,2019-09-24T17:02:46+02:00,httpx/dispatch/http2.py,251,0,0,2
httpx,0fa55bb6d4d5eeb4b56112ebb00974de0662644b,2019-09-24T17:02:46+02:00,httpx/api.py,295,8,0,10
httpx,0fa55bb6d4d5eeb4b56112ebb00974de0662644b,2019-09-24T17:02:46+02:00,tests/models/test_queryparams.py,53,0,0,11
httpx,0fa55bb6d4d5eeb4b56112ebb00974de0662644b,2019-09-24T17:02:46+02:00,httpx/concurrency/asyncio/__init__.py,0,0,0,6
httpx,0fa55bb6d4d5eeb4b56112ebb00974de0662644b,2019-09-24T17:02:46+02:00,tests/client/test_client.py,176,0,0,12
httpx,0fa55bb6d4d5eeb4b56112ebb00974de0662644b,2019-09-24T17:02:46+02:00,tests/dispatch/test_proxy_http.py,207,0,0,21
httpx,0fa55bb6d4d5eeb4b56112ebb00974de0662644b,2019-09-24T17:02:46+02:00,httpx/__version__.py,3,0,0,2
httpx,0fa55bb6d4d5eeb4b56112ebb00974de0662644b,2019-09-24T17:02:46+02:00,tests/client/test_auth.py,358,0,0,3
httpx,0fa55bb6d4d5eeb4b56112ebb00974de0662644b,2019-09-24T17:02:46+02:00,httpx/concurrency/trio.py,255,3,0,5
httpx,0fa55bb6d4d5eeb4b56112ebb00974de0662644b,2019-09-24T17:02:46+02:00,httpx/concurrency/asyncio/compat.py,0,0,0,274
httpx,0fa55bb6d4d5eeb4b56112ebb00974de0662644b,2019-09-24T17:02:46+02:00,tests/conftest.py,294,0,0,18
httpx,0fa55bb6d4d5eeb4b56112ebb00974de0662644b,2019-09-24T17:02:46+02:00,noxfile.py,41,0,0,13
httpx,0fa55bb6d4d5eeb4b56112ebb00974de0662644b,2019-09-24T17:02:46+02:00,tests/dispatch/test_http2.py,206,0,0,8
httpx,0fa55bb6d4d5eeb4b56112ebb00974de0662644b,2019-09-24T17:02:46+02:00,tests/models/test_url.py,192,0,0,14
httpx,0fa55bb6d4d5eeb4b56112ebb00974de0662644b,2019-09-24T17:02:46+02:00,httpx/__init__.py,143,0,0,2
httpx,0fa55bb6d4d5eeb4b56112ebb00974de0662644b,2019-09-24T17:02:46+02:00,tests/test_timeouts.py,49,0,0,11
httpx,0fa55bb6d4d5eeb4b56112ebb00974de0662644b,2019-09-24T17:02:46+02:00,setup.py,75,0,0,3
httpx,0fa55bb6d4d5eeb4b56112ebb00974de0662644b,2019-09-24T17:02:46+02:00,tests/client/test_headers.py,133,0,0,19
httpx,0fa55bb6d4d5eeb4b56112ebb00974de0662644b,2019-09-24T17:02:46+02:00,httpx/dispatch/__init__.py,4,0,0,4
httpx,0fa55bb6d4d5eeb4b56112ebb00974de0662644b,2019-09-24T17:02:46+02:00,httpx/dispatch/proxy_http.py,251,0,0,5
httpx,0fa55bb6d4d5eeb4b56112ebb00974de0662644b,2019-09-24T17:02:46+02:00,tests/client/test_queryparams.py,51,0,0,5
httpx,0fa55bb6d4d5eeb4b56112ebb00974de0662644b,2019-09-24T17:02:46+02:00,httpx/concurrency/asyncio.py,292,3,0,6
httpx,0fa55bb6d4d5eeb4b56112ebb00974de0662644b,2019-09-24T17:02:46+02:00,tests/client/test_async_client.py,148,0,0,2
httpx,f504399781b838779bdb3aeae9254aeeea5ebb84,2019-10-03T20:08:27-05:00,tests/conftest.py,294,0,0,18
httpx,f504399781b838779bdb3aeae9254aeeea5ebb84,2019-10-03T20:08:27-05:00,noxfile.py,50,0,0,24
httpx,f504399781b838779bdb3aeae9254aeeea5ebb84,2019-10-03T20:08:27-05:00,httpx/concurrency/asyncio.py,294,3,0,0
httpx,f504399781b838779bdb3aeae9254aeeea5ebb84,2019-10-03T20:08:27-05:00,tests/models/test_url.py,192,0,0,14
httpx,f504399781b838779bdb3aeae9254aeeea5ebb84,2019-10-03T20:08:27-05:00,tests/test_concurrency.py,38,0,0,40
httpx,f504399781b838779bdb3aeae9254aeeea5ebb84,2019-10-03T20:08:27-05:00,httpx/client.py,1068,18,0,18
httpx,f504399781b838779bdb3aeae9254aeeea5ebb84,2019-10-03T20:08:27-05:00,httpx/models.py,1292,22,0,39
httpx,f504399781b838779bdb3aeae9254aeeea5ebb84,2019-10-03T20:08:27-05:00,tests/models/test_queryparams.py,64,0,0,14
httpx,f504399781b838779bdb3aeae9254aeeea5ebb84,2019-10-03T20:08:27-05:00,httpx/api.py,289,8,0,0
httpx,f504399781b838779bdb3aeae9254aeeea5ebb84,2019-10-03T20:08:27-05:00,httpx/utils.py,341,0,0,83
httpx,f504399781b838779bdb3aeae9254aeeea5ebb84,2019-10-03T20:08:27-05:00,tests/client/test_client.py,176,0,0,10
httpx,f504399781b838779bdb3aeae9254aeeea5ebb84,2019-10-03T20:08:27-05:00,tests/client/test_headers.py,133,0,0,19
httpx,f504399781b838779bdb3aeae9254aeeea5ebb84,2019-10-03T20:08:27-05:00,httpx/__version__.py,3,0,0,2
httpx,f504399781b838779bdb3aeae9254aeeea5ebb84,2019-10-03T20:08:27-05:00,httpx/concurrency/trio.py,252,3,0,24
httpx,f504399781b838779bdb3aeae9254aeeea5ebb84,2019-10-03T20:08:27-05:00,tests/test_utils.py,210,0,0,104
httpx,7361d609433fb15a8868b5322136250b16ed5636,2019-10-09T20:22:32+02:00,noxfile.py,54,0,0,24
httpx,7361d609433fb15a8868b5322136250b16ed5636,2019-10-09T20:22:32+02:00,httpx/concurrency/asyncio.py,294,3,0,79
httpx,7361d609433fb15a8868b5322136250b16ed5636,2019-10-09T20:22:32+02:00,tests/test_concurrency.py,38,0,0,58
httpx,7361d609433fb15a8868b5322136250b16ed5636,2019-10-09T20:22:32+02:00,httpx/client.py,1068,18,0,18
httpx,7361d609433fb15a8868b5322136250b16ed5636,2019-10-09T20:22:32+02:00,tests/test_multipart.py,145,0,0,33
httpx,7361d609433fb15a8868b5322136250b16ed5636,2019-10-09T20:22:32+02:00,httpx/models.py,1323,22,0,0
httpx,7361d609433fb15a8868b5322136250b16ed5636,2019-10-09T20:22:32+02:00,httpx/multipart.py,122,0,0,29
httpx,7361d609433fb15a8868b5322136250b16ed5636,2019-10-09T20:22:32+02:00,httpx/api.py,289,8,0,9
httpx,7361d609433fb15a8868b5322136250b16ed5636,2019-10-09T20:22:32+02:00,httpx/utils.py,370,0,0,52
httpx,7361d609433fb15a8868b5322136250b16ed5636,2019-10-09T20:22:32+02:00,httpx/concurrency/base.py,196,0,0,14
httpx,7361d609433fb15a8868b5322136250b16ed5636,2019-10-09T20:22:32+02:00,tests/test_config.py,231,0,0,45
httpx,7361d609433fb15a8868b5322136250b16ed5636,2019-10-09T20:22:32+02:00,httpx/__version__.py,3,0,0,2
httpx,7361d609433fb15a8868b5322136250b16ed5636,2019-10-09T20:22:32+02:00,httpx/dispatch/proxy_http.py,256,0,0,7
httpx,7361d609433fb15a8868b5322136250b16ed5636,2019-10-09T20:22:32+02:00,tests/dispatch/utils.py,226,0,0,16
httpx,7361d609433fb15a8868b5322136250b16ed5636,2019-10-09T20:22:32+02:00,httpx/concurrency/trio.py,252,3,0,68
httpx,7361d609433fb15a8868b5322136250b16ed5636,2019-10-09T20:22:32+02:00,tests/test_utils.py,210,0,0,104
httpx,5e4f54d6435208ea2164aaf3e5c2792bbd1ee4e9,2019-10-12T18:14:44+02:00,httpx/concurrency/asyncio.py,294,3,0,79
httpx,5e4f54d6435208ea2164aaf3e5c2792bbd1ee4e9,2019-10-12T18:14:44+02:00,tests/test_concurrency.py,56,0,0,18
httpx,5e4f54d6435208ea2164aaf3e5c2792bbd1ee4e9,2019-10-12T18:14:44+02:00,httpx/client.py,1068,18,0,18
httpx,5e4f54d6435208ea2164aaf3e5c2792bbd1ee4e9,2019-10-12T18:14:44+02:00,tests/test_multipart.py,145,0,0,33
httpx,5e4f54d6435208ea2164aaf3e5c2792bbd1ee4e9,2019-10-12T18:14:44+02:00,httpx/models.py,1323,22,0,0
httpx,5e4f54d6435208ea2164aaf3e5c2792bbd1ee4e9,2019-10-12T18:14:44+02:00,httpx/multipart.py,122,0,0,29
httpx,5e4f54d6435208ea2164aaf3e5c2792bbd1ee4e9,2019-10-12T18:14:44+02:00,httpx/api.py,289,8,0,9
httpx,5e4f54d6435208ea2164aaf3e5c2792bbd1ee4e9,2019-10-12T18:14:44+02:00,httpx/utils.py,353,0,0,29
httpx,5e4f54d6435208ea2164aaf3e5c2792bbd1ee4e9,2019-10-12T18:14:44+02:00,httpx/concurrency/base.py,196,0,0,14
httpx,5e4f54d6435208ea2164aaf3e5c2792bbd1ee4e9,2019-10-12T18:14:44+02:00,tests/test_config.py,231,0,0,45
httpx,5e4f54d6435208ea2164aaf3e5c2792bbd1ee4e9,2019-10-12T18:14:44+02:00,httpx/dispatch/proxy_http.py,256,0,0,7
httpx,5e4f54d6435208ea2164aaf3e5c2792bbd1ee4e9,2019-10-12T18:14:44+02:00,tests/dispatch/utils.py,226,0,0,16
httpx,5e4f54d6435208ea2164aaf3e5c2792bbd1ee4e9,2019-10-12T18:14:44+02:00,httpx/concurrency/trio.py,276,3,0,44
httpx,5e4f54d6435208ea2164aaf3e5c2792bbd1ee4e9,2019-10-12T18:14:44+02:00,tests/test_utils.py,203,0,0,95
httpx,2984499f285ace5d5ca8d3809d7135acb70e148b,2019-10-16T18:27:45+02:00,noxfile.py,62,0,0,4
httpx,2984499f285ace5d5ca8d3809d7135acb70e148b,2019-10-16T18:27:45+02:00,httpx/concurrency/asyncio.py,294,3,0,79
httpx,2984499f285ace5d5ca8d3809d7135acb70e148b,2019-10-16T18:27:45+02:00,tests/test_concurrency.py,56,0,0,18
httpx,2984499f285ace5d5ca8d3809d7135acb70e148b,2019-10-16T18:27:45+02:00,httpx/client.py,1076,18,0,155
httpx,2984499f285ace5d5ca8d3809d7135acb70e148b,2019-10-16T18:27:45+02:00,tests/test_multipart.py,145,0,0,33
httpx,2984499f285ace5d5ca8d3809d7135acb70e148b,2019-10-16T18:27:45+02:00,httpx/models.py,1323,22,0,0
httpx,2984499f285ace5d5ca8d3809d7135acb70e148b,2019-10-16T18:27:45+02:00,httpx/multipart.py,122,0,0,29
httpx,2984499f285ace5d5ca8d3809d7135acb70e148b,2019-10-16T18:27:45+02:00,httpx/api.py,289,8,0,103
httpx,2984499f285ace5d5ca8d3809d7135acb70e148b,2019-10-16T18:27:45+02:00,httpx/utils.py,351,0,0,23
httpx,2984499f285ace5d5ca8d3809d7135acb70e148b,2019-10-16T18:27:45+02:00,httpx/concurrency/base.py,196,0,0,14
httpx,2984499f285ace5d5ca8d3809d7135acb70e148b,2019-10-16T18:27:45+02:00,tests/test_config.py,231,0,0,45
httpx,2984499f285ace5d5ca8d3809d7135acb70e148b,2019-10-16T18:27:45+02:00,httpx/dispatch/proxy_http.py,256,0,0,7
httpx,2984499f285ace5d5ca8d3809d7135acb70e148b,2019-10-16T18:27:45+02:00,tests/dispatch/utils.py,226,0,0,16
httpx,2984499f285ace5d5ca8d3809d7135acb70e148b,2019-10-16T18:27:45+02:00,httpx/concurrency/trio.py,276,3,0,44
httpx,2984499f285ace5d5ca8d3809d7135acb70e148b,2019-10-16T18:27:45+02:00,tests/test_utils.py,203,0,0,77
httpx,074cd25b041c0a39712c5378e81d9014c04910ed,2019-10-19T13:52:44+02:00,noxfile.py,62,0,0,4
httpx,074cd25b041c0a39712c5378e81d9014c04910ed,2019-10-19T13:52:44+02:00,httpx/concurrency/asyncio.py,294,3,0,79
httpx,074cd25b041c0a39712c5378e81d9014c04910ed,2019-10-19T13:52:44+02:00,tests/test_concurrency.py,56,0,0,18
httpx,074cd25b041c0a39712c5378e81d9014c04910ed,2019-10-19T13:52:44+02:00,httpx/client.py,1076,18,0,155
httpx,074cd25b041c0a39712c5378e81d9014c04910ed,2019-10-19T13:52:44+02:00,tests/test_multipart.py,145,0,0,33
httpx,074cd25b041c0a39712c5378e81d9014c04910ed,2019-10-19T13:52:44+02:00,httpx/models.py,1323,22,0,0
httpx,074cd25b041c0a39712c5378e81d9014c04910ed,2019-10-19T13:52:44+02:00,httpx/multipart.py,122,0,0,29
httpx,074cd25b041c0a39712c5378e81d9014c04910ed,2019-10-19T13:52:44+02:00,httpx/api.py,289,8,0,103
httpx,074cd25b041c0a39712c5378e81d9014c04910ed,2019-10-19T13:52:44+02:00,httpx/concurrency/base.py,196,0,0,14
httpx,074cd25b041c0a39712c5378e81d9014c04910ed,2019-10-19T13:52:44+02:00,tests/test_config.py,231,0,0,45
httpx,074cd25b041c0a39712c5378e81d9014c04910ed,2019-10-19T13:52:44+02:00,httpx/__version__.py,3,0,0,2
httpx,074cd25b041c0a39712c5378e81d9014c04910ed,2019-10-19T13:52:44+02:00,httpx/dispatch/proxy_http.py,256,0,0,7
httpx,074cd25b041c0a39712c5378e81d9014c04910ed,2019-10-19T13:52:44+02:00,tests/dispatch/utils.py,226,0,0,16
httpx,074cd25b041c0a39712c5378e81d9014c04910ed,2019-10-19T13:52:44+02:00,httpx/concurrency/trio.py,276,3,0,44
httpx,88d73de7527e1e4a6d5e7cca1926e201db0b955d,2019-10-22T22:01:40+02:00,httpx/config.py,353,0,0,6
httpx,88d73de7527e1e4a6d5e7cca1926e201db0b955d,2019-10-22T22:01:40+02:00,noxfile.py,62,0,0,4
httpx,88d73de7527e1e4a6d5e7cca1926e201db0b955d,2019-10-22T22:01:40+02:00,httpx/concurrency/asyncio.py,297,3,0,3
httpx,88d73de7527e1e4a6d5e7cca1926e201db0b955d,2019-10-22T22:01:40+02:00,tests/test_concurrency.py,70,0,0,16
httpx,88d73de7527e1e4a6d5e7cca1926e201db0b955d,2019-10-22T22:01:40+02:00,httpx/client.py,1076,18,0,155
httpx,88d73de7527e1e4a6d5e7cca1926e201db0b955d,2019-10-22T22:01:40+02:00,httpx/models.py,1323,22,0,0
httpx,88d73de7527e1e4a6d5e7cca1926e201db0b955d,2019-10-22T22:01:40+02:00,httpx/dispatch/connection.py,139,0,0,6
httpx,88d73de7527e1e4a6d5e7cca1926e201db0b955d,2019-10-22T22:01:40+02:00,httpx/dispatch/http2.py,251,0,0,6
httpx,88d73de7527e1e4a6d5e7cca1926e201db0b955d,2019-10-22T22:01:40+02:00,httpx/api.py,280,8,0,94
httpx,88d73de7527e1e4a6d5e7cca1926e201db0b955d,2019-10-22T22:01:40+02:00,httpx/utils.py,374,0,0,42
httpx,88d73de7527e1e4a6d5e7cca1926e201db0b955d,2019-10-22T22:01:40+02:00,httpx/dispatch/connection_pool.py,186,0,0,8
httpx,88d73de7527e1e4a6d5e7cca1926e201db0b955d,2019-10-22T22:01:40+02:00,httpx/dispatch/http11.py,208,0,0,12
httpx,88d73de7527e1e4a6d5e7cca1926e201db0b955d,2019-10-22T22:01:40+02:00,httpx/__version__.py,3,0,0,2
httpx,88d73de7527e1e4a6d5e7cca1926e201db0b955d,2019-10-22T22:01:40+02:00,tests/test_config.py,231,0,0,45
httpx,88d73de7527e1e4a6d5e7cca1926e201db0b955d,2019-10-22T22:01:40+02:00,httpx/dispatch/proxy_http.py,253,0,0,10
httpx,88d73de7527e1e4a6d5e7cca1926e201db0b955d,2019-10-22T22:01:40+02:00,httpx/concurrency/trio.py,272,3,0,0
httpx,88d73de7527e1e4a6d5e7cca1926e201db0b955d,2019-10-22T22:01:40+02:00,tests/test_utils.py,280,0,0,8
httpx,586acddd1a72e69e61d02af084a86cb51168e8cb,2019-11-08T00:35:34+01:00,tests/dispatch/test_http2.py,220,0,0,12
httpx,586acddd1a72e69e61d02af084a86cb51168e8cb,2019-11-08T00:35:34+01:00,tests/conftest.py,303,0,0,25
httpx,586acddd1a72e69e61d02af084a86cb51168e8cb,2019-11-08T00:35:34+01:00,noxfile.py,62,0,0,9
httpx,586acddd1a72e69e61d02af084a86cb51168e8cb,2019-11-08T00:35:34+01:00,httpx/middleware/redirect.py,128,0,0,6
httpx,586acddd1a72e69e61d02af084a86cb51168e8cb,2019-11-08T00:35:34+01:00,httpx/concurrency/asyncio.py,297,3,0,82
httpx,586acddd1a72e69e61d02af084a86cb51168e8cb,2019-11-08T00:35:34+01:00,tests/test_concurrency.py,70,0,0,22
httpx,586acddd1a72e69e61d02af084a86cb51168e8cb,2019-11-08T00:35:34+01:00,httpx/__init__.py,145,0,0,4
httpx,586acddd1a72e69e61d02af084a86cb51168e8cb,2019-11-08T00:35:34+01:00,httpx/client.py,1245,18,0,3
httpx,586acddd1a72e69e61d02af084a86cb51168e8cb,2019-11-08T00:35:34+01:00,httpx/models.py,1323,22,0,0
httpx,586acddd1a72e69e61d02af084a86cb51168e8cb,2019-11-08T00:35:34+01:00,httpx/dispatch/connection.py,139,0,0,19
httpx,586acddd1a72e69e61d02af084a86cb51168e8cb,2019-11-08T00:35:34+01:00,httpx/dispatch/http2.py,251,0,0,9
httpx,586acddd1a72e69e61d02af084a86cb51168e8cb,2019-11-08T00:35:34+01:00,httpx/api.py,377,8,0,0
httpx,586acddd1a72e69e61d02af084a86cb51168e8cb,2019-11-08T00:35:34+01:00,httpx/dispatch/connection_pool.py,186,0,0,3
httpx,586acddd1a72e69e61d02af084a86cb51168e8cb,2019-11-08T00:35:34+01:00,httpx/concurrency/base.py,192,0,0,17
httpx,586acddd1a72e69e61d02af084a86cb51168e8cb,2019-11-08T00:35:34+01:00,tests/client/test_client.py,178,0,0,11
httpx,586acddd1a72e69e61d02af084a86cb51168e8cb,2019-11-08T00:35:34+01:00,httpx/dispatch/http11.py,208,0,0,4
httpx,586acddd1a72e69e61d02af084a86cb51168e8cb,2019-11-08T00:35:34+01:00,httpx/__version__.py,3,0,0,4
httpx,586acddd1a72e69e61d02af084a86cb51168e8cb,2019-11-08T00:35:34+01:00,httpx/dispatch/proxy_http.py,253,0,0,2
httpx,586acddd1a72e69e61d02af084a86cb51168e8cb,2019-11-08T00:35:34+01:00,tests/client/test_redirects.py,292,0,0,68
httpx,586acddd1a72e69e61d02af084a86cb51168e8cb,2019-11-08T00:35:34+01:00,tests/dispatch/utils.py,222,0,0,14
httpx,586acddd1a72e69e61d02af084a86cb51168e8cb,2019-11-08T00:35:34+01:00,httpx/concurrency/trio.py,272,3,0,32
httpx,586acddd1a72e69e61d02af084a86cb51168e8cb,2019-11-08T00:35:34+01:00,tests/client/test_async_client.py,148,0,0,11
httpx,f06ca87f9728346ba6b8550315b25a2c15ab8fb8,2019-11-22T09:33:40+01:00,tests/client/test_proxies.py,118,0,0,15
httpx,f06ca87f9728346ba6b8550315b25a2c15ab8fb8,2019-11-22T09:33:40+01:00,tests/test_api.py,63,0,0,58
httpx,f06ca87f9728346ba6b8550315b25a2c15ab8fb8,2019-11-22T09:33:40+01:00,httpx/client.py,1248,18,0,1373
httpx,f06ca87f9728346ba6b8550315b25a2c15ab8fb8,2019-11-22T09:33:40+01:00,tests/test_multipart.py,178,0,0,60
httpx,f06ca87f9728346ba6b8550315b25a2c15ab8fb8,2019-11-22T09:33:40+01:00,httpx/dispatch/connection.py,154,0,0,66
httpx,f06ca87f9728346ba6b8550315b25a2c15ab8fb8,2019-11-22T09:33:40+01:00,httpx/dispatch/http2.py,256,0,0,109
httpx,f06ca87f9728346ba6b8550315b25a2c15ab8fb8,2019-11-22T09:33:40+01:00,httpx/api.py,377,8,0,129
httpx,f06ca87f9728346ba6b8550315b25a2c15ab8fb8,2019-11-22T09:33:40+01:00,tests/models/test_queryparams.py,74,0,0,10
httpx,f06ca87f9728346ba6b8550315b25a2c15ab8fb8,2019-11-22T09:33:40+01:00,httpx/middleware/digest_auth.py,181,0,0,8
httpx,f06ca87f9728346ba6b8550315b25a2c15ab8fb8,2019-11-22T09:33:40+01:00,httpx/concurrency/base.py,201,0,0,83
httpx,f06ca87f9728346ba6b8550315b25a2c15ab8fb8,2019-11-22T09:33:40+01:00,httpx/dispatch/http11.py,219,0,0,91
httpx,f06ca87f9728346ba6b8550315b25a2c15ab8fb8,2019-11-22T09:33:40+01:00,tests/test_config.py,248,0,0,95
httpx,f06ca87f9728346ba6b8550315b25a2c15ab8fb8,2019-11-22T09:33:40+01:00,httpx/__version__.py,3,0,0,2
httpx,f06ca87f9728346ba6b8550315b25a2c15ab8fb8,2019-11-22T09:33:40+01:00,tests/client/test_auth.py,355,0,0,176
httpx,f06ca87f9728346ba6b8550315b25a2c15ab8fb8,2019-11-22T09:33:40+01:00,httpx/middleware/base.py,10,0,0,6
httpx,f06ca87f9728346ba6b8550315b25a2c15ab8fb8,2019-11-22T09:33:40+01:00,httpx/concurrency/trio.py,292,5,0,59
httpx,f06ca87f9728346ba6b8550315b25a2c15ab8fb8,2019-11-22T09:33:40+01:00,tests/test_utils.py,298,0,0,29
httpx,f06ca87f9728346ba6b8550315b25a2c15ab8fb8,2019-11-22T09:33:40+01:00,httpx/middleware/__init__.py,0,0,0,0
httpx,f06ca87f9728346ba6b8550315b25a2c15ab8fb8,2019-11-22T09:33:40+01:00,tests/dispatch/test_http2.py,220,0,0,138
httpx,f06ca87f9728346ba6b8550315b25a2c15ab8fb8,2019-11-22T09:33:40+01:00,tests/conftest.py,340,0,0,18
httpx,f06ca87f9728346ba6b8550315b25a2c15ab8fb8,2019-11-22T09:33:40+01:00,noxfile.py,55,0,0,55
httpx,f06ca87f9728346ba6b8550315b25a2c15ab8fb8,2019-11-22T09:33:40+01:00,httpx/middleware/redirect.py,132,0,0,152
httpx,f06ca87f9728346ba6b8550315b25a2c15ab8fb8,2019-11-22T09:33:40+01:00,httpx/concurrency/auto.py,0,0,0,65
httpx,f06ca87f9728346ba6b8550315b25a2c15ab8fb8,2019-11-22T09:33:40+01:00,httpx/utils.py,391,0,0,104
httpx,f06ca87f9728346ba6b8550315b25a2c15ab8fb8,2019-11-22T09:33:40+01:00,httpx/dispatch/connection_pool.py,189,0,0,85
httpx,f06ca87f9728346ba6b8550315b25a2c15ab8fb8,2019-11-22T09:33:40+01:00,tests/dispatch/test_threaded.py,112,0,0,112
httpx,f06ca87f9728346ba6b8550315b25a2c15ab8fb8,2019-11-22T09:33:40+01:00,tests/requests_compat/__init__.py,0,0,0,0
httpx,f06ca87f9728346ba6b8550315b25a2c15ab8fb8,2019-11-22T09:33:40+01:00,tests/client/test_headers.py,152,0,0,57
httpx,f06ca87f9728346ba6b8550315b25a2c15ab8fb8,2019-11-22T09:33:40+01:00,tests/concurrency.py,31,0,0,33
httpx,f06ca87f9728346ba6b8550315b25a2c15ab8fb8,2019-11-22T09:33:40+01:00,httpx/dispatch/proxy_http.py,253,0,0,84
httpx,f06ca87f9728346ba6b8550315b25a2c15ab8fb8,2019-11-22T09:33:40+01:00,tests/client/test_queryparams.py,56,0,0,23
httpx,f06ca87f9728346ba6b8550315b25a2c15ab8fb8,2019-11-22T09:33:40+01:00,tests/requests_compat/conftest.py,17,0,0,17
httpx,f06ca87f9728346ba6b8550315b25a2c15ab8fb8,2019-11-22T09:33:40+01:00,httpx/concurrency/asyncio.py,353,5,0,33
httpx,f06ca87f9728346ba6b8550315b25a2c15ab8fb8,2019-11-22T09:33:40+01:00,httpx/config.py,353,0,0,237
httpx,f06ca87f9728346ba6b8550315b25a2c15ab8fb8,2019-11-22T09:33:40+01:00,httpx/decoders.py,228,0,0,61
httpx,f06ca87f9728346ba6b8550315b25a2c15ab8fb8,2019-11-22T09:33:40+01:00,tests/test_concurrency.py,74,0,0,142
httpx,f06ca87f9728346ba6b8550315b25a2c15ab8fb8,2019-11-22T09:33:40+01:00,tests/test_wsgi.py,95,0,0,95
httpx,f06ca87f9728346ba6b8550315b25a2c15ab8fb8,2019-11-22T09:33:40+01:00,httpx/dispatch/wsgi.py,164,0,0,164
httpx,f06ca87f9728346ba6b8550315b25a2c15ab8fb8,2019-11-22T09:33:40+01:00,httpx/models.py,1323,22,0,338
httpx,f06ca87f9728346ba6b8550315b25a2c15ab8fb8,2019-11-22T09:33:40+01:00,httpx/dispatch/base.py,111,0,0,73
httpx,f06ca87f9728346ba6b8550315b25a2c15ab8fb8,2019-11-22T09:33:40+01:00,tests/dispatch/test_connections.py,50,0,0,13
httpx,f06ca87f9728346ba6b8550315b25a2c15ab8fb8,2019-11-22T09:33:40+01:00,tests/client/test_client.py,189,0,0,189
httpx,f06ca87f9728346ba6b8550315b25a2c15ab8fb8,2019-11-22T09:33:40+01:00,tests/requests_compat/test_api.py,29,0,0,29
httpx,f06ca87f9728346ba6b8550315b25a2c15ab8fb8,2019-11-22T09:33:40+01:00,tests/test_decoders.py,171,0,0,69
httpx,f06ca87f9728346ba6b8550315b25a2c15ab8fb8,2019-11-22T09:33:40+01:00,httpx/status_codes.py,135,0,0,4
httpx,f06ca87f9728346ba6b8550315b25a2c15ab8fb8,2019-11-22T09:33:40+01:00,httpx/exceptions.py,162,0,0,35
httpx,f06ca87f9728346ba6b8550315b25a2c15ab8fb8,2019-11-22T09:33:40+01:00,tests/client/test_redirects.py,360,0,0,102
httpx,f06ca87f9728346ba6b8550315b25a2c15ab8fb8,2019-11-22T09:33:40+01:00,httpx/dispatch/asgi.py,198,0,0,123
httpx,f06ca87f9728346ba6b8550315b25a2c15ab8fb8,2019-11-22T09:33:40+01:00,httpx/middleware/basic_auth.py,27,0,0,33
httpx,f06ca87f9728346ba6b8550315b25a2c15ab8fb8,2019-11-22T09:33:40+01:00,tests/client/test_cookies.py,160,0,0,85
httpx,f06ca87f9728346ba6b8550315b25a2c15ab8fb8,2019-11-22T09:33:40+01:00,httpx/__init__.py,145,0,0,35
httpx,f06ca87f9728346ba6b8550315b25a2c15ab8fb8,2019-11-22T09:33:40+01:00,httpx/multipart.py,121,0,0,12
httpx,f06ca87f9728346ba6b8550315b25a2c15ab8fb8,2019-11-22T09:33:40+01:00,tests/test_timeouts.py,60,0,0,45
httpx,f06ca87f9728346ba6b8550315b25a2c15ab8fb8,2019-11-22T09:33:40+01:00,tests/test_asgi.py,91,0,0,38
httpx,f06ca87f9728346ba6b8550315b25a2c15ab8fb8,2019-11-22T09:33:40+01:00,setup.py,76,0,0,5
httpx,f06ca87f9728346ba6b8550315b25a2c15ab8fb8,2019-11-22T09:33:40+01:00,httpx/middleware/custom_auth.py,15,0,0,23
httpx,f06ca87f9728346ba6b8550315b25a2c15ab8fb8,2019-11-22T09:33:40+01:00,httpx/dispatch/__init__.py,8,0,0,3
httpx,f06ca87f9728346ba6b8550315b25a2c15ab8fb8,2019-11-22T09:33:40+01:00,httpx/dispatch/threaded.py,97,0,0,97
httpx,f06ca87f9728346ba6b8550315b25a2c15ab8fb8,2019-11-22T09:33:40+01:00,tests/models/test_requests.py,90,0,0,18
httpx,f06ca87f9728346ba6b8550315b25a2c15ab8fb8,2019-11-22T09:33:40+01:00,tests/dispatch/utils.py,222,0,0,10
httpx,f06ca87f9728346ba6b8550315b25a2c15ab8fb8,2019-11-22T09:33:40+01:00,tests/models/test_responses.py,328,0,0,119
httpx,f06ca87f9728346ba6b8550315b25a2c15ab8fb8,2019-11-22T09:33:40+01:00,tests/client/test_async_client.py,159,0,0,41
httpx,33cb39733f91be715cb84d7934503b221fac12a9,2019-12-02T11:56:25+00:00,tests/client/test_proxies.py,117,0,0,6
httpx,33cb39733f91be715cb84d7934503b221fac12a9,2019-12-02T11:56:25+00:00,httpx/config.py,366,0,0,202
httpx,33cb39733f91be715cb84d7934503b221fac12a9,2019-12-02T11:56:25+00:00,tests/test_concurrency.py,112,0,0,189
httpx,33cb39733f91be715cb84d7934503b221fac12a9,2019-12-02T11:56:25+00:00,tests/test_api.py,72,0,0,11
httpx,33cb39733f91be715cb84d7934503b221fac12a9,2019-12-02T11:56:25+00:00,httpx/client.py,870,11,0,189
httpx,33cb39733f91be715cb84d7934503b221fac12a9,2019-12-02T11:56:25+00:00,tests/test_multipart.py,204,0,0,52
httpx,33cb39733f91be715cb84d7934503b221fac12a9,2019-12-02T11:56:25+00:00,httpx/models.py,1164,2,0,55
httpx,33cb39733f91be715cb84d7934503b221fac12a9,2019-12-02T11:56:25+00:00,httpx/dispatch/base.py,60,0,0,29
httpx,33cb39733f91be715cb84d7934503b221fac12a9,2019-12-02T11:56:25+00:00,httpx/dispatch/connection.py,154,0,0,181
httpx,33cb39733f91be715cb84d7934503b221fac12a9,2019-12-02T11:56:25+00:00,tests/dispatch/test_connections.py,50,0,0,17
httpx,33cb39733f91be715cb84d7934503b221fac12a9,2019-12-02T11:56:25+00:00,httpx/dispatch/http2.py,254,0,0,476
httpx,33cb39733f91be715cb84d7934503b221fac12a9,2019-12-02T11:56:25+00:00,httpx/api.py,379,8,0,47
httpx,33cb39733f91be715cb84d7934503b221fac12a9,2019-12-02T11:56:25+00:00,httpx/concurrency/base.py,163,0,0,146
httpx,33cb39733f91be715cb84d7934503b221fac12a9,2019-12-02T11:56:25+00:00,tests/client/test_client.py,190,0,0,60
httpx,33cb39733f91be715cb84d7934503b221fac12a9,2019-12-02T11:56:25+00:00,httpx/dispatch/http11.py,215,0,0,77
httpx,33cb39733f91be715cb84d7934503b221fac12a9,2019-12-02T11:56:25+00:00,tests/dispatch/test_proxy_http.py,214,0,0,24
httpx,33cb39733f91be715cb84d7934503b221fac12a9,2019-12-02T11:56:25+00:00,httpx/__version__.py,3,0,0,10
httpx,33cb39733f91be715cb84d7934503b221fac12a9,2019-12-02T11:56:25+00:00,tests/test_config.py,247,0,0,128
httpx,33cb39733f91be715cb84d7934503b221fac12a9,2019-12-02T11:56:25+00:00,tests/test_decoders.py,218,0,0,2
httpx,33cb39733f91be715cb84d7934503b221fac12a9,2019-12-02T11:56:25+00:00,tests/client/test_auth.py,379,0,0,15
httpx,33cb39733f91be715cb84d7934503b221fac12a9,2019-12-02T11:56:25+00:00,httpx/exceptions.py,159,0,0,22
httpx,33cb39733f91be715cb84d7934503b221fac12a9,2019-12-02T11:56:25+00:00,tests/client/test_redirects.py,356,0,0,46
httpx,33cb39733f91be715cb84d7934503b221fac12a9,2019-12-02T11:56:25+00:00,httpx/concurrency/trio.py,278,5,0,255
httpx,33cb39733f91be715cb84d7934503b221fac12a9,2019-12-02T11:56:25+00:00,tests/dispatch/test_http2.py,150,0,0,36
httpx,33cb39733f91be715cb84d7934503b221fac12a9,2019-12-02T11:56:25+00:00,tests/conftest.py,336,0,0,23
httpx,33cb39733f91be715cb84d7934503b221fac12a9,2019-12-02T11:56:25+00:00,httpx/dispatch/asgi.py,133,0,0,4
httpx,33cb39733f91be715cb84d7934503b221fac12a9,2019-12-02T11:56:25+00:00,tests/client/test_cookies.py,169,0,0,13
httpx,33cb39733f91be715cb84d7934503b221fac12a9,2019-12-02T11:56:25+00:00,tests/models/test_url.py,206,0,0,3
httpx,33cb39733f91be715cb84d7934503b221fac12a9,2019-12-02T11:56:25+00:00,httpx/__init__.py,137,0,0,86
httpx,33cb39733f91be715cb84d7934503b221fac12a9,2019-12-02T11:56:25+00:00,httpx/concurrency/auto.py,0,0,0,98
httpx,33cb39733f91be715cb84d7934503b221fac12a9,2019-12-02T11:56:25+00:00,tests/test_timeouts.py,52,0,0,65
httpx,33cb39733f91be715cb84d7934503b221fac12a9,2019-12-02T11:56:25+00:00,httpx/dispatch/connection_pool.py,199,0,0,92
httpx,33cb39733f91be715cb84d7934503b221fac12a9,2019-12-02T11:56:25+00:00,setup.py,76,0,0,5
httpx,33cb39733f91be715cb84d7934503b221fac12a9,2019-12-02T11:56:25+00:00,tests/dispatch/test_connection_pools.py,181,0,0,78
httpx,33cb39733f91be715cb84d7934503b221fac12a9,2019-12-02T11:56:25+00:00,tests/client/test_headers.py,157,0,0,16
httpx,33cb39733f91be715cb84d7934503b221fac12a9,2019-12-02T11:56:25+00:00,tests/concurrency.py,46,0,0,33
httpx,33cb39733f91be715cb84d7934503b221fac12a9,2019-12-02T11:56:25+00:00,httpx/dispatch/proxy_http.py,252,0,0,146
httpx,33cb39733f91be715cb84d7934503b221fac12a9,2019-12-02T11:56:25+00:00,tests/client/test_queryparams.py,59,0,0,14
httpx,33cb39733f91be715cb84d7934503b221fac12a9,2019-12-02T11:56:25+00:00,tests/dispatch/utils.py,222,0,0,36
httpx,33cb39733f91be715cb84d7934503b221fac12a9,2019-12-02T11:56:25+00:00,tests/models/test_responses.py,287,0,0,26
httpx,33cb39733f91be715cb84d7934503b221fac12a9,2019-12-02T11:56:25+00:00,httpx/concurrency/asyncio.py,353,5,0,298
httpx,33cb39733f91be715cb84d7934503b221fac12a9,2019-12-02T11:56:25+00:00,tests/client/test_async_client.py,159,0,0,53
httpx,83fc0921c175f47607f864678b0b0bba4dbb0413,2019-12-08T19:43:33+00:00,httpx/config.py,328,0,0,6
httpx,83fc0921c175f47607f864678b0b0bba4dbb0413,2019-12-08T19:43:33+00:00,tools/httpxprof/httpxprof/__main__.py,5,0,0,5
httpx,83fc0921c175f47607f864678b0b0bba4dbb0413,2019-12-08T19:43:33+00:00,tests/test_concurrency.py,166,0,0,70
httpx,83fc0921c175f47607f864678b0b0bba4dbb0413,2019-12-08T19:43:33+00:00,tools/httpxprof/httpxprof/main.py,45,0,0,45
httpx,83fc0921c175f47607f864678b0b0bba4dbb0413,2019-12-08T19:43:33+00:00,httpx/client.py,963,12,0,126
httpx,83fc0921c175f47607f864678b0b0bba4dbb0413,2019-12-08T19:43:33+00:00,tests/test_multipart.py,200,0,0,39
httpx,83fc0921c175f47607f864678b0b0bba4dbb0413,2019-12-08T19:43:33+00:00,httpx/models.py,1181,2,0,143
httpx,83fc0921c175f47607f864678b0b0bba4dbb0413,2019-12-08T19:43:33+00:00,tests/dispatch/test_connections.py,49,0,0,15
httpx,83fc0921c175f47607f864678b0b0bba4dbb0413,2019-12-08T19:43:33+00:00,httpx/dispatch/connection.py,196,0,0,65
httpx,83fc0921c175f47607f864678b0b0bba4dbb0413,2019-12-08T19:43:33+00:00,tools/httpxprof/httpxprof/scripts/sync.py,13,0,0,13
httpx,83fc0921c175f47607f864678b0b0bba4dbb0413,2019-12-08T19:43:33+00:00,httpx/dispatch/http2.py,264,0,0,79
httpx,83fc0921c175f47607f864678b0b0bba4dbb0413,2019-12-08T19:43:33+00:00,httpx/api.py,414,8,0,2
httpx,83fc0921c175f47607f864678b0b0bba4dbb0413,2019-12-08T19:43:33+00:00,httpx/dispatch/base.py,60,0,0,23
httpx,83fc0921c175f47607f864678b0b0bba4dbb0413,2019-12-08T19:43:33+00:00,tools/httpxprof/httpxprof/config.py,9,0,0,9
httpx,83fc0921c175f47607f864678b0b0bba4dbb0413,2019-12-08T19:43:33+00:00,httpx/concurrency/base.py,140,0,0,79
httpx,83fc0921c175f47607f864678b0b0bba4dbb0413,2019-12-08T19:43:33+00:00,tools/httpxprof/httpxprof/__init__.py,0,0,0,0
httpx,83fc0921c175f47607f864678b0b0bba4dbb0413,2019-12-08T19:43:33+00:00,httpx/content.py,0,0,0,342
httpx,83fc0921c175f47607f864678b0b0bba4dbb0413,2019-12-08T19:43:33+00:00,httpx/dispatch/http11.py,199,0,0,34
httpx,83fc0921c175f47607f864678b0b0bba4dbb0413,2019-12-08T19:43:33+00:00,tests/dispatch/test_proxy_http.py,202,0,0,12
httpx,83fc0921c175f47607f864678b0b0bba4dbb0413,2019-12-08T19:43:33+00:00,tests/client/test_client.py,194,0,0,14
httpx,83fc0921c175f47607f864678b0b0bba4dbb0413,2019-12-08T19:43:33+00:00,httpx/__version__.py,3,0,0,4
httpx,83fc0921c175f47607f864678b0b0bba4dbb0413,2019-12-08T19:43:33+00:00,tests/test_config.py,218,0,0,5
httpx,83fc0921c175f47607f864678b0b0bba4dbb0413,2019-12-08T19:43:33+00:00,tests/test_decoders.py,218,0,0,49
httpx,83fc0921c175f47607f864678b0b0bba4dbb0413,2019-12-08T19:43:33+00:00,tests/client/test_auth.py,370,0,0,75
httpx,83fc0921c175f47607f864678b0b0bba4dbb0413,2019-12-08T19:43:33+00:00,tools/httpxprof/setup.py,20,0,0,20
httpx,83fc0921c175f47607f864678b0b0bba4dbb0413,2019-12-08T19:43:33+00:00,httpx/{concurrency => backends}/base.py,0,0,0,0
httpx,83fc0921c175f47607f864678b0b0bba4dbb0413,2019-12-08T19:43:33+00:00,tests/test_content.py,0,0,0,109
httpx,83fc0921c175f47607f864678b0b0bba4dbb0413,2019-12-08T19:43:33+00:00,tests/client/test_redirects.py,354,0,0,65
httpx,83fc0921c175f47607f864678b0b0bba4dbb0413,2019-12-08T19:43:33+00:00,httpx/concurrency/trio.py,210,3,0,199
httpx,83fc0921c175f47607f864678b0b0bba4dbb0413,2019-12-08T19:43:33+00:00,tools/httpxprof/httpxprof/utils.py,49,0,0,49
httpx,83fc0921c175f47607f864678b0b0bba4dbb0413,2019-12-08T19:43:33+00:00,tools/httpxprof/httpxprof/scripts/async.py,15,0,0,15
httpx,83fc0921c175f47607f864678b0b0bba4dbb0413,2019-12-08T19:43:33+00:00,tests/dispatch/test_http2.py,150,0,0,21
httpx,83fc0921c175f47607f864678b0b0bba4dbb0413,2019-12-08T19:43:33+00:00,tests/conftest.py,345,0,0,51
httpx,83fc0921c175f47607f864678b0b0bba4dbb0413,2019-12-08T19:43:33+00:00,httpx/dispatch/asgi.py,129,0,0,10
httpx,83fc0921c175f47607f864678b0b0bba4dbb0413,2019-12-08T19:43:33+00:00,tests/models/test_url.py,205,0,0,6
httpx,83fc0921c175f47607f864678b0b0bba4dbb0413,2019-12-08T19:43:33+00:00,httpx/auth.py,198,0,0,79
httpx,83fc0921c175f47607f864678b0b0bba4dbb0413,2019-12-08T19:43:33+00:00,tools/httpxprof/httpxprof/scripts/__init__.py,0,0,0,0
httpx,83fc0921c175f47607f864678b0b0bba4dbb0413,2019-12-08T19:43:33+00:00,httpx/{concurrency => backends}/trio.py,0,0,0,0
httpx,83fc0921c175f47607f864678b0b0bba4dbb0413,2019-12-08T19:43:33+00:00,httpx/multipart.py,123,0,0,133
httpx,83fc0921c175f47607f864678b0b0bba4dbb0413,2019-12-08T19:43:33+00:00,httpx/concurrency/auto.py,62,0,0,26
httpx,83fc0921c175f47607f864678b0b0bba4dbb0413,2019-12-08T19:43:33+00:00,tests/test_timeouts.py,39,0,0,12
httpx,83fc0921c175f47607f864678b0b0bba4dbb0413,2019-12-08T19:43:33+00:00,httpx/utils.py,341,0,0,23
httpx,83fc0921c175f47607f864678b0b0bba4dbb0413,2019-12-08T19:43:33+00:00,httpx/dispatch/connection_pool.py,190,0,0,53
httpx,83fc0921c175f47607f864678b0b0bba4dbb0413,2019-12-08T19:43:33+00:00,setup.py,77,0,0,2
httpx,83fc0921c175f47607f864678b0b0bba4dbb0413,2019-12-08T19:43:33+00:00,tests/dispatch/test_connection_pools.py,180,0,0,71
httpx,83fc0921c175f47607f864678b0b0bba4dbb0413,2019-12-08T19:43:33+00:00,tests/client/test_headers.py,149,0,0,33
httpx,83fc0921c175f47607f864678b0b0bba4dbb0413,2019-12-08T19:43:33+00:00,tests/concurrency.py,77,0,0,6
httpx,83fc0921c175f47607f864678b0b0bba4dbb0413,2019-12-08T19:43:33+00:00,httpx/{concurrency => backends}/asyncio.py,0,0,0,0
httpx,83fc0921c175f47607f864678b0b0bba4dbb0413,2019-12-08T19:43:33+00:00,httpx/dispatch/proxy_http.py,212,0,0,7
httpx,83fc0921c175f47607f864678b0b0bba4dbb0413,2019-12-08T19:43:33+00:00,httpx/{concurrency => backends}/__init__.py,0,0,0,0
httpx,83fc0921c175f47607f864678b0b0bba4dbb0413,2019-12-08T19:43:33+00:00,httpx/content_streams.py,0,0,0,279
httpx,83fc0921c175f47607f864678b0b0bba4dbb0413,2019-12-08T19:43:33+00:00,tests/models/test_requests.py,88,0,0,18
httpx,83fc0921c175f47607f864678b0b0bba4dbb0413,2019-12-08T19:43:33+00:00,httpx/{concurrency => backends}/auto.py,0,0,0,0
httpx,83fc0921c175f47607f864678b0b0bba4dbb0413,2019-12-08T19:43:33+00:00,tests/dispatch/utils.py,223,0,0,34
httpx,83fc0921c175f47607f864678b0b0bba4dbb0413,2019-12-08T19:43:33+00:00,tests/models/test_responses.py,287,0,0,67
httpx,83fc0921c175f47607f864678b0b0bba4dbb0413,2019-12-08T19:43:33+00:00,httpx/concurrency/asyncio.py,297,3,0,262
httpx,83fc0921c175f47607f864678b0b0bba4dbb0413,2019-12-08T19:43:33+00:00,httpx/middleware.py,10,0,0,10
httpx,83fc0921c175f47607f864678b0b0bba4dbb0413,2019-12-08T19:43:33+00:00,tests/client/test_async_client.py,176,0,0,71
httpx,66e0f4b6f8df5c744681cb8306f416f48b0a0e35,2019-12-09T18:30:00+00:00,tools/httpxprof/httpxprof/__main__.py,5,0,0,5
httpx,66e0f4b6f8df5c744681cb8306f416f48b0a0e35,2019-12-09T18:30:00+00:00,tests/test_concurrency.py,119,0,0,21
httpx,66e0f4b6f8df5c744681cb8306f416f48b0a0e35,2019-12-09T18:30:00+00:00,tools/httpxprof/httpxprof/main.py,45,0,0,45
httpx,66e0f4b6f8df5c744681cb8306f416f48b0a0e35,2019-12-09T18:30:00+00:00,httpx/client.py,963,12,0,126
httpx,66e0f4b6f8df5c744681cb8306f416f48b0a0e35,2019-12-09T18:30:00+00:00,tests/test_multipart.py,200,0,0,39
httpx,66e0f4b6f8df5c744681cb8306f416f48b0a0e35,2019-12-09T18:30:00+00:00,httpx/models.py,1181,2,0,143
httpx,66e0f4b6f8df5c744681cb8306f416f48b0a0e35,2019-12-09T18:30:00+00:00,tests/dispatch/test_connections.py,49,0,0,15
httpx,66e0f4b6f8df5c744681cb8306f416f48b0a0e35,2019-12-09T18:30:00+00:00,httpx/dispatch/connection.py,188,0,0,3
httpx,66e0f4b6f8df5c744681cb8306f416f48b0a0e35,2019-12-09T18:30:00+00:00,tools/httpxprof/httpxprof/scripts/sync.py,13,0,0,13
httpx,66e0f4b6f8df5c744681cb8306f416f48b0a0e35,2019-12-09T18:30:00+00:00,httpx/dispatch/http2.py,269,0,0,98
httpx,66e0f4b6f8df5c744681cb8306f416f48b0a0e35,2019-12-09T18:30:00+00:00,httpx/api.py,414,8,0,2
httpx,66e0f4b6f8df5c744681cb8306f416f48b0a0e35,2019-12-09T18:30:00+00:00,tools/httpxprof/httpxprof/config.py,9,0,0,9
httpx,66e0f4b6f8df5c744681cb8306f416f48b0a0e35,2019-12-09T18:30:00+00:00,httpx/concurrency/base.py,122,0,0,27
httpx,66e0f4b6f8df5c744681cb8306f416f48b0a0e35,2019-12-09T18:30:00+00:00,tools/httpxprof/httpxprof/__init__.py,0,0,0,0
httpx,66e0f4b6f8df5c744681cb8306f416f48b0a0e35,2019-12-09T18:30:00+00:00,httpx/content.py,0,0,0,342
httpx,66e0f4b6f8df5c744681cb8306f416f48b0a0e35,2019-12-09T18:30:00+00:00,httpx/dispatch/http11.py,204,0,0,13
httpx,66e0f4b6f8df5c744681cb8306f416f48b0a0e35,2019-12-09T18:30:00+00:00,tests/dispatch/test_proxy_http.py,202,0,0,12
httpx,66e0f4b6f8df5c744681cb8306f416f48b0a0e35,2019-12-09T18:30:00+00:00,httpx/__version__.py,3,0,0,4
httpx,66e0f4b6f8df5c744681cb8306f416f48b0a0e35,2019-12-09T18:30:00+00:00,tests/test_decoders.py,218,0,0,49
httpx,66e0f4b6f8df5c744681cb8306f416f48b0a0e35,2019-12-09T18:30:00+00:00,tests/client/test_auth.py,370,0,0,75
httpx,66e0f4b6f8df5c744681cb8306f416f48b0a0e35,2019-12-09T18:30:00+00:00,tools/httpxprof/setup.py,20,0,0,20
httpx,66e0f4b6f8df5c744681cb8306f416f48b0a0e35,2019-12-09T18:30:00+00:00,httpx/{concurrency => backends}/base.py,0,0,0,0
httpx,66e0f4b6f8df5c744681cb8306f416f48b0a0e35,2019-12-09T18:30:00+00:00,tests/test_content.py,0,0,0,109
httpx,66e0f4b6f8df5c744681cb8306f416f48b0a0e35,2019-12-09T18:30:00+00:00,tests/client/test_redirects.py,354,0,0,65
httpx,66e0f4b6f8df5c744681cb8306f416f48b0a0e35,2019-12-09T18:30:00+00:00,httpx/concurrency/trio.py,194,3,0,92
httpx,66e0f4b6f8df5c744681cb8306f416f48b0a0e35,2019-12-09T18:30:00+00:00,tools/httpxprof/httpxprof/utils.py,49,0,0,49
httpx,66e0f4b6f8df5c744681cb8306f416f48b0a0e35,2019-12-09T18:30:00+00:00,tools/httpxprof/httpxprof/scripts/async.py,15,0,0,15
httpx,66e0f4b6f8df5c744681cb8306f416f48b0a0e35,2019-12-09T18:30:00+00:00,tests/dispatch/test_http2.py,150,0,0,21
httpx,66e0f4b6f8df5c744681cb8306f416f48b0a0e35,2019-12-09T18:30:00+00:00,tests/conftest.py,345,0,0,51
httpx,66e0f4b6f8df5c744681cb8306f416f48b0a0e35,2019-12-09T18:30:00+00:00,httpx/dispatch/asgi.py,129,0,0,10
httpx,66e0f4b6f8df5c744681cb8306f416f48b0a0e35,2019-12-09T18:30:00+00:00,tests/client/test_cookies.py,162,0,0,20
httpx,66e0f4b6f8df5c744681cb8306f416f48b0a0e35,2019-12-09T18:30:00+00:00,tests/models/test_url.py,205,0,0,6
httpx,66e0f4b6f8df5c744681cb8306f416f48b0a0e35,2019-12-09T18:30:00+00:00,httpx/auth.py,198,0,0,79
httpx,66e0f4b6f8df5c744681cb8306f416f48b0a0e35,2019-12-09T18:30:00+00:00,tools/httpxprof/httpxprof/scripts/__init__.py,0,0,0,0
httpx,66e0f4b6f8df5c744681cb8306f416f48b0a0e35,2019-12-09T18:30:00+00:00,httpx/{concurrency => backends}/trio.py,0,0,0,0
httpx,66e0f4b6f8df5c744681cb8306f416f48b0a0e35,2019-12-09T18:30:00+00:00,httpx/multipart.py,123,0,0,133
httpx,66e0f4b6f8df5c744681cb8306f416f48b0a0e35,2019-12-09T18:30:00+00:00,httpx/concurrency/auto.py,53,0,0,17
httpx,66e0f4b6f8df5c744681cb8306f416f48b0a0e35,2019-12-09T18:30:00+00:00,tests/test_timeouts.py,39,0,0,12
httpx,66e0f4b6f8df5c744681cb8306f416f48b0a0e35,2019-12-09T18:30:00+00:00,httpx/utils.py,341,0,0,23
httpx,66e0f4b6f8df5c744681cb8306f416f48b0a0e35,2019-12-09T18:30:00+00:00,httpx/dispatch/connection_pool.py,190,0,0,53
httpx,66e0f4b6f8df5c744681cb8306f416f48b0a0e35,2019-12-09T18:30:00+00:00,setup.py,77,0,0,2
httpx,66e0f4b6f8df5c744681cb8306f416f48b0a0e35,2019-12-09T18:30:00+00:00,tests/dispatch/test_connection_pools.py,180,0,0,71
httpx,66e0f4b6f8df5c744681cb8306f416f48b0a0e35,2019-12-09T18:30:00+00:00,tests/client/test_headers.py,149,0,0,33
httpx,66e0f4b6f8df5c744681cb8306f416f48b0a0e35,2019-12-09T18:30:00+00:00,tests/concurrency.py,77,0,0,6
httpx,66e0f4b6f8df5c744681cb8306f416f48b0a0e35,2019-12-09T18:30:00+00:00,httpx/{concurrency => backends}/asyncio.py,0,0,0,0
httpx,66e0f4b6f8df5c744681cb8306f416f48b0a0e35,2019-12-09T18:30:00+00:00,httpx/dispatch/proxy_http.py,212,0,0,7
httpx,66e0f4b6f8df5c744681cb8306f416f48b0a0e35,2019-12-09T18:30:00+00:00,httpx/{concurrency => backends}/__init__.py,0,0,0,0
httpx,66e0f4b6f8df5c744681cb8306f416f48b0a0e35,2019-12-09T18:30:00+00:00,httpx/content_streams.py,0,0,0,279
httpx,66e0f4b6f8df5c744681cb8306f416f48b0a0e35,2019-12-09T18:30:00+00:00,tests/models/test_requests.py,88,0,0,18
httpx,66e0f4b6f8df5c744681cb8306f416f48b0a0e35,2019-12-09T18:30:00+00:00,httpx/{concurrency => backends}/auto.py,0,0,0,0
httpx,66e0f4b6f8df5c744681cb8306f416f48b0a0e35,2019-12-09T18:30:00+00:00,tests/dispatch/utils.py,223,0,0,34
httpx,66e0f4b6f8df5c744681cb8306f416f48b0a0e35,2019-12-09T18:30:00+00:00,tests/models/test_responses.py,287,0,0,67
httpx,66e0f4b6f8df5c744681cb8306f416f48b0a0e35,2019-12-09T18:30:00+00:00,httpx/concurrency/asyncio.py,278,3,0,177
httpx,66e0f4b6f8df5c744681cb8306f416f48b0a0e35,2019-12-09T18:30:00+00:00,httpx/middleware.py,10,0,0,10
httpx,66e0f4b6f8df5c744681cb8306f416f48b0a0e35,2019-12-09T18:30:00+00:00,tests/client/test_async_client.py,176,0,0,71
httpx,52c2c9762f400986fbc0164c918fc3ea5a0593ac,2019-12-12T11:57:53+00:00,tools/httpxprof/httpxprof/__main__.py,5,0,0,5
httpx,52c2c9762f400986fbc0164c918fc3ea5a0593ac,2019-12-12T11:57:53+00:00,tests/test_concurrency.py,119,0,0,21
httpx,52c2c9762f400986fbc0164c918fc3ea5a0593ac,2019-12-12T11:57:53+00:00,tools/httpxprof/httpxprof/main.py,45,0,0,45
httpx,52c2c9762f400986fbc0164c918fc3ea5a0593ac,2019-12-12T11:57:53+00:00,httpx/client.py,963,12,0,126
httpx,52c2c9762f400986fbc0164c918fc3ea5a0593ac,2019-12-12T11:57:53+00:00,tests/test_multipart.py,200,0,0,39
httpx,52c2c9762f400986fbc0164c918fc3ea5a0593ac,2019-12-12T11:57:53+00:00,httpx/models.py,1181,2,0,143
httpx,52c2c9762f400986fbc0164c918fc3ea5a0593ac,2019-12-12T11:57:53+00:00,tests/dispatch/test_connections.py,49,0,0,15
httpx,52c2c9762f400986fbc0164c918fc3ea5a0593ac,2019-12-12T11:57:53+00:00,httpx/dispatch/connection.py,189,0,0,2
httpx,52c2c9762f400986fbc0164c918fc3ea5a0593ac,2019-12-12T11:57:53+00:00,tools/httpxprof/httpxprof/scripts/sync.py,13,0,0,13
httpx,52c2c9762f400986fbc0164c918fc3ea5a0593ac,2019-12-12T11:57:53+00:00,httpx/dispatch/http2.py,284,0,0,45
httpx,52c2c9762f400986fbc0164c918fc3ea5a0593ac,2019-12-12T11:57:53+00:00,httpx/api.py,414,8,0,2
httpx,52c2c9762f400986fbc0164c918fc3ea5a0593ac,2019-12-12T11:57:53+00:00,tools/httpxprof/httpxprof/config.py,9,0,0,9
httpx,52c2c9762f400986fbc0164c918fc3ea5a0593ac,2019-12-12T11:57:53+00:00,httpx/concurrency/base.py,119,0,0,14
httpx,52c2c9762f400986fbc0164c918fc3ea5a0593ac,2019-12-12T11:57:53+00:00,tools/httpxprof/httpxprof/__init__.py,0,0,0,0
httpx,52c2c9762f400986fbc0164c918fc3ea5a0593ac,2019-12-12T11:57:53+00:00,httpx/content.py,0,0,0,342
httpx,52c2c9762f400986fbc0164c918fc3ea5a0593ac,2019-12-12T11:57:53+00:00,httpx/dispatch/http11.py,204,0,0,13
httpx,52c2c9762f400986fbc0164c918fc3ea5a0593ac,2019-12-12T11:57:53+00:00,tests/dispatch/test_proxy_http.py,202,0,0,12
httpx,52c2c9762f400986fbc0164c918fc3ea5a0593ac,2019-12-12T11:57:53+00:00,httpx/__version__.py,3,0,0,4
httpx,52c2c9762f400986fbc0164c918fc3ea5a0593ac,2019-12-12T11:57:53+00:00,tests/test_decoders.py,218,0,0,49
httpx,52c2c9762f400986fbc0164c918fc3ea5a0593ac,2019-12-12T11:57:53+00:00,tests/client/test_auth.py,370,0,0,75
httpx,52c2c9762f400986fbc0164c918fc3ea5a0593ac,2019-12-12T11:57:53+00:00,tools/httpxprof/setup.py,20,0,0,20
httpx,52c2c9762f400986fbc0164c918fc3ea5a0593ac,2019-12-12T11:57:53+00:00,httpx/{concurrency => backends}/base.py,0,0,0,0
httpx,52c2c9762f400986fbc0164c918fc3ea5a0593ac,2019-12-12T11:57:53+00:00,tests/test_content.py,0,0,0,109
httpx,52c2c9762f400986fbc0164c918fc3ea5a0593ac,2019-12-12T11:57:53+00:00,tests/client/test_redirects.py,354,0,0,65
httpx,52c2c9762f400986fbc0164c918fc3ea5a0593ac,2019-12-12T11:57:53+00:00,httpx/concurrency/trio.py,177,2,0,55
httpx,52c2c9762f400986fbc0164c918fc3ea5a0593ac,2019-12-12T11:57:53+00:00,tools/httpxprof/httpxprof/utils.py,49,0,0,49
httpx,52c2c9762f400986fbc0164c918fc3ea5a0593ac,2019-12-12T11:57:53+00:00,tools/httpxprof/httpxprof/scripts/async.py,15,0,0,15
httpx,52c2c9762f400986fbc0164c918fc3ea5a0593ac,2019-12-12T11:57:53+00:00,tests/dispatch/test_http2.py,150,0,0,21
httpx,52c2c9762f400986fbc0164c918fc3ea5a0593ac,2019-12-12T11:57:53+00:00,tests/conftest.py,345,0,0,51
httpx,52c2c9762f400986fbc0164c918fc3ea5a0593ac,2019-12-12T11:57:53+00:00,httpx/dispatch/asgi.py,129,0,0,10
httpx,52c2c9762f400986fbc0164c918fc3ea5a0593ac,2019-12-12T11:57:53+00:00,tests/client/test_cookies.py,162,0,0,20
httpx,52c2c9762f400986fbc0164c918fc3ea5a0593ac,2019-12-12T11:57:53+00:00,tests/models/test_url.py,205,0,0,6
httpx,52c2c9762f400986fbc0164c918fc3ea5a0593ac,2019-12-12T11:57:53+00:00,httpx/auth.py,198,0,0,79
httpx,52c2c9762f400986fbc0164c918fc3ea5a0593ac,2019-12-12T11:57:53+00:00,tools/httpxprof/httpxprof/scripts/__init__.py,0,0,0,0
httpx,52c2c9762f400986fbc0164c918fc3ea5a0593ac,2019-12-12T11:57:53+00:00,httpx/{concurrency => backends}/trio.py,0,0,0,0
httpx,52c2c9762f400986fbc0164c918fc3ea5a0593ac,2019-12-12T11:57:53+00:00,httpx/multipart.py,123,0,0,133
httpx,52c2c9762f400986fbc0164c918fc3ea5a0593ac,2019-12-12T11:57:53+00:00,httpx/concurrency/auto.py,56,0,0,8
httpx,52c2c9762f400986fbc0164c918fc3ea5a0593ac,2019-12-12T11:57:53+00:00,tests/test_timeouts.py,39,0,0,12
httpx,52c2c9762f400986fbc0164c918fc3ea5a0593ac,2019-12-12T11:57:53+00:00,httpx/utils.py,341,0,0,23
httpx,52c2c9762f400986fbc0164c918fc3ea5a0593ac,2019-12-12T11:57:53+00:00,httpx/dispatch/connection_pool.py,223,0,0,18
httpx,52c2c9762f400986fbc0164c918fc3ea5a0593ac,2019-12-12T11:57:53+00:00,setup.py,77,0,0,2
httpx,52c2c9762f400986fbc0164c918fc3ea5a0593ac,2019-12-12T11:57:53+00:00,tests/dispatch/test_connection_pools.py,211,0,0,40
httpx,52c2c9762f400986fbc0164c918fc3ea5a0593ac,2019-12-12T11:57:53+00:00,tests/client/test_headers.py,149,0,0,33
httpx,52c2c9762f400986fbc0164c918fc3ea5a0593ac,2019-12-12T11:57:53+00:00,tests/concurrency.py,77,0,0,6
httpx,52c2c9762f400986fbc0164c918fc3ea5a0593ac,2019-12-12T11:57:53+00:00,httpx/{concurrency => backends}/asyncio.py,0,0,0,0
httpx,52c2c9762f400986fbc0164c918fc3ea5a0593ac,2019-12-12T11:57:53+00:00,httpx/dispatch/proxy_http.py,212,0,0,7
httpx,52c2c9762f400986fbc0164c918fc3ea5a0593ac,2019-12-12T11:57:53+00:00,httpx/{concurrency => backends}/__init__.py,0,0,0,0
httpx,52c2c9762f400986fbc0164c918fc3ea5a0593ac,2019-12-12T11:57:53+00:00,httpx/content_streams.py,0,0,0,279
httpx,52c2c9762f400986fbc0164c918fc3ea5a0593ac,2019-12-12T11:57:53+00:00,tests/models/test_requests.py,88,0,0,18
httpx,52c2c9762f400986fbc0164c918fc3ea5a0593ac,2019-12-12T11:57:53+00:00,httpx/{concurrency => backends}/auto.py,0,0,0,0
httpx,52c2c9762f400986fbc0164c918fc3ea5a0593ac,2019-12-12T11:57:53+00:00,tests/dispatch/utils.py,212,0,0,34
httpx,52c2c9762f400986fbc0164c918fc3ea5a0593ac,2019-12-12T11:57:53+00:00,tests/models/test_responses.py,287,0,0,67
httpx,52c2c9762f400986fbc0164c918fc3ea5a0593ac,2019-12-12T11:57:53+00:00,httpx/concurrency/asyncio.py,283,2,0,59
httpx,52c2c9762f400986fbc0164c918fc3ea5a0593ac,2019-12-12T11:57:53+00:00,httpx/middleware.py,10,0,0,10
httpx,52c2c9762f400986fbc0164c918fc3ea5a0593ac,2019-12-12T11:57:53+00:00,tests/client/test_async_client.py,176,0,0,71
httpx,bb6ab205fe60fd9ae9a1465188540dbfe46cf048,2019-12-20T15:14:30+00:00,httpx/backends/asyncio.py,0,0,0,31
httpx,bb6ab205fe60fd9ae9a1465188540dbfe46cf048,2019-12-20T15:14:30+00:00,tests/client/test_proxies.py,111,0,0,29
httpx,bb6ab205fe60fd9ae9a1465188540dbfe46cf048,2019-12-20T15:14:30+00:00,tests/test_api.py,83,0,0,2
httpx,bb6ab205fe60fd9ae9a1465188540dbfe46cf048,2019-12-20T15:14:30+00:00,httpx/client.py,983,10,0,134
httpx,bb6ab205fe60fd9ae9a1465188540dbfe46cf048,2019-12-20T15:14:30+00:00,tests/test_multipart.py,200,0,0,47
httpx,bb6ab205fe60fd9ae9a1465188540dbfe46cf048,2019-12-20T15:14:30+00:00,httpx/dispatch/connection.py,189,0,0,120
httpx,bb6ab205fe60fd9ae9a1465188540dbfe46cf048,2019-12-20T15:14:30+00:00,httpx/dispatch/http2.py,286,0,0,68
httpx,bb6ab205fe60fd9ae9a1465188540dbfe46cf048,2019-12-20T15:14:30+00:00,httpx/api.py,414,8,0,6
httpx,bb6ab205fe60fd9ae9a1465188540dbfe46cf048,2019-12-20T15:14:30+00:00,httpx/concurrency/base.py,119,0,0,14
httpx,bb6ab205fe60fd9ae9a1465188540dbfe46cf048,2019-12-20T15:14:30+00:00,httpx/dispatch/http11.py,204,0,0,16
httpx,bb6ab205fe60fd9ae9a1465188540dbfe46cf048,2019-12-20T15:14:30+00:00,tests/test_config.py,219,0,0,31
httpx,bb6ab205fe60fd9ae9a1465188540dbfe46cf048,2019-12-20T15:14:30+00:00,httpx/__version__.py,3,0,0,4
httpx,bb6ab205fe60fd9ae9a1465188540dbfe46cf048,2019-12-20T15:14:30+00:00,tests/client/test_auth.py,370,0,0,113
httpx,bb6ab205fe60fd9ae9a1465188540dbfe46cf048,2019-12-20T15:14:30+00:00,httpx/{concurrency => backends}/base.py,0,0,0,0
httpx,bb6ab205fe60fd9ae9a1465188540dbfe46cf048,2019-12-20T15:14:30+00:00,httpx/concurrency/trio.py,177,2,0,55
httpx,bb6ab205fe60fd9ae9a1465188540dbfe46cf048,2019-12-20T15:14:30+00:00,tests/test_utils.py,287,0,0,6
httpx,bb6ab205fe60fd9ae9a1465188540dbfe46cf048,2019-12-20T15:14:30+00:00,tools/httpxprof/httpxprof/scripts/async.py,15,0,0,15
httpx,bb6ab205fe60fd9ae9a1465188540dbfe46cf048,2019-12-20T15:14:30+00:00,httpx/backends/auto.py,0,0,0,8
httpx,bb6ab205fe60fd9ae9a1465188540dbfe46cf048,2019-12-20T15:14:30+00:00,tests/dispatch/test_http2.py,149,0,0,30
httpx,bb6ab205fe60fd9ae9a1465188540dbfe46cf048,2019-12-20T15:14:30+00:00,tests/conftest.py,345,0,0,51
httpx,bb6ab205fe60fd9ae9a1465188540dbfe46cf048,2019-12-20T15:14:30+00:00,httpx/backends/trio.py,0,0,0,21
httpx,bb6ab205fe60fd9ae9a1465188540dbfe46cf048,2019-12-20T15:14:30+00:00,tools/httpxprof/httpxprof/scripts/__init__.py,0,0,0,0
httpx,bb6ab205fe60fd9ae9a1465188540dbfe46cf048,2019-12-20T15:14:30+00:00,tests/client/test_properties.py,17,0,0,6
httpx,bb6ab205fe60fd9ae9a1465188540dbfe46cf048,2019-12-20T15:14:30+00:00,httpx/{concurrency => backends}/trio.py,0,0,0,0
httpx,bb6ab205fe60fd9ae9a1465188540dbfe46cf048,2019-12-20T15:14:30+00:00,httpx/concurrency/auto.py,56,0,0,8
httpx,bb6ab205fe60fd9ae9a1465188540dbfe46cf048,2019-12-20T15:14:30+00:00,httpx/utils.py,341,0,0,32
httpx,bb6ab205fe60fd9ae9a1465188540dbfe46cf048,2019-12-20T15:14:30+00:00,httpx/dispatch/connection_pool.py,223,0,0,49
httpx,bb6ab205fe60fd9ae9a1465188540dbfe46cf048,2019-12-20T15:14:30+00:00,tests/test_content_streams.py,0,0,0,120
httpx,bb6ab205fe60fd9ae9a1465188540dbfe46cf048,2019-12-20T15:14:30+00:00,tests/client/test_headers.py,178,0,0,14
httpx,bb6ab205fe60fd9ae9a1465188540dbfe46cf048,2019-12-20T15:14:30+00:00,tests/concurrency.py,77,0,0,26
httpx,bb6ab205fe60fd9ae9a1465188540dbfe46cf048,2019-12-20T15:14:30+00:00,httpx/{concurrency => backends}/asyncio.py,0,0,0,0
httpx,bb6ab205fe60fd9ae9a1465188540dbfe46cf048,2019-12-20T15:14:30+00:00,httpx/dispatch/proxy_http.py,212,0,0,48
httpx,bb6ab205fe60fd9ae9a1465188540dbfe46cf048,2019-12-20T15:14:30+00:00,httpx/content_streams.py,0,0,0,350
httpx,bb6ab205fe60fd9ae9a1465188540dbfe46cf048,2019-12-20T15:14:30+00:00,tests/client/test_queryparams.py,51,0,0,10
httpx,bb6ab205fe60fd9ae9a1465188540dbfe46cf048,2019-12-20T15:14:30+00:00,httpx/concurrency/asyncio.py,287,2,0,49
httpx,bb6ab205fe60fd9ae9a1465188540dbfe46cf048,2019-12-20T15:14:30+00:00,httpx/config.py,328,0,0,69
httpx,bb6ab205fe60fd9ae9a1465188540dbfe46cf048,2019-12-20T15:14:30+00:00,tools/httpxprof/httpxprof/__main__.py,5,0,0,5
httpx,bb6ab205fe60fd9ae9a1465188540dbfe46cf048,2019-12-20T15:14:30+00:00,tests/test_concurrency.py,119,0,0,21
httpx,bb6ab205fe60fd9ae9a1465188540dbfe46cf048,2019-12-20T15:14:30+00:00,tools/httpxprof/httpxprof/main.py,45,0,0,45
httpx,bb6ab205fe60fd9ae9a1465188540dbfe46cf048,2019-12-20T15:14:30+00:00,httpx/models.py,1121,2,0,223
httpx,bb6ab205fe60fd9ae9a1465188540dbfe46cf048,2019-12-20T15:14:30+00:00,tests/dispatch/test_connections.py,49,0,0,41
httpx,bb6ab205fe60fd9ae9a1465188540dbfe46cf048,2019-12-20T15:14:30+00:00,httpx/dispatch/base.py,83,0,0,39
httpx,bb6ab205fe60fd9ae9a1465188540dbfe46cf048,2019-12-20T15:14:30+00:00,tools/httpxprof/httpxprof/scripts/sync.py,13,0,0,13
httpx,bb6ab205fe60fd9ae9a1465188540dbfe46cf048,2019-12-20T15:14:30+00:00,tools/httpxprof/httpxprof/config.py,9,0,0,9
httpx,bb6ab205fe60fd9ae9a1465188540dbfe46cf048,2019-12-20T15:14:30+00:00,tests/client/test_client.py,182,0,0,36
httpx,bb6ab205fe60fd9ae9a1465188540dbfe46cf048,2019-12-20T15:14:30+00:00,tools/httpxprof/httpxprof/__init__.py,0,0,0,0
httpx,bb6ab205fe60fd9ae9a1465188540dbfe46cf048,2019-12-20T15:14:30+00:00,httpx/content.py,171,0,0,171
httpx,bb6ab205fe60fd9ae9a1465188540dbfe46cf048,2019-12-20T15:14:30+00:00,tests/dispatch/test_proxy_http.py,202,0,0,16
httpx,bb6ab205fe60fd9ae9a1465188540dbfe46cf048,2019-12-20T15:14:30+00:00,tests/test_decoders.py,218,0,0,67
httpx,bb6ab205fe60fd9ae9a1465188540dbfe46cf048,2019-12-20T15:14:30+00:00,tools/httpxprof/setup.py,20,0,0,20
httpx,bb6ab205fe60fd9ae9a1465188540dbfe46cf048,2019-12-20T15:14:30+00:00,tests/client/test_redirects.py,353,0,0,115
httpx,bb6ab205fe60fd9ae9a1465188540dbfe46cf048,2019-12-20T15:14:30+00:00,httpx/backends/base.py,0,0,0,22
httpx,bb6ab205fe60fd9ae9a1465188540dbfe46cf048,2019-12-20T15:14:30+00:00,tools/httpxprof/httpxprof/utils.py,49,0,0,49
httpx,bb6ab205fe60fd9ae9a1465188540dbfe46cf048,2019-12-20T15:14:30+00:00,httpx/dispatch/asgi.py,129,0,0,25
httpx,bb6ab205fe60fd9ae9a1465188540dbfe46cf048,2019-12-20T15:14:30+00:00,tests/client/test_cookies.py,162,0,0,34
httpx,bb6ab205fe60fd9ae9a1465188540dbfe46cf048,2019-12-20T15:14:30+00:00,httpx/__init__.py,85,0,0,5
httpx,bb6ab205fe60fd9ae9a1465188540dbfe46cf048,2019-12-20T15:14:30+00:00,httpx/multipart.py,126,0,0,126
httpx,bb6ab205fe60fd9ae9a1465188540dbfe46cf048,2019-12-20T15:14:30+00:00,tests/test_asgi.py,69,0,0,8
httpx,bb6ab205fe60fd9ae9a1465188540dbfe46cf048,2019-12-20T15:14:30+00:00,tests/test_timeouts.py,39,0,0,20
httpx,bb6ab205fe60fd9ae9a1465188540dbfe46cf048,2019-12-20T15:14:30+00:00,setup.py,77,0,0,2
httpx,bb6ab205fe60fd9ae9a1465188540dbfe46cf048,2019-12-20T15:14:30+00:00,tests/dispatch/test_connection_pools.py,211,0,0,80
httpx,bb6ab205fe60fd9ae9a1465188540dbfe46cf048,2019-12-20T15:14:30+00:00,httpx/{concurrency => backends}/__init__.py,0,0,0,0
httpx,bb6ab205fe60fd9ae9a1465188540dbfe46cf048,2019-12-20T15:14:30+00:00,tests/models/test_requests.py,90,0,0,8
httpx,bb6ab205fe60fd9ae9a1465188540dbfe46cf048,2019-12-20T15:14:30+00:00,httpx/{concurrency => backends}/auto.py,0,0,0,0
httpx,bb6ab205fe60fd9ae9a1465188540dbfe46cf048,2019-12-20T15:14:30+00:00,tests/dispatch/utils.py,209,0,0,9
httpx,bb6ab205fe60fd9ae9a1465188540dbfe46cf048,2019-12-20T15:14:30+00:00,tests/models/test_responses.py,287,0,0,231
httpx,bb6ab205fe60fd9ae9a1465188540dbfe46cf048,2019-12-20T15:14:30+00:00,tests/client/test_async_client.py,176,0,0,105
httpx,d0427bead03790599acee0d16ae4e3c92b93b25d,2019-12-21T16:08:40+01:00,httpx/backends/asyncio.py,288,2,0,31
httpx,d0427bead03790599acee0d16ae4e3c92b93b25d,2019-12-21T16:08:40+01:00,tests/client/test_proxies.py,111,0,0,29
httpx,d0427bead03790599acee0d16ae4e3c92b93b25d,2019-12-21T16:08:40+01:00,httpx/config.py,328,0,0,69
httpx,d0427bead03790599acee0d16ae4e3c92b93b25d,2019-12-21T16:08:40+01:00,tests/test_concurrency.py,122,0,0,15
httpx,d0427bead03790599acee0d16ae4e3c92b93b25d,2019-12-21T16:08:40+01:00,tests/test_api.py,83,0,0,2
httpx,d0427bead03790599acee0d16ae4e3c92b93b25d,2019-12-21T16:08:40+01:00,httpx/client.py,985,10,0,133
httpx,d0427bead03790599acee0d16ae4e3c92b93b25d,2019-12-21T16:08:40+01:00,tests/test_multipart.py,201,0,0,8
httpx,d0427bead03790599acee0d16ae4e3c92b93b25d,2019-12-21T16:08:40+01:00,httpx/models.py,1116,2,0,182
httpx,d0427bead03790599acee0d16ae4e3c92b93b25d,2019-12-21T16:08:40+01:00,httpx/dispatch/connection.py,189,0,0,118
httpx,d0427bead03790599acee0d16ae4e3c92b93b25d,2019-12-21T16:08:40+01:00,tests/dispatch/test_connections.py,54,0,0,41
httpx,d0427bead03790599acee0d16ae4e3c92b93b25d,2019-12-21T16:08:40+01:00,httpx/dispatch/base.py,83,0,0,39
httpx,d0427bead03790599acee0d16ae4e3c92b93b25d,2019-12-21T16:08:40+01:00,httpx/dispatch/http2.py,289,0,0,55
httpx,d0427bead03790599acee0d16ae4e3c92b93b25d,2019-12-21T16:08:40+01:00,httpx/api.py,414,8,0,6
httpx,d0427bead03790599acee0d16ae4e3c92b93b25d,2019-12-21T16:08:40+01:00,tests/client/test_client.py,182,0,0,36
httpx,d0427bead03790599acee0d16ae4e3c92b93b25d,2019-12-21T16:08:40+01:00,httpx/dispatch/http11.py,207,0,0,3
httpx,d0427bead03790599acee0d16ae4e3c92b93b25d,2019-12-21T16:08:40+01:00,tests/dispatch/test_proxy_http.py,206,0,0,16
httpx,d0427bead03790599acee0d16ae4e3c92b93b25d,2019-12-21T16:08:40+01:00,tests/test_config.py,219,0,0,31
httpx,d0427bead03790599acee0d16ae4e3c92b93b25d,2019-12-21T16:08:40+01:00,httpx/__version__.py,3,0,0,4
httpx,d0427bead03790599acee0d16ae4e3c92b93b25d,2019-12-21T16:08:40+01:00,tests/test_decoders.py,239,0,0,18
httpx,d0427bead03790599acee0d16ae4e3c92b93b25d,2019-12-21T16:08:40+01:00,tests/client/test_auth.py,370,0,0,199
httpx,d0427bead03790599acee0d16ae4e3c92b93b25d,2019-12-21T16:08:40+01:00,httpx/exceptions.py,159,0,0,14
httpx,d0427bead03790599acee0d16ae4e3c92b93b25d,2019-12-21T16:08:40+01:00,tests/client/test_redirects.py,373,0,0,115
httpx,d0427bead03790599acee0d16ae4e3c92b93b25d,2019-12-21T16:08:40+01:00,httpx/backends/base.py,119,0,0,22
httpx,d0427bead03790599acee0d16ae4e3c92b93b25d,2019-12-21T16:08:40+01:00,tests/test_utils.py,287,0,0,6
httpx,d0427bead03790599acee0d16ae4e3c92b93b25d,2019-12-21T16:08:40+01:00,httpx/backends/auto.py,56,0,0,8
httpx,d0427bead03790599acee0d16ae4e3c92b93b25d,2019-12-21T16:08:40+01:00,tests/dispatch/test_http2.py,151,0,0,26
httpx,d0427bead03790599acee0d16ae4e3c92b93b25d,2019-12-21T16:08:40+01:00,tests/conftest.py,352,0,0,47
httpx,d0427bead03790599acee0d16ae4e3c92b93b25d,2019-12-21T16:08:40+01:00,httpx/dispatch/asgi.py,133,0,0,15
httpx,d0427bead03790599acee0d16ae4e3c92b93b25d,2019-12-21T16:08:40+01:00,tests/client/test_cookies.py,162,0,0,34
httpx,d0427bead03790599acee0d16ae4e3c92b93b25d,2019-12-21T16:08:40+01:00,httpx/backends/trio.py,178,2,0,21
httpx,d0427bead03790599acee0d16ae4e3c92b93b25d,2019-12-21T16:08:40+01:00,httpx/auth.py,253,0,0,4
httpx,d0427bead03790599acee0d16ae4e3c92b93b25d,2019-12-21T16:08:40+01:00,httpx/__init__.py,85,0,0,9
httpx,d0427bead03790599acee0d16ae4e3c92b93b25d,2019-12-21T16:08:40+01:00,tests/client/test_properties.py,17,0,0,6
httpx,d0427bead03790599acee0d16ae4e3c92b93b25d,2019-12-21T16:08:40+01:00,tests/test_asgi.py,69,0,0,8
httpx,d0427bead03790599acee0d16ae4e3c92b93b25d,2019-12-21T16:08:40+01:00,httpx/utils.py,364,0,0,9
httpx,d0427bead03790599acee0d16ae4e3c92b93b25d,2019-12-21T16:08:40+01:00,tests/test_timeouts.py,43,0,0,20
httpx,d0427bead03790599acee0d16ae4e3c92b93b25d,2019-12-21T16:08:40+01:00,httpx/dispatch/connection_pool.py,227,0,0,31
httpx,d0427bead03790599acee0d16ae4e3c92b93b25d,2019-12-21T16:08:40+01:00,tests/dispatch/test_connection_pools.py,223,0,0,80
httpx,d0427bead03790599acee0d16ae4e3c92b93b25d,2019-12-21T16:08:40+01:00,tests/test_content_streams.py,116,0,0,120
httpx,d0427bead03790599acee0d16ae4e3c92b93b25d,2019-12-21T16:08:40+01:00,tests/client/test_headers.py,178,0,0,14
httpx,d0427bead03790599acee0d16ae4e3c92b93b25d,2019-12-21T16:08:40+01:00,tests/concurrency.py,77,0,0,20
httpx,d0427bead03790599acee0d16ae4e3c92b93b25d,2019-12-21T16:08:40+01:00,httpx/dispatch/proxy_http.py,213,0,0,41
httpx,d0427bead03790599acee0d16ae4e3c92b93b25d,2019-12-21T16:08:40+01:00,httpx/content_streams.py,279,0,0,71
httpx,d0427bead03790599acee0d16ae4e3c92b93b25d,2019-12-21T16:08:40+01:00,tests/client/test_queryparams.py,51,0,0,10
httpx,d0427bead03790599acee0d16ae4e3c92b93b25d,2019-12-21T16:08:40+01:00,tests/dispatch/utils.py,209,0,0,7
httpx,d0427bead03790599acee0d16ae4e3c92b93b25d,2019-12-21T16:08:40+01:00,tests/models/test_responses.py,298,0,0,164
httpx,d0427bead03790599acee0d16ae4e3c92b93b25d,2019-12-21T16:08:40+01:00,tests/client/test_async_client.py,169,0,0,105
httpx,b0bf2a7513bdbe6877c4ff1f577bb968a8515ccf,2020-01-02T10:54:04+00:00,httpx/backends/asyncio.py,291,2,0,71
httpx,b0bf2a7513bdbe6877c4ff1f577bb968a8515ccf,2020-01-02T10:54:04+00:00,tests/client/test_proxies.py,90,0,0,26
httpx,b0bf2a7513bdbe6877c4ff1f577bb968a8515ccf,2020-01-02T10:54:04+00:00,httpx/config.py,323,0,0,95
httpx,b0bf2a7513bdbe6877c4ff1f577bb968a8515ccf,2020-01-02T10:54:04+00:00,httpx/decoders.py,289,0,0,13
httpx,b0bf2a7513bdbe6877c4ff1f577bb968a8515ccf,2020-01-02T10:54:04+00:00,tests/test_concurrency.py,122,0,0,10
httpx,b0bf2a7513bdbe6877c4ff1f577bb968a8515ccf,2020-01-02T10:54:04+00:00,tests/test_api.py,83,0,0,49
httpx,b0bf2a7513bdbe6877c4ff1f577bb968a8515ccf,2020-01-02T10:54:04+00:00,httpx/client.py,961,10,0,1698
httpx,b0bf2a7513bdbe6877c4ff1f577bb968a8515ccf,2020-01-02T10:54:04+00:00,tests/test_wsgi.py,0,0,0,95
httpx,b0bf2a7513bdbe6877c4ff1f577bb968a8515ccf,2020-01-02T10:54:04+00:00,httpx/dispatch/wsgi.py,0,0,0,103
httpx,b0bf2a7513bdbe6877c4ff1f577bb968a8515ccf,2020-01-02T10:54:04+00:00,httpx/models.py,1117,2,0,187
httpx,b0bf2a7513bdbe6877c4ff1f577bb968a8515ccf,2020-01-02T10:54:04+00:00,httpx/dispatch/base.py,52,0,0,20
httpx,b0bf2a7513bdbe6877c4ff1f577bb968a8515ccf,2020-01-02T10:54:04+00:00,httpx/dispatch/connection.py,156,0,0,35
httpx,b0bf2a7513bdbe6877c4ff1f577bb968a8515ccf,2020-01-02T10:54:04+00:00,tests/test_multipart.py,201,0,0,4
httpx,b0bf2a7513bdbe6877c4ff1f577bb968a8515ccf,2020-01-02T10:54:04+00:00,tests/dispatch/test_connections.py,44,0,0,4
httpx,b0bf2a7513bdbe6877c4ff1f577bb968a8515ccf,2020-01-02T10:54:04+00:00,httpx/api.py,414,8,0,56
httpx,b0bf2a7513bdbe6877c4ff1f577bb968a8515ccf,2020-01-02T10:54:04+00:00,tests/client/test_client.py,182,0,0,125
httpx,b0bf2a7513bdbe6877c4ff1f577bb968a8515ccf,2020-01-02T10:54:04+00:00,tests/dispatch/test_proxy_http.py,206,0,0,13
httpx,b0bf2a7513bdbe6877c4ff1f577bb968a8515ccf,2020-01-02T10:54:04+00:00,httpx/__version__.py,3,0,0,2
httpx,b0bf2a7513bdbe6877c4ff1f577bb968a8515ccf,2020-01-02T10:54:04+00:00,tests/test_config.py,219,0,0,46
httpx,b0bf2a7513bdbe6877c4ff1f577bb968a8515ccf,2020-01-02T10:54:04+00:00,tests/test_decoders.py,246,0,0,26
httpx,b0bf2a7513bdbe6877c4ff1f577bb968a8515ccf,2020-01-02T10:54:04+00:00,tests/client/test_auth.py,383,0,0,100
httpx,b0bf2a7513bdbe6877c4ff1f577bb968a8515ccf,2020-01-02T10:54:04+00:00,httpx/exceptions.py,159,0,0,41
httpx,b0bf2a7513bdbe6877c4ff1f577bb968a8515ccf,2020-01-02T10:54:04+00:00,tests/client/test_redirects.py,374,0,0,10
httpx,b0bf2a7513bdbe6877c4ff1f577bb968a8515ccf,2020-01-02T10:54:04+00:00,httpx/backends/base.py,131,0,0,10
httpx,b0bf2a7513bdbe6877c4ff1f577bb968a8515ccf,2020-01-02T10:54:04+00:00,httpx/backends/auto.py,56,0,0,7
httpx,b0bf2a7513bdbe6877c4ff1f577bb968a8515ccf,2020-01-02T10:54:04+00:00,tests/conftest.py,352,0,0,35
httpx,b0bf2a7513bdbe6877c4ff1f577bb968a8515ccf,2020-01-02T10:54:04+00:00,httpx/dispatch/asgi.py,126,0,0,9
httpx,b0bf2a7513bdbe6877c4ff1f577bb968a8515ccf,2020-01-02T10:54:04+00:00,tests/client/test_cookies.py,164,0,0,4
httpx,b0bf2a7513bdbe6877c4ff1f577bb968a8515ccf,2020-01-02T10:54:04+00:00,httpx/backends/trio.py,179,2,0,41
httpx,b0bf2a7513bdbe6877c4ff1f577bb968a8515ccf,2020-01-02T10:54:04+00:00,httpx/auth.py,253,0,0,16
httpx,b0bf2a7513bdbe6877c4ff1f577bb968a8515ccf,2020-01-02T10:54:04+00:00,tests/models/test_url.py,205,0,0,3
httpx,b0bf2a7513bdbe6877c4ff1f577bb968a8515ccf,2020-01-02T10:54:04+00:00,httpx/__init__.py,84,0,0,24
httpx,b0bf2a7513bdbe6877c4ff1f577bb968a8515ccf,2020-01-02T10:54:04+00:00,httpx/utils.py,364,0,0,23
httpx,b0bf2a7513bdbe6877c4ff1f577bb968a8515ccf,2020-01-02T10:54:04+00:00,setup.py,77,0,0,8
httpx,b0bf2a7513bdbe6877c4ff1f577bb968a8515ccf,2020-01-02T10:54:04+00:00,httpx/dispatch/connection_pool.py,220,0,0,26
httpx,b0bf2a7513bdbe6877c4ff1f577bb968a8515ccf,2020-01-02T10:54:04+00:00,tests/dispatch/test_connection_pools.py,223,0,0,39
httpx,b0bf2a7513bdbe6877c4ff1f577bb968a8515ccf,2020-01-02T10:54:04+00:00,tests/test_content_streams.py,132,0,0,104
httpx,b0bf2a7513bdbe6877c4ff1f577bb968a8515ccf,2020-01-02T10:54:04+00:00,tests/client/test_headers.py,178,0,0,4
httpx,b0bf2a7513bdbe6877c4ff1f577bb968a8515ccf,2020-01-02T10:54:04+00:00,httpx/dispatch/__init__.py,7,0,0,7
httpx,b0bf2a7513bdbe6877c4ff1f577bb968a8515ccf,2020-01-02T10:54:04+00:00,httpx/dispatch/urllib3.py,0,0,0,130
httpx,b0bf2a7513bdbe6877c4ff1f577bb968a8515ccf,2020-01-02T10:54:04+00:00,tests/concurrency.py,77,0,0,94
httpx,b0bf2a7513bdbe6877c4ff1f577bb968a8515ccf,2020-01-02T10:54:04+00:00,httpx/dispatch/proxy_http.py,208,0,0,24
httpx,b0bf2a7513bdbe6877c4ff1f577bb968a8515ccf,2020-01-02T10:54:04+00:00,httpx/content_streams.py,284,0,0,66
httpx,b0bf2a7513bdbe6877c4ff1f577bb968a8515ccf,2020-01-02T10:54:04+00:00,tests/models/test_requests.py,94,0,0,48
httpx,b0bf2a7513bdbe6877c4ff1f577bb968a8515ccf,2020-01-02T10:54:04+00:00,tests/client/test_queryparams.py,51,0,0,4
httpx,b0bf2a7513bdbe6877c4ff1f577bb968a8515ccf,2020-01-02T10:54:04+00:00,tests/dispatch/utils.py,207,0,0,3
httpx,b0bf2a7513bdbe6877c4ff1f577bb968a8515ccf,2020-01-02T10:54:04+00:00,tests/models/test_responses.py,309,0,0,133
httpx,bd57b650a8ed84849901a3a4c54579a9a2c948b2,2020-01-06T11:13:06+00:00,httpx/backends/asyncio.py,291,2,0,71
httpx,bd57b650a8ed84849901a3a4c54579a9a2c948b2,2020-01-06T11:13:06+00:00,tests/client/test_proxies.py,90,0,0,5
httpx,bd57b650a8ed84849901a3a4c54579a9a2c948b2,2020-01-06T11:13:06+00:00,httpx/config.py,313,0,0,41
httpx,bd57b650a8ed84849901a3a4c54579a9a2c948b2,2020-01-06T11:13:06+00:00,httpx/decoders.py,289,0,0,13
httpx,bd57b650a8ed84849901a3a4c54579a9a2c948b2,2020-01-06T11:13:06+00:00,tests/test_concurrency.py,122,0,0,10
httpx,bd57b650a8ed84849901a3a4c54579a9a2c948b2,2020-01-06T11:13:06+00:00,tests/test_api.py,83,0,0,49
httpx,bd57b650a8ed84849901a3a4c54579a9a2c948b2,2020-01-06T11:13:06+00:00,httpx/client.py,972,10,0,1688
httpx,bd57b650a8ed84849901a3a4c54579a9a2c948b2,2020-01-06T11:13:06+00:00,tests/test_wsgi.py,0,0,0,95
httpx,bd57b650a8ed84849901a3a4c54579a9a2c948b2,2020-01-06T11:13:06+00:00,httpx/dispatch/wsgi.py,0,0,0,103
httpx,bd57b650a8ed84849901a3a4c54579a9a2c948b2,2020-01-06T11:13:06+00:00,httpx/models.py,1176,8,0,63
httpx,bd57b650a8ed84849901a3a4c54579a9a2c948b2,2020-01-06T11:13:06+00:00,httpx/dispatch/base.py,52,0,0,20
httpx,bd57b650a8ed84849901a3a4c54579a9a2c948b2,2020-01-06T11:13:06+00:00,httpx/dispatch/connection.py,149,0,0,4
httpx,bd57b650a8ed84849901a3a4c54579a9a2c948b2,2020-01-06T11:13:06+00:00,tests/test_multipart.py,201,0,0,4
httpx,bd57b650a8ed84849901a3a4c54579a9a2c948b2,2020-01-06T11:13:06+00:00,httpx/api.py,414,8,0,56
httpx,bd57b650a8ed84849901a3a4c54579a9a2c948b2,2020-01-06T11:13:06+00:00,tests/client/test_client.py,182,0,0,125
httpx,bd57b650a8ed84849901a3a4c54579a9a2c948b2,2020-01-06T11:13:06+00:00,tests/dispatch/test_proxy_http.py,206,0,0,13
httpx,bd57b650a8ed84849901a3a4c54579a9a2c948b2,2020-01-06T11:13:06+00:00,httpx/__version__.py,3,0,0,4
httpx,bd57b650a8ed84849901a3a4c54579a9a2c948b2,2020-01-06T11:13:06+00:00,tests/test_config.py,208,0,0,15
httpx,bd57b650a8ed84849901a3a4c54579a9a2c948b2,2020-01-06T11:13:06+00:00,tests/test_decoders.py,243,0,0,21
httpx,bd57b650a8ed84849901a3a4c54579a9a2c948b2,2020-01-06T11:13:06+00:00,tests/client/test_auth.py,465,0,0,14
httpx,bd57b650a8ed84849901a3a4c54579a9a2c948b2,2020-01-06T11:13:06+00:00,httpx/exceptions.py,159,0,0,27
httpx,bd57b650a8ed84849901a3a4c54579a9a2c948b2,2020-01-06T11:13:06+00:00,tests/client/test_redirects.py,374,0,0,40
httpx,bd57b650a8ed84849901a3a4c54579a9a2c948b2,2020-01-06T11:13:06+00:00,httpx/backends/base.py,131,0,0,10
httpx,bd57b650a8ed84849901a3a4c54579a9a2c948b2,2020-01-06T11:13:06+00:00,httpx/backends/auto.py,56,0,0,5
httpx,bd57b650a8ed84849901a3a4c54579a9a2c948b2,2020-01-06T11:13:06+00:00,tests/conftest.py,352,0,0,35
httpx,bd57b650a8ed84849901a3a4c54579a9a2c948b2,2020-01-06T11:13:06+00:00,httpx/dispatch/asgi.py,126,0,0,9
httpx,bd57b650a8ed84849901a3a4c54579a9a2c948b2,2020-01-06T11:13:06+00:00,tests/client/test_cookies.py,164,0,0,4
httpx,bd57b650a8ed84849901a3a4c54579a9a2c948b2,2020-01-06T11:13:06+00:00,httpx/backends/trio.py,179,2,0,41
httpx,bd57b650a8ed84849901a3a4c54579a9a2c948b2,2020-01-06T11:13:06+00:00,httpx/auth.py,255,0,0,12
httpx,bd57b650a8ed84849901a3a4c54579a9a2c948b2,2020-01-06T11:13:06+00:00,tests/models/test_url.py,205,0,0,3
httpx,bd57b650a8ed84849901a3a4c54579a9a2c948b2,2020-01-06T11:13:06+00:00,httpx/__init__.py,84,0,0,20
httpx,bd57b650a8ed84849901a3a4c54579a9a2c948b2,2020-01-06T11:13:06+00:00,httpx/utils.py,355,0,0,14
httpx,bd57b650a8ed84849901a3a4c54579a9a2c948b2,2020-01-06T11:13:06+00:00,setup.py,77,0,0,8
httpx,bd57b650a8ed84849901a3a4c54579a9a2c948b2,2020-01-06T11:13:06+00:00,httpx/dispatch/connection_pool.py,221,0,0,7
httpx,bd57b650a8ed84849901a3a4c54579a9a2c948b2,2020-01-06T11:13:06+00:00,tests/dispatch/test_connection_pools.py,248,0,0,39
httpx,bd57b650a8ed84849901a3a4c54579a9a2c948b2,2020-01-06T11:13:06+00:00,tests/client/test_headers.py,178,0,0,4
httpx,bd57b650a8ed84849901a3a4c54579a9a2c948b2,2020-01-06T11:13:06+00:00,httpx/dispatch/__init__.py,7,0,0,7
httpx,bd57b650a8ed84849901a3a4c54579a9a2c948b2,2020-01-06T11:13:06+00:00,httpx/dispatch/urllib3.py,0,0,0,130
httpx,bd57b650a8ed84849901a3a4c54579a9a2c948b2,2020-01-06T11:13:06+00:00,tests/concurrency.py,57,0,0,74
httpx,bd57b650a8ed84849901a3a4c54579a9a2c948b2,2020-01-06T11:13:06+00:00,httpx/dispatch/proxy_http.py,208,0,0,6
httpx,bd57b650a8ed84849901a3a4c54579a9a2c948b2,2020-01-06T11:13:06+00:00,tests/models/test_requests.py,94,0,0,48
httpx,bd57b650a8ed84849901a3a4c54579a9a2c948b2,2020-01-06T11:13:06+00:00,tests/client/test_queryparams.py,51,0,0,4
httpx,1c9b852783f065db1b495b587c1c986246355198,2020-03-29T13:12:05+02:00,tests/client/test_proxies.py,118,0,0,6
httpx,1c9b852783f065db1b495b587c1c986246355198,2020-03-29T13:12:05+02:00,httpx/_backends/trio.py,176,2,0,176
httpx,1c9b852783f065db1b495b587c1c986246355198,2020-03-29T13:12:05+02:00,tests/dispatch/__init__.py,0,0,0,0
httpx,1c9b852783f065db1b495b587c1c986246355198,2020-03-29T13:12:05+02:00,tests/dispatch/utils.py,204,0,0,204
httpx,1c9b852783f065db1b495b587c1c986246355198,2020-03-29T13:12:05+02:00,httpx/_config.py,358,1,0,8
httpx,1c9b852783f065db1b495b587c1c986246355198,2020-03-29T13:12:05+02:00,tests/test_concurrency.py,122,0,0,122
httpx,1c9b852783f065db1b495b587c1c986246355198,2020-03-29T13:12:05+02:00,httpx/_dispatch/base.py,64,0,0,64
httpx,1c9b852783f065db1b495b587c1c986246355198,2020-03-29T13:12:05+02:00,tests/test_wsgi.py,95,0,0,40
httpx,1c9b852783f065db1b495b587c1c986246355198,2020-03-29T13:12:05+02:00,tests/test_multipart.py,198,0,0,105
httpx,1c9b852783f065db1b495b587c1c986246355198,2020-03-29T13:12:05+02:00,httpx/_dispatch/urllib3.py,128,2,0,87
httpx,1c9b852783f065db1b495b587c1c986246355198,2020-03-29T13:12:05+02:00,tests/dispatch/test_connections.py,44,0,0,44
httpx,1c9b852783f065db1b495b587c1c986246355198,2020-03-29T13:12:05+02:00,httpx/_dispatch/connection_pool.py,221,0,0,221
httpx,1c9b852783f065db1b495b587c1c986246355198,2020-03-29T13:12:05+02:00,httpx/_dispatch/connection.py,149,0,0,149
httpx,1c9b852783f065db1b495b587c1c986246355198,2020-03-29T13:12:05+02:00,tests/dispatch/test_proxy_http.py,207,0,0,207
httpx,1c9b852783f065db1b495b587c1c986246355198,2020-03-29T13:12:05+02:00,httpx/__version__.py,3,0,0,2
httpx,1c9b852783f065db1b495b587c1c986246355198,2020-03-29T13:12:05+02:00,tests/client/test_auth.py,506,0,0,95
httpx,1c9b852783f065db1b495b587c1c986246355198,2020-03-29T13:12:05+02:00,httpx/_backends/base.py,121,0,0,121
httpx,1c9b852783f065db1b495b587c1c986246355198,2020-03-29T13:12:05+02:00,tests/client/test_redirects.py,395,0,0,252
httpx,1c9b852783f065db1b495b587c1c986246355198,2020-03-29T13:12:05+02:00,httpx/_models.py,1208,10,0,9
httpx,1c9b852783f065db1b495b587c1c986246355198,2020-03-29T13:12:05+02:00,tests/test_utils.py,287,0,0,2
httpx,1c9b852783f065db1b495b587c1c986246355198,2020-03-29T13:12:05+02:00,httpx/_client.py,1462,60,0,165
httpx,1c9b852783f065db1b495b587c1c986246355198,2020-03-29T13:12:05+02:00,tests/dispatch/test_http2.py,158,0,0,158
httpx,1c9b852783f065db1b495b587c1c986246355198,2020-03-29T13:12:05+02:00,tests/conftest.py,335,0,0,25
httpx,1c9b852783f065db1b495b587c1c986246355198,2020-03-29T13:12:05+02:00,httpx/_backends/auto.py,51,0,0,51
httpx,1c9b852783f065db1b495b587c1c986246355198,2020-03-29T13:12:05+02:00,httpx/_dispatch/http11.py,206,0,0,206
httpx,1c9b852783f065db1b495b587c1c986246355198,2020-03-29T13:12:05+02:00,httpx/_backends/__init__.py,0,0,0,0
httpx,1c9b852783f065db1b495b587c1c986246355198,2020-03-29T13:12:05+02:00,httpx/_content_streams.py,349,0,0,192
httpx,1c9b852783f065db1b495b587c1c986246355198,2020-03-29T13:12:05+02:00,httpx/_api.py,396,8,0,0
httpx,1c9b852783f065db1b495b587c1c986246355198,2020-03-29T13:12:05+02:00,tests/client/test_cookies.py,164,0,0,50
httpx,1c9b852783f065db1b495b587c1c986246355198,2020-03-29T13:12:05+02:00,httpx/__init__.py,86,0,0,4
httpx,1c9b852783f065db1b495b587c1c986246355198,2020-03-29T13:12:05+02:00,httpx/_dispatch/http2.py,298,0,0,298
httpx,1c9b852783f065db1b495b587c1c986246355198,2020-03-29T13:12:05+02:00,httpx/_dispatch/wsgi.py,103,0,0,78
httpx,1c9b852783f065db1b495b587c1c986246355198,2020-03-29T13:12:05+02:00,httpx/_dispatch/asgi.py,123,0,0,59
httpx,1c9b852783f065db1b495b587c1c986246355198,2020-03-29T13:12:05+02:00,setup.py,83,0,0,5
httpx,1c9b852783f065db1b495b587c1c986246355198,2020-03-29T13:12:05+02:00,tests/dispatch/test_connection_pools.py,246,0,0,246
httpx,1c9b852783f065db1b495b587c1c986246355198,2020-03-29T13:12:05+02:00,tests/test_content_streams.py,210,0,0,8
httpx,1c9b852783f065db1b495b587c1c986246355198,2020-03-29T13:12:05+02:00,tests/client/test_headers.py,185,0,0,41
httpx,1c9b852783f065db1b495b587c1c986246355198,2020-03-29T13:12:05+02:00,httpx/_dispatch/proxy_http.py,208,1,0,208
httpx,1c9b852783f065db1b495b587c1c986246355198,2020-03-29T13:12:05+02:00,httpx/_utils.py,370,0,0,33
httpx,1c9b852783f065db1b495b587c1c986246355198,2020-03-29T13:12:05+02:00,tests/models/test_requests.py,120,0,0,2
httpx,1c9b852783f065db1b495b587c1c986246355198,2020-03-29T13:12:05+02:00,tests/client/test_queryparams.py,51,0,0,31
httpx,1c9b852783f065db1b495b587c1c986246355198,2020-03-29T13:12:05+02:00,httpx/_backends/asyncio.py,268,2,0,268
httpx,1c9b852783f065db1b495b587c1c986246355198,2020-03-29T13:12:05+02:00,httpx/_exceptions.py,175,0,0,76
httpx,1c9b852783f065db1b495b587c1c986246355198,2020-03-29T13:12:05+02:00,tests/client/test_async_client.py,162,0,0,12
httpx,790a3ead5d5f493a09ff3990bdd50ba68ca4752c,2020-05-13T11:53:35+01:00,httpx/_client.py,1513,75,0,132
httpx,790a3ead5d5f493a09ff3990bdd50ba68ca4752c,2020-05-13T11:53:35+01:00,tests/client/test_proxies.py,118,0,0,14
httpx,790a3ead5d5f493a09ff3990bdd50ba68ca4752c,2020-05-13T11:53:35+01:00,httpx/_content_streams.py,400,0,0,43
httpx,790a3ead5d5f493a09ff3990bdd50ba68ca4752c,2020-05-13T11:53:35+01:00,httpx/_api.py,398,8,0,0
httpx,790a3ead5d5f493a09ff3990bdd50ba68ca4752c,2020-05-13T11:53:35+01:00,httpx/_config.py,357,0,0,36
httpx,790a3ead5d5f493a09ff3990bdd50ba68ca4752c,2020-05-13T11:53:35+01:00,httpx/{_dispatch => _transports}/wsgi.py,0,0,0,24
httpx,790a3ead5d5f493a09ff3990bdd50ba68ca4752c,2020-05-13T11:53:35+01:00,httpx/__init__.py,82,0,0,11
httpx,790a3ead5d5f493a09ff3990bdd50ba68ca4752c,2020-05-13T11:53:35+01:00,tests/test_multipart.py,259,0,0,14
httpx,790a3ead5d5f493a09ff3990bdd50ba68ca4752c,2020-05-13T11:53:35+01:00,httpx/_dispatch/urllib3.py,155,2,0,0
httpx,790a3ead5d5f493a09ff3990bdd50ba68ca4752c,2020-05-13T11:53:35+01:00,httpx/_transports/asgi.py,0,0,0,2
httpx,790a3ead5d5f493a09ff3990bdd50ba68ca4752c,2020-05-13T11:53:35+01:00,httpx/_transports/wsgi.py,0,0,0,2
httpx,790a3ead5d5f493a09ff3990bdd50ba68ca4752c,2020-05-13T11:53:35+01:00,setup.py,81,0,0,2
httpx,790a3ead5d5f493a09ff3990bdd50ba68ca4752c,2020-05-13T11:53:35+01:00,tests/client/test_client.py,148,0,0,16
httpx,790a3ead5d5f493a09ff3990bdd50ba68ca4752c,2020-05-13T11:53:35+01:00,httpx/_transports/urllib3.py,0,0,0,174
httpx,790a3ead5d5f493a09ff3990bdd50ba68ca4752c,2020-05-13T11:53:35+01:00,httpx/_types.py,68,0,0,8
httpx,790a3ead5d5f493a09ff3990bdd50ba68ca4752c,2020-05-13T11:53:35+01:00,httpx/{_dispatch => _transports}/asgi.py,0,0,0,26
httpx,790a3ead5d5f493a09ff3990bdd50ba68ca4752c,2020-05-13T11:53:35+01:00,httpx/__version__.py,3,0,0,4
httpx,790a3ead5d5f493a09ff3990bdd50ba68ca4752c,2020-05-13T11:53:35+01:00,tests/test_config.py,241,0,0,8
httpx,790a3ead5d5f493a09ff3990bdd50ba68ca4752c,2020-05-13T11:53:35+01:00,tests/concurrency.py,37,0,0,26
httpx,790a3ead5d5f493a09ff3990bdd50ba68ca4752c,2020-05-13T11:53:35+01:00,tests/client/test_auth.py,527,0,0,2
httpx,790a3ead5d5f493a09ff3990bdd50ba68ca4752c,2020-05-13T11:53:35+01:00,httpx/_utils.py,402,0,0,7
httpx,790a3ead5d5f493a09ff3990bdd50ba68ca4752c,2020-05-13T11:53:35+01:00,httpx/{_dispatch => _transports}/__init__.py,0,0,0,0
httpx,790a3ead5d5f493a09ff3990bdd50ba68ca4752c,2020-05-13T11:53:35+01:00,httpx/{_dispatch => _transports}/urllib3.py,0,0,0,36
httpx,790a3ead5d5f493a09ff3990bdd50ba68ca4752c,2020-05-13T11:53:35+01:00,httpx/_models.py,1202,10,0,13
httpx,99a5c78bbbcd285efc521680cdb65255110d07d5,2020-05-21T13:43:34+01:00,tests/client/test_proxies.py,118,0,0,16
httpx,99a5c78bbbcd285efc521680cdb65255110d07d5,2020-05-21T13:43:34+01:00,httpx/_config.py,371,0,0,2
httpx,99a5c78bbbcd285efc521680cdb65255110d07d5,2020-05-21T13:43:34+01:00,tests/test_wsgi.py,111,0,0,13
httpx,99a5c78bbbcd285efc521680cdb65255110d07d5,2020-05-21T13:43:34+01:00,tests/test_multipart.py,259,0,0,24
httpx,99a5c78bbbcd285efc521680cdb65255110d07d5,2020-05-21T13:43:34+01:00,httpx/_transports/asgi.py,173,0,0,6
httpx,99a5c78bbbcd285efc521680cdb65255110d07d5,2020-05-21T13:43:34+01:00,httpx/_transports/wsgi.py,151,0,0,6
httpx,99a5c78bbbcd285efc521680cdb65255110d07d5,2020-05-21T13:43:34+01:00,httpx/_transports/urllib3.py,183,2,0,152
httpx,99a5c78bbbcd285efc521680cdb65255110d07d5,2020-05-21T13:43:34+01:00,tests/client/test_client.py,148,0,0,48
httpx,99a5c78bbbcd285efc521680cdb65255110d07d5,2020-05-21T13:43:34+01:00,httpx/_types.py,68,0,0,15
httpx,99a5c78bbbcd285efc521680cdb65255110d07d5,2020-05-21T13:43:34+01:00,httpx/__version__.py,3,0,0,8
httpx,99a5c78bbbcd285efc521680cdb65255110d07d5,2020-05-21T13:43:34+01:00,tests/client/test_auth.py,527,0,0,258
httpx,99a5c78bbbcd285efc521680cdb65255110d07d5,2020-05-21T13:43:34+01:00,tests/client/test_redirects.py,433,0,0,158
httpx,99a5c78bbbcd285efc521680cdb65255110d07d5,2020-05-21T13:43:34+01:00,httpx/_models.py,1200,10,0,10
httpx,99a5c78bbbcd285efc521680cdb65255110d07d5,2020-05-21T13:43:34+01:00,tests/test_utils.py,285,0,0,5
httpx,99a5c78bbbcd285efc521680cdb65255110d07d5,2020-05-21T13:43:34+01:00,httpx/_client.py,1526,71,0,19
httpx,99a5c78bbbcd285efc521680cdb65255110d07d5,2020-05-21T13:43:34+01:00,tests/conftest.py,305,0,0,16
httpx,99a5c78bbbcd285efc521680cdb65255110d07d5,2020-05-21T13:43:34+01:00,tests/client/test_cookies.py,178,0,0,14
httpx,99a5c78bbbcd285efc521680cdb65255110d07d5,2020-05-21T13:43:34+01:00,httpx/_content_streams.py,400,0,0,43
httpx,99a5c78bbbcd285efc521680cdb65255110d07d5,2020-05-21T13:43:34+01:00,httpx/_api.py,398,8,0,0
httpx,99a5c78bbbcd285efc521680cdb65255110d07d5,2020-05-21T13:43:34+01:00,tests/models/test_headers.py,165,0,0,9
httpx,99a5c78bbbcd285efc521680cdb65255110d07d5,2020-05-21T13:43:34+01:00,tests/models/test_url.py,206,0,0,13
httpx,99a5c78bbbcd285efc521680cdb65255110d07d5,2020-05-21T13:43:34+01:00,httpx/__init__.py,86,0,0,3
httpx,99a5c78bbbcd285efc521680cdb65255110d07d5,2020-05-21T13:43:34+01:00,tests/test_asgi.py,101,0,0,13
httpx,99a5c78bbbcd285efc521680cdb65255110d07d5,2020-05-21T13:43:34+01:00,tests/test_timeouts.py,43,0,0,2
httpx,99a5c78bbbcd285efc521680cdb65255110d07d5,2020-05-21T13:43:34+01:00,tests/client/test_headers.py,182,0,0,14
httpx,99a5c78bbbcd285efc521680cdb65255110d07d5,2020-05-21T13:43:34+01:00,tests/concurrency.py,37,0,0,28
httpx,99a5c78bbbcd285efc521680cdb65255110d07d5,2020-05-21T13:43:34+01:00,httpx/_utils.py,407,0,0,18
httpx,99a5c78bbbcd285efc521680cdb65255110d07d5,2020-05-21T13:43:34+01:00,tests/client/test_queryparams.py,54,0,0,4
httpx,99a5c78bbbcd285efc521680cdb65255110d07d5,2020-05-21T13:43:34+01:00,tests/client/test_async_client.py,150,0,0,36
httpx,2c2c6a71a9ff520d237f8283a586df2753f01f5e,2020-05-22T09:41:02+01:00,httpx/_client.py,1526,71,0,19
httpx,2c2c6a71a9ff520d237f8283a586df2753f01f5e,2020-05-22T09:41:02+01:00,tests/client/test_proxies.py,118,0,0,16
httpx,2c2c6a71a9ff520d237f8283a586df2753f01f5e,2020-05-22T09:41:02+01:00,tests/conftest.py,305,0,0,16
httpx,2c2c6a71a9ff520d237f8283a586df2753f01f5e,2020-05-22T09:41:02+01:00,tests/client/test_cookies.py,178,0,0,14
httpx,2c2c6a71a9ff520d237f8283a586df2753f01f5e,2020-05-22T09:41:02+01:00,httpx/_api.py,398,8,0,0
httpx,2c2c6a71a9ff520d237f8283a586df2753f01f5e,2020-05-22T09:41:02+01:00,tests/models/test_headers.py,165,0,0,9
httpx,2c2c6a71a9ff520d237f8283a586df2753f01f5e,2020-05-22T09:41:02+01:00,httpx/_config.py,371,0,0,2
httpx,2c2c6a71a9ff520d237f8283a586df2753f01f5e,2020-05-22T09:41:02+01:00,tests/models/test_url.py,206,0,0,13
httpx,2c2c6a71a9ff520d237f8283a586df2753f01f5e,2020-05-22T09:41:02+01:00,httpx/__init__.py,86,0,0,3
httpx,2c2c6a71a9ff520d237f8283a586df2753f01f5e,2020-05-22T09:41:02+01:00,tests/test_wsgi.py,111,0,0,13
httpx,2c2c6a71a9ff520d237f8283a586df2753f01f5e,2020-05-22T09:41:02+01:00,tests/test_multipart.py,265,0,0,10
httpx,2c2c6a71a9ff520d237f8283a586df2753f01f5e,2020-05-22T09:41:02+01:00,httpx/_transports/asgi.py,173,0,0,6
httpx,2c2c6a71a9ff520d237f8283a586df2753f01f5e,2020-05-22T09:41:02+01:00,httpx/_transports/wsgi.py,151,0,0,6
httpx,2c2c6a71a9ff520d237f8283a586df2753f01f5e,2020-05-22T09:41:02+01:00,tests/test_asgi.py,101,0,0,13
httpx,2c2c6a71a9ff520d237f8283a586df2753f01f5e,2020-05-22T09:41:02+01:00,tests/test_timeouts.py,43,0,0,2
httpx,2c2c6a71a9ff520d237f8283a586df2753f01f5e,2020-05-22T09:41:02+01:00,httpx/_transports/urllib3.py,151,4,0,0
httpx,2c2c6a71a9ff520d237f8283a586df2753f01f5e,2020-05-22T09:41:02+01:00,tests/client/test_client.py,148,0,0,48
httpx,2c2c6a71a9ff520d237f8283a586df2753f01f5e,2020-05-22T09:41:02+01:00,httpx/_types.py,68,0,0,13
httpx,2c2c6a71a9ff520d237f8283a586df2753f01f5e,2020-05-22T09:41:02+01:00,tests/client/test_headers.py,182,0,0,14
httpx,2c2c6a71a9ff520d237f8283a586df2753f01f5e,2020-05-22T09:41:02+01:00,httpx/__version__.py,3,0,0,8
httpx,2c2c6a71a9ff520d237f8283a586df2753f01f5e,2020-05-22T09:41:02+01:00,tests/concurrency.py,37,0,0,28
httpx,2c2c6a71a9ff520d237f8283a586df2753f01f5e,2020-05-22T09:41:02+01:00,tests/client/test_auth.py,527,0,0,258
httpx,2c2c6a71a9ff520d237f8283a586df2753f01f5e,2020-05-22T09:41:02+01:00,httpx/_utils.py,407,0,0,18
httpx,2c2c6a71a9ff520d237f8283a586df2753f01f5e,2020-05-22T09:41:02+01:00,tests/client/test_queryparams.py,54,0,0,4
httpx,2c2c6a71a9ff520d237f8283a586df2753f01f5e,2020-05-22T09:41:02+01:00,tests/client/test_redirects.py,433,0,0,158
httpx,2c2c6a71a9ff520d237f8283a586df2753f01f5e,2020-05-22T09:41:02+01:00,httpx/_models.py,1200,10,0,10
httpx,2c2c6a71a9ff520d237f8283a586df2753f01f5e,2020-05-22T09:41:02+01:00,tests/test_utils.py,285,0,0,5
httpx,2c2c6a71a9ff520d237f8283a586df2753f01f5e,2020-05-22T09:41:02+01:00,tests/client/test_async_client.py,150,0,0,36
httpx,b4811664817ceb42ca16ddea71dc05ac649e1088,2020-06-13T19:59:09+02:00,httpx/_client.py,1541,76,0,0
httpx,b4811664817ceb42ca16ddea71dc05ac649e1088,2020-06-13T19:59:09+02:00,httpx/_transports/urllib3.py,151,4,0,0
httpx,b4811664817ceb42ca16ddea71dc05ac649e1088,2020-06-13T19:59:09+02:00,tests/test_content_streams.py,206,0,0,47
httpx,b4811664817ceb42ca16ddea71dc05ac649e1088,2020-06-13T19:59:09+02:00,httpx/_types.py,75,0,0,2
httpx,b4811664817ceb42ca16ddea71dc05ac649e1088,2020-06-13T19:59:09+02:00,httpx/_content_streams.py,403,0,0,3
httpx,b4811664817ceb42ca16ddea71dc05ac649e1088,2020-06-13T19:59:09+02:00,httpx/_api.py,398,8,0,0
httpx,b4811664817ceb42ca16ddea71dc05ac649e1088,2020-06-13T19:59:09+02:00,httpx/_transports/asgi.py,177,0,0,30
httpx,b4811664817ceb42ca16ddea71dc05ac649e1088,2020-06-13T19:59:09+02:00,httpx/_models.py,1202,10,0,0
httpx,8dea2c23d70145355951baa9c1c3a8291cc4c17f,2020-07-04T22:31:09+01:00,tests/client/test_proxies.py,130,0,0,20
httpx,8dea2c23d70145355951baa9c1c3a8291cc4c17f,2020-07-04T22:31:09+01:00,httpx/_config.py,371,0,0,19
httpx,8dea2c23d70145355951baa9c1c3a8291cc4c17f,2020-07-04T22:31:09+01:00,tests/test_api.py,74,0,0,5
httpx,8dea2c23d70145355951baa9c1c3a8291cc4c17f,2020-07-04T22:31:09+01:00,tests/test_multipart.py,265,0,0,30
httpx,8dea2c23d70145355951baa9c1c3a8291cc4c17f,2020-07-04T22:31:09+01:00,httpx/_transports/asgi.py,178,0,0,19
httpx,8dea2c23d70145355951baa9c1c3a8291cc4c17f,2020-07-04T22:31:09+01:00,tests/models/test_queryparams.py,84,0,0,3
httpx,8dea2c23d70145355951baa9c1c3a8291cc4c17f,2020-07-04T22:31:09+01:00,httpx/_transports/wsgi.py,151,0,0,18
httpx,8dea2c23d70145355951baa9c1c3a8291cc4c17f,2020-07-04T22:31:09+01:00,httpx/_transports/urllib3.py,148,4,0,12
httpx,8dea2c23d70145355951baa9c1c3a8291cc4c17f,2020-07-04T22:31:09+01:00,tests/client/test_client.py,192,0,0,42
httpx,8dea2c23d70145355951baa9c1c3a8291cc4c17f,2020-07-04T22:31:09+01:00,httpx/_types.py,75,0,0,3
httpx,8dea2c23d70145355951baa9c1c3a8291cc4c17f,2020-07-04T22:31:09+01:00,tests/test_config.py,241,0,0,8
httpx,8dea2c23d70145355951baa9c1c3a8291cc4c17f,2020-07-04T22:31:09+01:00,tests/client/test_auth.py,605,0,0,27
httpx,8dea2c23d70145355951baa9c1c3a8291cc4c17f,2020-07-04T22:31:09+01:00,tests/client/test_redirects.py,485,0,0,19
httpx,8dea2c23d70145355951baa9c1c3a8291cc4c17f,2020-07-04T22:31:09+01:00,httpx/_models.py,1202,10,0,28
httpx,8dea2c23d70145355951baa9c1c3a8291cc4c17f,2020-07-04T22:31:09+01:00,tests/test_exceptions.py,61,0,0,4
httpx,8dea2c23d70145355951baa9c1c3a8291cc4c17f,2020-07-04T22:31:09+01:00,tests/test_utils.py,290,0,0,28
httpx,8dea2c23d70145355951baa9c1c3a8291cc4c17f,2020-07-04T22:31:09+01:00,httpx/_client.py,1550,76,0,169
httpx,8dea2c23d70145355951baa9c1c3a8291cc4c17f,2020-07-04T22:31:09+01:00,tests/conftest.py,293,0,0,2
httpx,8dea2c23d70145355951baa9c1c3a8291cc4c17f,2020-07-04T22:31:09+01:00,tests/client/test_cookies.py,178,0,0,7
httpx,8dea2c23d70145355951baa9c1c3a8291cc4c17f,2020-07-04T22:31:09+01:00,httpx/_auth.py,250,0,0,2
httpx,8dea2c23d70145355951baa9c1c3a8291cc4c17f,2020-07-04T22:31:09+01:00,httpx/_api.py,398,8,0,0
httpx,8dea2c23d70145355951baa9c1c3a8291cc4c17f,2020-07-04T22:31:09+01:00,tests/test_status_codes.py,18,0,0,2
httpx,8dea2c23d70145355951baa9c1c3a8291cc4c17f,2020-07-04T22:31:09+01:00,httpx/__init__.py,101,0,0,6
httpx,8dea2c23d70145355951baa9c1c3a8291cc4c17f,2020-07-04T22:31:09+01:00,tests/client/test_properties.py,17,0,0,4
httpx,8dea2c23d70145355951baa9c1c3a8291cc4c17f,2020-07-04T22:31:09+01:00,tests/common.py,0,0,0,4
httpx,8dea2c23d70145355951baa9c1c3a8291cc4c17f,2020-07-04T22:31:09+01:00,tests/test_content_streams.py,253,0,0,2
httpx,8dea2c23d70145355951baa9c1c3a8291cc4c17f,2020-07-04T22:31:09+01:00,tests/client/test_headers.py,182,0,0,7
httpx,8dea2c23d70145355951baa9c1c3a8291cc4c17f,2020-07-04T22:31:09+01:00,httpx/_utils.py,411,0,0,15
httpx,8dea2c23d70145355951baa9c1c3a8291cc4c17f,2020-07-04T22:31:09+01:00,tests/client/test_queryparams.py,54,0,0,13
httpx,8dea2c23d70145355951baa9c1c3a8291cc4c17f,2020-07-04T22:31:09+01:00,tests/client/test_async_client.py,184,0,0,35
httpx,0296c2bbb9885bbe1b1e3210d9e3efa7a817038d,2020-07-07T11:10:43+02:00,tests/client/test_proxies.py,134,0,0,20
httpx,0296c2bbb9885bbe1b1e3210d9e3efa7a817038d,2020-07-07T11:10:43+02:00,httpx/_config.py,371,0,0,17
httpx,0296c2bbb9885bbe1b1e3210d9e3efa7a817038d,2020-07-07T11:10:43+02:00,tests/test_api.py,73,0,0,5
httpx,0296c2bbb9885bbe1b1e3210d9e3efa7a817038d,2020-07-07T11:10:43+02:00,tests/test_multipart.py,275,0,0,21
httpx,0296c2bbb9885bbe1b1e3210d9e3efa7a817038d,2020-07-07T11:10:43+02:00,httpx/_transports/asgi.py,178,0,0,18
httpx,0296c2bbb9885bbe1b1e3210d9e3efa7a817038d,2020-07-07T11:10:43+02:00,tests/models/test_queryparams.py,84,0,0,3
httpx,0296c2bbb9885bbe1b1e3210d9e3efa7a817038d,2020-07-07T11:10:43+02:00,httpx/_transports/wsgi.py,151,0,0,18
httpx,0296c2bbb9885bbe1b1e3210d9e3efa7a817038d,2020-07-07T11:10:43+02:00,httpx/_transports/urllib3.py,148,4,0,12
httpx,0296c2bbb9885bbe1b1e3210d9e3efa7a817038d,2020-07-07T11:10:43+02:00,tests/client/test_client.py,195,0,0,44
httpx,0296c2bbb9885bbe1b1e3210d9e3efa7a817038d,2020-07-07T11:10:43+02:00,httpx/_types.py,75,0,0,3
httpx,0296c2bbb9885bbe1b1e3210d9e3efa7a817038d,2020-07-07T11:10:43+02:00,tests/test_config.py,241,0,0,8
httpx,0296c2bbb9885bbe1b1e3210d9e3efa7a817038d,2020-07-07T11:10:43+02:00,tests/client/test_auth.py,608,0,0,27
httpx,0296c2bbb9885bbe1b1e3210d9e3efa7a817038d,2020-07-07T11:10:43+02:00,tests/client/test_redirects.py,486,0,0,17
httpx,0296c2bbb9885bbe1b1e3210d9e3efa7a817038d,2020-07-07T11:10:43+02:00,httpx/_models.py,1211,12,0,27
httpx,0296c2bbb9885bbe1b1e3210d9e3efa7a817038d,2020-07-07T11:10:43+02:00,tests/test_exceptions.py,61,0,0,4
httpx,0296c2bbb9885bbe1b1e3210d9e3efa7a817038d,2020-07-07T11:10:43+02:00,tests/test_utils.py,290,0,0,28
httpx,0296c2bbb9885bbe1b1e3210d9e3efa7a817038d,2020-07-07T11:10:43+02:00,httpx/_client.py,1550,76,0,169
httpx,0296c2bbb9885bbe1b1e3210d9e3efa7a817038d,2020-07-07T11:10:43+02:00,tests/conftest.py,293,0,0,2
httpx,0296c2bbb9885bbe1b1e3210d9e3efa7a817038d,2020-07-07T11:10:43+02:00,tests/client/test_cookies.py,179,0,0,7
httpx,0296c2bbb9885bbe1b1e3210d9e3efa7a817038d,2020-07-07T11:10:43+02:00,httpx/_api.py,398,8,0,0
httpx,0296c2bbb9885bbe1b1e3210d9e3efa7a817038d,2020-07-07T11:10:43+02:00,tests/test_status_codes.py,18,0,0,2
httpx,0296c2bbb9885bbe1b1e3210d9e3efa7a817038d,2020-07-07T11:10:43+02:00,httpx/__init__.py,101,0,0,8
httpx,0296c2bbb9885bbe1b1e3210d9e3efa7a817038d,2020-07-07T11:10:43+02:00,tests/client/test_properties.py,17,0,0,4
httpx,0296c2bbb9885bbe1b1e3210d9e3efa7a817038d,2020-07-07T11:10:43+02:00,tests/common.py,0,0,0,4
httpx,0296c2bbb9885bbe1b1e3210d9e3efa7a817038d,2020-07-07T11:10:43+02:00,tests/test_content_streams.py,253,0,0,2
httpx,0296c2bbb9885bbe1b1e3210d9e3efa7a817038d,2020-07-07T11:10:43+02:00,tests/client/test_headers.py,183,0,0,7
httpx,0296c2bbb9885bbe1b1e3210d9e3efa7a817038d,2020-07-07T11:10:43+02:00,httpx/_utils.py,411,0,0,15
httpx,0296c2bbb9885bbe1b1e3210d9e3efa7a817038d,2020-07-07T11:10:43+02:00,tests/client/test_queryparams.py,53,0,0,13
httpx,0296c2bbb9885bbe1b1e3210d9e3efa7a817038d,2020-07-07T11:10:43+02:00,httpx/_exceptions.py,243,0,0,11
httpx,0296c2bbb9885bbe1b1e3210d9e3efa7a817038d,2020-07-07T11:10:43+02:00,tests/client/test_async_client.py,187,0,0,37
httpx,a89d4ad625aedeb1164e309acae4febb06b8cf5c,2020-07-17T11:19:24+01:00,httpx/_client.py,1515,76,0,286
httpx,a89d4ad625aedeb1164e309acae4febb06b8cf5c,2020-07-17T11:19:24+01:00,tests/client/test_proxies.py,134,0,0,47
httpx,a89d4ad625aedeb1164e309acae4febb06b8cf5c,2020-07-17T11:19:24+01:00,httpx/_auth.py,250,0,0,104
httpx,a89d4ad625aedeb1164e309acae4febb06b8cf5c,2020-07-17T11:19:24+01:00,httpx/_api.py,398,8,0,0
httpx,a89d4ad625aedeb1164e309acae4febb06b8cf5c,2020-07-17T11:19:24+01:00,tests/test_status_codes.py,18,0,0,21
httpx,a89d4ad625aedeb1164e309acae4febb06b8cf5c,2020-07-17T11:19:24+01:00,httpx/_config.py,358,0,0,26
httpx,a89d4ad625aedeb1164e309acae4febb06b8cf5c,2020-07-17T11:19:24+01:00,tests/models/test_url.py,219,0,0,38
httpx,a89d4ad625aedeb1164e309acae4febb06b8cf5c,2020-07-17T11:19:24+01:00,httpx/__init__.py,99,0,0,7
httpx,a89d4ad625aedeb1164e309acae4febb06b8cf5c,2020-07-17T11:19:24+01:00,httpx/_decoders.py,292,0,0,20
httpx,a89d4ad625aedeb1164e309acae4febb06b8cf5c,2020-07-17T11:19:24+01:00,httpx/_transports/urllib3.py,154,4,0,21
httpx,a89d4ad625aedeb1164e309acae4febb06b8cf5c,2020-07-17T11:19:24+01:00,tests/client/test_client.py,164,0,0,46
httpx,a89d4ad625aedeb1164e309acae4febb06b8cf5c,2020-07-17T11:19:24+01:00,httpx/_types.py,76,0,0,2
httpx,a89d4ad625aedeb1164e309acae4febb06b8cf5c,2020-07-17T11:19:24+01:00,tests/test_config.py,241,0,0,79
httpx,a89d4ad625aedeb1164e309acae4febb06b8cf5c,2020-07-17T11:19:24+01:00,tests/test_decoders.py,264,0,0,33
httpx,a89d4ad625aedeb1164e309acae4febb06b8cf5c,2020-07-17T11:19:24+01:00,httpx/_status_codes.py,139,0,0,39
httpx,a89d4ad625aedeb1164e309acae4febb06b8cf5c,2020-07-17T11:19:24+01:00,httpx/_utils.py,398,0,0,129
httpx,a89d4ad625aedeb1164e309acae4febb06b8cf5c,2020-07-17T11:19:24+01:00,tests/models/test_requests.py,120,0,0,12
httpx,a89d4ad625aedeb1164e309acae4febb06b8cf5c,2020-07-17T11:19:24+01:00,tests/client/test_redirects.py,486,0,0,2
httpx,a89d4ad625aedeb1164e309acae4febb06b8cf5c,2020-07-17T11:19:24+01:00,httpx/_exceptions.py,243,0,0,17
httpx,a89d4ad625aedeb1164e309acae4febb06b8cf5c,2020-07-17T11:19:24+01:00,httpx/_models.py,1194,12,0,93
httpx,a89d4ad625aedeb1164e309acae4febb06b8cf5c,2020-07-17T11:19:24+01:00,tests/test_utils.py,296,0,0,55
httpx,a89d4ad625aedeb1164e309acae4febb06b8cf5c,2020-07-17T11:19:24+01:00,tests/client/test_async_client.py,157,0,0,25
httpx,696c1eff0390197358d8cb6807ab5de3a7c17fc0,2020-07-23T10:40:00+01:00,tests/client/test_proxies.py,134,0,0,198
httpx,696c1eff0390197358d8cb6807ab5de3a7c17fc0,2020-07-23T10:40:00+01:00,httpx/_config.py,358,0,0,212
httpx,696c1eff0390197358d8cb6807ab5de3a7c17fc0,2020-07-23T10:40:00+01:00,tests/test_wsgi.py,118,0,0,4
httpx,696c1eff0390197358d8cb6807ab5de3a7c17fc0,2020-07-23T10:40:00+01:00,httpx/_transports/asgi.py,160,0,0,27
httpx,696c1eff0390197358d8cb6807ab5de3a7c17fc0,2020-07-23T10:40:00+01:00,tests/models/test_queryparams.py,87,0,0,6
httpx,696c1eff0390197358d8cb6807ab5de3a7c17fc0,2020-07-23T10:40:00+01:00,httpx/_transports/wsgi.py,133,0,0,10
httpx,696c1eff0390197358d8cb6807ab5de3a7c17fc0,2020-07-23T10:40:00+01:00,httpx/_transports/urllib3.py,154,4,0,21
httpx,696c1eff0390197358d8cb6807ab5de3a7c17fc0,2020-07-23T10:40:00+01:00,tests/client/test_client.py,193,0,0,79
httpx,696c1eff0390197358d8cb6807ab5de3a7c17fc0,2020-07-23T10:40:00+01:00,httpx/_types.py,76,0,0,2
httpx,696c1eff0390197358d8cb6807ab5de3a7c17fc0,2020-07-23T10:40:00+01:00,tests/test_config.py,241,0,0,144
httpx,696c1eff0390197358d8cb6807ab5de3a7c17fc0,2020-07-23T10:40:00+01:00,tests/test_decoders.py,291,0,0,9
httpx,696c1eff0390197358d8cb6807ab5de3a7c17fc0,2020-07-23T10:40:00+01:00,httpx/_status_codes.py,139,0,0,39
httpx,696c1eff0390197358d8cb6807ab5de3a7c17fc0,2020-07-23T10:40:00+01:00,tests/client/test_redirects.py,486,0,0,2
httpx,696c1eff0390197358d8cb6807ab5de3a7c17fc0,2020-07-23T10:40:00+01:00,httpx/_models.py,1137,12,0,174
httpx,696c1eff0390197358d8cb6807ab5de3a7c17fc0,2020-07-23T10:40:00+01:00,tests/test_utils.py,309,0,0,143
httpx,696c1eff0390197358d8cb6807ab5de3a7c17fc0,2020-07-23T10:40:00+01:00,httpx/_client.py,1508,70,0,297
httpx,696c1eff0390197358d8cb6807ab5de3a7c17fc0,2020-07-23T10:40:00+01:00,httpx/_auth.py,255,0,0,121
httpx,696c1eff0390197358d8cb6807ab5de3a7c17fc0,2020-07-23T10:40:00+01:00,httpx/_api.py,398,8,0,0
httpx,696c1eff0390197358d8cb6807ab5de3a7c17fc0,2020-07-23T10:40:00+01:00,tests/models/test_headers.py,172,0,0,27
httpx,696c1eff0390197358d8cb6807ab5de3a7c17fc0,2020-07-23T10:40:00+01:00,tests/test_status_codes.py,18,0,0,21
httpx,696c1eff0390197358d8cb6807ab5de3a7c17fc0,2020-07-23T10:40:00+01:00,tests/models/test_url.py,187,0,0,4
httpx,696c1eff0390197358d8cb6807ab5de3a7c17fc0,2020-07-23T10:40:00+01:00,httpx/__init__.py,101,0,0,14
httpx,696c1eff0390197358d8cb6807ab5de3a7c17fc0,2020-07-23T10:40:00+01:00,httpx/_decoders.py,298,0,0,41
httpx,696c1eff0390197358d8cb6807ab5de3a7c17fc0,2020-07-23T10:40:00+01:00,tests/client/test_properties.py,17,0,0,23
httpx,696c1eff0390197358d8cb6807ab5de3a7c17fc0,2020-07-23T10:40:00+01:00,tests/test_timeouts.py,43,0,0,34
httpx,696c1eff0390197358d8cb6807ab5de3a7c17fc0,2020-07-23T10:40:00+01:00,tests/test_asgi.py,111,0,0,4
httpx,696c1eff0390197358d8cb6807ab5de3a7c17fc0,2020-07-23T10:40:00+01:00,setup.py,81,0,0,1
httpx,696c1eff0390197358d8cb6807ab5de3a7c17fc0,2020-07-23T10:40:00+01:00,httpx/_utils.py,421,0,0,230
httpx,696c1eff0390197358d8cb6807ab5de3a7c17fc0,2020-07-23T10:40:00+01:00,tests/models/test_requests.py,112,0,0,4
httpx,696c1eff0390197358d8cb6807ab5de3a7c17fc0,2020-07-23T10:40:00+01:00,httpx/_exceptions.py,256,0,0,253
httpx,696c1eff0390197358d8cb6807ab5de3a7c17fc0,2020-07-23T10:40:00+01:00,tests/client/test_async_client.py,165,0,0,19
httpx,71d52343052359c416a9e6252daa322abdf8dd90,2020-08-01T11:07:31+02:00,tests/client/test_proxies.py,151,0,0,165
httpx,71d52343052359c416a9e6252daa322abdf8dd90,2020-08-01T11:07:31+02:00,httpx/_config.py,377,0,0,198
httpx,71d52343052359c416a9e6252daa322abdf8dd90,2020-08-01T11:07:31+02:00,tests/test_api.py,73,0,0,2
httpx,71d52343052359c416a9e6252daa322abdf8dd90,2020-08-01T11:07:31+02:00,tests/test_multipart.py,275,0,0,2
httpx,71d52343052359c416a9e6252daa322abdf8dd90,2020-08-01T11:07:31+02:00,httpx/_transports/asgi.py,177,0,0,27
httpx,71d52343052359c416a9e6252daa322abdf8dd90,2020-08-01T11:07:31+02:00,tests/models/test_queryparams.py,87,0,0,4
httpx,71d52343052359c416a9e6252daa322abdf8dd90,2020-08-01T11:07:31+02:00,httpx/_transports/wsgi.py,135,0,0,10
httpx,71d52343052359c416a9e6252daa322abdf8dd90,2020-08-01T11:07:31+02:00,httpx/_transports/urllib3.py,149,2,0,4
httpx,71d52343052359c416a9e6252daa322abdf8dd90,2020-08-01T11:07:31+02:00,tests/client/test_client.py,196,0,0,64
httpx,71d52343052359c416a9e6252daa322abdf8dd90,2020-08-01T11:07:31+02:00,httpx/_types.py,76,0,0,1
httpx,71d52343052359c416a9e6252daa322abdf8dd90,2020-08-01T11:07:31+02:00,httpx/__version__.py,3,0,0,4
httpx,71d52343052359c416a9e6252daa322abdf8dd90,2020-08-01T11:07:31+02:00,tests/test_config.py,237,0,0,47
httpx,71d52343052359c416a9e6252daa322abdf8dd90,2020-08-01T11:07:31+02:00,tests/client/test_auth.py,610,0,0,16
httpx,71d52343052359c416a9e6252daa322abdf8dd90,2020-08-01T11:07:31+02:00,tests/client/test_redirects.py,486,0,0,26
httpx,71d52343052359c416a9e6252daa322abdf8dd90,2020-08-01T11:07:31+02:00,httpx/_models.py,1197,10,0,82
httpx,71d52343052359c416a9e6252daa322abdf8dd90,2020-08-01T11:07:31+02:00,tests/test_utils.py,351,0,0,111
httpx,71d52343052359c416a9e6252daa322abdf8dd90,2020-08-01T11:07:31+02:00,httpx/_client.py,1491,64,0,419
httpx,71d52343052359c416a9e6252daa322abdf8dd90,2020-08-01T11:07:31+02:00,tests/client/test_cookies.py,179,0,0,2
httpx,71d52343052359c416a9e6252daa322abdf8dd90,2020-08-01T11:07:31+02:00,httpx/_api.py,398,8,0,0
httpx,71d52343052359c416a9e6252daa322abdf8dd90,2020-08-01T11:07:31+02:00,tests/models/test_headers.py,173,0,0,10
httpx,71d52343052359c416a9e6252daa322abdf8dd90,2020-08-01T11:07:31+02:00,tests/models/test_url.py,187,0,0,19
httpx,71d52343052359c416a9e6252daa322abdf8dd90,2020-08-01T11:07:31+02:00,httpx/__init__.py,104,0,0,21
httpx,71d52343052359c416a9e6252daa322abdf8dd90,2020-08-01T11:07:31+02:00,tests/models/test_cookies.py,50,0,0,41
httpx,71d52343052359c416a9e6252daa322abdf8dd90,2020-08-01T11:07:31+02:00,tests/client/test_properties.py,17,0,0,38
httpx,71d52343052359c416a9e6252daa322abdf8dd90,2020-08-01T11:07:31+02:00,tests/test_timeouts.py,43,0,0,26
httpx,71d52343052359c416a9e6252daa322abdf8dd90,2020-08-01T11:07:31+02:00,setup.py,81,0,0,8
httpx,71d52343052359c416a9e6252daa322abdf8dd90,2020-08-01T11:07:31+02:00,tests/client/test_headers.py,183,0,0,2
httpx,71d52343052359c416a9e6252daa322abdf8dd90,2020-08-01T11:07:31+02:00,httpx/_utils.py,522,0,0,135
httpx,71d52343052359c416a9e6252daa322abdf8dd90,2020-08-01T11:07:31+02:00,tests/models/test_requests.py,112,0,0,17
httpx,71d52343052359c416a9e6252daa322abdf8dd90,2020-08-01T11:07:31+02:00,tests/client/test_queryparams.py,53,0,0,2
httpx,71d52343052359c416a9e6252daa322abdf8dd90,2020-08-01T11:07:31+02:00,httpx/_exceptions.py,324,0,0,162
httpx,71d52343052359c416a9e6252daa322abdf8dd90,2020-08-01T11:07:31+02:00,tests/client/test_async_client.py,168,0,0,4
httpx,a9284214e2483b9cf118422d4a47bab51546b085,2020-08-01T20:15:15+02:00,tests/client/test_proxies.py,151,0,0,157
httpx,a9284214e2483b9cf118422d4a47bab51546b085,2020-08-01T20:15:15+02:00,httpx/_config.py,377,0,0,198
httpx,a9284214e2483b9cf118422d4a47bab51546b085,2020-08-01T20:15:15+02:00,tests/test_api.py,73,0,0,2
httpx,a9284214e2483b9cf118422d4a47bab51546b085,2020-08-01T20:15:15+02:00,tests/test_multipart.py,275,0,0,2
httpx,a9284214e2483b9cf118422d4a47bab51546b085,2020-08-01T20:15:15+02:00,httpx/_transports/asgi.py,177,0,0,27
httpx,a9284214e2483b9cf118422d4a47bab51546b085,2020-08-01T20:15:15+02:00,tests/models/test_queryparams.py,87,0,0,4
httpx,a9284214e2483b9cf118422d4a47bab51546b085,2020-08-01T20:15:15+02:00,httpx/_transports/wsgi.py,135,0,0,10
httpx,a9284214e2483b9cf118422d4a47bab51546b085,2020-08-01T20:15:15+02:00,httpx/_transports/urllib3.py,149,2,0,4
httpx,a9284214e2483b9cf118422d4a47bab51546b085,2020-08-01T20:15:15+02:00,tests/client/test_client.py,196,0,0,64
httpx,a9284214e2483b9cf118422d4a47bab51546b085,2020-08-01T20:15:15+02:00,httpx/_types.py,76,0,0,1
httpx,a9284214e2483b9cf118422d4a47bab51546b085,2020-08-01T20:15:15+02:00,httpx/__version__.py,3,0,0,4
httpx,a9284214e2483b9cf118422d4a47bab51546b085,2020-08-01T20:15:15+02:00,tests/test_config.py,237,0,0,47
httpx,a9284214e2483b9cf118422d4a47bab51546b085,2020-08-01T20:15:15+02:00,tests/client/test_auth.py,610,0,0,16
httpx,a9284214e2483b9cf118422d4a47bab51546b085,2020-08-01T20:15:15+02:00,tests/client/test_redirects.py,486,0,0,26
httpx,a9284214e2483b9cf118422d4a47bab51546b085,2020-08-01T20:15:15+02:00,httpx/_models.py,1199,10,0,82
httpx,a9284214e2483b9cf118422d4a47bab51546b085,2020-08-01T20:15:15+02:00,tests/test_utils.py,351,0,0,87
httpx,a9284214e2483b9cf118422d4a47bab51546b085,2020-08-01T20:15:15+02:00,httpx/_client.py,1495,64,0,397
httpx,a9284214e2483b9cf118422d4a47bab51546b085,2020-08-01T20:15:15+02:00,tests/client/test_cookies.py,179,0,0,2
httpx,a9284214e2483b9cf118422d4a47bab51546b085,2020-08-01T20:15:15+02:00,httpx/_api.py,398,8,0,0
httpx,a9284214e2483b9cf118422d4a47bab51546b085,2020-08-01T20:15:15+02:00,tests/models/test_headers.py,173,0,0,10
httpx,a9284214e2483b9cf118422d4a47bab51546b085,2020-08-01T20:15:15+02:00,tests/models/test_url.py,187,0,0,19
httpx,a9284214e2483b9cf118422d4a47bab51546b085,2020-08-01T20:15:15+02:00,tests/test_exported_members.py,0,0,0,14
httpx,a9284214e2483b9cf118422d4a47bab51546b085,2020-08-01T20:15:15+02:00,httpx/__init__.py,104,0,0,89
httpx,a9284214e2483b9cf118422d4a47bab51546b085,2020-08-01T20:15:15+02:00,tests/models/test_cookies.py,50,0,0,41
httpx,a9284214e2483b9cf118422d4a47bab51546b085,2020-08-01T20:15:15+02:00,tests/client/test_properties.py,17,0,0,38
httpx,a9284214e2483b9cf118422d4a47bab51546b085,2020-08-01T20:15:15+02:00,tests/test_timeouts.py,43,0,0,26
httpx,a9284214e2483b9cf118422d4a47bab51546b085,2020-08-01T20:15:15+02:00,setup.py,81,0,0,8
httpx,a9284214e2483b9cf118422d4a47bab51546b085,2020-08-01T20:15:15+02:00,tests/client/test_headers.py,183,0,0,2
httpx,a9284214e2483b9cf118422d4a47bab51546b085,2020-08-01T20:15:15+02:00,httpx/_utils.py,522,0,0,117
httpx,a9284214e2483b9cf118422d4a47bab51546b085,2020-08-01T20:15:15+02:00,tests/models/test_requests.py,112,0,0,17
httpx,a9284214e2483b9cf118422d4a47bab51546b085,2020-08-01T20:15:15+02:00,tests/client/test_queryparams.py,53,0,0,2
httpx,a9284214e2483b9cf118422d4a47bab51546b085,2020-08-01T20:15:15+02:00,httpx/_exceptions.py,324,0,0,162
httpx,a9284214e2483b9cf118422d4a47bab51546b085,2020-08-01T20:15:15+02:00,tests/client/test_async_client.py,168,0,0,4
httpx,26cd4f54e8850671b565995f15d5c37328407809,2020-08-01T19:59:01+01:00,tests/client/test_proxies.py,151,0,0,157
httpx,26cd4f54e8850671b565995f15d5c37328407809,2020-08-01T19:59:01+01:00,httpx/_config.py,393,0,0,198
httpx,26cd4f54e8850671b565995f15d5c37328407809,2020-08-01T19:59:01+01:00,tests/test_api.py,73,0,0,2
httpx,26cd4f54e8850671b565995f15d5c37328407809,2020-08-01T19:59:01+01:00,tests/test_multipart.py,275,0,0,2
httpx,26cd4f54e8850671b565995f15d5c37328407809,2020-08-01T19:59:01+01:00,httpx/_transports/asgi.py,177,0,0,27
httpx,26cd4f54e8850671b565995f15d5c37328407809,2020-08-01T19:59:01+01:00,tests/models/test_queryparams.py,87,0,0,4
httpx,26cd4f54e8850671b565995f15d5c37328407809,2020-08-01T19:59:01+01:00,httpx/_transports/wsgi.py,135,0,0,10
httpx,26cd4f54e8850671b565995f15d5c37328407809,2020-08-01T19:59:01+01:00,httpx/_transports/urllib3.py,149,2,0,4
httpx,26cd4f54e8850671b565995f15d5c37328407809,2020-08-01T19:59:01+01:00,tests/client/test_client.py,196,0,0,64
httpx,26cd4f54e8850671b565995f15d5c37328407809,2020-08-01T19:59:01+01:00,httpx/_types.py,76,0,0,1
httpx,26cd4f54e8850671b565995f15d5c37328407809,2020-08-01T19:59:01+01:00,httpx/__version__.py,3,0,0,4
httpx,26cd4f54e8850671b565995f15d5c37328407809,2020-08-01T19:59:01+01:00,tests/test_config.py,232,0,0,47
httpx,26cd4f54e8850671b565995f15d5c37328407809,2020-08-01T19:59:01+01:00,tests/client/test_auth.py,610,0,0,16
httpx,26cd4f54e8850671b565995f15d5c37328407809,2020-08-01T19:59:01+01:00,tests/client/test_redirects.py,486,0,0,26
httpx,26cd4f54e8850671b565995f15d5c37328407809,2020-08-01T19:59:01+01:00,httpx/_models.py,1199,10,0,58
httpx,26cd4f54e8850671b565995f15d5c37328407809,2020-08-01T19:59:01+01:00,tests/test_utils.py,351,0,0,87
httpx,26cd4f54e8850671b565995f15d5c37328407809,2020-08-01T19:59:01+01:00,httpx/_client.py,1495,64,0,397
httpx,26cd4f54e8850671b565995f15d5c37328407809,2020-08-01T19:59:01+01:00,tests/client/test_cookies.py,179,0,0,2
httpx,26cd4f54e8850671b565995f15d5c37328407809,2020-08-01T19:59:01+01:00,httpx/_api.py,398,8,0,0
httpx,26cd4f54e8850671b565995f15d5c37328407809,2020-08-01T19:59:01+01:00,tests/models/test_headers.py,173,0,0,4
httpx,26cd4f54e8850671b565995f15d5c37328407809,2020-08-01T19:59:01+01:00,tests/models/test_url.py,187,0,0,19
httpx,26cd4f54e8850671b565995f15d5c37328407809,2020-08-01T19:59:01+01:00,tests/test_exported_members.py,0,0,0,14
httpx,26cd4f54e8850671b565995f15d5c37328407809,2020-08-01T19:59:01+01:00,httpx/__init__.py,104,0,0,89
httpx,26cd4f54e8850671b565995f15d5c37328407809,2020-08-01T19:59:01+01:00,tests/models/test_cookies.py,50,0,0,41
httpx,26cd4f54e8850671b565995f15d5c37328407809,2020-08-01T19:59:01+01:00,tests/client/test_properties.py,17,0,0,38
httpx,26cd4f54e8850671b565995f15d5c37328407809,2020-08-01T19:59:01+01:00,tests/test_timeouts.py,57,0,0,26
httpx,26cd4f54e8850671b565995f15d5c37328407809,2020-08-01T19:59:01+01:00,setup.py,81,0,0,8
httpx,26cd4f54e8850671b565995f15d5c37328407809,2020-08-01T19:59:01+01:00,tests/client/test_headers.py,183,0,0,2
httpx,26cd4f54e8850671b565995f15d5c37328407809,2020-08-01T19:59:01+01:00,httpx/_utils.py,522,0,0,117
httpx,26cd4f54e8850671b565995f15d5c37328407809,2020-08-01T19:59:01+01:00,tests/models/test_requests.py,112,0,0,17
httpx,26cd4f54e8850671b565995f15d5c37328407809,2020-08-01T19:59:01+01:00,tests/client/test_queryparams.py,53,0,0,2
httpx,26cd4f54e8850671b565995f15d5c37328407809,2020-08-01T19:59:01+01:00,httpx/_exceptions.py,324,0,0,162
httpx,26cd4f54e8850671b565995f15d5c37328407809,2020-08-01T19:59:01+01:00,tests/client/test_async_client.py,168,0,0,4
httpx,4bd08bed22094c83d61a750711e3e8b410aead0e,2020-09-10T21:22:14+02:00,httpx/_config.py,415,0,0,65
httpx,4bd08bed22094c83d61a750711e3e8b410aead0e,2020-09-10T21:22:14+02:00,tests/test_api.py,73,0,0,8
httpx,4bd08bed22094c83d61a750711e3e8b410aead0e,2020-09-10T21:22:14+02:00,httpx/_content.py,0,0,0,232
httpx,4bd08bed22094c83d61a750711e3e8b410aead0e,2020-09-10T21:22:14+02:00,tests/test_wsgi.py,118,0,0,4
httpx,4bd08bed22094c83d61a750711e3e8b410aead0e,2020-09-10T21:22:14+02:00,tests/test_multipart.py,278,0,0,111
httpx,4bd08bed22094c83d61a750711e3e8b410aead0e,2020-09-10T21:22:14+02:00,httpx/_transports/asgi.py,158,0,0,14
httpx,4bd08bed22094c83d61a750711e3e8b410aead0e,2020-09-10T21:22:14+02:00,tests/models/test_queryparams.py,95,0,0,3
httpx,4bd08bed22094c83d61a750711e3e8b410aead0e,2020-09-10T21:22:14+02:00,httpx/_transports/wsgi.py,131,0,0,11
httpx,4bd08bed22094c83d61a750711e3e8b410aead0e,2020-09-10T21:22:14+02:00,tests/client/test_client.py,275,0,0,10
httpx,4bd08bed22094c83d61a750711e3e8b410aead0e,2020-09-10T21:22:14+02:00,httpx/_types.py,77,0,0,21
httpx,4bd08bed22094c83d61a750711e3e8b410aead0e,2020-09-10T21:22:14+02:00,httpx/__version__.py,3,0,0,8
httpx,4bd08bed22094c83d61a750711e3e8b410aead0e,2020-09-10T21:22:14+02:00,tests/test_config.py,242,0,0,15
httpx,4bd08bed22094c83d61a750711e3e8b410aead0e,2020-09-10T21:22:14+02:00,tests/test_decoders.py,325,0,0,25
httpx,4bd08bed22094c83d61a750711e3e8b410aead0e,2020-09-10T21:22:14+02:00,tests/client/test_auth.py,729,0,0,337
httpx,4bd08bed22094c83d61a750711e3e8b410aead0e,2020-09-10T21:22:14+02:00,tests/client/test_redirects.py,488,0,0,448
httpx,4bd08bed22094c83d61a750711e3e8b410aead0e,2020-09-10T21:22:14+02:00,tests/models/test_responses.py,617,0,0,262
httpx,4bd08bed22094c83d61a750711e3e8b410aead0e,2020-09-10T21:22:14+02:00,httpx/_models.py,1253,14,0,481
httpx,4bd08bed22094c83d61a750711e3e8b410aead0e,2020-09-10T21:22:14+02:00,httpx/_client.py,1780,72,0,141
httpx,4bd08bed22094c83d61a750711e3e8b410aead0e,2020-09-10T21:22:14+02:00,httpx/_auth.py,319,4,0,11
httpx,4bd08bed22094c83d61a750711e3e8b410aead0e,2020-09-10T21:22:14+02:00,tests/client/test_cookies.py,172,0,0,66
httpx,4bd08bed22094c83d61a750711e3e8b410aead0e,2020-09-10T21:22:14+02:00,httpx/_api.py,424,8,0,17
httpx,4bd08bed22094c83d61a750711e3e8b410aead0e,2020-09-10T21:22:14+02:00,tests/models/test_headers.py,177,0,0,3
httpx,4bd08bed22094c83d61a750711e3e8b410aead0e,2020-09-10T21:22:14+02:00,tests/models/test_url.py,214,0,0,87
httpx,4bd08bed22094c83d61a750711e3e8b410aead0e,2020-09-10T21:22:14+02:00,httpx/_content_streams.py,404,0,0,680
httpx,4bd08bed22094c83d61a750711e3e8b410aead0e,2020-09-10T21:22:14+02:00,httpx/__init__.py,112,0,0,5
httpx,4bd08bed22094c83d61a750711e3e8b410aead0e,2020-09-10T21:22:14+02:00,httpx/_decoders.py,300,0,0,94
httpx,4bd08bed22094c83d61a750711e3e8b410aead0e,2020-09-10T21:22:14+02:00,tests/client/test_event_hooks.py,0,0,0,197
httpx,4bd08bed22094c83d61a750711e3e8b410aead0e,2020-09-10T21:22:14+02:00,tests/client/test_properties.py,51,0,0,9
httpx,4bd08bed22094c83d61a750711e3e8b410aead0e,2020-09-10T21:22:14+02:00,httpx/_multipart.py,0,0,0,200
httpx,4bd08bed22094c83d61a750711e3e8b410aead0e,2020-09-10T21:22:14+02:00,tests/test_timeouts.py,57,0,0,16
httpx,4bd08bed22094c83d61a750711e3e8b410aead0e,2020-09-10T21:22:14+02:00,tests/utils.py,20,0,0,187
httpx,4bd08bed22094c83d61a750711e3e8b410aead0e,2020-09-10T21:22:14+02:00,tests/test_asgi.py,105,0,0,25
httpx,4bd08bed22094c83d61a750711e3e8b410aead0e,2020-09-10T21:22:14+02:00,setup.py,83,0,0,3
httpx,4bd08bed22094c83d61a750711e3e8b410aead0e,2020-09-10T21:22:14+02:00,tests/test_content_streams.py,253,0,0,296
httpx,4bd08bed22094c83d61a750711e3e8b410aead0e,2020-09-10T21:22:14+02:00,tests/client/test_headers.py,204,0,0,49
httpx,4bd08bed22094c83d61a750711e3e8b410aead0e,2020-09-10T21:22:14+02:00,httpx/_utils.py,538,0,0,6
httpx,4bd08bed22094c83d61a750711e3e8b410aead0e,2020-09-10T21:22:14+02:00,tests/models/test_requests.py,141,0,0,50
httpx,4bd08bed22094c83d61a750711e3e8b410aead0e,2020-09-10T21:22:14+02:00,tests/client/test_queryparams.py,49,0,0,27
httpx,4bd08bed22094c83d61a750711e3e8b410aead0e,2020-09-10T21:22:14+02:00,httpx/_exceptions.py,378,0,0,17
httpx,4bd08bed22094c83d61a750711e3e8b410aead0e,2020-09-10T21:22:14+02:00,tests/client/test_async_client.py,250,0,0,14
httpx,62c6c1c8ad68556542d7b7a4be9dc6997bad1e01,2020-09-14T12:16:45+01:00,httpx/_config.py,415,0,0,65
httpx,62c6c1c8ad68556542d7b7a4be9dc6997bad1e01,2020-09-14T12:16:45+01:00,tests/test_api.py,73,0,0,8
httpx,62c6c1c8ad68556542d7b7a4be9dc6997bad1e01,2020-09-14T12:16:45+01:00,httpx/_content.py,0,0,0,232
httpx,62c6c1c8ad68556542d7b7a4be9dc6997bad1e01,2020-09-14T12:16:45+01:00,tests/test_wsgi.py,118,0,0,4
httpx,62c6c1c8ad68556542d7b7a4be9dc6997bad1e01,2020-09-14T12:16:45+01:00,tests/test_multipart.py,262,0,0,81
httpx,62c6c1c8ad68556542d7b7a4be9dc6997bad1e01,2020-09-14T12:16:45+01:00,httpx/_transports/asgi.py,158,0,0,14
httpx,62c6c1c8ad68556542d7b7a4be9dc6997bad1e01,2020-09-14T12:16:45+01:00,tests/models/test_queryparams.py,95,0,0,3
httpx,62c6c1c8ad68556542d7b7a4be9dc6997bad1e01,2020-09-14T12:16:45+01:00,httpx/_transports/wsgi.py,131,0,0,11
httpx,62c6c1c8ad68556542d7b7a4be9dc6997bad1e01,2020-09-14T12:16:45+01:00,tests/client/test_client.py,275,0,0,10
httpx,62c6c1c8ad68556542d7b7a4be9dc6997bad1e01,2020-09-14T12:16:45+01:00,httpx/_types.py,80,0,0,19
httpx,62c6c1c8ad68556542d7b7a4be9dc6997bad1e01,2020-09-14T12:16:45+01:00,tests/test_config.py,242,0,0,15
httpx,62c6c1c8ad68556542d7b7a4be9dc6997bad1e01,2020-09-14T12:16:45+01:00,httpx/__version__.py,3,0,0,10
httpx,62c6c1c8ad68556542d7b7a4be9dc6997bad1e01,2020-09-14T12:16:45+01:00,tests/test_decoders.py,320,0,0,12
httpx,62c6c1c8ad68556542d7b7a4be9dc6997bad1e01,2020-09-14T12:16:45+01:00,tests/client/test_auth.py,729,0,0,337
httpx,62c6c1c8ad68556542d7b7a4be9dc6997bad1e01,2020-09-14T12:16:45+01:00,tests/client/test_redirects.py,414,0,0,40
httpx,62c6c1c8ad68556542d7b7a4be9dc6997bad1e01,2020-09-14T12:16:45+01:00,tests/models/test_responses.py,576,0,0,252
httpx,62c6c1c8ad68556542d7b7a4be9dc6997bad1e01,2020-09-14T12:16:45+01:00,httpx/_models.py,1257,14,0,478
httpx,62c6c1c8ad68556542d7b7a4be9dc6997bad1e01,2020-09-14T12:16:45+01:00,httpx/_client.py,1780,72,0,141
httpx,62c6c1c8ad68556542d7b7a4be9dc6997bad1e01,2020-09-14T12:16:45+01:00,httpx/_auth.py,319,4,0,37
httpx,62c6c1c8ad68556542d7b7a4be9dc6997bad1e01,2020-09-14T12:16:45+01:00,tests/client/test_cookies.py,148,0,0,4
httpx,62c6c1c8ad68556542d7b7a4be9dc6997bad1e01,2020-09-14T12:16:45+01:00,httpx/_api.py,424,8,0,17
httpx,62c6c1c8ad68556542d7b7a4be9dc6997bad1e01,2020-09-14T12:16:45+01:00,tests/models/test_headers.py,177,0,0,9
httpx,62c6c1c8ad68556542d7b7a4be9dc6997bad1e01,2020-09-14T12:16:45+01:00,tests/models/test_url.py,214,0,0,87
httpx,62c6c1c8ad68556542d7b7a4be9dc6997bad1e01,2020-09-14T12:16:45+01:00,httpx/_content_streams.py,401,0,0,633
httpx,62c6c1c8ad68556542d7b7a4be9dc6997bad1e01,2020-09-14T12:16:45+01:00,httpx/__init__.py,112,0,0,5
httpx,62c6c1c8ad68556542d7b7a4be9dc6997bad1e01,2020-09-14T12:16:45+01:00,httpx/_decoders.py,300,0,0,94
httpx,62c6c1c8ad68556542d7b7a4be9dc6997bad1e01,2020-09-14T12:16:45+01:00,tests/client/test_event_hooks.py,0,0,0,197
httpx,62c6c1c8ad68556542d7b7a4be9dc6997bad1e01,2020-09-14T12:16:45+01:00,tests/client/test_properties.py,51,0,0,9
httpx,62c6c1c8ad68556542d7b7a4be9dc6997bad1e01,2020-09-14T12:16:45+01:00,httpx/_multipart.py,0,0,0,200
httpx,62c6c1c8ad68556542d7b7a4be9dc6997bad1e01,2020-09-14T12:16:45+01:00,tests/test_asgi.py,105,0,0,25
httpx,62c6c1c8ad68556542d7b7a4be9dc6997bad1e01,2020-09-14T12:16:45+01:00,tests/test_timeouts.py,57,0,0,16
httpx,62c6c1c8ad68556542d7b7a4be9dc6997bad1e01,2020-09-14T12:16:45+01:00,tests/utils.py,111,0,0,96
httpx,62c6c1c8ad68556542d7b7a4be9dc6997bad1e01,2020-09-14T12:16:45+01:00,setup.py,83,0,0,3
httpx,62c6c1c8ad68556542d7b7a4be9dc6997bad1e01,2020-09-14T12:16:45+01:00,tests/test_content_streams.py,322,0,0,225
httpx,62c6c1c8ad68556542d7b7a4be9dc6997bad1e01,2020-09-14T12:16:45+01:00,tests/client/test_headers.py,190,0,0,5
httpx,62c6c1c8ad68556542d7b7a4be9dc6997bad1e01,2020-09-14T12:16:45+01:00,httpx/_utils.py,538,0,0,6
httpx,62c6c1c8ad68556542d7b7a4be9dc6997bad1e01,2020-09-14T12:16:45+01:00,tests/models/test_requests.py,141,0,0,74
httpx,62c6c1c8ad68556542d7b7a4be9dc6997bad1e01,2020-09-14T12:16:45+01:00,tests/client/test_queryparams.py,36,0,0,2
httpx,62c6c1c8ad68556542d7b7a4be9dc6997bad1e01,2020-09-14T12:16:45+01:00,httpx/_exceptions.py,378,0,0,17
httpx,62c6c1c8ad68556542d7b7a4be9dc6997bad1e01,2020-09-14T12:16:45+01:00,tests/client/test_async_client.py,250,0,0,14
httpx,2d6c30d0613535cf1e3e6d40cc7f3eca388ea804,2020-09-14T17:44:05+01:00,httpx/_config.py,415,0,0,65
httpx,2d6c30d0613535cf1e3e6d40cc7f3eca388ea804,2020-09-14T17:44:05+01:00,tests/test_api.py,73,0,0,8
httpx,2d6c30d0613535cf1e3e6d40cc7f3eca388ea804,2020-09-14T17:44:05+01:00,httpx/_content.py,0,0,0,232
httpx,2d6c30d0613535cf1e3e6d40cc7f3eca388ea804,2020-09-14T17:44:05+01:00,tests/test_wsgi.py,118,0,0,4
httpx,2d6c30d0613535cf1e3e6d40cc7f3eca388ea804,2020-09-14T17:44:05+01:00,tests/test_multipart.py,262,0,0,81
httpx,2d6c30d0613535cf1e3e6d40cc7f3eca388ea804,2020-09-14T17:44:05+01:00,httpx/_transports/asgi.py,158,0,0,14
httpx,2d6c30d0613535cf1e3e6d40cc7f3eca388ea804,2020-09-14T17:44:05+01:00,tests/models/test_queryparams.py,95,0,0,3
httpx,2d6c30d0613535cf1e3e6d40cc7f3eca388ea804,2020-09-14T17:44:05+01:00,httpx/_transports/wsgi.py,131,0,0,11
httpx,2d6c30d0613535cf1e3e6d40cc7f3eca388ea804,2020-09-14T17:44:05+01:00,tests/client/test_client.py,275,0,0,10
httpx,2d6c30d0613535cf1e3e6d40cc7f3eca388ea804,2020-09-14T17:44:05+01:00,httpx/_types.py,80,0,0,18
httpx,2d6c30d0613535cf1e3e6d40cc7f3eca388ea804,2020-09-14T17:44:05+01:00,tests/test_config.py,242,0,0,15
httpx,2d6c30d0613535cf1e3e6d40cc7f3eca388ea804,2020-09-14T17:44:05+01:00,httpx/__version__.py,3,0,0,10
httpx,2d6c30d0613535cf1e3e6d40cc7f3eca388ea804,2020-09-14T17:44:05+01:00,tests/test_decoders.py,320,0,0,12
httpx,2d6c30d0613535cf1e3e6d40cc7f3eca388ea804,2020-09-14T17:44:05+01:00,tests/client/test_auth.py,693,0,0,337
httpx,2d6c30d0613535cf1e3e6d40cc7f3eca388ea804,2020-09-14T17:44:05+01:00,tests/client/test_redirects.py,414,0,0,40
httpx,2d6c30d0613535cf1e3e6d40cc7f3eca388ea804,2020-09-14T17:44:05+01:00,tests/models/test_responses.py,576,0,0,252
httpx,2d6c30d0613535cf1e3e6d40cc7f3eca388ea804,2020-09-14T17:44:05+01:00,httpx/_models.py,1257,14,0,471
httpx,2d6c30d0613535cf1e3e6d40cc7f3eca388ea804,2020-09-14T17:44:05+01:00,httpx/_client.py,1780,72,0,141
httpx,2d6c30d0613535cf1e3e6d40cc7f3eca388ea804,2020-09-14T17:44:05+01:00,httpx/_auth.py,319,4,0,37
httpx,2d6c30d0613535cf1e3e6d40cc7f3eca388ea804,2020-09-14T17:44:05+01:00,tests/client/test_cookies.py,148,0,0,4
httpx,2d6c30d0613535cf1e3e6d40cc7f3eca388ea804,2020-09-14T17:44:05+01:00,httpx/_api.py,424,8,0,17
httpx,2d6c30d0613535cf1e3e6d40cc7f3eca388ea804,2020-09-14T17:44:05+01:00,tests/models/test_headers.py,177,0,0,9
httpx,2d6c30d0613535cf1e3e6d40cc7f3eca388ea804,2020-09-14T17:44:05+01:00,tests/models/test_url.py,214,0,0,87
httpx,2d6c30d0613535cf1e3e6d40cc7f3eca388ea804,2020-09-14T17:44:05+01:00,httpx/_content_streams.py,401,0,0,633
httpx,2d6c30d0613535cf1e3e6d40cc7f3eca388ea804,2020-09-14T17:44:05+01:00,httpx/__init__.py,112,0,0,5
httpx,2d6c30d0613535cf1e3e6d40cc7f3eca388ea804,2020-09-14T17:44:05+01:00,httpx/_decoders.py,300,0,0,94
httpx,2d6c30d0613535cf1e3e6d40cc7f3eca388ea804,2020-09-14T17:44:05+01:00,tests/client/test_event_hooks.py,0,0,0,197
httpx,2d6c30d0613535cf1e3e6d40cc7f3eca388ea804,2020-09-14T17:44:05+01:00,tests/client/test_properties.py,51,0,0,9
httpx,2d6c30d0613535cf1e3e6d40cc7f3eca388ea804,2020-09-14T17:44:05+01:00,httpx/_multipart.py,0,0,0,200
httpx,2d6c30d0613535cf1e3e6d40cc7f3eca388ea804,2020-09-14T17:44:05+01:00,tests/test_asgi.py,105,0,0,25
httpx,2d6c30d0613535cf1e3e6d40cc7f3eca388ea804,2020-09-14T17:44:05+01:00,tests/test_timeouts.py,57,0,0,16
httpx,2d6c30d0613535cf1e3e6d40cc7f3eca388ea804,2020-09-14T17:44:05+01:00,tests/utils.py,111,0,0,96
httpx,2d6c30d0613535cf1e3e6d40cc7f3eca388ea804,2020-09-14T17:44:05+01:00,setup.py,83,0,0,3
httpx,2d6c30d0613535cf1e3e6d40cc7f3eca388ea804,2020-09-14T17:44:05+01:00,tests/test_content_streams.py,322,0,0,225
httpx,2d6c30d0613535cf1e3e6d40cc7f3eca388ea804,2020-09-14T17:44:05+01:00,tests/client/test_headers.py,190,0,0,5
httpx,2d6c30d0613535cf1e3e6d40cc7f3eca388ea804,2020-09-14T17:44:05+01:00,httpx/_utils.py,538,0,0,6
httpx,2d6c30d0613535cf1e3e6d40cc7f3eca388ea804,2020-09-14T17:44:05+01:00,tests/models/test_requests.py,141,0,0,74
httpx,2d6c30d0613535cf1e3e6d40cc7f3eca388ea804,2020-09-14T17:44:05+01:00,tests/client/test_queryparams.py,36,0,0,2
httpx,2d6c30d0613535cf1e3e6d40cc7f3eca388ea804,2020-09-14T17:44:05+01:00,httpx/_exceptions.py,378,0,0,17
httpx,2d6c30d0613535cf1e3e6d40cc7f3eca388ea804,2020-09-14T17:44:05+01:00,tests/client/test_async_client.py,250,0,0,14
httpx,ceccb964e6342c337f4a7d85758334fa8ecc0e55,2020-11-10T10:16:07+00:00,httpx/_status_codes.py,164,0,0,2
httpx,ceccb964e6342c337f4a7d85758334fa8ecc0e55,2020-11-10T10:16:07+00:00,httpx/_client.py,1846,72,0,0
httpx,ceccb964e6342c337f4a7d85758334fa8ecc0e55,2020-11-10T10:16:07+00:00,httpx/_models.py,1480,18,0,2
httpx,ceccb964e6342c337f4a7d85758334fa8ecc0e55,2020-11-10T10:16:07+00:00,httpx/_transports/wsgi.py,128,0,0,3
httpx,ceccb964e6342c337f4a7d85758334fa8ecc0e55,2020-11-10T10:16:07+00:00,httpx/_api.py,437,8,0,0
httpx,ceccb964e6342c337f4a7d85758334fa8ecc0e55,2020-11-10T10:16:07+00:00,httpx/_auth.py,304,4,0,0
httpx,28cbe77676e17045c762167bd7a5aa4d2f916dc4,2020-12-03T22:06:42+01:00,httpx/_client.py,1856,74,0,4
httpx,28cbe77676e17045c762167bd7a5aa4d2f916dc4,2020-12-03T22:06:42+01:00,httpx/_types.py,84,0,0,1
httpx,28cbe77676e17045c762167bd7a5aa4d2f916dc4,2020-12-03T22:06:42+01:00,httpx/_auth.py,304,4,0,0
httpx,28cbe77676e17045c762167bd7a5aa4d2f916dc4,2020-12-03T22:06:42+01:00,httpx/_api.py,437,8,0,2
httpx,28cbe77676e17045c762167bd7a5aa4d2f916dc4,2020-12-03T22:06:42+01:00,httpx/_decoders.py,367,8,0,0
httpx,28cbe77676e17045c762167bd7a5aa4d2f916dc4,2020-12-03T22:06:42+01:00,tests/models/test_cookies.py,98,0,0,11
httpx,28cbe77676e17045c762167bd7a5aa4d2f916dc4,2020-12-03T22:06:42+01:00,tests/models/test_queryparams.py,92,0,0,2
httpx,28cbe77676e17045c762167bd7a5aa4d2f916dc4,2020-12-03T22:06:42+01:00,httpx/_models.py,1538,28,0,12
httpx,89fb0cbc69ea07b123dd7b36dc1ed9151c5d398f,2021-01-08T10:23:56+00:00,httpx/_client.py,1836,72,0,54
httpx,89fb0cbc69ea07b123dd7b36dc1ed9151c5d398f,2021-01-08T10:23:56+00:00,tests/client/test_proxies.py,272,0,0,12
httpx,89fb0cbc69ea07b123dd7b36dc1ed9151c5d398f,2021-01-08T10:23:56+00:00,httpx/_transports/mock.py,56,4,0,0
httpx,89fb0cbc69ea07b123dd7b36dc1ed9151c5d398f,2021-01-08T10:23:56+00:00,httpx/_auth.py,304,4,0,0
httpx,89fb0cbc69ea07b123dd7b36dc1ed9151c5d398f,2021-01-08T10:23:56+00:00,httpx/_api.py,437,8,0,0
httpx,89fb0cbc69ea07b123dd7b36dc1ed9151c5d398f,2021-01-08T10:23:56+00:00,httpx/_decoders.py,367,8,0,0
httpx,89fb0cbc69ea07b123dd7b36dc1ed9151c5d398f,2021-01-08T10:23:56+00:00,httpx/__init__.py,112,0,0,3
httpx,89fb0cbc69ea07b123dd7b36dc1ed9151c5d398f,2021-01-08T10:23:56+00:00,httpx/_transports/default.py,174,8,0,174
httpx,89fb0cbc69ea07b123dd7b36dc1ed9151c5d398f,2021-01-08T10:23:56+00:00,httpx/_models.py,1538,28,0,0
httpx,5af6ab0038ac3b6e1024a76853ff2848169b4aa8,2021-02-17T10:06:28+00:00,httpx/_client.py,1836,72,0,3
httpx,5af6ab0038ac3b6e1024a76853ff2848169b4aa8,2021-02-17T10:06:28+00:00,httpx/_transports/mock.py,56,4,0,11
httpx,5af6ab0038ac3b6e1024a76853ff2848169b4aa8,2021-02-17T10:06:28+00:00,httpx/_auth.py,304,4,0,0
httpx,5af6ab0038ac3b6e1024a76853ff2848169b4aa8,2021-02-17T10:06:28+00:00,httpx/__version__.py,3,0,0,2
httpx,5af6ab0038ac3b6e1024a76853ff2848169b4aa8,2021-02-17T10:06:28+00:00,httpx/_api.py,437,8,0,0
httpx,5af6ab0038ac3b6e1024a76853ff2848169b4aa8,2021-02-17T10:06:28+00:00,httpx/_config.py,360,0,0,4
httpx,5af6ab0038ac3b6e1024a76853ff2848169b4aa8,2021-02-17T10:06:28+00:00,httpx/_decoders.py,367,8,0,0
httpx,5af6ab0038ac3b6e1024a76853ff2848169b4aa8,2021-02-17T10:06:28+00:00,httpx/_transports/default.py,174,8,0,0
httpx,5af6ab0038ac3b6e1024a76853ff2848169b4aa8,2021-02-17T10:06:28+00:00,httpx/_models.py,1538,28,0,0
httpx,5af6ab0038ac3b6e1024a76853ff2848169b4aa8,2021-02-17T10:06:28+00:00,tests/client/test_async_client.py,303,0,0,32
httpx,0ccc3fa9be3ccfbf59b834e72cca59126e243881,2021-08-31T13:13:42+01:00,httpx/_content.py,207,0,0,10
httpx,0ccc3fa9be3ccfbf59b834e72cca59126e243881,2021-08-31T13:13:42+01:00,tests/test_wsgi.py,145,0,0,20
httpx,0ccc3fa9be3ccfbf59b834e72cca59126e243881,2021-08-31T13:13:42+01:00,httpx/_transports/default.py,294,6,0,57
httpx,0ccc3fa9be3ccfbf59b834e72cca59126e243881,2021-08-31T13:13:42+01:00,httpx/_transports/asgi.py,169,0,0,40
httpx,0ccc3fa9be3ccfbf59b834e72cca59126e243881,2021-08-31T13:13:42+01:00,httpx/_transports/wsgi.py,138,0,0,50
httpx,0ccc3fa9be3ccfbf59b834e72cca59126e243881,2021-08-31T13:13:42+01:00,tests/test_main.py,0,0,0,165
httpx,0ccc3fa9be3ccfbf59b834e72cca59126e243881,2021-08-31T13:13:42+01:00,httpx/_types.py,91,0,0,59
httpx,0ccc3fa9be3ccfbf59b834e72cca59126e243881,2021-08-31T13:13:42+01:00,httpx/_compat.py,48,0,0,4
httpx,0ccc3fa9be3ccfbf59b834e72cca59126e243881,2021-08-31T13:13:42+01:00,httpx/__version__.py,3,0,0,2
httpx,0ccc3fa9be3ccfbf59b834e72cca59126e243881,2021-08-31T13:13:42+01:00,tests/client/test_auth.py,699,0,0,9
httpx,0ccc3fa9be3ccfbf59b834e72cca59126e243881,2021-08-31T13:13:42+01:00,httpx/_status_codes.py,143,0,0,45
httpx,0ccc3fa9be3ccfbf59b834e72cca59126e243881,2021-08-31T13:13:42+01:00,tests/client/test_redirects.py,402,0,0,85
httpx,0ccc3fa9be3ccfbf59b834e72cca59126e243881,2021-08-31T13:13:42+01:00,httpx/_models.py,1862,24,0,119
httpx,0ccc3fa9be3ccfbf59b834e72cca59126e243881,2021-08-31T13:13:42+01:00,tests/test_utils.py,259,0,0,2
httpx,0ccc3fa9be3ccfbf59b834e72cca59126e243881,2021-08-31T13:13:42+01:00,httpx/_main.py,0,0,0,442
httpx,0ccc3fa9be3ccfbf59b834e72cca59126e243881,2021-08-31T13:13:42+01:00,httpx/_client.py,2007,78,0,222
httpx,0ccc3fa9be3ccfbf59b834e72cca59126e243881,2021-08-31T13:13:42+01:00,tests/conftest.py,289,0,0,13
httpx,0ccc3fa9be3ccfbf59b834e72cca59126e243881,2021-08-31T13:13:42+01:00,httpx/_transports/mock.py,70,4,0,52
httpx,0ccc3fa9be3ccfbf59b834e72cca59126e243881,2021-08-31T13:13:42+01:00,httpx/_auth.py,304,4,0,0
httpx,0ccc3fa9be3ccfbf59b834e72cca59126e243881,2021-08-31T13:13:42+01:00,httpx/_api.py,445,11,0,38
httpx,0ccc3fa9be3ccfbf59b834e72cca59126e243881,2021-08-31T13:13:42+01:00,httpx/_decoders.py,333,8,0,0
httpx,0ccc3fa9be3ccfbf59b834e72cca59126e243881,2021-08-31T13:13:42+01:00,httpx/__init__.py,124,0,0,24
httpx,0ccc3fa9be3ccfbf59b834e72cca59126e243881,2021-08-31T13:13:42+01:00,tests/client/test_event_hooks.py,224,0,0,8
httpx,0ccc3fa9be3ccfbf59b834e72cca59126e243881,2021-08-31T13:13:42+01:00,httpx/_multipart.py,209,0,0,9
httpx,0ccc3fa9be3ccfbf59b834e72cca59126e243881,2021-08-31T13:13:42+01:00,tests/test_asgi.py,209,0,0,36
httpx,0ccc3fa9be3ccfbf59b834e72cca59126e243881,2021-08-31T13:13:42+01:00,setup.py,90,0,0,8
httpx,0ccc3fa9be3ccfbf59b834e72cca59126e243881,2021-08-31T13:13:42+01:00,httpx/_transports/base.py,183,0,0,80
httpx,0ccc3fa9be3ccfbf59b834e72cca59126e243881,2021-08-31T13:13:42+01:00,tests/models/test_responses.py,910,0,0,38
httpx,7f0d43daad60b37d07f7734a83986e9dade59bf7,2022-01-13T10:37:37+00:00,httpx/_client.py,1978,76,0,38
httpx,7f0d43daad60b37d07f7734a83986e9dade59bf7,2022-01-13T10:37:37+00:00,tests/client/test_proxies.py,272,0,0,14
httpx,7f0d43daad60b37d07f7734a83986e9dade59bf7,2022-01-13T10:37:37+00:00,httpx/_auth.py,304,4,0,0
httpx,7f0d43daad60b37d07f7734a83986e9dade59bf7,2022-01-13T10:37:37+00:00,httpx/_api.py,445,11,0,0
httpx,7f0d43daad60b37d07f7734a83986e9dade59bf7,2022-01-13T10:37:37+00:00,httpx/_config.py,349,0,0,41
httpx,7f0d43daad60b37d07f7734a83986e9dade59bf7,2022-01-13T10:37:37+00:00,httpx/_decoders.py,333,8,0,0
httpx,7f0d43daad60b37d07f7734a83986e9dade59bf7,2022-01-13T10:37:37+00:00,httpx/_transports/default.py,320,12,0,107
httpx,7f0d43daad60b37d07f7734a83986e9dade59bf7,2022-01-13T10:37:37+00:00,setup.py,98,0,0,3
httpx,7f0d43daad60b37d07f7734a83986e9dade59bf7,2022-01-13T10:37:37+00:00,tests/client/test_headers.py,190,0,0,39
httpx,7f0d43daad60b37d07f7734a83986e9dade59bf7,2022-01-13T10:37:37+00:00,httpx/__version__.py,3,0,0,2
httpx,7f0d43daad60b37d07f7734a83986e9dade59bf7,2022-01-13T10:37:37+00:00,tests/test_config.py,225,0,0,33
httpx,7f0d43daad60b37d07f7734a83986e9dade59bf7,2022-01-13T10:37:37+00:00,httpx/_models.py,1945,24,0,6
httpx,7f0d43daad60b37d07f7734a83986e9dade59bf7,2022-01-13T10:37:37+00:00,tests/client/test_async_client.py,333,0,0,8
httpx,15c51b9dd5dfe3ede3d8c2de72073e3a678ff5a2,2022-01-26T14:47:40+00:00,httpx/_client.py,1978,76,0,8
httpx,15c51b9dd5dfe3ede3d8c2de72073e3a678ff5a2,2022-01-26T14:47:40+00:00,httpx/_auth.py,304,4,0,0
httpx,15c51b9dd5dfe3ede3d8c2de72073e3a678ff5a2,2022-01-26T14:47:40+00:00,httpx/_api.py,445,11,0,16
httpx,15c51b9dd5dfe3ede3d8c2de72073e3a678ff5a2,2022-01-26T14:47:40+00:00,httpx/_decoders.py,333,8,0,2
httpx,15c51b9dd5dfe3ede3d8c2de72073e3a678ff5a2,2022-01-26T14:47:40+00:00,tests/test_multipart.py,357,0,0,20
httpx,15c51b9dd5dfe3ede3d8c2de72073e3a678ff5a2,2022-01-26T14:47:40+00:00,httpx/_transports/default.py,365,20,0,0
httpx,15c51b9dd5dfe3ede3d8c2de72073e3a678ff5a2,2022-01-26T14:47:40+00:00,httpx/_multipart.py,236,0,0,4
httpx,15c51b9dd5dfe3ede3d8c2de72073e3a678ff5a2,2022-01-26T14:47:40+00:00,setup.py,99,0,0,4
httpx,15c51b9dd5dfe3ede3d8c2de72073e3a678ff5a2,2022-01-26T14:47:40+00:00,httpx/_transports/base.py,113,0,0,65
httpx,15c51b9dd5dfe3ede3d8c2de72073e3a678ff5a2,2022-01-26T14:47:40+00:00,httpx/__version__.py,3,0,0,2
httpx,15c51b9dd5dfe3ede3d8c2de72073e3a678ff5a2,2022-01-26T14:47:40+00:00,httpx/_utils.py,508,0,0,38
httpx,15c51b9dd5dfe3ede3d8c2de72073e3a678ff5a2,2022-01-26T14:47:40+00:00,tests/client/test_redirects.py,427,0,0,18
httpx,15c51b9dd5dfe3ede3d8c2de72073e3a678ff5a2,2022-01-26T14:47:40+00:00,tests/models/test_responses.py,944,0,0,26
httpx,15c51b9dd5dfe3ede3d8c2de72073e3a678ff5a2,2022-01-26T14:47:40+00:00,httpx/_models.py,1947,24,0,4
httpx,15c51b9dd5dfe3ede3d8c2de72073e3a678ff5a2,2022-01-26T14:47:40+00:00,tests/test_utils.py,259,0,0,19
httpx,15c51b9dd5dfe3ede3d8c2de72073e3a678ff5a2,2022-01-26T14:47:40+00:00,httpx/_main.py,493,0,0,17
httpx,43a1c1c8269cf56a016891aead091acbc3408e81,2022-03-08T10:53:15+00:00,httpx/_models.py,1177,22,0,0
httpx,43a1c1c8269cf56a016891aead091acbc3408e81,2022-03-08T10:53:15+00:00,httpx/_client.py,1981,76,0,0
httpx,43a1c1c8269cf56a016891aead091acbc3408e81,2022-03-08T10:53:15+00:00,httpx/_decoders.py,333,6,0,0
httpx,43a1c1c8269cf56a016891aead091acbc3408e81,2022-03-08T10:53:15+00:00,httpx/_transports/default.py,365,20,0,0
httpx,43a1c1c8269cf56a016891aead091acbc3408e81,2022-03-08T10:53:15+00:00,httpx/_urls.py,773,2,0,0
httpx,43a1c1c8269cf56a016891aead091acbc3408e81,2022-03-08T10:53:15+00:00,httpx/_auth.py,304,4,0,0
httpx,43a1c1c8269cf56a016891aead091acbc3408e81,2022-03-08T10:53:15+00:00,httpx/_api.py,445,11,0,0
httpx,43a1c1c8269cf56a016891aead091acbc3408e81,2022-03-08T10:53:15+00:00,httpx/_main.py,497,0,0,2
httpx,b07fe7b0745e62be5ef9bce1bee9e7d7a8878552,2022-04-18T10:07:17+02:00,httpx/_models.py,1177,22,0,0
httpx,b07fe7b0745e62be5ef9bce1bee9e7d7a8878552,2022-04-18T10:07:17+02:00,httpx/_client.py,1980,76,0,0
httpx,b07fe7b0745e62be5ef9bce1bee9e7d7a8878552,2022-04-18T10:07:17+02:00,httpx/_decoders.py,333,6,0,0
httpx,b07fe7b0745e62be5ef9bce1bee9e7d7a8878552,2022-04-18T10:07:17+02:00,httpx/_transports/default.py,365,20,0,0
httpx,b07fe7b0745e62be5ef9bce1bee9e7d7a8878552,2022-04-18T10:07:17+02:00,httpx/_urls.py,773,2,0,0
httpx,b07fe7b0745e62be5ef9bce1bee9e7d7a8878552,2022-04-18T10:07:17+02:00,httpx/_auth.py,304,4,0,0
httpx,b07fe7b0745e62be5ef9bce1bee9e7d7a8878552,2022-04-18T10:07:17+02:00,httpx/_api.py,445,11,0,0
httpx,7a535434285719166938e2cf2b7df31aec86a4d2,2022-05-10T10:07:37+01:00,httpx/_client.py,1980,76,0,360
httpx,7a535434285719166938e2cf2b7df31aec86a4d2,2022-05-10T10:07:37+01:00,httpx/_urls.py,777,2,0,8
httpx,7a535434285719166938e2cf2b7df31aec86a4d2,2022-05-10T10:07:37+01:00,httpx/_auth.py,304,4,0,0
httpx,7a535434285719166938e2cf2b7df31aec86a4d2,2022-05-10T10:07:37+01:00,httpx/_api.py,445,11,0,148
httpx,7a535434285719166938e2cf2b7df31aec86a4d2,2022-05-10T10:07:37+01:00,tests/models/test_responses.py,970,0,0,91
httpx,7a535434285719166938e2cf2b7df31aec86a4d2,2022-05-10T10:07:37+01:00,httpx/_config.py,363,0,0,12
httpx,7a535434285719166938e2cf2b7df31aec86a4d2,2022-05-10T10:07:37+01:00,httpx/_decoders.py,333,6,0,4
httpx,7a535434285719166938e2cf2b7df31aec86a4d2,2022-05-10T10:07:37+01:00,httpx/_content.py,237,0,0,21
httpx,7a535434285719166938e2cf2b7df31aec86a4d2,2022-05-10T10:07:37+01:00,httpx/_transports/default.py,365,20,0,28
httpx,7a535434285719166938e2cf2b7df31aec86a4d2,2022-05-10T10:07:37+01:00,httpx/_multipart.py,234,0,0,4
httpx,7a535434285719166938e2cf2b7df31aec86a4d2,2022-05-10T10:07:37+01:00,setup.py,99,0,0,4
httpx,7a535434285719166938e2cf2b7df31aec86a4d2,2022-05-10T10:07:37+01:00,httpx/_transports/base.py,82,0,0,12
httpx,7a535434285719166938e2cf2b7df31aec86a4d2,2022-05-10T10:07:37+01:00,tests/client/test_client.py,400,0,0,62
httpx,7a535434285719166938e2cf2b7df31aec86a4d2,2022-05-10T10:07:37+01:00,httpx/_types.py,153,0,0,2
httpx,7a535434285719166938e2cf2b7df31aec86a4d2,2022-05-10T10:07:37+01:00,httpx/__version__.py,3,0,0,2
httpx,7a535434285719166938e2cf2b7df31aec86a4d2,2022-05-10T10:07:37+01:00,tests/test_decoders.py,357,0,0,11
httpx,7a535434285719166938e2cf2b7df31aec86a4d2,2022-05-10T10:07:37+01:00,httpx/_utils.py,522,0,0,4
httpx,7a535434285719166938e2cf2b7df31aec86a4d2,2022-05-10T10:07:37+01:00,httpx/_exceptions.py,340,0,0,9
httpx,7a535434285719166938e2cf2b7df31aec86a4d2,2022-05-10T10:07:37+01:00,httpx/_models.py,1177,22,0,117
httpx,89cdd903b2f339c6ae319773c31b8c9352bd9cd8,2022-05-23T16:31:12+01:00,httpx/_client.py,2000,76,0,2
httpx,89cdd903b2f339c6ae319773c31b8c9352bd9cd8,2022-05-23T16:31:12+01:00,tests/client/test_proxies.py,286,0,0,4
httpx,89cdd903b2f339c6ae319773c31b8c9352bd9cd8,2022-05-23T16:31:12+01:00,httpx/_types.py,151,0,0,2
httpx,89cdd903b2f339c6ae319773c31b8c9352bd9cd8,2022-05-23T16:31:12+01:00,httpx/_urls.py,779,2,0,34
httpx,89cdd903b2f339c6ae319773c31b8c9352bd9cd8,2022-05-23T16:31:12+01:00,httpx/_auth.py,304,4,0,0
httpx,89cdd903b2f339c6ae319773c31b8c9352bd9cd8,2022-05-23T16:31:12+01:00,httpx/__version__.py,3,0,0,2
httpx,89cdd903b2f339c6ae319773c31b8c9352bd9cd8,2022-05-23T16:31:12+01:00,httpx/_api.py,445,11,0,0
httpx,89cdd903b2f339c6ae319773c31b8c9352bd9cd8,2022-05-23T16:31:12+01:00,tests/models/test_url.py,427,0,0,5
httpx,89cdd903b2f339c6ae319773c31b8c9352bd9cd8,2022-05-23T16:31:12+01:00,httpx/_decoders.py,333,6,0,0
httpx,89cdd903b2f339c6ae319773c31b8c9352bd9cd8,2022-05-23T16:31:12+01:00,httpx/_transports/default.py,365,20,0,0
httpx,89cdd903b2f339c6ae319773c31b8c9352bd9cd8,2022-05-23T16:31:12+01:00,httpx/_models.py,1196,22,0,3
httpx,3a8f886afaca418f74396aaea926ef44d7bf09c2,2022-09-01T18:06:47+02:00,httpx/_client.py,2000,76,0,39
httpx,3a8f886afaca418f74396aaea926ef44d7bf09c2,2022-09-01T18:06:47+02:00,httpx/_urls.py,751,2,0,2
httpx,3a8f886afaca418f74396aaea926ef44d7bf09c2,2022-09-01T18:06:47+02:00,httpx/_auth.py,304,4,0,0
httpx,3a8f886afaca418f74396aaea926ef44d7bf09c2,2022-09-01T18:06:47+02:00,httpx/_api.py,445,11,0,0
httpx,3a8f886afaca418f74396aaea926ef44d7bf09c2,2022-09-01T18:06:47+02:00,httpx/_decoders.py,333,6,0,0
httpx,3a8f886afaca418f74396aaea926ef44d7bf09c2,2022-09-01T18:06:47+02:00,httpx/_content.py,238,0,0,7
httpx,3a8f886afaca418f74396aaea926ef44d7bf09c2,2022-09-01T18:06:47+02:00,httpx/_transports/default.py,365,20,0,0
httpx,3a8f886afaca418f74396aaea926ef44d7bf09c2,2022-09-01T18:06:47+02:00,httpx/_multipart.py,250,0,0,8
httpx,3a8f886afaca418f74396aaea926ef44d7bf09c2,2022-09-01T18:06:47+02:00,tests/models/test_queryparams.py,125,0,0,11
httpx,3a8f886afaca418f74396aaea926ef44d7bf09c2,2022-09-01T18:06:47+02:00,setup.py,0,0,0,31
httpx,3a8f886afaca418f74396aaea926ef44d7bf09c2,2022-09-01T18:06:47+02:00,httpx/_types.py,149,0,0,6
httpx,3a8f886afaca418f74396aaea926ef44d7bf09c2,2022-09-01T18:06:47+02:00,httpx/_models.py,1203,22,0,6
httpx,3a8f886afaca418f74396aaea926ef44d7bf09c2,2022-09-01T18:06:47+02:00,httpx/_main.py,497,0,0,4
httpx,9175097128eb93dd90abede4e9557ef26c9549d6,2022-11-02T11:13:18+00:00,httpx/_client.py,2006,76,0,0
httpx,9175097128eb93dd90abede4e9557ef26c9549d6,2022-11-02T11:13:18+00:00,httpx/_types.py,153,0,0,32
httpx,9175097128eb93dd90abede4e9557ef26c9549d6,2022-11-02T11:13:18+00:00,httpx/_urls.py,751,2,0,0
httpx,9175097128eb93dd90abede4e9557ef26c9549d6,2022-11-02T11:13:18+00:00,httpx/_auth.py,304,4,0,0
httpx,9175097128eb93dd90abede4e9557ef26c9549d6,2022-11-02T11:13:18+00:00,httpx/_api.py,445,11,0,0
httpx,9175097128eb93dd90abede4e9557ef26c9549d6,2022-11-02T11:13:18+00:00,tests/test_content.py,450,0,0,4
httpx,9175097128eb93dd90abede4e9557ef26c9549d6,2022-11-02T11:13:18+00:00,httpx/_decoders.py,333,6,0,0
httpx,9175097128eb93dd90abede4e9557ef26c9549d6,2022-11-02T11:13:18+00:00,httpx/_content.py,239,0,0,8
httpx,9175097128eb93dd90abede4e9557ef26c9549d6,2022-11-02T11:13:18+00:00,tests/test_multipart.py,448,0,0,47
httpx,9175097128eb93dd90abede4e9557ef26c9549d6,2022-11-02T11:13:18+00:00,httpx/_transports/default.py,365,20,0,0
httpx,9175097128eb93dd90abede4e9557ef26c9549d6,2022-11-02T11:13:18+00:00,httpx/_models.py,1205,22,0,0
httpx,9f9deea944a96175bf50f1fa078849c61cbdb7da,2022-11-07T13:57:48+00:00,setup.py,31,0,0,2
httpx,9f9deea944a96175bf50f1fa078849c61cbdb7da,2022-11-07T13:57:48+00:00,httpx/_client.py,2006,76,0,0
httpx,9f9deea944a96175bf50f1fa078849c61cbdb7da,2022-11-07T13:57:48+00:00,httpx/_types.py,153,0,0,32
httpx,9f9deea944a96175bf50f1fa078849c61cbdb7da,2022-11-07T13:57:48+00:00,httpx/_urls.py,751,2,0,0
httpx,9f9deea944a96175bf50f1fa078849c61cbdb7da,2022-11-07T13:57:48+00:00,httpx/_auth.py,304,4,0,0
httpx,9f9deea944a96175bf50f1fa078849c61cbdb7da,2022-11-07T13:57:48+00:00,httpx/__version__.py,3,0,0,2
httpx,9f9deea944a96175bf50f1fa078849c61cbdb7da,2022-11-07T13:57:48+00:00,httpx/_api.py,445,11,0,0
httpx,9f9deea944a96175bf50f1fa078849c61cbdb7da,2022-11-07T13:57:48+00:00,tests/test_content.py,450,0,0,4
httpx,9f9deea944a96175bf50f1fa078849c61cbdb7da,2022-11-07T13:57:48+00:00,httpx/_decoders.py,333,6,0,0
httpx,9f9deea944a96175bf50f1fa078849c61cbdb7da,2022-11-07T13:57:48+00:00,httpx/_content.py,239,0,0,8
httpx,9f9deea944a96175bf50f1fa078849c61cbdb7da,2022-11-07T13:57:48+00:00,tests/test_multipart.py,445,0,0,83
httpx,9f9deea944a96175bf50f1fa078849c61cbdb7da,2022-11-07T13:57:48+00:00,httpx/_transports/default.py,365,20,0,0
httpx,9f9deea944a96175bf50f1fa078849c61cbdb7da,2022-11-07T13:57:48+00:00,httpx/_models.py,1205,22,0,0
httpx,5098f47444160991a7152784c73cb984805c7dd9,2022-12-01T17:13:10+00:00,httpx/_client.py,2006,76,0,0
httpx,5098f47444160991a7152784c73cb984805c7dd9,2022-12-01T17:13:10+00:00,tests/conftest.py,323,0,0,26
httpx,5098f47444160991a7152784c73cb984805c7dd9,2022-12-01T17:13:10+00:00,httpx/_urls.py,753,2,0,17
httpx,5098f47444160991a7152784c73cb984805c7dd9,2022-12-01T17:13:10+00:00,httpx/_auth.py,318,4,0,0
httpx,5098f47444160991a7152784c73cb984805c7dd9,2022-12-01T17:13:10+00:00,httpx/_api.py,445,11,0,0
httpx,5098f47444160991a7152784c73cb984805c7dd9,2022-12-01T17:13:10+00:00,tests/test_status_codes.py,26,0,0,3
httpx,5098f47444160991a7152784c73cb984805c7dd9,2022-12-01T17:13:10+00:00,tests/models/test_url.py,426,0,0,10
httpx,5098f47444160991a7152784c73cb984805c7dd9,2022-12-01T17:13:10+00:00,tests/test_api.py,85,0,0,4
httpx,5098f47444160991a7152784c73cb984805c7dd9,2022-12-01T17:13:10+00:00,httpx/_decoders.py,334,6,0,0
httpx,5098f47444160991a7152784c73cb984805c7dd9,2022-12-01T17:13:10+00:00,httpx/_content.py,235,0,0,6
httpx,5098f47444160991a7152784c73cb984805c7dd9,2022-12-01T17:13:10+00:00,tests/test_wsgi.py,163,0,0,26
httpx,5098f47444160991a7152784c73cb984805c7dd9,2022-12-01T17:13:10+00:00,tests/test_multipart.py,452,0,0,36
httpx,5098f47444160991a7152784c73cb984805c7dd9,2022-12-01T17:13:10+00:00,httpx/_transports/default.py,365,20,0,0
httpx,5098f47444160991a7152784c73cb984805c7dd9,2022-12-01T17:13:10+00:00,httpx/_multipart.py,260,0,0,51
httpx,5098f47444160991a7152784c73cb984805c7dd9,2022-12-01T17:13:10+00:00,tests/test_main.py,186,0,0,32
httpx,5098f47444160991a7152784c73cb984805c7dd9,2022-12-01T17:13:10+00:00,tests/client/test_client.py,460,0,0,6
httpx,5098f47444160991a7152784c73cb984805c7dd9,2022-12-01T17:13:10+00:00,httpx/_types.py,121,0,0,11
httpx,5098f47444160991a7152784c73cb984805c7dd9,2022-12-01T17:13:10+00:00,tests/test_decoders.py,358,0,0,31
httpx,5098f47444160991a7152784c73cb984805c7dd9,2022-12-01T17:13:10+00:00,tests/client/test_auth.py,763,0,0,75
httpx,5098f47444160991a7152784c73cb984805c7dd9,2022-12-01T17:13:10+00:00,tests/test_content.py,450,0,0,312
httpx,5098f47444160991a7152784c73cb984805c7dd9,2022-12-01T17:13:10+00:00,httpx/_utils.py,531,0,0,4
httpx,5098f47444160991a7152784c73cb984805c7dd9,2022-12-01T17:13:10+00:00,tests/models/test_requests.py,228,0,0,18
httpx,5098f47444160991a7152784c73cb984805c7dd9,2022-12-01T17:13:10+00:00,tests/client/test_redirects.py,445,0,0,4
httpx,5098f47444160991a7152784c73cb984805c7dd9,2022-12-01T17:13:10+00:00,tests/models/test_responses.py,1013,0,0,26
httpx,5098f47444160991a7152784c73cb984805c7dd9,2022-12-01T17:13:10+00:00,httpx/_models.py,1209,22,0,0
httpx,5098f47444160991a7152784c73cb984805c7dd9,2022-12-01T17:13:10+00:00,tests/client/test_async_client.py,373,0,0,8
httpx,7985f685ca8d2dea62398e35115be44ac91fb9e7,2022-12-06T11:58:30+00:00,httpx/_client.py,2006,76,0,0
httpx,7985f685ca8d2dea62398e35115be44ac91fb9e7,2022-12-06T11:58:30+00:00,httpx/_urls.py,768,2,0,0
httpx,7985f685ca8d2dea62398e35115be44ac91fb9e7,2022-12-06T11:58:30+00:00,httpx/_auth.py,318,4,0,0
httpx,7985f685ca8d2dea62398e35115be44ac91fb9e7,2022-12-06T11:58:30+00:00,httpx/_api.py,445,11,0,0
httpx,7985f685ca8d2dea62398e35115be44ac91fb9e7,2022-12-06T11:58:30+00:00,tests/test_decoders.py,359,0,0,24
httpx,7985f685ca8d2dea62398e35115be44ac91fb9e7,2022-12-06T11:58:30+00:00,tests/client/test_auth.py,766,0,0,71
httpx,7985f685ca8d2dea62398e35115be44ac91fb9e7,2022-12-06T11:58:30+00:00,tests/test_content.py,450,0,0,298
httpx,7985f685ca8d2dea62398e35115be44ac91fb9e7,2022-12-06T11:58:30+00:00,httpx/_decoders.py,334,6,0,0
httpx,7985f685ca8d2dea62398e35115be44ac91fb9e7,2022-12-06T11:58:30+00:00,httpx/_utils.py,531,0,0,4
httpx,7985f685ca8d2dea62398e35115be44ac91fb9e7,2022-12-06T11:58:30+00:00,httpx/_content.py,235,0,0,6
httpx,7985f685ca8d2dea62398e35115be44ac91fb9e7,2022-12-06T11:58:30+00:00,tests/test_multipart.py,452,0,0,36
httpx,7985f685ca8d2dea62398e35115be44ac91fb9e7,2022-12-06T11:58:30+00:00,httpx/_transports/default.py,365,20,0,0
httpx,7985f685ca8d2dea62398e35115be44ac91fb9e7,2022-12-06T11:58:30+00:00,httpx/_multipart.py,260,0,0,51
httpx,7985f685ca8d2dea62398e35115be44ac91fb9e7,2022-12-06T11:58:30+00:00,tests/models/test_responses.py,1014,0,0,13
httpx,7985f685ca8d2dea62398e35115be44ac91fb9e7,2022-12-06T11:58:30+00:00,httpx/_models.py,1209,22,0,0
httpx,8c9110740dbe06930d9055bc5b528e77bd321197,2023-01-02T12:29:40+00:00,tests/client/test_proxies.py,286,0,0,2
httpx,8c9110740dbe06930d9055bc5b528e77bd321197,2023-01-02T12:29:40+00:00,tests/test_multipart.py,464,0,0,322
httpx,8c9110740dbe06930d9055bc5b528e77bd321197,2023-01-02T12:29:40+00:00,httpx/_transports/default.py,365,20,0,0
httpx,8c9110740dbe06930d9055bc5b528e77bd321197,2023-01-02T12:29:40+00:00,tests/models/test_queryparams.py,143,0,0,7
httpx,8c9110740dbe06930d9055bc5b528e77bd321197,2023-01-02T12:29:40+00:00,httpx/__version__.py,3,0,0,2
httpx,8c9110740dbe06930d9055bc5b528e77bd321197,2023-01-02T12:29:40+00:00,tests/test_decoders.py,347,0,0,6
httpx,8c9110740dbe06930d9055bc5b528e77bd321197,2023-01-02T12:29:40+00:00,tests/client/test_auth.py,766,0,0,143
httpx,8c9110740dbe06930d9055bc5b528e77bd321197,2023-01-02T12:29:40+00:00,tests/test_content.py,486,0,0,38
httpx,8c9110740dbe06930d9055bc5b528e77bd321197,2023-01-02T12:29:40+00:00,tests/client/test_redirects.py,447,0,0,6
httpx,8c9110740dbe06930d9055bc5b528e77bd321197,2023-01-02T12:29:40+00:00,httpx/_models.py,1209,22,0,0
httpx,8c9110740dbe06930d9055bc5b528e77bd321197,2023-01-02T12:29:40+00:00,tests/test_utils.py,278,0,0,28
httpx,8c9110740dbe06930d9055bc5b528e77bd321197,2023-01-02T12:29:40+00:00,httpx/_client.py,2006,76,0,7
httpx,8c9110740dbe06930d9055bc5b528e77bd321197,2023-01-02T12:29:40+00:00,tests/conftest.py,329,0,0,24
httpx,8c9110740dbe06930d9055bc5b528e77bd321197,2023-01-02T12:29:40+00:00,httpx/_urls.py,768,2,0,301
httpx,8c9110740dbe06930d9055bc5b528e77bd321197,2023-01-02T12:29:40+00:00,httpx/_auth.py,318,4,0,29
httpx,8c9110740dbe06930d9055bc5b528e77bd321197,2023-01-02T12:29:40+00:00,httpx/_api.py,445,11,0,0
httpx,8c9110740dbe06930d9055bc5b528e77bd321197,2023-01-02T12:29:40+00:00,tests/models/test_url.py,436,0,0,68
httpx,8c9110740dbe06930d9055bc5b528e77bd321197,2023-01-02T12:29:40+00:00,tests/test_urlparse.py,0,0,0,232
httpx,8c9110740dbe06930d9055bc5b528e77bd321197,2023-01-02T12:29:40+00:00,httpx/_decoders.py,334,6,0,0
httpx,8c9110740dbe06930d9055bc5b528e77bd321197,2023-01-02T12:29:40+00:00,httpx/__init__.py,137,0,0,3
httpx,8c9110740dbe06930d9055bc5b528e77bd321197,2023-01-02T12:29:40+00:00,tests/client/test_event_hooks.py,228,0,0,6
httpx,8c9110740dbe06930d9055bc5b528e77bd321197,2023-01-02T12:29:40+00:00,tests/client/test_properties.py,60,0,0,8
httpx,8c9110740dbe06930d9055bc5b528e77bd321197,2023-01-02T12:29:40+00:00,tests/test_asgi.py,193,0,0,22
httpx,8c9110740dbe06930d9055bc5b528e77bd321197,2023-01-02T12:29:40+00:00,tests/test_timeouts.py,44,0,0,8
httpx,8c9110740dbe06930d9055bc5b528e77bd321197,2023-01-02T12:29:40+00:00,httpx/_urlparse.py,0,0,0,451
httpx,8c9110740dbe06930d9055bc5b528e77bd321197,2023-01-02T12:29:40+00:00,httpx/_utils.py,533,0,0,38
httpx,8c9110740dbe06930d9055bc5b528e77bd321197,2023-01-02T12:29:40+00:00,tests/models/test_requests.py,228,0,0,4
httpx,8c9110740dbe06930d9055bc5b528e77bd321197,2023-01-02T12:29:40+00:00,tests/models/test_responses.py,1011,0,0,34
httpx,8c9110740dbe06930d9055bc5b528e77bd321197,2023-01-02T12:29:40+00:00,tests/client/test_async_client.py,373,0,0,48
httpx,7488b15226263dbd06565d4e577fc6e339c1ef64,2023-02-08T19:35:52-05:00,httpx/_client.py,1999,76,0,0
httpx,7488b15226263dbd06565d4e577fc6e339c1ef64,2023-02-08T19:35:52-05:00,tests/conftest.py,305,0,0,36
httpx,7488b15226263dbd06565d4e577fc6e339c1ef64,2023-02-08T19:35:52-05:00,httpx/_transports/mock.py,34,0,0,14
httpx,7488b15226263dbd06565d4e577fc6e339c1ef64,2023-02-08T19:35:52-05:00,httpx/_auth.py,347,4,0,0
httpx,7488b15226263dbd06565d4e577fc6e339c1ef64,2023-02-08T19:35:52-05:00,httpx/_api.py,445,11,0,0
httpx,7488b15226263dbd06565d4e577fc6e339c1ef64,2023-02-08T19:35:52-05:00,tests/test_exported_members.py,14,0,0,3
httpx,7488b15226263dbd06565d4e577fc6e339c1ef64,2023-02-08T19:35:52-05:00,tests/test_urlparse.py,232,0,0,91
httpx,7488b15226263dbd06565d4e577fc6e339c1ef64,2023-02-08T19:35:52-05:00,httpx/_decoders.py,334,6,0,0
httpx,7488b15226263dbd06565d4e577fc6e339c1ef64,2023-02-08T19:35:52-05:00,httpx/_transports/default.py,365,20,0,0
httpx,7488b15226263dbd06565d4e577fc6e339c1ef64,2023-02-08T19:35:52-05:00,tests/test_main.py,192,0,0,27
httpx,7488b15226263dbd06565d4e577fc6e339c1ef64,2023-02-08T19:35:52-05:00,httpx/_urlparse.py,451,0,0,12
httpx,7488b15226263dbd06565d4e577fc6e339c1ef64,2023-02-08T19:35:52-05:00,tests/client/test_auth.py,793,0,0,2
httpx,7488b15226263dbd06565d4e577fc6e339c1ef64,2023-02-08T19:35:52-05:00,tests/test_exceptions.py,61,0,0,75
httpx,7488b15226263dbd06565d4e577fc6e339c1ef64,2023-02-08T19:35:52-05:00,tests/client/test_redirects.py,447,0,0,2
httpx,7488b15226263dbd06565d4e577fc6e339c1ef64,2023-02-08T19:35:52-05:00,httpx/_models.py,1209,22,0,0
httpx,7488b15226263dbd06565d4e577fc6e339c1ef64,2023-02-08T19:35:52-05:00,tests/client/test_async_client.py,373,0,0,2
httpx,579a3f2fb8e1ebd151b8f3a6c1e9bc6dedf5f5bd,2023-04-11T11:00:02+01:00,httpx/_client.py,2003,74,0,11
httpx,579a3f2fb8e1ebd151b8f3a6c1e9bc6dedf5f5bd,2023-04-11T11:00:02+01:00,httpx/_auth.py,347,4,0,2
httpx,579a3f2fb8e1ebd151b8f3a6c1e9bc6dedf5f5bd,2023-04-11T11:00:02+01:00,httpx/_api.py,445,11,0,0
httpx,579a3f2fb8e1ebd151b8f3a6c1e9bc6dedf5f5bd,2023-04-11T11:00:02+01:00,tests/test_urlparse.py,231,0,0,26
httpx,579a3f2fb8e1ebd151b8f3a6c1e9bc6dedf5f5bd,2023-04-11T11:00:02+01:00,httpx/_decoders.py,324,6,0,0
httpx,579a3f2fb8e1ebd151b8f3a6c1e9bc6dedf5f5bd,2023-04-11T11:00:02+01:00,httpx/_transports/default.py,365,20,0,0
httpx,579a3f2fb8e1ebd151b8f3a6c1e9bc6dedf5f5bd,2023-04-11T11:00:02+01:00,httpx/_multipart.py,267,0,0,8
httpx,579a3f2fb8e1ebd151b8f3a6c1e9bc6dedf5f5bd,2023-04-11T11:00:02+01:00,httpx/_urlparse.py,439,0,0,36
httpx,579a3f2fb8e1ebd151b8f3a6c1e9bc6dedf5f5bd,2023-04-11T11:00:02+01:00,httpx/__version__.py,3,0,0,2
httpx,579a3f2fb8e1ebd151b8f3a6c1e9bc6dedf5f5bd,2023-04-11T11:00:02+01:00,tests/test_decoders.py,347,0,0,135
httpx,579a3f2fb8e1ebd151b8f3a6c1e9bc6dedf5f5bd,2023-04-11T11:00:02+01:00,httpx/_utils.py,451,0,0,28
httpx,579a3f2fb8e1ebd151b8f3a6c1e9bc6dedf5f5bd,2023-04-11T11:00:02+01:00,tests/models/test_responses.py,1011,0,0,13
httpx,579a3f2fb8e1ebd151b8f3a6c1e9bc6dedf5f5bd,2023-04-11T11:00:02+01:00,httpx/_models.py,1209,22,0,0
httpx,579a3f2fb8e1ebd151b8f3a6c1e9bc6dedf5f5bd,2023-04-11T11:00:02+01:00,tests/test_utils.py,276,0,0,6
httpx,1250a6fd68649f012db3c806e9e5e461baf87944,2023-05-01T11:17:31-06:00,tests/test_urlparse.py,249,0,0,30
httpx,1250a6fd68649f012db3c806e9e5e461baf87944,2023-05-01T11:17:31-06:00,httpx/_models.py,1209,22,0,0
httpx,1250a6fd68649f012db3c806e9e5e461baf87944,2023-05-01T11:17:31-06:00,httpx/_client.py,2006,78,0,0
httpx,1250a6fd68649f012db3c806e9e5e461baf87944,2023-05-01T11:17:31-06:00,httpx/_decoders.py,324,6,0,0
httpx,1250a6fd68649f012db3c806e9e5e461baf87944,2023-05-01T11:17:31-06:00,httpx/_urlparse.py,455,0,0,13
httpx,1250a6fd68649f012db3c806e9e5e461baf87944,2023-05-01T11:17:31-06:00,httpx/_transports/default.py,365,20,0,0
httpx,1250a6fd68649f012db3c806e9e5e461baf87944,2023-05-01T11:17:31-06:00,httpx/_auth.py,347,4,0,0
httpx,1250a6fd68649f012db3c806e9e5e461baf87944,2023-05-01T11:17:31-06:00,httpx/_api.py,445,11,0,0
httpx,f98268a334016cd5c4dc9130822804e0d50a3a10,2023-05-01T11:40:51-06:00,tests/test_urlparse.py,249,0,0,30
httpx,f98268a334016cd5c4dc9130822804e0d50a3a10,2023-05-01T11:40:51-06:00,httpx/_models.py,1209,22,0,0
httpx,f98268a334016cd5c4dc9130822804e0d50a3a10,2023-05-01T11:40:51-06:00,httpx/_client.py,2006,78,0,0
httpx,f98268a334016cd5c4dc9130822804e0d50a3a10,2023-05-01T11:40:51-06:00,httpx/_decoders.py,324,6,0,0
httpx,f98268a334016cd5c4dc9130822804e0d50a3a10,2023-05-01T11:40:51-06:00,httpx/_urlparse.py,455,0,0,13
httpx,f98268a334016cd5c4dc9130822804e0d50a3a10,2023-05-01T11:40:51-06:00,httpx/_transports/default.py,365,20,0,0
httpx,f98268a334016cd5c4dc9130822804e0d50a3a10,2023-05-01T11:40:51-06:00,httpx/_auth.py,347,4,0,0
httpx,f98268a334016cd5c4dc9130822804e0d50a3a10,2023-05-01T11:40:51-06:00,httpx/_api.py,445,11,0,0
httpx,f9abbbbb4898cac96420e5c5b9d34036a94d46bf,2023-05-19T18:18:00+01:00,httpx/_client.py,2006,78,0,0
httpx,f9abbbbb4898cac96420e5c5b9d34036a94d46bf,2023-05-19T18:18:00+01:00,httpx/_auth.py,347,4,0,0
httpx,f9abbbbb4898cac96420e5c5b9d34036a94d46bf,2023-05-19T18:18:00+01:00,httpx/_api.py,445,11,0,0
httpx,f9abbbbb4898cac96420e5c5b9d34036a94d46bf,2023-05-19T18:18:00+01:00,httpx/_decoders.py,324,6,0,0
httpx,f9abbbbb4898cac96420e5c5b9d34036a94d46bf,2023-05-19T18:18:00+01:00,httpx/_transports/default.py,365,20,0,12
httpx,f9abbbbb4898cac96420e5c5b9d34036a94d46bf,2023-05-19T18:18:00+01:00,httpx/_transports/asgi.py,173,0,0,8
httpx,f9abbbbb4898cac96420e5c5b9d34036a94d46bf,2023-05-19T18:18:00+01:00,httpx/_models.py,1209,22,0,0
httpx,f9abbbbb4898cac96420e5c5b9d34036a94d46bf,2023-05-19T18:18:00+01:00,tests/test_asgi.py,193,0,0,10
httpx,a682f6f1c7f1c5e10c66ae5bef139aea37ef0c4e,2023-05-21T01:17:23+01:00,httpx/_client.py,2006,78,0,0
httpx,a682f6f1c7f1c5e10c66ae5bef139aea37ef0c4e,2023-05-21T01:17:23+01:00,httpx/_auth.py,347,4,0,0
httpx,a682f6f1c7f1c5e10c66ae5bef139aea37ef0c4e,2023-05-21T01:17:23+01:00,httpx/_api.py,445,11,0,0
httpx,a682f6f1c7f1c5e10c66ae5bef139aea37ef0c4e,2023-05-21T01:17:23+01:00,httpx/_decoders.py,324,6,0,0
httpx,a682f6f1c7f1c5e10c66ae5bef139aea37ef0c4e,2023-05-21T01:17:23+01:00,httpx/_transports/default.py,365,20,0,12
httpx,a682f6f1c7f1c5e10c66ae5bef139aea37ef0c4e,2023-05-21T01:17:23+01:00,httpx/_transports/asgi.py,179,0,0,8
httpx,a682f6f1c7f1c5e10c66ae5bef139aea37ef0c4e,2023-05-21T01:17:23+01:00,httpx/_models.py,1209,22,0,0
httpx,a682f6f1c7f1c5e10c66ae5bef139aea37ef0c4e,2023-05-21T01:17:23+01:00,tests/test_asgi.py,203,0,0,10
httpx,f115ce4e097576c0089f3169b448e26af688e85c,2023-07-13T15:55:41+03:00,httpx/_models.py,1209,22,0,4
httpx,f115ce4e097576c0089f3169b448e26af688e85c,2023-07-13T15:55:41+03:00,httpx/_client.py,2006,78,0,0
httpx,f115ce4e097576c0089f3169b448e26af688e85c,2023-07-13T15:55:41+03:00,httpx/_decoders.py,324,6,0,0
httpx,f115ce4e097576c0089f3169b448e26af688e85c,2023-07-13T15:55:41+03:00,httpx/_transports/default.py,377,23,0,0
httpx,f115ce4e097576c0089f3169b448e26af688e85c,2023-07-13T15:55:41+03:00,tests/models/test_responses.py,1020,0,0,8
httpx,f115ce4e097576c0089f3169b448e26af688e85c,2023-07-13T15:55:41+03:00,httpx/_auth.py,347,4,0,0
httpx,f115ce4e097576c0089f3169b448e26af688e85c,2023-07-13T15:55:41+03:00,httpx/_api.py,445,11,0,0
httpx,6a1841b924ab5d318d771e1a04ffb55662bf458b,2023-07-14T22:38:15-05:00,httpx/_models.py,1209,22,0,0
httpx,6a1841b924ab5d318d771e1a04ffb55662bf458b,2023-07-14T22:38:15-05:00,httpx/_client.py,2006,78,0,0
httpx,6a1841b924ab5d318d771e1a04ffb55662bf458b,2023-07-14T22:38:15-05:00,httpx/_decoders.py,324,6,0,0
httpx,6a1841b924ab5d318d771e1a04ffb55662bf458b,2023-07-14T22:38:15-05:00,httpx/_transports/default.py,377,23,0,0
httpx,6a1841b924ab5d318d771e1a04ffb55662bf458b,2023-07-14T22:38:15-05:00,httpx/_auth.py,347,4,0,0
httpx,6a1841b924ab5d318d771e1a04ffb55662bf458b,2023-07-14T22:38:15-05:00,httpx/_api.py,445,11,0,0
httpx,5d32e4c1bf7c11725ca01e30d2c394a623f1157a,2023-09-21T22:53:13-06:00,httpx/_models.py,1219,22,0,0
httpx,5d32e4c1bf7c11725ca01e30d2c394a623f1157a,2023-09-21T22:53:13-06:00,httpx/_client.py,2006,78,0,0
httpx,5d32e4c1bf7c11725ca01e30d2c394a623f1157a,2023-09-21T22:53:13-06:00,httpx/_decoders.py,324,6,0,0
httpx,5d32e4c1bf7c11725ca01e30d2c394a623f1157a,2023-09-21T22:53:13-06:00,httpx/_transports/default.py,378,22,0,0
httpx,5d32e4c1bf7c11725ca01e30d2c394a623f1157a,2023-09-21T22:53:13-06:00,httpx/_auth.py,349,4,0,0
httpx,5d32e4c1bf7c11725ca01e30d2c394a623f1157a,2023-09-21T22:53:13-06:00,httpx/_api.py,445,11,0,0
httpx,b07d4e8ce40f730b5074abe36347b933f1b77814,2023-11-03T13:18:54+00:00,httpx/_models.py,1214,22,0,0
httpx,b07d4e8ce40f730b5074abe36347b933f1b77814,2023-11-03T13:18:54+00:00,httpx/_client.py,2006,78,0,0
httpx,b07d4e8ce40f730b5074abe36347b933f1b77814,2023-11-03T13:18:54+00:00,httpx/_decoders.py,324,6,0,0
httpx,b07d4e8ce40f730b5074abe36347b933f1b77814,2023-11-03T13:18:54+00:00,httpx/_transports/default.py,378,22,0,0
httpx,b07d4e8ce40f730b5074abe36347b933f1b77814,2023-11-03T13:18:54+00:00,httpx/__version__.py,3,0,0,2
httpx,b07d4e8ce40f730b5074abe36347b933f1b77814,2023-11-03T13:18:54+00:00,tests/test_decoders.py,276,0,0,8
httpx,b07d4e8ce40f730b5074abe36347b933f1b77814,2023-11-03T13:18:54+00:00,httpx/_auth.py,352,4,0,0
httpx,b07d4e8ce40f730b5074abe36347b933f1b77814,2023-11-03T13:18:54+00:00,httpx/_api.py,445,11,0,0
httpx,fe5954c98f92d825e47d8c432743deef7aa6599d,2023-12-02T09:42:50+04:00,httpx/_client.py,2010,80,0,35
httpx,fe5954c98f92d825e47d8c432743deef7aa6599d,2023-12-02T09:42:50+04:00,tests/client/test_proxies.py,286,0,0,74
httpx,fe5954c98f92d825e47d8c432743deef7aa6599d,2023-12-02T09:42:50+04:00,httpx/_auth.py,352,4,0,0
httpx,fe5954c98f92d825e47d8c432743deef7aa6599d,2023-12-02T09:42:50+04:00,httpx/_api.py,445,11,0,20
httpx,fe5954c98f92d825e47d8c432743deef7aa6599d,2023-12-02T09:42:50+04:00,tests/models/test_url.py,424,0,0,886
httpx,fe5954c98f92d825e47d8c432743deef7aa6599d,2023-12-02T09:42:50+04:00,tests/test_urlparse.py,285,0,0,285
httpx,fe5954c98f92d825e47d8c432743deef7aa6599d,2023-12-02T09:42:50+04:00,httpx/_decoders.py,325,6,0,6
httpx,fe5954c98f92d825e47d8c432743deef7aa6599d,2023-12-02T09:42:50+04:00,httpx/_content.py,238,0,0,2
httpx,fe5954c98f92d825e47d8c432743deef7aa6599d,2023-12-02T09:42:50+04:00,httpx/_transports/default.py,380,22,0,9
httpx,fe5954c98f92d825e47d8c432743deef7aa6599d,2023-12-02T09:42:50+04:00,httpx/_transports/asgi.py,179,0,0,2
httpx,fe5954c98f92d825e47d8c432743deef7aa6599d,2023-12-02T09:42:50+04:00,tests/test_asgi.py,203,0,0,13
httpx,fe5954c98f92d825e47d8c432743deef7aa6599d,2023-12-02T09:42:50+04:00,httpx/_urlparse.py,467,0,0,55
httpx,fe5954c98f92d825e47d8c432743deef7aa6599d,2023-12-02T09:42:50+04:00,httpx/_types.py,133,0,0,3
httpx,fe5954c98f92d825e47d8c432743deef7aa6599d,2023-12-02T09:42:50+04:00,tests/test_decoders.py,274,0,0,11
httpx,fe5954c98f92d825e47d8c432743deef7aa6599d,2023-12-02T09:42:50+04:00,tests/test_content.py,486,0,0,40
httpx,fe5954c98f92d825e47d8c432743deef7aa6599d,2023-12-02T09:42:50+04:00,httpx/_utils.py,442,0,0,6
httpx,fe5954c98f92d825e47d8c432743deef7aa6599d,2023-12-02T09:42:50+04:00,tests/models/test_requests.py,228,0,0,2
httpx,fe5954c98f92d825e47d8c432743deef7aa6599d,2023-12-02T09:42:50+04:00,tests/client/test_redirects.py,447,0,0,2
httpx,fe5954c98f92d825e47d8c432743deef7aa6599d,2023-12-02T09:42:50+04:00,tests/models/test_responses.py,1037,0,0,34
httpx,fe5954c98f92d825e47d8c432743deef7aa6599d,2023-12-02T09:42:50+04:00,httpx/_models.py,1215,22,0,4
httpx,fe5954c98f92d825e47d8c432743deef7aa6599d,2023-12-02T09:42:50+04:00,tests/test_utils.py,288,0,0,1
httpx,fe5954c98f92d825e47d8c432743deef7aa6599d,2023-12-02T09:42:50+04:00,httpx/_main.py,507,0,0,10
httpx,08eff926a6011ac84961fd2cee22d9fd4d4b1a88,2023-12-20T14:52:22+04:00,httpx/_client.py,2037,84,0,1
httpx,08eff926a6011ac84961fd2cee22d9fd4d4b1a88,2023-12-20T14:52:22+04:00,httpx/_auth.py,352,4,0,0
httpx,08eff926a6011ac84961fd2cee22d9fd4d4b1a88,2023-12-20T14:52:22+04:00,httpx/__version__.py,3,0,0,2
httpx,08eff926a6011ac84961fd2cee22d9fd4d4b1a88,2023-12-20T14:52:22+04:00,httpx/_api.py,465,13,0,0
httpx,08eff926a6011ac84961fd2cee22d9fd4d4b1a88,2023-12-20T14:52:22+04:00,httpx/_decoders.py,327,8,0,0
httpx,08eff926a6011ac84961fd2cee22d9fd4d4b1a88,2023-12-20T14:52:22+04:00,httpx/_transports/default.py,383,22,0,0
httpx,08eff926a6011ac84961fd2cee22d9fd4d4b1a88,2023-12-20T14:52:22+04:00,httpx/_models.py,1215,22,0,0
httpx,08eff926a6011ac84961fd2cee22d9fd4d4b1a88,2023-12-20T14:52:22+04:00,tests/test_asgi.py,216,0,0,3
httpx,dd5304d3eb97f0aad7126a45f3fd7041dfee0ac2,2023-12-28T13:10:37+00:00,httpx/_client.py,2038,84,0,15
httpx,dd5304d3eb97f0aad7126a45f3fd7041dfee0ac2,2023-12-28T13:10:37+00:00,httpx/_auth.py,352,4,0,7
httpx,dd5304d3eb97f0aad7126a45f3fd7041dfee0ac2,2023-12-28T13:10:37+00:00,httpx/_api.py,465,13,0,0
httpx,dd5304d3eb97f0aad7126a45f3fd7041dfee0ac2,2023-12-28T13:10:37+00:00,httpx/_config.py,368,0,0,2
httpx,dd5304d3eb97f0aad7126a45f3fd7041dfee0ac2,2023-12-28T13:10:37+00:00,httpx/_decoders.py,327,8,0,0
httpx,dd5304d3eb97f0aad7126a45f3fd7041dfee0ac2,2023-12-28T13:10:37+00:00,tests/test_auth.py,142,0,0,165
httpx,dd5304d3eb97f0aad7126a45f3fd7041dfee0ac2,2023-12-28T13:10:37+00:00,httpx/_transports/default.py,383,22,0,0
httpx,dd5304d3eb97f0aad7126a45f3fd7041dfee0ac2,2023-12-28T13:10:37+00:00,httpx/_multipart.py,269,0,0,4
httpx,dd5304d3eb97f0aad7126a45f3fd7041dfee0ac2,2023-12-28T13:10:37+00:00,httpx/_models.py,1215,22,0,0
httpx,dd5304d3eb97f0aad7126a45f3fd7041dfee0ac2,2023-12-28T13:10:37+00:00,tests/test_asgi.py,215,0,0,3
httpx,ca51b4532a4495c38c8abf1a393dbd80099deae3,2024-01-08T15:09:14+04:00,httpx/_client.py,2051,86,0,15
httpx,ca51b4532a4495c38c8abf1a393dbd80099deae3,2024-01-08T15:09:14+04:00,httpx/_auth.py,352,4,0,7
httpx,ca51b4532a4495c38c8abf1a393dbd80099deae3,2024-01-08T15:09:14+04:00,httpx/_api.py,465,13,0,0
httpx,ca51b4532a4495c38c8abf1a393dbd80099deae3,2024-01-08T15:09:14+04:00,httpx/_decoders.py,327,8,0,0
httpx,ca51b4532a4495c38c8abf1a393dbd80099deae3,2024-01-08T15:09:14+04:00,tests/test_auth.py,142,0,0,165
httpx,ca51b4532a4495c38c8abf1a393dbd80099deae3,2024-01-08T15:09:14+04:00,httpx/_transports/default.py,383,22,0,0
httpx,ca51b4532a4495c38c8abf1a393dbd80099deae3,2024-01-08T15:09:14+04:00,httpx/_models.py,1215,22,0,14
httpx,ca51b4532a4495c38c8abf1a393dbd80099deae3,2024-01-08T15:09:14+04:00,tests/test_utils.py,289,0,0,17
httpx,e745060c75d06a7a6c1c90007120af2a43b3fffc,2024-02-23T14:11:43+00:00,httpx/_client.py,2054,86,0,32
httpx,e745060c75d06a7a6c1c90007120af2a43b3fffc,2024-02-23T14:11:43+00:00,httpx/_auth.py,348,4,0,0
httpx,e745060c75d06a7a6c1c90007120af2a43b3fffc,2024-02-23T14:11:43+00:00,httpx/_api.py,479,13,0,0
httpx,e745060c75d06a7a6c1c90007120af2a43b3fffc,2024-02-23T14:11:43+00:00,httpx/_decoders.py,329,8,0,1
httpx,e745060c75d06a7a6c1c90007120af2a43b3fffc,2024-02-23T14:11:43+00:00,tests/test_multipart.py,469,0,0,4
httpx,e745060c75d06a7a6c1c90007120af2a43b3fffc,2024-02-23T14:11:43+00:00,httpx/_transports/default.py,387,22,0,1
httpx,e745060c75d06a7a6c1c90007120af2a43b3fffc,2024-02-23T14:11:43+00:00,tests/test_timeouts.py,44,0,0,11
httpx,e745060c75d06a7a6c1c90007120af2a43b3fffc,2024-02-23T14:11:43+00:00,httpx/_urlparse.py,502,0,0,1
httpx,e745060c75d06a7a6c1c90007120af2a43b3fffc,2024-02-23T14:11:43+00:00,httpx/_compat.py,41,0,0,1
httpx,e745060c75d06a7a6c1c90007120af2a43b3fffc,2024-02-23T14:11:43+00:00,tests/client/test_auth.py,794,0,0,1
httpx,e745060c75d06a7a6c1c90007120af2a43b3fffc,2024-02-23T14:11:43+00:00,tests/test_auth.py,307,0,0,1
httpx,e745060c75d06a7a6c1c90007120af2a43b3fffc,2024-02-23T14:11:43+00:00,httpx/_exceptions.py,378,0,0,1
httpx,e745060c75d06a7a6c1c90007120af2a43b3fffc,2024-02-23T14:11:43+00:00,httpx/_models.py,1211,22,0,0
httpx,e745060c75d06a7a6c1c90007120af2a43b3fffc,2024-02-23T14:11:43+00:00,tests/test_utils.py,309,0,0,58
httpx,f3eb3c90fdd19d2e4c5239e19a3588d072ff53fb,2024-02-29T13:40:07+00:00,httpx/_client.py,2066,88,0,9
httpx,f3eb3c90fdd19d2e4c5239e19a3588d072ff53fb,2024-02-29T13:40:07+00:00,httpx/_urlparse.py,502,0,0,1
httpx,f3eb3c90fdd19d2e4c5239e19a3588d072ff53fb,2024-02-29T13:40:07+00:00,httpx/_compat.py,41,0,0,1
httpx,f3eb3c90fdd19d2e4c5239e19a3588d072ff53fb,2024-02-29T13:40:07+00:00,httpx/_auth.py,348,4,0,0
httpx,f3eb3c90fdd19d2e4c5239e19a3588d072ff53fb,2024-02-29T13:40:07+00:00,httpx/_api.py,479,13,0,0
httpx,f3eb3c90fdd19d2e4c5239e19a3588d072ff53fb,2024-02-29T13:40:07+00:00,tests/client/test_auth.py,794,0,0,1
httpx,f3eb3c90fdd19d2e4c5239e19a3588d072ff53fb,2024-02-29T13:40:07+00:00,httpx/_decoders.py,329,8,0,1
httpx,f3eb3c90fdd19d2e4c5239e19a3588d072ff53fb,2024-02-29T13:40:07+00:00,tests/test_auth.py,307,0,0,1
httpx,f3eb3c90fdd19d2e4c5239e19a3588d072ff53fb,2024-02-29T13:40:07+00:00,tests/test_multipart.py,469,0,0,4
httpx,f3eb3c90fdd19d2e4c5239e19a3588d072ff53fb,2024-02-29T13:40:07+00:00,httpx/_transports/default.py,387,22,0,1
httpx,f3eb3c90fdd19d2e4c5239e19a3588d072ff53fb,2024-02-29T13:40:07+00:00,httpx/_exceptions.py,378,0,0,1
httpx,f3eb3c90fdd19d2e4c5239e19a3588d072ff53fb,2024-02-29T13:40:07+00:00,httpx/_models.py,1211,22,0,0
httpx,0006ed0547f8f8a3cbe2edf758e996c3c73b5e7d,2024-03-01T19:49:23+00:00,httpx/_client.py,2066,88,0,0
httpx,0006ed0547f8f8a3cbe2edf758e996c3c73b5e7d,2024-03-01T19:49:23+00:00,httpx/_urlparse.py,503,0,0,1
httpx,0006ed0547f8f8a3cbe2edf758e996c3c73b5e7d,2024-03-01T19:49:23+00:00,httpx/_compat.py,42,0,0,1
httpx,0006ed0547f8f8a3cbe2edf758e996c3c73b5e7d,2024-03-01T19:49:23+00:00,httpx/_auth.py,348,4,0,0
httpx,0006ed0547f8f8a3cbe2edf758e996c3c73b5e7d,2024-03-01T19:49:23+00:00,httpx/_api.py,479,13,0,0
httpx,0006ed0547f8f8a3cbe2edf758e996c3c73b5e7d,2024-03-01T19:49:23+00:00,tests/client/test_auth.py,795,0,0,1
httpx,0006ed0547f8f8a3cbe2edf758e996c3c73b5e7d,2024-03-01T19:49:23+00:00,httpx/_decoders.py,330,8,0,1
httpx,0006ed0547f8f8a3cbe2edf758e996c3c73b5e7d,2024-03-01T19:49:23+00:00,tests/test_auth.py,308,0,0,1
httpx,0006ed0547f8f8a3cbe2edf758e996c3c73b5e7d,2024-03-01T19:49:23+00:00,tests/test_multipart.py,469,0,0,4
httpx,0006ed0547f8f8a3cbe2edf758e996c3c73b5e7d,2024-03-01T19:49:23+00:00,httpx/_transports/default.py,388,22,0,1
httpx,0006ed0547f8f8a3cbe2edf758e996c3c73b5e7d,2024-03-01T19:49:23+00:00,httpx/_exceptions.py,379,0,0,1
httpx,0006ed0547f8f8a3cbe2edf758e996c3c73b5e7d,2024-03-01T19:49:23+00:00,httpx/_models.py,1211,22,0,0
httpx,7354ed70ceb1a0f072af82e2cb784ef6b2512ed3,2024-04-09T21:38:43+01:00,httpx/_models.py,1211,22,0,0
httpx,7354ed70ceb1a0f072af82e2cb784ef6b2512ed3,2024-04-09T21:38:43+01:00,httpx/_client.py,2066,88,0,0
httpx,7354ed70ceb1a0f072af82e2cb784ef6b2512ed3,2024-04-09T21:38:43+01:00,httpx/_decoders.py,371,8,0,0
httpx,7354ed70ceb1a0f072af82e2cb784ef6b2512ed3,2024-04-09T21:38:43+01:00,tests/conftest.py,307,0,0,2
httpx,7354ed70ceb1a0f072af82e2cb784ef6b2512ed3,2024-04-09T21:38:43+01:00,httpx/_transports/default.py,388,22,0,0
httpx,7354ed70ceb1a0f072af82e2cb784ef6b2512ed3,2024-04-09T21:38:43+01:00,httpx/_auth.py,348,4,0,0
httpx,7354ed70ceb1a0f072af82e2cb784ef6b2512ed3,2024-04-09T21:38:43+01:00,httpx/_api.py,479,13,0,0
httpx,3849e1518f342dd8cd08f8c0537b565d54e6d2a2,2024-09-27T16:36:34+01:00,httpx/_models.py,1211,22,0,0
httpx,3849e1518f342dd8cd08f8c0537b565d54e6d2a2,2024-09-27T16:36:34+01:00,httpx/_client.py,2065,88,0,0
httpx,3849e1518f342dd8cd08f8c0537b565d54e6d2a2,2024-09-27T16:36:34+01:00,httpx/_decoders.py,371,8,0,0
httpx,3849e1518f342dd8cd08f8c0537b565d54e6d2a2,2024-09-27T16:36:34+01:00,httpx/_transports/default.py,389,22,0,0
httpx,3849e1518f342dd8cd08f8c0537b565d54e6d2a2,2024-09-27T16:36:34+01:00,httpx/_auth.py,348,4,0,0
httpx,3849e1518f342dd8cd08f8c0537b565d54e6d2a2,2024-09-27T16:36:34+01:00,httpx/_api.py,479,13,0,0
httpx,80960fa31918d7663c3f4c3ad61661cf0e80628f,2024-11-28T14:50:04+00:00,httpx/_client.py,2021,82,0,43
httpx,80960fa31918d7663c3f4c3ad61661cf0e80628f,2024-11-28T14:50:04+00:00,httpx/_types.py,114,0,0,1
httpx,80960fa31918d7663c3f4c3ad61661cf0e80628f,2024-11-28T14:50:04+00:00,httpx/_auth.py,348,4,0,0
httpx,80960fa31918d7663c3f4c3ad61661cf0e80628f,2024-11-28T14:50:04+00:00,httpx/__version__.py,3,0,0,2
httpx,80960fa31918d7663c3f4c3ad61661cf0e80628f,2024-11-28T14:50:04+00:00,httpx/_api.py,438,11,0,18
httpx,80960fa31918d7663c3f4c3ad61661cf0e80628f,2024-11-28T14:50:04+00:00,httpx/_config.py,249,0,0,52
httpx,80960fa31918d7663c3f4c3ad61661cf0e80628f,2024-11-28T14:50:04+00:00,httpx/_decoders.py,393,8,0,0
httpx,80960fa31918d7663c3f4c3ad61661cf0e80628f,2024-11-28T14:50:04+00:00,tests/models/test_requests.py,228,0,0,13
httpx,80960fa31918d7663c3f4c3ad61661cf0e80628f,2024-11-28T14:50:04+00:00,httpx/_transports/default.py,406,26,0,14
httpx,80960fa31918d7663c3f4c3ad61661cf0e80628f,2024-11-28T14:50:04+00:00,httpx/_models.py,1277,20,0,0
httpx,15e21e9ea3cad4f06e22a7e704aabefdf43d2e29,2024-11-29T11:15:56+00:00,httpx/_client.py,2019,82,0,2
httpx,15e21e9ea3cad4f06e22a7e704aabefdf43d2e29,2024-11-29T11:15:56+00:00,httpx/_auth.py,348,4,0,0
httpx,15e21e9ea3cad4f06e22a7e704aabefdf43d2e29,2024-11-29T11:15:56+00:00,httpx/__version__.py,3,0,0,2
httpx,15e21e9ea3cad4f06e22a7e704aabefdf43d2e29,2024-11-29T11:15:56+00:00,httpx/_api.py,438,11,0,0
httpx,15e21e9ea3cad4f06e22a7e704aabefdf43d2e29,2024-11-29T11:15:56+00:00,httpx/_config.py,249,0,0,7
httpx,15e21e9ea3cad4f06e22a7e704aabefdf43d2e29,2024-11-29T11:15:56+00:00,httpx/_decoders.py,393,8,0,0
httpx,15e21e9ea3cad4f06e22a7e704aabefdf43d2e29,2024-11-29T11:15:56+00:00,tests/models/test_requests.py,228,0,0,13
httpx,15e21e9ea3cad4f06e22a7e704aabefdf43d2e29,2024-11-29T11:15:56+00:00,httpx/_transports/default.py,406,26,0,0
httpx,15e21e9ea3cad4f06e22a7e704aabefdf43d2e29,2024-11-29T11:15:56+00:00,httpx/_models.py,1277,20,0,0
httpx,4fb9528c2f5ac000441c3634d297e77da23067cd,2025-06-27T12:45:12+02:00,httpx/_models.py,1277,20,0,0
httpx,4fb9528c2f5ac000441c3634d297e77da23067cd,2025-06-27T12:45:12+02:00,httpx/_client.py,2019,82,0,0
httpx,4fb9528c2f5ac000441c3634d297e77da23067cd,2025-06-27T12:45:12+02:00,httpx/_decoders.py,393,8,0,0
httpx,4fb9528c2f5ac000441c3634d297e77da23067cd,2025-06-27T12:45:12+02:00,httpx/_transports/default.py,406,26,0,0
httpx,4fb9528c2f5ac000441c3634d297e77da23067cd,2025-06-27T12:45:12+02:00,httpx/_auth.py,348,4,0,0
httpx,4fb9528c2f5ac000441c3634d297e77da23067cd,2025-06-27T12:45:12+02:00,httpx/_api.py,438,11,0,0
httpx,652f051feaf1ab2828e1812eb0c48f9046a8b5ce,2025-09-11T11:59:20+01:00,httpx/_models.py,1277,20,0,0
httpx,652f051feaf1ab2828e1812eb0c48f9046a8b5ce,2025-09-11T11:59:20+01:00,httpx/_client.py,2019,82,0,0
httpx,652f051feaf1ab2828e1812eb0c48f9046a8b5ce,2025-09-11T11:59:20+01:00,httpx/_decoders.py,393,8,0,0
httpx,652f051feaf1ab2828e1812eb0c48f9046a8b5ce,2025-09-11T11:59:20+01:00,httpx/_transports/default.py,406,26,0,0
httpx,652f051feaf1ab2828e1812eb0c48f9046a8b5ce,2025-09-11T11:59:20+01:00,httpx/_auth.py,348,4,0,0
httpx,652f051feaf1ab2828e1812eb0c48f9046a8b5ce,2025-09-11T11:59:20+01:00,httpx/_api.py,438,11,0,0
httpx,435e1dac899adeb0c156c00721ecbb1124d75842,2025-10-04T18:38:23+01:00,httpx/_models.py,1277,20,0,0
httpx,435e1dac899adeb0c156c00721ecbb1124d75842,2025-10-04T18:38:23+01:00,httpx/_client.py,2019,82,0,0
httpx,435e1dac899adeb0c156c00721ecbb1124d75842,2025-10-04T18:38:23+01:00,httpx/_decoders.py,393,8,0,0
httpx,435e1dac899adeb0c156c00721ecbb1124d75842,2025-10-04T18:38:23+01:00,httpx/_transports/default.py,406,26,0,0
httpx,435e1dac899adeb0c156c00721ecbb1124d75842,2025-10-04T18:38:23+01:00,httpx/_auth.py,348,4,0,0
httpx,435e1dac899adeb0c156c00721ecbb1124d75842,2025-10-04T18:38:23+01:00,httpx/_api.py,438,11,0,0
