repo,sha,date,file,loc,warns_dup,warns_em,churn_14d
poetry,40569558d345e21f7e3a3b6d3abddc74f32d6dd0,2018-02-28T10:25:57-05:00,poetry/console/application.py,56,0,0,12
poetry,40569558d345e21f7e3a3b6d3abddc74f32d6dd0,2018-02-28T10:25:57-05:00,tests/toml/pretty/test_prettifier.py,0,0,0,0
poetry,40569558d345e21f7e3a3b6d3abddc74f32d6dd0,2018-02-28T10:25:57-05:00,poetry/masonry/utils/helpers.py,0,0,0,14
poetry,40569558d345e21f7e3a3b6d3abddc74f32d6dd0,2018-02-28T10:25:57-05:00,poetry/toml/prettify/parser/recdesc.py,0,0,0,115
poetry,40569558d345e21f7e3a3b6d3abddc74f32d6dd0,2018-02-28T10:25:57-05:00,poetry/masonry/__publisher.py,0,0,0,143
poetry,40569558d345e21f7e3a3b6d3abddc74f32d6dd0,2018-02-28T10:25:57-05:00,poetry/toml/prettify/parser/errors.py,0,0,0,19
poetry,40569558d345e21f7e3a3b6d3abddc74f32d6dd0,2018-02-28T10:25:57-05:00,poetry/toml/__init__.py,0,0,0,53
poetry,40569558d345e21f7e3a3b6d3abddc74f32d6dd0,2018-02-28T10:25:57-05:00,poetry/toml/peekableit.py,0,0,0,30
poetry,40569558d345e21f7e3a3b6d3abddc74f32d6dd0,2018-02-28T10:25:57-05:00,poetry/console/commands/remove.py,0,0,0,202
poetry,40569558d345e21f7e3a3b6d3abddc74f32d6dd0,2018-02-28T10:25:57-05:00,poetry/console/commands/command.py,24,0,0,16
poetry,40569558d345e21f7e3a3b6d3abddc74f32d6dd0,2018-02-28T10:25:57-05:00,poetry/toml/prettify/util.py,0,0,0,140
poetry,40569558d345e21f7e3a3b6d3abddc74f32d6dd0,2018-02-28T10:25:57-05:00,tests/helpers.py,12,0,0,18
poetry,40569558d345e21f7e3a3b6d3abddc74f32d6dd0,2018-02-28T10:25:57-05:00,poetry/version/utils.py,0,0,0,64
poetry,40569558d345e21f7e3a3b6d3abddc74f32d6dd0,2018-02-28T10:25:57-05:00,poetry/masonry/api.py,0,0,0,43
poetry,40569558d345e21f7e3a3b6d3abddc74f32d6dd0,2018-02-28T10:25:57-05:00,poetry/semver/constraints/multi_constraint.py,41,0,0,2
poetry,40569558d345e21f7e3a3b6d3abddc74f32d6dd0,2018-02-28T10:25:57-05:00,poetry/repositories/__init__.py,1,0,0,1
poetry,40569558d345e21f7e3a3b6d3abddc74f32d6dd0,2018-02-28T10:25:57-05:00,poetry/toml/prettify/elements/array.py,0,0,0,139
poetry,40569558d345e21f7e3a3b6d3abddc74f32d6dd0,2018-02-28T10:25:57-05:00,poetry/console/commands/config.py,0,0,0,206
poetry,40569558d345e21f7e3a3b6d3abddc74f32d6dd0,2018-02-28T10:25:57-05:00,poetry/toml/prettify/parser/parser.py,0,0,0,391
poetry,40569558d345e21f7e3a3b6d3abddc74f32d6dd0,2018-02-28T10:25:57-05:00,tests/utils/__init__.py,0,0,0,0
poetry,40569558d345e21f7e3a3b6d3abddc74f32d6dd0,2018-02-28T10:25:57-05:00,poetry/packages/dependency.py,56,0,0,152
poetry,40569558d345e21f7e3a3b6d3abddc74f32d6dd0,2018-02-28T10:25:57-05:00,tests/toml/test_named_dict.py,0,0,0,23
poetry,40569558d345e21f7e3a3b6d3abddc74f32d6dd0,2018-02-28T10:25:57-05:00,poetry/toml/prettify/tokens/py2toml.py,0,0,0,130
poetry,40569558d345e21f7e3a3b6d3abddc74f32d6dd0,2018-02-28T10:25:57-05:00,poetry/toml/prettify/elements/__init__.py,0,0,0,13
poetry,40569558d345e21f7e3a3b6d3abddc74f32d6dd0,2018-02-28T10:25:57-05:00,poetry/masonry/metadata.py,0,0,0,74
poetry,40569558d345e21f7e3a3b6d3abddc74f32d6dd0,2018-02-28T10:25:57-05:00,poetry/masonry/builders/complete.py,0,0,0,60
poetry,40569558d345e21f7e3a3b6d3abddc74f32d6dd0,2018-02-28T10:25:57-05:00,poetry/mixology/graph/detach_vertex_named.py,58,0,0,2
poetry,40569558d345e21f7e3a3b6d3abddc74f32d6dd0,2018-02-28T10:25:57-05:00,poetry/toml/toml_file.py,0,0,0,289
poetry,40569558d345e21f7e3a3b6d3abddc74f32d6dd0,2018-02-28T10:25:57-05:00,poetry/toml/prettify/parser/tokenstream.py,0,0,0,38
poetry,40569558d345e21f7e3a3b6d3abddc74f32d6dd0,2018-02-28T10:25:57-05:00,poetry/masonry/utils/tags.py,0,0,0,179
poetry,40569558d345e21f7e3a3b6d3abddc74f32d6dd0,2018-02-28T10:25:57-05:00,poetry/masonry/builders/sdist.py,0,0,0,527
poetry,40569558d345e21f7e3a3b6d3abddc74f32d6dd0,2018-02-28T10:25:57-05:00,poetry/packages/vcs_dependency.py,0,0,0,71
poetry,40569558d345e21f7e3a3b6d3abddc74f32d6dd0,2018-02-28T10:25:57-05:00,poetry/toml/prettify/__init__.py,0,0,0,25
poetry,40569558d345e21f7e3a3b6d3abddc74f32d6dd0,2018-02-28T10:25:57-05:00,tests/masonry/builders/fixtures/complete/my_package/sub_pkg2/__init__.py,0,0,0,0
poetry,40569558d345e21f7e3a3b6d3abddc74f32d6dd0,2018-02-28T10:25:57-05:00,poetry/puzzle/solver.py,86,0,0,120
poetry,40569558d345e21f7e3a3b6d3abddc74f32d6dd0,2018-02-28T10:25:57-05:00,poetry/toml/prettify/elements/factory.py,0,0,0,152
poetry,40569558d345e21f7e3a3b6d3abddc74f32d6dd0,2018-02-28T10:25:57-05:00,poetry/toml/prettify/elements/traversal/predicates.py,0,0,0,52
poetry,40569558d345e21f7e3a3b6d3abddc74f32d6dd0,2018-02-28T10:25:57-05:00,poetry/toml/prettify/elements/errors.py,0,0,0,13
poetry,40569558d345e21f7e3a3b6d3abddc74f32d6dd0,2018-02-28T10:25:57-05:00,poetry/version/base.py,0,0,0,28
poetry,40569558d345e21f7e3a3b6d3abddc74f32d6dd0,2018-02-28T10:25:57-05:00,tests/toml/test_toml.py,0,0,0,276
poetry,40569558d345e21f7e3a3b6d3abddc74f32d6dd0,2018-02-28T10:25:57-05:00,poetry/version/version.py,0,0,0,249
poetry,40569558d345e21f7e3a3b6d3abddc74f32d6dd0,2018-02-28T10:25:57-05:00,poetry/toml/prettify/tokens/__init__.py,0,0,0,136
poetry,40569558d345e21f7e3a3b6d3abddc74f32d6dd0,2018-02-28T10:25:57-05:00,tests/masonry/builders/fixtures/module1/module1.py,0,0,0,3
poetry,40569558d345e21f7e3a3b6d3abddc74f32d6dd0,2018-02-28T10:25:57-05:00,poetry/toml/prettify/parser/__init__.py,0,0,0,32
poetry,40569558d345e21f7e3a3b6d3abddc74f32d6dd0,2018-02-28T10:25:57-05:00,poetry/installation/pip_installer.py,23,0,0,87
poetry,40569558d345e21f7e3a3b6d3abddc74f32d6dd0,2018-02-28T10:25:57-05:00,poetry/toml/prettify/elements/metadata.py,0,0,0,80
poetry,40569558d345e21f7e3a3b6d3abddc74f32d6dd0,2018-02-28T10:25:57-05:00,poetry/toml/prettify/elements/inlinetable.py,0,0,0,78
poetry,40569558d345e21f7e3a3b6d3abddc74f32d6dd0,2018-02-28T10:25:57-05:00,poetry/mixology/graph/add_edge_no_circular.py,58,2,0,0
poetry,40569558d345e21f7e3a3b6d3abddc74f32d6dd0,2018-02-28T10:25:57-05:00,poetry/mixology/resolution.py,953,4,0,0
poetry,40569558d345e21f7e3a3b6d3abddc74f32d6dd0,2018-02-28T10:25:57-05:00,tests/masonry/builders/fixtures/extended/extended/__init__.py,0,0,0,0
poetry,40569558d345e21f7e3a3b6d3abddc74f32d6dd0,2018-02-28T10:25:57-05:00,poetry/toml/prettify/lexer/__init__.py,0,0,0,123
poetry,40569558d345e21f7e3a3b6d3abddc74f32d6dd0,2018-02-28T10:25:57-05:00,poetry/toml/prettify/elements/common.py,0,0,0,105
poetry,40569558d345e21f7e3a3b6d3abddc74f32d6dd0,2018-02-28T10:25:57-05:00,poetry/masonry/builders/builder.py,0,0,0,171
poetry,40569558d345e21f7e3a3b6d3abddc74f32d6dd0,2018-02-28T10:25:57-05:00,poetry/toml/prettify/elements/abstracttable.py,0,0,0,83
poetry,40569558d345e21f7e3a3b6d3abddc74f32d6dd0,2018-02-28T10:25:57-05:00,poetry/console/commands/publish.py,0,0,0,34
poetry,40569558d345e21f7e3a3b6d3abddc74f32d6dd0,2018-02-28T10:25:57-05:00,tests/toml/pretty/__init__.py,0,0,0,0
poetry,40569558d345e21f7e3a3b6d3abddc74f32d6dd0,2018-02-28T10:25:57-05:00,poetry/installation/noop_installer.py,0,0,0,36
poetry,40569558d345e21f7e3a3b6d3abddc74f32d6dd0,2018-02-28T10:25:57-05:00,poetry/toml/prettify/_version.py,0,0,0,1
poetry,40569558d345e21f7e3a3b6d3abddc74f32d6dd0,2018-02-28T10:25:57-05:00,poetry/toml/prettify/parser/elementsanitizer.py,0,0,0,57
poetry,40569558d345e21f7e3a3b6d3abddc74f32d6dd0,2018-02-28T10:25:57-05:00,poetry/installation/base_installer.py,0,0,0,10
poetry,40569558d345e21f7e3a3b6d3abddc74f32d6dd0,2018-02-28T10:25:57-05:00,tests/repositories/__init__.py,0,0,0,0
poetry,40569558d345e21f7e3a3b6d3abddc74f32d6dd0,2018-02-28T10:25:57-05:00,poetry/__version__.py,0,0,0,13
poetry,40569558d345e21f7e3a3b6d3abddc74f32d6dd0,2018-02-28T10:25:57-05:00,poetry/version/exceptions.py,0,0,0,3
poetry,40569558d345e21f7e3a3b6d3abddc74f32d6dd0,2018-02-28T10:25:57-05:00,poetry/console/commands/add.py,178,1,0,115
poetry,40569558d345e21f7e3a3b6d3abddc74f32d6dd0,2018-02-28T10:25:57-05:00,poetry/packages/__init__.py,3,0,0,1
poetry,40569558d345e21f7e3a3b6d3abddc74f32d6dd0,2018-02-28T10:25:57-05:00,poetry/console/commands/build.py,0,0,0,30
poetry,40569558d345e21f7e3a3b6d3abddc74f32d6dd0,2018-02-28T10:25:57-05:00,tests/mixology/index.py,109,0,0,6
poetry,40569558d345e21f7e3a3b6d3abddc74f32d6dd0,2018-02-28T10:25:57-05:00,poetry/console/commands/lock.py,32,1,0,2
poetry,40569558d345e21f7e3a3b6d3abddc74f32d6dd0,2018-02-28T10:25:57-05:00,poetry/console/commands/update.py,37,1,0,2
poetry,40569558d345e21f7e3a3b6d3abddc74f32d6dd0,2018-02-28T10:25:57-05:00,tests/installation/__init__.py,0,0,0,0
poetry,40569558d345e21f7e3a3b6d3abddc74f32d6dd0,2018-02-28T10:25:57-05:00,tests/test_poetry.py,0,0,0,58
poetry,40569558d345e21f7e3a3b6d3abddc74f32d6dd0,2018-02-28T10:25:57-05:00,tests/puzzle/test_solver.py,231,0,0,247
poetry,40569558d345e21f7e3a3b6d3abddc74f32d6dd0,2018-02-28T10:25:57-05:00,tests/toml/__init__.py,0,0,0,0
poetry,40569558d345e21f7e3a3b6d3abddc74f32d6dd0,2018-02-28T10:25:57-05:00,poetry/toml/prettify/elements/table.py,0,0,0,123
poetry,40569558d345e21f7e3a3b6d3abddc74f32d6dd0,2018-02-28T10:25:57-05:00,poetry/toml/raw.py,0,0,0,16
poetry,40569558d345e21f7e3a3b6d3abddc74f32d6dd0,2018-02-28T10:25:57-05:00,poetry/version/legacy_version.py,0,0,0,89
poetry,40569558d345e21f7e3a3b6d3abddc74f32d6dd0,2018-02-28T10:25:57-05:00,poetry/masonry/__init__.py,0,0,0,10
poetry,40569558d345e21f7e3a3b6d3abddc74f32d6dd0,2018-02-28T10:25:57-05:00,poetry/masonry/builder.py,0,0,0,44
poetry,40569558d345e21f7e3a3b6d3abddc74f32d6dd0,2018-02-28T10:25:57-05:00,poetry/packages/locker.py,173,0,0,108
poetry,40569558d345e21f7e3a3b6d3abddc74f32d6dd0,2018-02-28T10:25:57-05:00,tests/packages/test_dependency.py,0,0,0,70
poetry,40569558d345e21f7e3a3b6d3abddc74f32d6dd0,2018-02-28T10:25:57-05:00,poetry/masonry/publishing/publisher.py,0,0,0,344
poetry,40569558d345e21f7e3a3b6d3abddc74f32d6dd0,2018-02-28T10:25:57-05:00,poetry/repositories/repository.py,99,0,0,16
poetry,40569558d345e21f7e3a3b6d3abddc74f32d6dd0,2018-02-28T10:25:57-05:00,poetry/vcs/git.py,0,0,0,124
poetry,40569558d345e21f7e3a3b6d3abddc74f32d6dd0,2018-02-28T10:25:57-05:00,poetry/utils/toml_file.py,23,0,0,23
poetry,40569558d345e21f7e3a3b6d3abddc74f32d6dd0,2018-02-28T10:25:57-05:00,setup.py,0,0,0,128
poetry,40569558d345e21f7e3a3b6d3abddc74f32d6dd0,2018-02-28T10:25:57-05:00,poetry/console/commands/install.py,36,1,0,5
poetry,40569558d345e21f7e3a3b6d3abddc74f32d6dd0,2018-02-28T10:25:57-05:00,tests/masonry/builders/test_wheel.py,0,0,0,57
poetry,40569558d345e21f7e3a3b6d3abddc74f32d6dd0,2018-02-28T10:25:57-05:00,tests/masonry/builders/fixtures/complete/my_package/sub_pkg1/__init__.py,0,0,0,0
poetry,40569558d345e21f7e3a3b6d3abddc74f32d6dd0,2018-02-28T10:25:57-05:00,poetry/toml/prettify/tokens/toml2py.py,0,0,0,124
poetry,40569558d345e21f7e3a3b6d3abddc74f32d6dd0,2018-02-28T10:25:57-05:00,poetry/toml/prettify/errors.py,0,0,0,32
poetry,40569558d345e21f7e3a3b6d3abddc74f32d6dd0,2018-02-28T10:25:57-05:00,poetry/layouts/layout.py,116,0,0,113
poetry,40569558d345e21f7e3a3b6d3abddc74f32d6dd0,2018-02-28T10:25:57-05:00,tests/masonry/builders/test_complete.py,0,0,0,55
poetry,40569558d345e21f7e3a3b6d3abddc74f32d6dd0,2018-02-28T10:25:57-05:00,poetry/toml/prettify/elements/atomic.py,0,0,0,52
poetry,40569558d345e21f7e3a3b6d3abddc74f32d6dd0,2018-02-28T10:25:57-05:00,poetry/console/styles/poetry.py,13,0,0,17
poetry,40569558d345e21f7e3a3b6d3abddc74f32d6dd0,2018-02-28T10:25:57-05:00,poetry/vcs/__init__.py,0,0,0,13
poetry,40569558d345e21f7e3a3b6d3abddc74f32d6dd0,2018-02-28T10:25:57-05:00,poetry/console/commands/show.py,0,0,0,269
poetry,40569558d345e21f7e3a3b6d3abddc74f32d6dd0,2018-02-28T10:25:57-05:00,poetry/masonry/builders/wheel.py,0,0,0,368
poetry,40569558d345e21f7e3a3b6d3abddc74f32d6dd0,2018-02-28T10:25:57-05:00,tests/masonry/builders/test_sdist.py,0,0,0,169
poetry,40569558d345e21f7e3a3b6d3abddc74f32d6dd0,2018-02-28T10:25:57-05:00,poetry/toml/prettify/elements/traversal/__init__.py,0,0,0,176
poetry,40569558d345e21f7e3a3b6d3abddc74f32d6dd0,2018-02-28T10:25:57-05:00,poetry/masonry/utils/module.py,0,0,0,41
poetry,40569558d345e21f7e3a3b6d3abddc74f32d6dd0,2018-02-28T10:25:57-05:00,poetry/io/null_io.py,0,0,0,59
poetry,40569558d345e21f7e3a3b6d3abddc74f32d6dd0,2018-02-28T10:25:57-05:00,tests/packages/__init__.py,0,0,0,0
poetry,40569558d345e21f7e3a3b6d3abddc74f32d6dd0,2018-02-28T10:25:57-05:00,poetry/mixology/graph/delete_edge.py,58,2,0,0
poetry,40569558d345e21f7e3a3b6d3abddc74f32d6dd0,2018-02-28T10:25:57-05:00,poetry/packages/package.py,149,0,0,210
poetry,40569558d345e21f7e3a3b6d3abddc74f32d6dd0,2018-02-28T10:25:57-05:00,tests/installation/test_installer.py,0,0,0,463
poetry,40569558d345e21f7e3a3b6d3abddc74f32d6dd0,2018-02-28T10:25:57-05:00,poetry/repositories/legacy_repository.py,0,0,0,273
poetry,40569558d345e21f7e3a3b6d3abddc74f32d6dd0,2018-02-28T10:25:57-05:00,poetry/utils/helpers.py,0,0,0,11
poetry,40569558d345e21f7e3a3b6d3abddc74f32d6dd0,2018-02-28T10:25:57-05:00,poetry/puzzle/provider.py,102,2,0,131
poetry,40569558d345e21f7e3a3b6d3abddc74f32d6dd0,2018-02-28T10:25:57-05:00,poetry/semver/version_parser.py,239,4,0,6
poetry,40569558d345e21f7e3a3b6d3abddc74f32d6dd0,2018-02-28T10:25:57-05:00,poetry/repositories/base_repository.py,23,0,0,2
poetry,40569558d345e21f7e3a3b6d3abddc74f32d6dd0,2018-02-28T10:25:57-05:00,tests/masonry/builders/fixtures/complete/my_package/__init__.py,0,0,0,1
poetry,40569558d345e21f7e3a3b6d3abddc74f32d6dd0,2018-02-28T10:25:57-05:00,poetry/semver/helpers.py,128,0,0,7
poetry,40569558d345e21f7e3a3b6d3abddc74f32d6dd0,2018-02-28T10:25:57-05:00,poetry/puzzle/operations/operation.py,18,0,0,19
poetry,40569558d345e21f7e3a3b6d3abddc74f32d6dd0,2018-02-28T10:25:57-05:00,poetry/puzzle/operations/update.py,42,2,0,0
poetry,40569558d345e21f7e3a3b6d3abddc74f32d6dd0,2018-02-28T10:25:57-05:00,poetry/utils/venv.py,97,0,0,51
poetry,40569558d345e21f7e3a3b6d3abddc74f32d6dd0,2018-02-28T10:25:57-05:00,poetry/semver/constraints/empty_constraint.py,12,0,0,2
poetry,40569558d345e21f7e3a3b6d3abddc74f32d6dd0,2018-02-28T10:25:57-05:00,tests/masonry/builders/fixtures/prerelease/prerelease.py,0,0,0,3
poetry,40569558d345e21f7e3a3b6d3abddc74f32d6dd0,2018-02-28T10:25:57-05:00,poetry/poetry.py,74,0,0,103
poetry,40569558d345e21f7e3a3b6d3abddc74f32d6dd0,2018-02-28T10:25:57-05:00,tests/repositories/test_pypi_repository.py,0,0,0,42
poetry,40569558d345e21f7e3a3b6d3abddc74f32d6dd0,2018-02-28T10:25:57-05:00,poetry/toml/prettify/elements/tableheader.py,0,0,0,95
poetry,40569558d345e21f7e3a3b6d3abddc74f32d6dd0,2018-02-28T10:25:57-05:00,poetry/repositories/pool.py,0,0,0,88
poetry,40569558d345e21f7e3a3b6d3abddc74f32d6dd0,2018-02-28T10:25:57-05:00,poetry/masonry/publishing/__init__.py,0,0,0,1
poetry,40569558d345e21f7e3a3b6d3abddc74f32d6dd0,2018-02-28T10:25:57-05:00,poetry/io/__init__.py,0,0,0,1
poetry,40569558d345e21f7e3a3b6d3abddc74f32d6dd0,2018-02-28T10:25:57-05:00,poetry/toml/freshtable.py,0,0,0,45
poetry,40569558d345e21f7e3a3b6d3abddc74f32d6dd0,2018-02-28T10:25:57-05:00,poetry/version/__init__.py,0,0,0,56
poetry,40569558d345e21f7e3a3b6d3abddc74f32d6dd0,2018-02-28T10:25:57-05:00,tests/masonry/builders/fixtures/extended/build.py,0,0,0,12
poetry,40569558d345e21f7e3a3b6d3abddc74f32d6dd0,2018-02-28T10:25:57-05:00,poetry/toml/structurer.py,0,0,0,169
poetry,40569558d345e21f7e3a3b6d3abddc74f32d6dd0,2018-02-28T10:25:57-05:00,poetry/console/commands/__init__.py,6,0,0,5
poetry,40569558d345e21f7e3a3b6d3abddc74f32d6dd0,2018-02-28T10:25:57-05:00,poetry/semver/constraints/constraint.py,139,2,0,15
poetry,40569558d345e21f7e3a3b6d3abddc74f32d6dd0,2018-02-28T10:25:57-05:00,tests/masonry/__init__.py,0,0,0,0
poetry,40569558d345e21f7e3a3b6d3abddc74f32d6dd0,2018-02-28T10:25:57-05:00,poetry/toml/array.py,0,0,0,39
poetry,40569558d345e21f7e3a3b6d3abddc74f32d6dd0,2018-02-28T10:25:57-05:00,poetry/vcs/git_config.py,24,0,0,24
poetry,40569558d345e21f7e3a3b6d3abddc74f32d6dd0,2018-02-28T10:25:57-05:00,poetry/toml/prettify/tokens/errors.py,0,0,0,13
poetry,40569558d345e21f7e3a3b6d3abddc74f32d6dd0,2018-02-28T10:25:57-05:00,poetry/installation/installer.py,281,3,0,376
poetry,40569558d345e21f7e3a3b6d3abddc74f32d6dd0,2018-02-28T10:25:57-05:00,poetry/mixology/graph/vertex.py,97,2,0,0
poetry,40569558d345e21f7e3a3b6d3abddc74f32d6dd0,2018-02-28T10:25:57-05:00,poetry/masonry/publisher.py,0,0,0,524
poetry,40569558d345e21f7e3a3b6d3abddc74f32d6dd0,2018-02-28T10:25:57-05:00,poetry/masonry/utils/__init__.py,0,0,0,0
poetry,40569558d345e21f7e3a3b6d3abddc74f32d6dd0,2018-02-28T10:25:57-05:00,tests/utils/test_toml_file.py,0,0,0,59
poetry,40569558d345e21f7e3a3b6d3abddc74f32d6dd0,2018-02-28T10:25:57-05:00,poetry/toml/toplevels.py,0,0,0,142
poetry,40569558d345e21f7e3a3b6d3abddc74f32d6dd0,2018-02-28T10:25:57-05:00,tests/masonry/builders/__init__.py,0,0,0,0
poetry,40569558d345e21f7e3a3b6d3abddc74f32d6dd0,2018-02-28T10:25:57-05:00,poetry/version/version_selector.py,68,0,0,9
poetry,40569558d345e21f7e3a3b6d3abddc74f32d6dd0,2018-02-28T10:25:57-05:00,poetry/toml/cascadedict.py,0,0,0,73
poetry,40569558d345e21f7e3a3b6d3abddc74f32d6dd0,2018-02-28T10:25:57-05:00,poetry/repositories/pypi_repository.py,174,0,0,179
poetry,40569558d345e21f7e3a3b6d3abddc74f32d6dd0,2018-02-28T10:25:57-05:00,poetry/masonry/builders/__init__.py,0,0,0,3
poetry,c467b34cbd5d99f4b620514d379c85e62e82b048,2018-03-12T16:59:02-05:00,poetry/console/application.py,66,0,0,67
poetry,c467b34cbd5d99f4b620514d379c85e62e82b048,2018-03-12T16:59:02-05:00,poetry/semver/constraints/wildcard_constraint.py,0,0,0,81
poetry,c467b34cbd5d99f4b620514d379c85e62e82b048,2018-03-12T16:59:02-05:00,poetry/locations.py,7,0,0,5
poetry,c467b34cbd5d99f4b620514d379c85e62e82b048,2018-03-12T16:59:02-05:00,poetry/console/commands/lock.py,32,1,0,11
poetry,c467b34cbd5d99f4b620514d379c85e62e82b048,2018-03-12T16:59:02-05:00,poetry/packages/constraints/platform_constraint.py,0,0,0,149
poetry,c467b34cbd5d99f4b620514d379c85e62e82b048,2018-03-12T16:59:02-05:00,poetry/console/commands/update.py,37,1,0,8
poetry,c467b34cbd5d99f4b620514d379c85e62e82b048,2018-03-12T16:59:02-05:00,poetry/masonry/__publisher.py,143,9,0,143
poetry,c467b34cbd5d99f4b620514d379c85e62e82b048,2018-03-12T16:59:02-05:00,tests/test_poetry.py,54,0,0,15
poetry,c467b34cbd5d99f4b620514d379c85e62e82b048,2018-03-12T16:59:02-05:00,tests/puzzle/test_solver.py,442,0,0,30
poetry,c467b34cbd5d99f4b620514d379c85e62e82b048,2018-03-12T16:59:02-05:00,poetry/toml/peekableit.py,30,1,0,0
poetry,c467b34cbd5d99f4b620514d379c85e62e82b048,2018-03-12T16:59:02-05:00,poetry/console/commands/remove.py,84,6,0,7
poetry,c467b34cbd5d99f4b620514d379c85e62e82b048,2018-03-12T16:59:02-05:00,poetry/console/commands/command.py,40,0,0,17
poetry,c467b34cbd5d99f4b620514d379c85e62e82b048,2018-03-12T16:59:02-05:00,poetry/toml/prettify/util.py,140,1,0,0
poetry,c467b34cbd5d99f4b620514d379c85e62e82b048,2018-03-12T16:59:02-05:00,poetry/console/commands/run.py,0,0,0,32
poetry,c467b34cbd5d99f4b620514d379c85e62e82b048,2018-03-12T16:59:02-05:00,tests/version/test_helpers.py,0,0,0,11
poetry,c467b34cbd5d99f4b620514d379c85e62e82b048,2018-03-12T16:59:02-05:00,poetry/version/helpers.py,0,0,0,47
poetry,c467b34cbd5d99f4b620514d379c85e62e82b048,2018-03-12T16:59:02-05:00,poetry/semver/constraints/multi_constraint.py,41,0,0,2
poetry,c467b34cbd5d99f4b620514d379c85e62e82b048,2018-03-12T16:59:02-05:00,poetry/masonry/builder.py,40,0,0,21
poetry,c467b34cbd5d99f4b620514d379c85e62e82b048,2018-03-12T16:59:02-05:00,poetry/packages/locker.py,209,0,0,5
poetry,c467b34cbd5d99f4b620514d379c85e62e82b048,2018-03-12T16:59:02-05:00,tests/packages/test_dependency.py,70,0,0,29
poetry,c467b34cbd5d99f4b620514d379c85e62e82b048,2018-03-12T16:59:02-05:00,poetry/masonry/publishing/publisher.py,340,9,0,10
poetry,c467b34cbd5d99f4b620514d379c85e62e82b048,2018-03-12T16:59:02-05:00,poetry/toml/prettify/elements/array.py,139,2,0,0
poetry,c467b34cbd5d99f4b620514d379c85e62e82b048,2018-03-12T16:59:02-05:00,poetry/version/requirements.py,0,0,0,243
poetry,c467b34cbd5d99f4b620514d379c85e62e82b048,2018-03-12T16:59:02-05:00,poetry/json/__init__.py,0,0,0,0
poetry,c467b34cbd5d99f4b620514d379c85e62e82b048,2018-03-12T16:59:02-05:00,poetry/console/commands/config.py,206,0,0,124
poetry,c467b34cbd5d99f4b620514d379c85e62e82b048,2018-03-12T16:59:02-05:00,poetry/console/commands/venv_command.py,0,0,0,23
poetry,c467b34cbd5d99f4b620514d379c85e62e82b048,2018-03-12T16:59:02-05:00,poetry/toml/prettify/parser/parser.py,391,2,0,0
poetry,c467b34cbd5d99f4b620514d379c85e62e82b048,2018-03-12T16:59:02-05:00,poetry/vcs/git.py,64,0,0,60
poetry,c467b34cbd5d99f4b620514d379c85e62e82b048,2018-03-12T16:59:02-05:00,poetry/packages/utils/utils.py,0,0,0,139
poetry,c467b34cbd5d99f4b620514d379c85e62e82b048,2018-03-12T16:59:02-05:00,poetry/packages/dependency.py,166,1,0,71
poetry,c467b34cbd5d99f4b620514d379c85e62e82b048,2018-03-12T16:59:02-05:00,poetry/console/commands/install.py,39,1,0,11
poetry,c467b34cbd5d99f4b620514d379c85e62e82b048,2018-03-12T16:59:02-05:00,tests/masonry/builders/test_wheel.py,53,0,0,7
poetry,c467b34cbd5d99f4b620514d379c85e62e82b048,2018-03-12T16:59:02-05:00,poetry/masonry/metadata.py,68,1,0,39
poetry,c467b34cbd5d99f4b620514d379c85e62e82b048,2018-03-12T16:59:02-05:00,poetry/console/commands/debug/resolve.py,0,0,0,100
poetry,c467b34cbd5d99f4b620514d379c85e62e82b048,2018-03-12T16:59:02-05:00,poetry/masonry/builders/complete.py,45,0,0,7
poetry,c467b34cbd5d99f4b620514d379c85e62e82b048,2018-03-12T16:59:02-05:00,poetry/packages/constraints/__init__.py,0,0,0,0
poetry,c467b34cbd5d99f4b620514d379c85e62e82b048,2018-03-12T16:59:02-05:00,tests/masonry/builders/test_complete.py,0,0,0,138
poetry,c467b34cbd5d99f4b620514d379c85e62e82b048,2018-03-12T16:59:02-05:00,poetry/console/styles/poetry.py,30,0,0,8
poetry,c467b34cbd5d99f4b620514d379c85e62e82b048,2018-03-12T16:59:02-05:00,poetry/masonry/utils/tags.py,0,0,0,245
poetry,c467b34cbd5d99f4b620514d379c85e62e82b048,2018-03-12T16:59:02-05:00,poetry/console/commands/show.py,247,0,0,6
poetry,c467b34cbd5d99f4b620514d379c85e62e82b048,2018-03-12T16:59:02-05:00,poetry/masonry/builders/wheel.py,261,2,0,256
poetry,c467b34cbd5d99f4b620514d379c85e62e82b048,2018-03-12T16:59:02-05:00,poetry/vcs/__init__.py,11,0,0,2
poetry,c467b34cbd5d99f4b620514d379c85e62e82b048,2018-03-12T16:59:02-05:00,poetry/masonry/builders/sdist.py,246,2,0,122
poetry,c467b34cbd5d99f4b620514d379c85e62e82b048,2018-03-12T16:59:02-05:00,tests/masonry/builders/test_sdist.py,129,0,0,81
poetry,c467b34cbd5d99f4b620514d379c85e62e82b048,2018-03-12T16:59:02-05:00,poetry/packages/utils/link.py,0,0,0,165
poetry,c467b34cbd5d99f4b620514d379c85e62e82b048,2018-03-12T16:59:02-05:00,poetry/io/null_io.py,47,0,0,40
poetry,c467b34cbd5d99f4b620514d379c85e62e82b048,2018-03-12T16:59:02-05:00,poetry/mixology/graph/delete_edge.py,58,2,0,0
poetry,c467b34cbd5d99f4b620514d379c85e62e82b048,2018-03-12T16:59:02-05:00,poetry/packages/package.py,289,4,0,16
poetry,c467b34cbd5d99f4b620514d379c85e62e82b048,2018-03-12T16:59:02-05:00,tests/packages/test_main.py,0,0,0,98
poetry,c467b34cbd5d99f4b620514d379c85e62e82b048,2018-03-12T16:59:02-05:00,tests/installation/test_installer.py,451,0,0,53
poetry,c467b34cbd5d99f4b620514d379c85e62e82b048,2018-03-12T16:59:02-05:00,poetry/repositories/legacy_repository.py,231,15,0,68
poetry,c467b34cbd5d99f4b620514d379c85e62e82b048,2018-03-12T16:59:02-05:00,poetry/puzzle/solver.py,142,0,0,12
poetry,c467b34cbd5d99f4b620514d379c85e62e82b048,2018-03-12T16:59:02-05:00,poetry/puzzle/provider.py,193,2,0,13
poetry,c467b34cbd5d99f4b620514d379c85e62e82b048,2018-03-12T16:59:02-05:00,poetry/utils/appdirs.py,0,0,0,254
poetry,c467b34cbd5d99f4b620514d379c85e62e82b048,2018-03-12T16:59:02-05:00,poetry/semver/version_parser.py,239,4,0,49
poetry,c467b34cbd5d99f4b620514d379c85e62e82b048,2018-03-12T16:59:02-05:00,poetry/semver/helpers.py,128,0,0,7
poetry,c467b34cbd5d99f4b620514d379c85e62e82b048,2018-03-12T16:59:02-05:00,poetry/puzzle/operations/update.py,42,2,0,0
poetry,c467b34cbd5d99f4b620514d379c85e62e82b048,2018-03-12T16:59:02-05:00,poetry/console/commands/debug/info.py,0,0,0,51
poetry,c467b34cbd5d99f4b620514d379c85e62e82b048,2018-03-12T16:59:02-05:00,poetry/utils/venv.py,101,0,0,336
poetry,c467b34cbd5d99f4b620514d379c85e62e82b048,2018-03-12T16:59:02-05:00,poetry/poetry.py,112,0,0,66
poetry,c467b34cbd5d99f4b620514d379c85e62e82b048,2018-03-12T16:59:02-05:00,tests/repositories/test_pypi_repository.py,42,0,0,4
poetry,c467b34cbd5d99f4b620514d379c85e62e82b048,2018-03-12T16:59:02-05:00,poetry/console/commands/new.py,43,0,0,2
poetry,c467b34cbd5d99f4b620514d379c85e62e82b048,2018-03-12T16:59:02-05:00,poetry/console/commands/check.py,0,0,0,17
poetry,c467b34cbd5d99f4b620514d379c85e62e82b048,2018-03-12T16:59:02-05:00,poetry/io/raw_argv_input.py,0,0,0,16
poetry,c467b34cbd5d99f4b620514d379c85e62e82b048,2018-03-12T16:59:02-05:00,tests/toml/test_toml.py,265,0,0,1
poetry,c467b34cbd5d99f4b620514d379c85e62e82b048,2018-03-12T16:59:02-05:00,poetry/version/version.py,249,2,0,0
poetry,c467b34cbd5d99f4b620514d379c85e62e82b048,2018-03-12T16:59:02-05:00,poetry/utils/pip_compat.py,0,0,0,10
poetry,c467b34cbd5d99f4b620514d379c85e62e82b048,2018-03-12T16:59:02-05:00,poetry/console/commands/debug/__init__.py,0,0,0,2
poetry,c467b34cbd5d99f4b620514d379c85e62e82b048,2018-03-12T16:59:02-05:00,poetry/installation/pip_installer.py,82,0,0,69
poetry,c467b34cbd5d99f4b620514d379c85e62e82b048,2018-03-12T16:59:02-05:00,poetry/toml/prettify/elements/inlinetable.py,78,2,0,0
poetry,c467b34cbd5d99f4b620514d379c85e62e82b048,2018-03-12T16:59:02-05:00,tests/masonry/builders/fixtures/extended/build.py,0,0,0,12
poetry,c467b34cbd5d99f4b620514d379c85e62e82b048,2018-03-12T16:59:02-05:00,poetry/exceptions.py,0,0,0,8
poetry,c467b34cbd5d99f4b620514d379c85e62e82b048,2018-03-12T16:59:02-05:00,poetry/version/markers.py,0,0,0,195
poetry,c467b34cbd5d99f4b620514d379c85e62e82b048,2018-03-12T16:59:02-05:00,poetry/mixology/graph/add_edge_no_circular.py,58,2,0,0
poetry,c467b34cbd5d99f4b620514d379c85e62e82b048,2018-03-12T16:59:02-05:00,tests/semver/test_version_parser.py,164,0,0,25
poetry,c467b34cbd5d99f4b620514d379c85e62e82b048,2018-03-12T16:59:02-05:00,poetry/mixology/resolution.py,953,4,0,0
poetry,c467b34cbd5d99f4b620514d379c85e62e82b048,2018-03-12T16:59:02-05:00,poetry/console/commands/__init__.py,11,0,0,2
poetry,c467b34cbd5d99f4b620514d379c85e62e82b048,2018-03-12T16:59:02-05:00,tests/masonry/builders/fixtures/extended/extended/__init__.py,0,0,0,0
poetry,c467b34cbd5d99f4b620514d379c85e62e82b048,2018-03-12T16:59:02-05:00,poetry/semver/constraints/constraint.py,142,2,0,7
poetry,c467b34cbd5d99f4b620514d379c85e62e82b048,2018-03-12T16:59:02-05:00,poetry/masonry/builders/builder.py,158,2,0,16
poetry,c467b34cbd5d99f4b620514d379c85e62e82b048,2018-03-12T16:59:02-05:00,poetry/installation/installer.py,443,7,0,55
poetry,c467b34cbd5d99f4b620514d379c85e62e82b048,2018-03-12T16:59:02-05:00,poetry/packages/utils/__init__.py,0,0,0,0
poetry,c467b34cbd5d99f4b620514d379c85e62e82b048,2018-03-12T16:59:02-05:00,poetry/mixology/graph/vertex.py,97,2,0,0
poetry,c467b34cbd5d99f4b620514d379c85e62e82b048,2018-03-12T16:59:02-05:00,poetry/__version__.py,1,0,0,36
poetry,c467b34cbd5d99f4b620514d379c85e62e82b048,2018-03-12T16:59:02-05:00,poetry/config.py,0,0,0,99
poetry,c467b34cbd5d99f4b620514d379c85e62e82b048,2018-03-12T16:59:02-05:00,poetry/console/commands/add.py,173,6,0,17
poetry,c467b34cbd5d99f4b620514d379c85e62e82b048,2018-03-12T16:59:02-05:00,poetry/packages/__init__.py,4,0,0,120
poetry,c467b34cbd5d99f4b620514d379c85e62e82b048,2018-03-12T16:59:02-05:00,poetry/repositories/pypi_repository.py,295,15,0,118
poetry,c467b34cbd5d99f4b620514d379c85e62e82b048,2018-03-12T16:59:02-05:00,poetry/console/commands/build.py,24,0,0,8
poetry,c467b34cbd5d99f4b620514d379c85e62e82b048,2018-03-12T16:59:02-05:00,tests/version/__init__.py,0,0,0,0
poetry,ea9726dc67c72dc2420a9ac98b637412fa1cc258,2018-03-14T10:30:42-05:00,poetry/console/application.py,66,0,0,67
poetry,ea9726dc67c72dc2420a9ac98b637412fa1cc258,2018-03-14T10:30:42-05:00,poetry/semver/constraints/wildcard_constraint.py,0,0,0,81
poetry,ea9726dc67c72dc2420a9ac98b637412fa1cc258,2018-03-14T10:30:42-05:00,poetry/locations.py,7,0,0,5
poetry,ea9726dc67c72dc2420a9ac98b637412fa1cc258,2018-03-14T10:30:42-05:00,poetry/console/commands/lock.py,32,1,0,11
poetry,ea9726dc67c72dc2420a9ac98b637412fa1cc258,2018-03-14T10:30:42-05:00,poetry/packages/constraints/platform_constraint.py,0,0,0,149
poetry,ea9726dc67c72dc2420a9ac98b637412fa1cc258,2018-03-14T10:30:42-05:00,poetry/console/commands/update.py,37,1,0,8
poetry,ea9726dc67c72dc2420a9ac98b637412fa1cc258,2018-03-14T10:30:42-05:00,poetry/masonry/__publisher.py,143,9,0,143
poetry,ea9726dc67c72dc2420a9ac98b637412fa1cc258,2018-03-14T10:30:42-05:00,tests/test_poetry.py,54,0,0,15
poetry,ea9726dc67c72dc2420a9ac98b637412fa1cc258,2018-03-14T10:30:42-05:00,poetry/puzzle/ui.py,39,0,0,1
poetry,ea9726dc67c72dc2420a9ac98b637412fa1cc258,2018-03-14T10:30:42-05:00,tests/puzzle/test_solver.py,442,0,0,43
poetry,ea9726dc67c72dc2420a9ac98b637412fa1cc258,2018-03-14T10:30:42-05:00,poetry/toml/peekableit.py,30,1,0,0
poetry,ea9726dc67c72dc2420a9ac98b637412fa1cc258,2018-03-14T10:30:42-05:00,poetry/console/commands/remove.py,84,6,0,7
poetry,ea9726dc67c72dc2420a9ac98b637412fa1cc258,2018-03-14T10:30:42-05:00,poetry/console/commands/command.py,40,0,0,17
poetry,ea9726dc67c72dc2420a9ac98b637412fa1cc258,2018-03-14T10:30:42-05:00,poetry/toml/prettify/util.py,140,1,0,0
poetry,ea9726dc67c72dc2420a9ac98b637412fa1cc258,2018-03-14T10:30:42-05:00,poetry/console/commands/run.py,0,0,0,32
poetry,ea9726dc67c72dc2420a9ac98b637412fa1cc258,2018-03-14T10:30:42-05:00,tests/version/test_helpers.py,11,0,0,11
poetry,ea9726dc67c72dc2420a9ac98b637412fa1cc258,2018-03-14T10:30:42-05:00,poetry/version/helpers.py,0,0,0,47
poetry,ea9726dc67c72dc2420a9ac98b637412fa1cc258,2018-03-14T10:30:42-05:00,poetry/masonry/builder.py,40,0,0,21
poetry,ea9726dc67c72dc2420a9ac98b637412fa1cc258,2018-03-14T10:30:42-05:00,poetry/semver/constraints/multi_constraint.py,41,0,0,2
poetry,ea9726dc67c72dc2420a9ac98b637412fa1cc258,2018-03-14T10:30:42-05:00,poetry/packages/locker.py,209,0,0,5
poetry,ea9726dc67c72dc2420a9ac98b637412fa1cc258,2018-03-14T10:30:42-05:00,tests/packages/test_dependency.py,70,0,0,29
poetry,ea9726dc67c72dc2420a9ac98b637412fa1cc258,2018-03-14T10:30:42-05:00,poetry/masonry/publishing/publisher.py,340,9,0,10
poetry,ea9726dc67c72dc2420a9ac98b637412fa1cc258,2018-03-14T10:30:42-05:00,poetry/toml/prettify/elements/array.py,139,2,0,0
poetry,ea9726dc67c72dc2420a9ac98b637412fa1cc258,2018-03-14T10:30:42-05:00,poetry/version/requirements.py,0,0,0,243
poetry,ea9726dc67c72dc2420a9ac98b637412fa1cc258,2018-03-14T10:30:42-05:00,poetry/json/__init__.py,0,0,0,0
poetry,ea9726dc67c72dc2420a9ac98b637412fa1cc258,2018-03-14T10:30:42-05:00,poetry/console/commands/config.py,206,0,0,124
poetry,ea9726dc67c72dc2420a9ac98b637412fa1cc258,2018-03-14T10:30:42-05:00,poetry/console/commands/venv_command.py,0,0,0,23
poetry,ea9726dc67c72dc2420a9ac98b637412fa1cc258,2018-03-14T10:30:42-05:00,poetry/vcs/git.py,96,6,0,0
poetry,ea9726dc67c72dc2420a9ac98b637412fa1cc258,2018-03-14T10:30:42-05:00,poetry/toml/prettify/parser/parser.py,391,2,0,0
poetry,ea9726dc67c72dc2420a9ac98b637412fa1cc258,2018-03-14T10:30:42-05:00,poetry/packages/utils/utils.py,0,0,0,139
poetry,ea9726dc67c72dc2420a9ac98b637412fa1cc258,2018-03-14T10:30:42-05:00,poetry/packages/dependency.py,166,1,0,71
poetry,ea9726dc67c72dc2420a9ac98b637412fa1cc258,2018-03-14T10:30:42-05:00,poetry/console/commands/install.py,39,1,0,11
poetry,ea9726dc67c72dc2420a9ac98b637412fa1cc258,2018-03-14T10:30:42-05:00,tests/masonry/builders/test_wheel.py,53,0,0,7
poetry,ea9726dc67c72dc2420a9ac98b637412fa1cc258,2018-03-14T10:30:42-05:00,poetry/masonry/metadata.py,68,1,0,39
poetry,ea9726dc67c72dc2420a9ac98b637412fa1cc258,2018-03-14T10:30:42-05:00,poetry/console/commands/debug/resolve.py,0,0,0,101
poetry,ea9726dc67c72dc2420a9ac98b637412fa1cc258,2018-03-14T10:30:42-05:00,poetry/masonry/builders/complete.py,46,0,0,4
poetry,ea9726dc67c72dc2420a9ac98b637412fa1cc258,2018-03-14T10:30:42-05:00,poetry/packages/constraints/__init__.py,0,0,0,0
poetry,ea9726dc67c72dc2420a9ac98b637412fa1cc258,2018-03-14T10:30:42-05:00,tests/masonry/builders/test_complete.py,55,0,0,83
poetry,ea9726dc67c72dc2420a9ac98b637412fa1cc258,2018-03-14T10:30:42-05:00,poetry/console/styles/poetry.py,30,0,0,8
poetry,ea9726dc67c72dc2420a9ac98b637412fa1cc258,2018-03-14T10:30:42-05:00,poetry/masonry/utils/tags.py,179,0,0,66
poetry,ea9726dc67c72dc2420a9ac98b637412fa1cc258,2018-03-14T10:30:42-05:00,poetry/console/commands/show.py,247,0,0,6
poetry,ea9726dc67c72dc2420a9ac98b637412fa1cc258,2018-03-14T10:30:42-05:00,poetry/masonry/builders/wheel.py,332,4,0,173
poetry,ea9726dc67c72dc2420a9ac98b637412fa1cc258,2018-03-14T10:30:42-05:00,tests/masonry/builders/test_sdist.py,147,0,0,63
poetry,ea9726dc67c72dc2420a9ac98b637412fa1cc258,2018-03-14T10:30:42-05:00,poetry/masonry/builders/sdist.py,259,2,0,73
poetry,ea9726dc67c72dc2420a9ac98b637412fa1cc258,2018-03-14T10:30:42-05:00,poetry/packages/utils/link.py,0,0,0,165
poetry,ea9726dc67c72dc2420a9ac98b637412fa1cc258,2018-03-14T10:30:42-05:00,poetry/io/null_io.py,51,0,0,30
poetry,ea9726dc67c72dc2420a9ac98b637412fa1cc258,2018-03-14T10:30:42-05:00,poetry/mixology/graph/delete_edge.py,58,2,0,0
poetry,ea9726dc67c72dc2420a9ac98b637412fa1cc258,2018-03-14T10:30:42-05:00,poetry/packages/package.py,293,4,0,12
poetry,ea9726dc67c72dc2420a9ac98b637412fa1cc258,2018-03-14T10:30:42-05:00,tests/installation/test_installer.py,451,0,0,59
poetry,ea9726dc67c72dc2420a9ac98b637412fa1cc258,2018-03-14T10:30:42-05:00,tests/packages/test_main.py,0,0,0,98
poetry,ea9726dc67c72dc2420a9ac98b637412fa1cc258,2018-03-14T10:30:42-05:00,poetry/repositories/legacy_repository.py,231,15,0,68
poetry,ea9726dc67c72dc2420a9ac98b637412fa1cc258,2018-03-14T10:30:42-05:00,poetry/puzzle/solver.py,142,0,0,23
poetry,ea9726dc67c72dc2420a9ac98b637412fa1cc258,2018-03-14T10:30:42-05:00,poetry/puzzle/provider.py,193,2,0,23
poetry,ea9726dc67c72dc2420a9ac98b637412fa1cc258,2018-03-14T10:30:42-05:00,poetry/utils/appdirs.py,0,0,0,254
poetry,ea9726dc67c72dc2420a9ac98b637412fa1cc258,2018-03-14T10:30:42-05:00,poetry/semver/version_parser.py,239,4,0,49
poetry,ea9726dc67c72dc2420a9ac98b637412fa1cc258,2018-03-14T10:30:42-05:00,poetry/puzzle/operations/update.py,42,2,0,0
poetry,ea9726dc67c72dc2420a9ac98b637412fa1cc258,2018-03-14T10:30:42-05:00,poetry/utils/venv.py,136,0,0,286
poetry,ea9726dc67c72dc2420a9ac98b637412fa1cc258,2018-03-14T10:30:42-05:00,poetry/console/commands/debug/info.py,0,0,0,51
poetry,ea9726dc67c72dc2420a9ac98b637412fa1cc258,2018-03-14T10:30:42-05:00,poetry/poetry.py,121,0,0,57
poetry,ea9726dc67c72dc2420a9ac98b637412fa1cc258,2018-03-14T10:30:42-05:00,tests/repositories/test_pypi_repository.py,42,0,0,4
poetry,ea9726dc67c72dc2420a9ac98b637412fa1cc258,2018-03-14T10:30:42-05:00,poetry/console/commands/new.py,43,0,0,2
poetry,ea9726dc67c72dc2420a9ac98b637412fa1cc258,2018-03-14T10:30:42-05:00,poetry/console/commands/check.py,0,0,0,17
poetry,ea9726dc67c72dc2420a9ac98b637412fa1cc258,2018-03-14T10:30:42-05:00,poetry/io/raw_argv_input.py,0,0,0,16
poetry,ea9726dc67c72dc2420a9ac98b637412fa1cc258,2018-03-14T10:30:42-05:00,poetry/utils/pip_compat.py,0,0,0,10
poetry,ea9726dc67c72dc2420a9ac98b637412fa1cc258,2018-03-14T10:30:42-05:00,poetry/version/version.py,249,2,0,0
poetry,ea9726dc67c72dc2420a9ac98b637412fa1cc258,2018-03-14T10:30:42-05:00,poetry/console/commands/debug/__init__.py,0,0,0,2
poetry,ea9726dc67c72dc2420a9ac98b637412fa1cc258,2018-03-14T10:30:42-05:00,poetry/toml/prettify/elements/inlinetable.py,78,2,0,0
poetry,ea9726dc67c72dc2420a9ac98b637412fa1cc258,2018-03-14T10:30:42-05:00,poetry/exceptions.py,0,0,0,8
poetry,ea9726dc67c72dc2420a9ac98b637412fa1cc258,2018-03-14T10:30:42-05:00,poetry/version/markers.py,0,0,0,195
poetry,ea9726dc67c72dc2420a9ac98b637412fa1cc258,2018-03-14T10:30:42-05:00,poetry/mixology/graph/add_edge_no_circular.py,58,2,0,0
poetry,ea9726dc67c72dc2420a9ac98b637412fa1cc258,2018-03-14T10:30:42-05:00,tests/semver/test_version_parser.py,183,0,0,25
poetry,ea9726dc67c72dc2420a9ac98b637412fa1cc258,2018-03-14T10:30:42-05:00,poetry/mixology/resolution.py,953,4,0,1
poetry,ea9726dc67c72dc2420a9ac98b637412fa1cc258,2018-03-14T10:30:42-05:00,poetry/console/commands/__init__.py,11,0,0,2
poetry,ea9726dc67c72dc2420a9ac98b637412fa1cc258,2018-03-14T10:30:42-05:00,poetry/semver/constraints/constraint.py,142,2,0,7
poetry,ea9726dc67c72dc2420a9ac98b637412fa1cc258,2018-03-14T10:30:42-05:00,poetry/masonry/builders/builder.py,165,4,0,5
poetry,ea9726dc67c72dc2420a9ac98b637412fa1cc258,2018-03-14T10:30:42-05:00,poetry/installation/installer.py,443,7,0,75
poetry,ea9726dc67c72dc2420a9ac98b637412fa1cc258,2018-03-14T10:30:42-05:00,poetry/packages/utils/__init__.py,0,0,0,0
poetry,ea9726dc67c72dc2420a9ac98b637412fa1cc258,2018-03-14T10:30:42-05:00,poetry/mixology/graph/vertex.py,97,2,0,0
poetry,ea9726dc67c72dc2420a9ac98b637412fa1cc258,2018-03-14T10:30:42-05:00,poetry/__version__.py,1,0,0,34
poetry,ea9726dc67c72dc2420a9ac98b637412fa1cc258,2018-03-14T10:30:42-05:00,poetry/config.py,0,0,0,99
poetry,ea9726dc67c72dc2420a9ac98b637412fa1cc258,2018-03-14T10:30:42-05:00,poetry/console/commands/add.py,173,6,0,17
poetry,ea9726dc67c72dc2420a9ac98b637412fa1cc258,2018-03-14T10:30:42-05:00,poetry/packages/__init__.py,4,0,0,120
poetry,ea9726dc67c72dc2420a9ac98b637412fa1cc258,2018-03-14T10:30:42-05:00,poetry/repositories/pypi_repository.py,295,15,0,118
poetry,ea9726dc67c72dc2420a9ac98b637412fa1cc258,2018-03-14T10:30:42-05:00,poetry/console/commands/build.py,24,0,0,6
poetry,ea9726dc67c72dc2420a9ac98b637412fa1cc258,2018-03-14T10:30:42-05:00,tests/version/__init__.py,0,0,0,0
poetry,3924f2e0382114861973f0aed42adac8af9e1f49,2018-03-15T13:08:22-05:00,poetry/console/application.py,55,0,0,56
poetry,3924f2e0382114861973f0aed42adac8af9e1f49,2018-03-15T13:08:22-05:00,poetry/semver/constraints/wildcard_constraint.py,0,0,0,81
poetry,3924f2e0382114861973f0aed42adac8af9e1f49,2018-03-15T13:08:22-05:00,poetry/locations.py,7,0,0,5
poetry,3924f2e0382114861973f0aed42adac8af9e1f49,2018-03-15T13:08:22-05:00,poetry/console/commands/lock.py,31,1,0,4
poetry,3924f2e0382114861973f0aed42adac8af9e1f49,2018-03-15T13:08:22-05:00,poetry/packages/constraints/platform_constraint.py,147,7,0,0
poetry,3924f2e0382114861973f0aed42adac8af9e1f49,2018-03-15T13:08:22-05:00,poetry/console/commands/update.py,37,1,0,2
poetry,3924f2e0382114861973f0aed42adac8af9e1f49,2018-03-15T13:08:22-05:00,tests/test_poetry.py,54,0,0,13
poetry,3924f2e0382114861973f0aed42adac8af9e1f49,2018-03-15T13:08:22-05:00,poetry/puzzle/ui.py,39,0,0,1
poetry,3924f2e0382114861973f0aed42adac8af9e1f49,2018-03-15T13:08:22-05:00,tests/puzzle/test_solver.py,472,0,0,13
poetry,3924f2e0382114861973f0aed42adac8af9e1f49,2018-03-15T13:08:22-05:00,poetry/toml/peekableit.py,30,1,0,0
poetry,3924f2e0382114861973f0aed42adac8af9e1f49,2018-03-15T13:08:22-05:00,poetry/console/commands/remove.py,85,6,0,2
poetry,3924f2e0382114861973f0aed42adac8af9e1f49,2018-03-15T13:08:22-05:00,poetry/console/commands/command.py,40,0,0,15
poetry,3924f2e0382114861973f0aed42adac8af9e1f49,2018-03-15T13:08:22-05:00,poetry/toml/prettify/util.py,140,1,0,0
poetry,3924f2e0382114861973f0aed42adac8af9e1f49,2018-03-15T13:08:22-05:00,poetry/console/commands/run.py,0,0,0,32
poetry,3924f2e0382114861973f0aed42adac8af9e1f49,2018-03-15T13:08:22-05:00,poetry/version/helpers.py,44,0,0,3
poetry,3924f2e0382114861973f0aed42adac8af9e1f49,2018-03-15T13:08:22-05:00,poetry/packages/locker.py,212,0,0,2
poetry,3924f2e0382114861973f0aed42adac8af9e1f49,2018-03-15T13:08:22-05:00,tests/packages/test_dependency.py,70,0,0,29
poetry,3924f2e0382114861973f0aed42adac8af9e1f49,2018-03-15T13:08:22-05:00,poetry/toml/prettify/elements/array.py,139,2,0,0
poetry,3924f2e0382114861973f0aed42adac8af9e1f49,2018-03-15T13:08:22-05:00,poetry/version/requirements.py,0,0,0,243
poetry,3924f2e0382114861973f0aed42adac8af9e1f49,2018-03-15T13:08:22-05:00,poetry/masonry/publishing/publisher.py,340,0,0,10
poetry,3924f2e0382114861973f0aed42adac8af9e1f49,2018-03-15T13:08:22-05:00,poetry/json/__init__.py,0,0,0,0
poetry,3924f2e0382114861973f0aed42adac8af9e1f49,2018-03-15T13:08:22-05:00,poetry/vcs/git.py,96,6,0,0
poetry,3924f2e0382114861973f0aed42adac8af9e1f49,2018-03-15T13:08:22-05:00,poetry/toml/prettify/parser/parser.py,391,2,0,0
poetry,3924f2e0382114861973f0aed42adac8af9e1f49,2018-03-15T13:08:22-05:00,poetry/packages/utils/utils.py,0,0,0,139
poetry,3924f2e0382114861973f0aed42adac8af9e1f49,2018-03-15T13:08:22-05:00,poetry/packages/dependency.py,175,1,0,58
poetry,3924f2e0382114861973f0aed42adac8af9e1f49,2018-03-15T13:08:22-05:00,poetry/console/commands/install.py,40,1,0,4
poetry,3924f2e0382114861973f0aed42adac8af9e1f49,2018-03-15T13:08:22-05:00,poetry/console/commands/debug/resolve.py,0,0,0,101
poetry,3924f2e0382114861973f0aed42adac8af9e1f49,2018-03-15T13:08:22-05:00,poetry/masonry/metadata.py,61,0,0,28
poetry,3924f2e0382114861973f0aed42adac8af9e1f49,2018-03-15T13:08:22-05:00,tests/masonry/builders/test_complete.py,56,0,0,80
poetry,3924f2e0382114861973f0aed42adac8af9e1f49,2018-03-15T13:08:22-05:00,poetry/masonry/utils/tags.py,179,0,0,66
poetry,3924f2e0382114861973f0aed42adac8af9e1f49,2018-03-15T13:08:22-05:00,poetry/masonry/builders/wheel.py,327,2,0,150
poetry,3924f2e0382114861973f0aed42adac8af9e1f49,2018-03-15T13:08:22-05:00,tests/masonry/builders/test_sdist.py,148,0,0,52
poetry,3924f2e0382114861973f0aed42adac8af9e1f49,2018-03-15T13:08:22-05:00,poetry/masonry/builders/sdist.py,250,0,0,60
poetry,3924f2e0382114861973f0aed42adac8af9e1f49,2018-03-15T13:08:22-05:00,poetry/packages/utils/link.py,0,0,0,165
poetry,3924f2e0382114861973f0aed42adac8af9e1f49,2018-03-15T13:08:22-05:00,poetry/mixology/graph/delete_edge.py,58,2,0,0
poetry,3924f2e0382114861973f0aed42adac8af9e1f49,2018-03-15T13:08:22-05:00,poetry/packages/package.py,295,4,0,6
poetry,3924f2e0382114861973f0aed42adac8af9e1f49,2018-03-15T13:08:22-05:00,tests/installation/test_installer.py,492,0,0,6
poetry,3924f2e0382114861973f0aed42adac8af9e1f49,2018-03-15T13:08:22-05:00,tests/packages/test_main.py,0,0,0,98
poetry,3924f2e0382114861973f0aed42adac8af9e1f49,2018-03-15T13:08:22-05:00,poetry/repositories/legacy_repository.py,231,12,0,68
poetry,3924f2e0382114861973f0aed42adac8af9e1f49,2018-03-15T13:08:22-05:00,poetry/puzzle/solver.py,150,0,0,11
poetry,3924f2e0382114861973f0aed42adac8af9e1f49,2018-03-15T13:08:22-05:00,poetry/puzzle/provider.py,196,2,0,18
poetry,3924f2e0382114861973f0aed42adac8af9e1f49,2018-03-15T13:08:22-05:00,poetry/utils/appdirs.py,0,0,0,254
poetry,3924f2e0382114861973f0aed42adac8af9e1f49,2018-03-15T13:08:22-05:00,poetry/semver/version_parser.py,246,9,0,32
poetry,3924f2e0382114861973f0aed42adac8af9e1f49,2018-03-15T13:08:22-05:00,poetry/puzzle/operations/update.py,42,2,0,0
poetry,3924f2e0382114861973f0aed42adac8af9e1f49,2018-03-15T13:08:22-05:00,poetry/utils/venv.py,196,0,0,222
poetry,3924f2e0382114861973f0aed42adac8af9e1f49,2018-03-15T13:08:22-05:00,poetry/console/commands/debug/info.py,0,0,0,51
poetry,3924f2e0382114861973f0aed42adac8af9e1f49,2018-03-15T13:08:22-05:00,poetry/poetry.py,121,0,0,57
poetry,3924f2e0382114861973f0aed42adac8af9e1f49,2018-03-15T13:08:22-05:00,tests/repositories/test_pypi_repository.py,42,0,0,2
poetry,3924f2e0382114861973f0aed42adac8af9e1f49,2018-03-15T13:08:22-05:00,poetry/console/commands/new.py,43,0,0,2
poetry,3924f2e0382114861973f0aed42adac8af9e1f49,2018-03-15T13:08:22-05:00,poetry/console/commands/check.py,0,0,0,17
poetry,3924f2e0382114861973f0aed42adac8af9e1f49,2018-03-15T13:08:22-05:00,poetry/io/raw_argv_input.py,0,0,0,16
poetry,3924f2e0382114861973f0aed42adac8af9e1f49,2018-03-15T13:08:22-05:00,poetry/utils/pip_compat.py,0,0,0,10
poetry,3924f2e0382114861973f0aed42adac8af9e1f49,2018-03-15T13:08:22-05:00,poetry/version/version.py,249,2,0,0
poetry,3924f2e0382114861973f0aed42adac8af9e1f49,2018-03-15T13:08:22-05:00,poetry/console/commands/debug/__init__.py,0,0,0,2
poetry,3924f2e0382114861973f0aed42adac8af9e1f49,2018-03-15T13:08:22-05:00,poetry/toml/prettify/elements/inlinetable.py,78,2,0,0
poetry,3924f2e0382114861973f0aed42adac8af9e1f49,2018-03-15T13:08:22-05:00,poetry/exceptions.py,0,0,0,8
poetry,3924f2e0382114861973f0aed42adac8af9e1f49,2018-03-15T13:08:22-05:00,poetry/version/markers.py,0,0,0,195
poetry,3924f2e0382114861973f0aed42adac8af9e1f49,2018-03-15T13:08:22-05:00,poetry/mixology/graph/add_edge_no_circular.py,58,2,0,0
poetry,3924f2e0382114861973f0aed42adac8af9e1f49,2018-03-15T13:08:22-05:00,tests/semver/test_version_parser.py,183,0,0,6
poetry,3924f2e0382114861973f0aed42adac8af9e1f49,2018-03-15T13:08:22-05:00,poetry/mixology/resolution.py,953,4,0,1
poetry,3924f2e0382114861973f0aed42adac8af9e1f49,2018-03-15T13:08:22-05:00,poetry/console/commands/__init__.py,11,0,0,2
poetry,3924f2e0382114861973f0aed42adac8af9e1f49,2018-03-15T13:08:22-05:00,poetry/semver/constraints/constraint.py,142,3,0,7
poetry,3924f2e0382114861973f0aed42adac8af9e1f49,2018-03-15T13:08:22-05:00,poetry/masonry/builders/builder.py,166,3,0,2
poetry,3924f2e0382114861973f0aed42adac8af9e1f49,2018-03-15T13:08:22-05:00,poetry/installation/installer.py,462,7,0,28
poetry,3924f2e0382114861973f0aed42adac8af9e1f49,2018-03-15T13:08:22-05:00,poetry/packages/utils/__init__.py,0,0,0,0
poetry,3924f2e0382114861973f0aed42adac8af9e1f49,2018-03-15T13:08:22-05:00,poetry/mixology/graph/vertex.py,97,2,0,0
poetry,3924f2e0382114861973f0aed42adac8af9e1f49,2018-03-15T13:08:22-05:00,poetry/__version__.py,1,0,0,30
poetry,3924f2e0382114861973f0aed42adac8af9e1f49,2018-03-15T13:08:22-05:00,poetry/config.py,93,2,0,0
poetry,3924f2e0382114861973f0aed42adac8af9e1f49,2018-03-15T13:08:22-05:00,poetry/console/commands/add.py,174,6,0,12
poetry,3924f2e0382114861973f0aed42adac8af9e1f49,2018-03-15T13:08:22-05:00,poetry/packages/__init__.py,4,0,0,120
poetry,3924f2e0382114861973f0aed42adac8af9e1f49,2018-03-15T13:08:22-05:00,poetry/repositories/pypi_repository.py,296,12,0,107
poetry,3924f2e0382114861973f0aed42adac8af9e1f49,2018-03-15T13:08:22-05:00,poetry/console/commands/build.py,24,0,0,2
poetry,deff8fa642b801a01cb2bc4f2b7c2a6d0ab66f63,2018-03-16T15:51:58-05:00,poetry/packages/constraints/generic_constraint.py,0,0,0,7
poetry,deff8fa642b801a01cb2bc4f2b7c2a6d0ab66f63,2018-03-16T15:51:58-05:00,poetry/console/application.py,105,0,0,13
poetry,deff8fa642b801a01cb2bc4f2b7c2a6d0ab66f63,2018-03-16T15:51:58-05:00,poetry/semver/constraints/wildcard_constraint.py,0,0,0,85
poetry,deff8fa642b801a01cb2bc4f2b7c2a6d0ab66f63,2018-03-16T15:51:58-05:00,poetry/locations.py,7,0,0,5
poetry,deff8fa642b801a01cb2bc4f2b7c2a6d0ab66f63,2018-03-16T15:51:58-05:00,poetry/console/commands/lock.py,31,1,0,4
poetry,deff8fa642b801a01cb2bc4f2b7c2a6d0ab66f63,2018-03-16T15:51:58-05:00,poetry/packages/constraints/platform_constraint.py,147,7,0,0
poetry,deff8fa642b801a01cb2bc4f2b7c2a6d0ab66f63,2018-03-16T15:51:58-05:00,poetry/console/commands/update.py,37,1,0,4
poetry,deff8fa642b801a01cb2bc4f2b7c2a6d0ab66f63,2018-03-16T15:51:58-05:00,tests/test_poetry.py,63,0,0,31
poetry,deff8fa642b801a01cb2bc4f2b7c2a6d0ab66f63,2018-03-16T15:51:58-05:00,poetry/puzzle/ui.py,39,0,0,1
poetry,deff8fa642b801a01cb2bc4f2b7c2a6d0ab66f63,2018-03-16T15:51:58-05:00,tests/puzzle/test_solver.py,472,0,0,37
poetry,deff8fa642b801a01cb2bc4f2b7c2a6d0ab66f63,2018-03-16T15:51:58-05:00,poetry/toml/peekableit.py,30,1,0,0
poetry,deff8fa642b801a01cb2bc4f2b7c2a6d0ab66f63,2018-03-16T15:51:58-05:00,poetry/console/commands/remove.py,85,6,0,6
poetry,deff8fa642b801a01cb2bc4f2b7c2a6d0ab66f63,2018-03-16T15:51:58-05:00,poetry/console/commands/command.py,25,0,0,5
poetry,deff8fa642b801a01cb2bc4f2b7c2a6d0ab66f63,2018-03-16T15:51:58-05:00,poetry/toml/prettify/util.py,140,1,0,0
poetry,deff8fa642b801a01cb2bc4f2b7c2a6d0ab66f63,2018-03-16T15:51:58-05:00,poetry/version/helpers.py,44,0,0,3
poetry,deff8fa642b801a01cb2bc4f2b7c2a6d0ab66f63,2018-03-16T15:51:58-05:00,poetry/masonry/builder.py,25,0,0,2
poetry,deff8fa642b801a01cb2bc4f2b7c2a6d0ab66f63,2018-03-16T15:51:58-05:00,poetry/packages/locker.py,212,0,0,2
poetry,deff8fa642b801a01cb2bc4f2b7c2a6d0ab66f63,2018-03-16T15:51:58-05:00,tests/packages/test_dependency.py,70,0,0,29
poetry,deff8fa642b801a01cb2bc4f2b7c2a6d0ab66f63,2018-03-16T15:51:58-05:00,poetry/masonry/publishing/uploader.py,0,0,0,310
poetry,deff8fa642b801a01cb2bc4f2b7c2a6d0ab66f63,2018-03-16T15:51:58-05:00,poetry/toml/prettify/elements/array.py,139,2,0,0
poetry,deff8fa642b801a01cb2bc4f2b7c2a6d0ab66f63,2018-03-16T15:51:58-05:00,poetry/version/requirements.py,0,0,0,243
poetry,deff8fa642b801a01cb2bc4f2b7c2a6d0ab66f63,2018-03-16T15:51:58-05:00,poetry/console/commands/venv_command.py,23,0,0,8
poetry,deff8fa642b801a01cb2bc4f2b7c2a6d0ab66f63,2018-03-16T15:51:58-05:00,poetry/console/commands/config.py,222,0,0,60
poetry,deff8fa642b801a01cb2bc4f2b7c2a6d0ab66f63,2018-03-16T15:51:58-05:00,poetry/json/__init__.py,0,0,0,0
poetry,deff8fa642b801a01cb2bc4f2b7c2a6d0ab66f63,2018-03-16T15:51:58-05:00,poetry/masonry/publishing/publisher.py,340,0,0,336
poetry,deff8fa642b801a01cb2bc4f2b7c2a6d0ab66f63,2018-03-16T15:51:58-05:00,poetry/vcs/git.py,96,6,0,0
poetry,deff8fa642b801a01cb2bc4f2b7c2a6d0ab66f63,2018-03-16T15:51:58-05:00,poetry/toml/prettify/parser/parser.py,391,2,0,0
poetry,deff8fa642b801a01cb2bc4f2b7c2a6d0ab66f63,2018-03-16T15:51:58-05:00,poetry/packages/utils/utils.py,0,0,0,139
poetry,deff8fa642b801a01cb2bc4f2b7c2a6d0ab66f63,2018-03-16T15:51:58-05:00,poetry/utils/toml_file.py,34,0,0,10
poetry,deff8fa642b801a01cb2bc4f2b7c2a6d0ab66f63,2018-03-16T15:51:58-05:00,poetry/packages/dependency.py,175,1,0,76
poetry,deff8fa642b801a01cb2bc4f2b7c2a6d0ab66f63,2018-03-16T15:51:58-05:00,poetry/console/__init__.py,1,0,0,4
poetry,deff8fa642b801a01cb2bc4f2b7c2a6d0ab66f63,2018-03-16T15:51:58-05:00,poetry/console/commands/install.py,40,1,0,4
poetry,deff8fa642b801a01cb2bc4f2b7c2a6d0ab66f63,2018-03-16T15:51:58-05:00,tests/masonry/builders/test_wheel.py,54,0,0,2
poetry,deff8fa642b801a01cb2bc4f2b7c2a6d0ab66f63,2018-03-16T15:51:58-05:00,poetry/console/commands/debug/resolve.py,100,5,0,23
poetry,deff8fa642b801a01cb2bc4f2b7c2a6d0ab66f63,2018-03-16T15:51:58-05:00,poetry/masonry/metadata.py,61,0,0,28
poetry,deff8fa642b801a01cb2bc4f2b7c2a6d0ab66f63,2018-03-16T15:51:58-05:00,poetry/masonry/builders/complete.py,46,0,0,4
poetry,deff8fa642b801a01cb2bc4f2b7c2a6d0ab66f63,2018-03-16T15:51:58-05:00,tests/masonry/builders/test_complete.py,56,0,0,92
poetry,deff8fa642b801a01cb2bc4f2b7c2a6d0ab66f63,2018-03-16T15:51:58-05:00,poetry/masonry/utils/tags.py,179,0,0,74
poetry,deff8fa642b801a01cb2bc4f2b7c2a6d0ab66f63,2018-03-16T15:51:58-05:00,poetry/console/commands/show.py,247,0,0,58
poetry,deff8fa642b801a01cb2bc4f2b7c2a6d0ab66f63,2018-03-16T15:51:58-05:00,poetry/masonry/builders/wheel.py,327,2,0,190
poetry,deff8fa642b801a01cb2bc4f2b7c2a6d0ab66f63,2018-03-16T15:51:58-05:00,tests/masonry/builders/test_sdist.py,148,0,0,56
poetry,deff8fa642b801a01cb2bc4f2b7c2a6d0ab66f63,2018-03-16T15:51:58-05:00,poetry/masonry/builders/sdist.py,250,0,0,75
poetry,deff8fa642b801a01cb2bc4f2b7c2a6d0ab66f63,2018-03-16T15:51:58-05:00,poetry/packages/utils/link.py,0,0,0,165
poetry,deff8fa642b801a01cb2bc4f2b7c2a6d0ab66f63,2018-03-16T15:51:58-05:00,poetry/packages/vcs_dependency.py,69,0,0,2
poetry,deff8fa642b801a01cb2bc4f2b7c2a6d0ab66f63,2018-03-16T15:51:58-05:00,poetry/mixology/graph/delete_edge.py,58,2,0,0
poetry,deff8fa642b801a01cb2bc4f2b7c2a6d0ab66f63,2018-03-16T15:51:58-05:00,poetry/packages/package.py,295,4,0,8
poetry,deff8fa642b801a01cb2bc4f2b7c2a6d0ab66f63,2018-03-16T15:51:58-05:00,tests/packages/test_main.py,0,0,0,122
poetry,deff8fa642b801a01cb2bc4f2b7c2a6d0ab66f63,2018-03-16T15:51:58-05:00,tests/installation/test_installer.py,492,0,0,11
poetry,deff8fa642b801a01cb2bc4f2b7c2a6d0ab66f63,2018-03-16T15:51:58-05:00,poetry/repositories/legacy_repository.py,231,12,0,70
poetry,deff8fa642b801a01cb2bc4f2b7c2a6d0ab66f63,2018-03-16T15:51:58-05:00,poetry/puzzle/solver.py,150,0,0,21
poetry,deff8fa642b801a01cb2bc4f2b7c2a6d0ab66f63,2018-03-16T15:51:58-05:00,poetry/puzzle/provider.py,196,2,0,18
poetry,deff8fa642b801a01cb2bc4f2b7c2a6d0ab66f63,2018-03-16T15:51:58-05:00,poetry/utils/appdirs.py,0,0,0,254
poetry,deff8fa642b801a01cb2bc4f2b7c2a6d0ab66f63,2018-03-16T15:51:58-05:00,poetry/semver/version_parser.py,246,9,0,32
poetry,deff8fa642b801a01cb2bc4f2b7c2a6d0ab66f63,2018-03-16T15:51:58-05:00,poetry/semver/helpers.py,135,0,0,29
poetry,deff8fa642b801a01cb2bc4f2b7c2a6d0ab66f63,2018-03-16T15:51:58-05:00,poetry/__init__.py,7,0,0,8
poetry,deff8fa642b801a01cb2bc4f2b7c2a6d0ab66f63,2018-03-16T15:51:58-05:00,poetry/puzzle/operations/update.py,42,2,0,4
poetry,deff8fa642b801a01cb2bc4f2b7c2a6d0ab66f63,2018-03-16T15:51:58-05:00,poetry/console/commands/debug/info.py,0,0,0,51
poetry,deff8fa642b801a01cb2bc4f2b7c2a6d0ab66f63,2018-03-16T15:51:58-05:00,poetry/utils/venv.py,223,0,0,142
poetry,deff8fa642b801a01cb2bc4f2b7c2a6d0ab66f63,2018-03-16T15:51:58-05:00,poetry/console/commands/check.py,17,0,0,19
poetry,deff8fa642b801a01cb2bc4f2b7c2a6d0ab66f63,2018-03-16T15:51:58-05:00,poetry/poetry.py,154,0,0,69
poetry,deff8fa642b801a01cb2bc4f2b7c2a6d0ab66f63,2018-03-16T15:51:58-05:00,poetry/console/commands/new.py,43,0,0,2
poetry,deff8fa642b801a01cb2bc4f2b7c2a6d0ab66f63,2018-03-16T15:51:58-05:00,tests/repositories/test_pypi_repository.py,42,0,0,2
poetry,deff8fa642b801a01cb2bc4f2b7c2a6d0ab66f63,2018-03-16T15:51:58-05:00,poetry/utils/pip_compat.py,0,0,0,10
poetry,deff8fa642b801a01cb2bc4f2b7c2a6d0ab66f63,2018-03-16T15:51:58-05:00,poetry/version/version.py,249,2,0,0
poetry,deff8fa642b801a01cb2bc4f2b7c2a6d0ab66f63,2018-03-16T15:51:58-05:00,poetry/repositories/pool.py,82,0,0,4
poetry,deff8fa642b801a01cb2bc4f2b7c2a6d0ab66f63,2018-03-16T15:51:58-05:00,poetry/console/commands/debug/__init__.py,1,0,0,1
poetry,deff8fa642b801a01cb2bc4f2b7c2a6d0ab66f63,2018-03-16T15:51:58-05:00,poetry/packages/project_package.py,0,0,0,0
poetry,deff8fa642b801a01cb2bc4f2b7c2a6d0ab66f63,2018-03-16T15:51:58-05:00,poetry/installation/pip_installer.py,82,0,0,17
poetry,deff8fa642b801a01cb2bc4f2b7c2a6d0ab66f63,2018-03-16T15:51:58-05:00,poetry/toml/prettify/elements/inlinetable.py,78,2,0,0
poetry,deff8fa642b801a01cb2bc4f2b7c2a6d0ab66f63,2018-03-16T15:51:58-05:00,poetry/exceptions.py,8,0,0,8
poetry,deff8fa642b801a01cb2bc4f2b7c2a6d0ab66f63,2018-03-16T15:51:58-05:00,poetry/version/markers.py,0,0,0,195
poetry,deff8fa642b801a01cb2bc4f2b7c2a6d0ab66f63,2018-03-16T15:51:58-05:00,poetry/mixology/graph/add_edge_no_circular.py,58,2,0,0
poetry,deff8fa642b801a01cb2bc4f2b7c2a6d0ab66f63,2018-03-16T15:51:58-05:00,tests/semver/test_version_parser.py,183,0,0,6
poetry,deff8fa642b801a01cb2bc4f2b7c2a6d0ab66f63,2018-03-16T15:51:58-05:00,poetry/mixology/resolution.py,953,4,0,32
poetry,deff8fa642b801a01cb2bc4f2b7c2a6d0ab66f63,2018-03-16T15:51:58-05:00,poetry/console/commands/__init__.py,13,0,0,1
poetry,deff8fa642b801a01cb2bc4f2b7c2a6d0ab66f63,2018-03-16T15:51:58-05:00,poetry/mixology/state.py,69,0,0,7
poetry,deff8fa642b801a01cb2bc4f2b7c2a6d0ab66f63,2018-03-16T15:51:58-05:00,poetry/mixology/possibility_set.py,16,0,0,2
poetry,deff8fa642b801a01cb2bc4f2b7c2a6d0ab66f63,2018-03-16T15:51:58-05:00,poetry/semver/constraints/constraint.py,142,3,0,21
poetry,deff8fa642b801a01cb2bc4f2b7c2a6d0ab66f63,2018-03-16T15:51:58-05:00,poetry/utils/_compat.py,0,0,0,3
poetry,deff8fa642b801a01cb2bc4f2b7c2a6d0ab66f63,2018-03-16T15:51:58-05:00,poetry/masonry/builders/builder.py,166,3,0,21
poetry,deff8fa642b801a01cb2bc4f2b7c2a6d0ab66f63,2018-03-16T15:51:58-05:00,poetry/installation/installer.py,462,7,0,108
poetry,deff8fa642b801a01cb2bc4f2b7c2a6d0ab66f63,2018-03-16T15:51:58-05:00,poetry/packages/utils/__init__.py,0,0,0,0
poetry,deff8fa642b801a01cb2bc4f2b7c2a6d0ab66f63,2018-03-16T15:51:58-05:00,poetry/mixology/graph/vertex.py,97,2,0,0
poetry,deff8fa642b801a01cb2bc4f2b7c2a6d0ab66f63,2018-03-16T15:51:58-05:00,poetry/console/commands/publish.py,32,0,0,4
poetry,deff8fa642b801a01cb2bc4f2b7c2a6d0ab66f63,2018-03-16T15:51:58-05:00,poetry/__version__.py,1,0,0,32
poetry,deff8fa642b801a01cb2bc4f2b7c2a6d0ab66f63,2018-03-16T15:51:58-05:00,poetry/config.py,93,2,0,0
poetry,deff8fa642b801a01cb2bc4f2b7c2a6d0ab66f63,2018-03-16T15:51:58-05:00,poetry/version/version_selector.py,69,0,0,2
poetry,deff8fa642b801a01cb2bc4f2b7c2a6d0ab66f63,2018-03-16T15:51:58-05:00,poetry/console/commands/add.py,174,11,0,28
poetry,deff8fa642b801a01cb2bc4f2b7c2a6d0ab66f63,2018-03-16T15:51:58-05:00,poetry/packages/__init__.py,4,0,0,157
poetry,deff8fa642b801a01cb2bc4f2b7c2a6d0ab66f63,2018-03-16T15:51:58-05:00,poetry/repositories/pypi_repository.py,296,12,0,126
poetry,deff8fa642b801a01cb2bc4f2b7c2a6d0ab66f63,2018-03-16T15:51:58-05:00,poetry/toml/cascadedict.py,67,0,0,4
poetry,deff8fa642b801a01cb2bc4f2b7c2a6d0ab66f63,2018-03-16T15:51:58-05:00,poetry/console/commands/build.py,24,0,0,10
poetry,1a780975175bad19b6d22aa8488bfdf9f719578e,2018-03-22T15:42:00-05:00,tests/spdx/test_license.py,0,0,0,41
poetry,1a780975175bad19b6d22aa8488bfdf9f719578e,2018-03-22T15:42:00-05:00,poetry/packages/constraints/generic_constraint.py,152,8,0,7
poetry,1a780975175bad19b6d22aa8488bfdf9f719578e,2018-03-22T15:42:00-05:00,poetry/console/application.py,107,0,0,17
poetry,1a780975175bad19b6d22aa8488bfdf9f719578e,2018-03-22T15:42:00-05:00,poetry/semver/constraints/wildcard_constraint.py,81,1,0,4
poetry,1a780975175bad19b6d22aa8488bfdf9f719578e,2018-03-22T15:42:00-05:00,poetry/console/commands/lock.py,31,1,0,4
poetry,1a780975175bad19b6d22aa8488bfdf9f719578e,2018-03-22T15:42:00-05:00,poetry/console/commands/update.py,37,1,0,4
poetry,1a780975175bad19b6d22aa8488bfdf9f719578e,2018-03-22T15:42:00-05:00,tests/test_poetry.py,61,0,0,38
poetry,1a780975175bad19b6d22aa8488bfdf9f719578e,2018-03-22T15:42:00-05:00,poetry/puzzle/ui.py,39,0,0,1
poetry,1a780975175bad19b6d22aa8488bfdf9f719578e,2018-03-22T15:42:00-05:00,tests/puzzle/test_solver.py,472,0,0,78
poetry,1a780975175bad19b6d22aa8488bfdf9f719578e,2018-03-22T15:42:00-05:00,poetry/toml/peekableit.py,30,1,0,0
poetry,1a780975175bad19b6d22aa8488bfdf9f719578e,2018-03-22T15:42:00-05:00,poetry/console/commands/remove.py,85,6,0,6
poetry,1a780975175bad19b6d22aa8488bfdf9f719578e,2018-03-22T15:42:00-05:00,poetry/console/commands/command.py,25,0,0,5
poetry,1a780975175bad19b6d22aa8488bfdf9f719578e,2018-03-22T15:42:00-05:00,poetry/toml/prettify/util.py,140,1,0,0
poetry,1a780975175bad19b6d22aa8488bfdf9f719578e,2018-03-22T15:42:00-05:00,poetry/masonry/builder.py,25,0,0,2
poetry,1a780975175bad19b6d22aa8488bfdf9f719578e,2018-03-22T15:42:00-05:00,poetry/packages/locker.py,212,0,0,6
poetry,1a780975175bad19b6d22aa8488bfdf9f719578e,2018-03-22T15:42:00-05:00,poetry/masonry/publishing/uploader.py,0,0,0,310
poetry,1a780975175bad19b6d22aa8488bfdf9f719578e,2018-03-22T15:42:00-05:00,tests/console/__init__.py,0,0,0,0
poetry,1a780975175bad19b6d22aa8488bfdf9f719578e,2018-03-22T15:42:00-05:00,poetry/toml/prettify/elements/array.py,139,2,0,0
poetry,1a780975175bad19b6d22aa8488bfdf9f719578e,2018-03-22T15:42:00-05:00,poetry/masonry/publishing/publisher.py,348,0,0,326
poetry,1a780975175bad19b6d22aa8488bfdf9f719578e,2018-03-22T15:42:00-05:00,poetry/console/commands/venv_command.py,23,0,0,8
poetry,1a780975175bad19b6d22aa8488bfdf9f719578e,2018-03-22T15:42:00-05:00,poetry/console/commands/config.py,222,0,0,60
poetry,1a780975175bad19b6d22aa8488bfdf9f719578e,2018-03-22T15:42:00-05:00,poetry/vcs/git.py,96,6,0,0
poetry,1a780975175bad19b6d22aa8488bfdf9f719578e,2018-03-22T15:42:00-05:00,poetry/toml/prettify/parser/parser.py,391,2,0,0
poetry,1a780975175bad19b6d22aa8488bfdf9f719578e,2018-03-22T15:42:00-05:00,poetry/utils/toml_file.py,34,0,0,10
poetry,1a780975175bad19b6d22aa8488bfdf9f719578e,2018-03-22T15:42:00-05:00,poetry/packages/dependency.py,207,1,0,18
poetry,1a780975175bad19b6d22aa8488bfdf9f719578e,2018-03-22T15:42:00-05:00,poetry/console/__init__.py,1,0,0,4
poetry,1a780975175bad19b6d22aa8488bfdf9f719578e,2018-03-22T15:42:00-05:00,poetry/console/commands/install.py,40,1,0,4
poetry,1a780975175bad19b6d22aa8488bfdf9f719578e,2018-03-22T15:42:00-05:00,tests/masonry/builders/test_wheel.py,54,0,0,2
poetry,1a780975175bad19b6d22aa8488bfdf9f719578e,2018-03-22T15:42:00-05:00,poetry/toml/prettify/tokens/py2toml.py,130,0,0,16
poetry,1a780975175bad19b6d22aa8488bfdf9f719578e,2018-03-22T15:42:00-05:00,poetry/console/commands/debug/resolve.py,100,5,0,23
poetry,1a780975175bad19b6d22aa8488bfdf9f719578e,2018-03-22T15:42:00-05:00,poetry/masonry/metadata.py,79,0,0,4
poetry,1a780975175bad19b6d22aa8488bfdf9f719578e,2018-03-22T15:42:00-05:00,poetry/masonry/builders/complete.py,46,0,0,4
poetry,1a780975175bad19b6d22aa8488bfdf9f719578e,2018-03-22T15:42:00-05:00,poetry/layouts/layout.py,115,0,0,50
poetry,1a780975175bad19b6d22aa8488bfdf9f719578e,2018-03-22T15:42:00-05:00,tests/masonry/builders/test_complete.py,128,0,0,15
poetry,1a780975175bad19b6d22aa8488bfdf9f719578e,2018-03-22T15:42:00-05:00,poetry/masonry/utils/tags.py,173,0,0,8
poetry,1a780975175bad19b6d22aa8488bfdf9f719578e,2018-03-22T15:42:00-05:00,poetry/console/commands/show.py,247,0,0,60
poetry,1a780975175bad19b6d22aa8488bfdf9f719578e,2018-03-22T15:42:00-05:00,tests/masonry/builders/test_sdist.py,166,0,0,4
poetry,1a780975175bad19b6d22aa8488bfdf9f719578e,2018-03-22T15:42:00-05:00,poetry/masonry/builders/wheel.py,325,0,0,40
poetry,1a780975175bad19b6d22aa8488bfdf9f719578e,2018-03-22T15:42:00-05:00,poetry/masonry/builders/sdist.py,256,0,0,15
poetry,1a780975175bad19b6d22aa8488bfdf9f719578e,2018-03-22T15:42:00-05:00,poetry/console/commands/version.py,0,0,0,135
poetry,1a780975175bad19b6d22aa8488bfdf9f719578e,2018-03-22T15:42:00-05:00,poetry/spdx/license.py,0,0,0,126
poetry,1a780975175bad19b6d22aa8488bfdf9f719578e,2018-03-22T15:42:00-05:00,poetry/packages/vcs_dependency.py,69,0,0,2
poetry,1a780975175bad19b6d22aa8488bfdf9f719578e,2018-03-22T15:42:00-05:00,poetry/mixology/graph/delete_edge.py,58,2,0,0
poetry,1a780975175bad19b6d22aa8488bfdf9f719578e,2018-03-22T15:42:00-05:00,poetry/packages/package.py,295,4,0,32
poetry,1a780975175bad19b6d22aa8488bfdf9f719578e,2018-03-22T15:42:00-05:00,tests/packages/test_main.py,98,0,0,24
poetry,1a780975175bad19b6d22aa8488bfdf9f719578e,2018-03-22T15:42:00-05:00,tests/installation/test_installer.py,492,0,0,11
poetry,1a780975175bad19b6d22aa8488bfdf9f719578e,2018-03-22T15:42:00-05:00,poetry/repositories/legacy_repository.py,199,9,0,6
poetry,1a780975175bad19b6d22aa8488bfdf9f719578e,2018-03-22T15:42:00-05:00,poetry/puzzle/solver.py,150,0,0,44
poetry,1a780975175bad19b6d22aa8488bfdf9f719578e,2018-03-22T15:42:00-05:00,poetry/puzzle/provider.py,196,2,0,72
poetry,1a780975175bad19b6d22aa8488bfdf9f719578e,2018-03-22T15:42:00-05:00,poetry/semver/version_parser.py,224,9,0,4
poetry,1a780975175bad19b6d22aa8488bfdf9f719578e,2018-03-22T15:42:00-05:00,poetry/semver/helpers.py,135,0,0,29
poetry,1a780975175bad19b6d22aa8488bfdf9f719578e,2018-03-22T15:42:00-05:00,poetry/puzzle/operations/operation.py,33,0,0,4
poetry,1a780975175bad19b6d22aa8488bfdf9f719578e,2018-03-22T15:42:00-05:00,poetry/__init__.py,7,0,0,21
poetry,1a780975175bad19b6d22aa8488bfdf9f719578e,2018-03-22T15:42:00-05:00,poetry/puzzle/operations/update.py,42,2,0,4
poetry,1a780975175bad19b6d22aa8488bfdf9f719578e,2018-03-22T15:42:00-05:00,poetry/utils/venv.py,301,0,0,43
poetry,1a780975175bad19b6d22aa8488bfdf9f719578e,2018-03-22T15:42:00-05:00,tests/console/commands/test_version.py,0,0,0,38
poetry,1a780975175bad19b6d22aa8488bfdf9f719578e,2018-03-22T15:42:00-05:00,poetry/poetry.py,162,0,0,25
poetry,1a780975175bad19b6d22aa8488bfdf9f719578e,2018-03-22T15:42:00-05:00,poetry/console/commands/check.py,17,0,0,4
poetry,1a780975175bad19b6d22aa8488bfdf9f719578e,2018-03-22T15:42:00-05:00,poetry/console/commands/new.py,43,0,0,4
poetry,1a780975175bad19b6d22aa8488bfdf9f719578e,2018-03-22T15:42:00-05:00,tests/toml/test_toml.py,264,0,0,25
poetry,1a780975175bad19b6d22aa8488bfdf9f719578e,2018-03-22T15:42:00-05:00,poetry/version/version.py,249,2,0,0
poetry,1a780975175bad19b6d22aa8488bfdf9f719578e,2018-03-22T15:42:00-05:00,poetry/repositories/pool.py,82,0,0,4
poetry,1a780975175bad19b6d22aa8488bfdf9f719578e,2018-03-22T15:42:00-05:00,poetry/packages/project_package.py,0,0,0,0
poetry,1a780975175bad19b6d22aa8488bfdf9f719578e,2018-03-22T15:42:00-05:00,poetry/installation/pip_installer.py,82,0,0,17
poetry,1a780975175bad19b6d22aa8488bfdf9f719578e,2018-03-22T15:42:00-05:00,poetry/toml/prettify/elements/inlinetable.py,78,2,0,0
poetry,1a780975175bad19b6d22aa8488bfdf9f719578e,2018-03-22T15:42:00-05:00,poetry/spdx/updater.py,0,0,0,45
poetry,1a780975175bad19b6d22aa8488bfdf9f719578e,2018-03-22T15:42:00-05:00,tests/spdx/test_main.py,0,0,0,34
poetry,1a780975175bad19b6d22aa8488bfdf9f719578e,2018-03-22T15:42:00-05:00,poetry/mixology/graph/add_edge_no_circular.py,58,2,0,0
poetry,1a780975175bad19b6d22aa8488bfdf9f719578e,2018-03-22T15:42:00-05:00,poetry/console/commands/__init__.py,13,0,0,2
poetry,1a780975175bad19b6d22aa8488bfdf9f719578e,2018-03-22T15:42:00-05:00,poetry/mixology/resolution.py,953,4,0,32
poetry,1a780975175bad19b6d22aa8488bfdf9f719578e,2018-03-22T15:42:00-05:00,poetry/mixology/state.py,69,0,0,7
poetry,1a780975175bad19b6d22aa8488bfdf9f719578e,2018-03-22T15:42:00-05:00,poetry/mixology/possibility_set.py,16,0,0,2
poetry,1a780975175bad19b6d22aa8488bfdf9f719578e,2018-03-22T15:42:00-05:00,poetry/semver/constraints/constraint.py,145,3,0,14
poetry,1a780975175bad19b6d22aa8488bfdf9f719578e,2018-03-22T15:42:00-05:00,poetry/utils/_compat.py,0,0,0,3
poetry,1a780975175bad19b6d22aa8488bfdf9f719578e,2018-03-22T15:42:00-05:00,tests/spdx/__init__.py,0,0,0,0
poetry,1a780975175bad19b6d22aa8488bfdf9f719578e,2018-03-22T15:42:00-05:00,poetry/masonry/builders/builder.py,168,1,0,19
poetry,1a780975175bad19b6d22aa8488bfdf9f719578e,2018-03-22T15:42:00-05:00,poetry/installation/installer.py,462,7,0,138
poetry,1a780975175bad19b6d22aa8488bfdf9f719578e,2018-03-22T15:42:00-05:00,poetry/mixology/graph/vertex.py,97,2,0,0
poetry,1a780975175bad19b6d22aa8488bfdf9f719578e,2018-03-22T15:42:00-05:00,tests/console/commands/__init__.py,0,0,0,0
poetry,1a780975175bad19b6d22aa8488bfdf9f719578e,2018-03-22T15:42:00-05:00,poetry/console/commands/publish.py,32,0,0,4
poetry,1a780975175bad19b6d22aa8488bfdf9f719578e,2018-03-22T15:42:00-05:00,poetry/__version__.py,1,0,0,14
poetry,1a780975175bad19b6d22aa8488bfdf9f719578e,2018-03-22T15:42:00-05:00,poetry/console/commands/script.py,0,0,0,54
poetry,1a780975175bad19b6d22aa8488bfdf9f719578e,2018-03-22T15:42:00-05:00,get-poetry.py,0,0,0,271
poetry,1a780975175bad19b6d22aa8488bfdf9f719578e,2018-03-22T15:42:00-05:00,poetry/config.py,93,2,0,0
poetry,1a780975175bad19b6d22aa8488bfdf9f719578e,2018-03-22T15:42:00-05:00,poetry/version/version_selector.py,69,0,0,2
poetry,1a780975175bad19b6d22aa8488bfdf9f719578e,2018-03-22T15:42:00-05:00,poetry/console/commands/add.py,180,11,0,22
poetry,1a780975175bad19b6d22aa8488bfdf9f719578e,2018-03-22T15:42:00-05:00,poetry/packages/__init__.py,124,0,0,37
poetry,1a780975175bad19b6d22aa8488bfdf9f719578e,2018-03-22T15:42:00-05:00,poetry/repositories/pypi_repository.py,211,9,0,19
poetry,1a780975175bad19b6d22aa8488bfdf9f719578e,2018-03-22T15:42:00-05:00,poetry/toml/cascadedict.py,67,0,0,8
poetry,1a780975175bad19b6d22aa8488bfdf9f719578e,2018-03-22T15:42:00-05:00,poetry/console/commands/build.py,24,0,0,10
poetry,1a780975175bad19b6d22aa8488bfdf9f719578e,2018-03-22T15:42:00-05:00,poetry/spdx/__init__.py,0,0,0,44
poetry,af3b46d75594d6ee157d1f380e221bb34c2d8fc4,2018-03-29T18:24:17-05:00,tests/spdx/test_license.py,0,0,0,41
poetry,af3b46d75594d6ee157d1f380e221bb34c2d8fc4,2018-03-29T18:24:17-05:00,poetry/packages/constraints/generic_constraint.py,155,9,0,4
poetry,af3b46d75594d6ee157d1f380e221bb34c2d8fc4,2018-03-29T18:24:17-05:00,poetry/console/application.py,107,0,0,33
poetry,af3b46d75594d6ee157d1f380e221bb34c2d8fc4,2018-03-29T18:24:17-05:00,poetry/semver/constraints/wildcard_constraint.py,81,1,0,10
poetry,af3b46d75594d6ee157d1f380e221bb34c2d8fc4,2018-03-29T18:24:17-05:00,poetry/toml/peekableit.py,30,1,0,0
poetry,af3b46d75594d6ee157d1f380e221bb34c2d8fc4,2018-03-29T18:24:17-05:00,poetry/console/commands/remove.py,85,6,0,4
poetry,af3b46d75594d6ee157d1f380e221bb34c2d8fc4,2018-03-29T18:24:17-05:00,poetry/console/commands/command.py,24,0,0,8
poetry,af3b46d75594d6ee157d1f380e221bb34c2d8fc4,2018-03-29T18:24:17-05:00,poetry/repositories/installed_repository.py,24,0,0,2
poetry,af3b46d75594d6ee157d1f380e221bb34c2d8fc4,2018-03-29T18:24:17-05:00,poetry/toml/prettify/util.py,140,1,0,0
poetry,af3b46d75594d6ee157d1f380e221bb34c2d8fc4,2018-03-29T18:24:17-05:00,poetry/console/commands/run.py,32,0,0,2
poetry,af3b46d75594d6ee157d1f380e221bb34c2d8fc4,2018-03-29T18:24:17-05:00,tests/helpers.py,22,0,0,11
poetry,af3b46d75594d6ee157d1f380e221bb34c2d8fc4,2018-03-29T18:24:17-05:00,poetry/masonry/api.py,43,0,0,5
poetry,af3b46d75594d6ee157d1f380e221bb34c2d8fc4,2018-03-29T18:24:17-05:00,poetry/toml/prettify/elements/array.py,139,2,0,0
poetry,af3b46d75594d6ee157d1f380e221bb34c2d8fc4,2018-03-29T18:24:17-05:00,poetry/__main__.py,0,0,0,6
poetry,af3b46d75594d6ee157d1f380e221bb34c2d8fc4,2018-03-29T18:24:17-05:00,poetry/version/requirements.py,243,0,0,6
poetry,af3b46d75594d6ee157d1f380e221bb34c2d8fc4,2018-03-29T18:24:17-05:00,poetry/console/commands/venv_command.py,25,0,0,8
poetry,af3b46d75594d6ee157d1f380e221bb34c2d8fc4,2018-03-29T18:24:17-05:00,poetry/console/commands/config.py,246,0,0,19
poetry,af3b46d75594d6ee157d1f380e221bb34c2d8fc4,2018-03-29T18:24:17-05:00,poetry/toml/prettify/parser/parser.py,391,2,0,0
poetry,af3b46d75594d6ee157d1f380e221bb34c2d8fc4,2018-03-29T18:24:17-05:00,poetry/packages/utils/utils.py,139,0,0,17
poetry,af3b46d75594d6ee157d1f380e221bb34c2d8fc4,2018-03-29T18:24:17-05:00,poetry/packages/dependency.py,211,1,0,32
poetry,af3b46d75594d6ee157d1f380e221bb34c2d8fc4,2018-03-29T18:24:17-05:00,poetry/console/__init__.py,1,0,0,6
poetry,af3b46d75594d6ee157d1f380e221bb34c2d8fc4,2018-03-29T18:24:17-05:00,poetry/packages/file_dependency.py,0,0,0,81
poetry,af3b46d75594d6ee157d1f380e221bb34c2d8fc4,2018-03-29T18:24:17-05:00,poetry/toml/prettify/tokens/py2toml.py,130,0,0,29
poetry,af3b46d75594d6ee157d1f380e221bb34c2d8fc4,2018-03-29T18:24:17-05:00,poetry/console/commands/debug/resolve.py,107,6,0,16
poetry,af3b46d75594d6ee157d1f380e221bb34c2d8fc4,2018-03-29T18:24:17-05:00,poetry/masonry/metadata.py,79,0,0,11
poetry,af3b46d75594d6ee157d1f380e221bb34c2d8fc4,2018-03-29T18:24:17-05:00,poetry/masonry/builders/complete.py,46,0,0,13
poetry,af3b46d75594d6ee157d1f380e221bb34c2d8fc4,2018-03-29T18:24:17-05:00,poetry/masonry/utils/tags.py,179,0,0,1
poetry,af3b46d75594d6ee157d1f380e221bb34c2d8fc4,2018-03-29T18:24:17-05:00,poetry/masonry/builders/sdist.py,259,0,0,132
poetry,af3b46d75594d6ee157d1f380e221bb34c2d8fc4,2018-03-29T18:24:17-05:00,poetry/spdx/license.py,0,0,0,126
poetry,af3b46d75594d6ee157d1f380e221bb34c2d8fc4,2018-03-29T18:24:17-05:00,poetry/packages/vcs_dependency.py,69,0,0,10
poetry,af3b46d75594d6ee157d1f380e221bb34c2d8fc4,2018-03-29T18:24:17-05:00,poetry/layouts/__init__.py,16,0,0,2
poetry,af3b46d75594d6ee157d1f380e221bb34c2d8fc4,2018-03-29T18:24:17-05:00,tests/packages/test_main.py,122,0,0,24
poetry,af3b46d75594d6ee157d1f380e221bb34c2d8fc4,2018-03-29T18:24:17-05:00,poetry/puzzle/solver.py,163,0,0,25
poetry,af3b46d75594d6ee157d1f380e221bb34c2d8fc4,2018-03-29T18:24:17-05:00,poetry/layouts/standard.py,19,0,0,2
poetry,af3b46d75594d6ee157d1f380e221bb34c2d8fc4,2018-03-29T18:24:17-05:00,poetry/__init__.py,7,0,0,21
poetry,af3b46d75594d6ee157d1f380e221bb34c2d8fc4,2018-03-29T18:24:17-05:00,poetry/mixology/exceptions.py,134,0,0,4
poetry,af3b46d75594d6ee157d1f380e221bb34c2d8fc4,2018-03-29T18:24:17-05:00,tests/toml/test_toml.py,264,0,0,26
poetry,af3b46d75594d6ee157d1f380e221bb34c2d8fc4,2018-03-29T18:24:17-05:00,poetry/version/version.py,249,2,0,0
poetry,af3b46d75594d6ee157d1f380e221bb34c2d8fc4,2018-03-29T18:24:17-05:00,poetry/installation/pip_installer.py,87,0,0,24
poetry,af3b46d75594d6ee157d1f380e221bb34c2d8fc4,2018-03-29T18:24:17-05:00,poetry/toml/prettify/elements/inlinetable.py,78,2,0,0
poetry,af3b46d75594d6ee157d1f380e221bb34c2d8fc4,2018-03-29T18:24:17-05:00,poetry/spdx/updater.py,0,0,0,50
poetry,af3b46d75594d6ee157d1f380e221bb34c2d8fc4,2018-03-29T18:24:17-05:00,poetry/mixology/graph/add_edge_no_circular.py,58,2,0,0
poetry,af3b46d75594d6ee157d1f380e221bb34c2d8fc4,2018-03-29T18:24:17-05:00,poetry/mixology/resolution.py,957,4,0,54
poetry,af3b46d75594d6ee157d1f380e221bb34c2d8fc4,2018-03-29T18:24:17-05:00,poetry/masonry/builders/builder.py,175,2,0,40
poetry,af3b46d75594d6ee157d1f380e221bb34c2d8fc4,2018-03-29T18:24:17-05:00,tests/console/commands/__init__.py,0,0,0,0
poetry,af3b46d75594d6ee157d1f380e221bb34c2d8fc4,2018-03-29T18:24:17-05:00,poetry/console/commands/publish.py,32,0,0,4
poetry,af3b46d75594d6ee157d1f380e221bb34c2d8fc4,2018-03-29T18:24:17-05:00,poetry/installation/noop_installer.py,30,0,0,6
poetry,af3b46d75594d6ee157d1f380e221bb34c2d8fc4,2018-03-29T18:24:17-05:00,poetry/__version__.py,1,0,0,14
poetry,af3b46d75594d6ee157d1f380e221bb34c2d8fc4,2018-03-29T18:24:17-05:00,poetry/config.py,93,2,0,12
poetry,af3b46d75594d6ee157d1f380e221bb34c2d8fc4,2018-03-29T18:24:17-05:00,poetry/console/commands/add.py,185,12,0,19
poetry,af3b46d75594d6ee157d1f380e221bb34c2d8fc4,2018-03-29T18:24:17-05:00,poetry/packages/__init__.py,147,0,0,26
poetry,af3b46d75594d6ee157d1f380e221bb34c2d8fc4,2018-03-29T18:24:17-05:00,poetry/console/commands/build.py,26,0,0,4
poetry,af3b46d75594d6ee157d1f380e221bb34c2d8fc4,2018-03-29T18:24:17-05:00,poetry/spdx/__init__.py,0,0,0,44
poetry,af3b46d75594d6ee157d1f380e221bb34c2d8fc4,2018-03-29T18:24:17-05:00,poetry/console/commands/lock.py,31,1,0,4
poetry,af3b46d75594d6ee157d1f380e221bb34c2d8fc4,2018-03-29T18:24:17-05:00,poetry/console/commands/update.py,37,1,0,4
poetry,af3b46d75594d6ee157d1f380e221bb34c2d8fc4,2018-03-29T18:24:17-05:00,tests/test_poetry.py,65,0,0,35
poetry,af3b46d75594d6ee157d1f380e221bb34c2d8fc4,2018-03-29T18:24:17-05:00,poetry/mixology/resolver.py,38,0,0,14
poetry,af3b46d75594d6ee157d1f380e221bb34c2d8fc4,2018-03-29T18:24:17-05:00,poetry/puzzle/ui.py,38,0,0,10
poetry,af3b46d75594d6ee157d1f380e221bb34c2d8fc4,2018-03-29T18:24:17-05:00,poetry/puzzle/operations/install.py,29,0,0,6
poetry,af3b46d75594d6ee157d1f380e221bb34c2d8fc4,2018-03-29T18:24:17-05:00,tests/puzzle/test_solver.py,477,0,0,41
poetry,af3b46d75594d6ee157d1f380e221bb34c2d8fc4,2018-03-29T18:24:17-05:00,poetry/mixology/unwind_details.py,101,0,0,3
poetry,af3b46d75594d6ee157d1f380e221bb34c2d8fc4,2018-03-29T18:24:17-05:00,poetry/masonry/builder.py,25,0,0,2
poetry,af3b46d75594d6ee157d1f380e221bb34c2d8fc4,2018-03-29T18:24:17-05:00,poetry/packages/locker.py,212,0,0,37
poetry,af3b46d75594d6ee157d1f380e221bb34c2d8fc4,2018-03-29T18:24:17-05:00,tests/console/__init__.py,0,0,0,0
poetry,af3b46d75594d6ee157d1f380e221bb34c2d8fc4,2018-03-29T18:24:17-05:00,poetry/masonry/publishing/publisher.py,90,0,0,3
poetry,af3b46d75594d6ee157d1f380e221bb34c2d8fc4,2018-03-29T18:24:17-05:00,poetry/repositories/repository.py,109,0,0,29
poetry,af3b46d75594d6ee157d1f380e221bb34c2d8fc4,2018-03-29T18:24:17-05:00,poetry/vcs/git.py,96,6,0,24
poetry,af3b46d75594d6ee157d1f380e221bb34c2d8fc4,2018-03-29T18:24:17-05:00,poetry/utils/toml_file.py,36,0,0,9
poetry,af3b46d75594d6ee157d1f380e221bb34c2d8fc4,2018-03-29T18:24:17-05:00,poetry/console/commands/install.py,40,1,0,4
poetry,af3b46d75594d6ee157d1f380e221bb34c2d8fc4,2018-03-29T18:24:17-05:00,tests/masonry/builders/test_wheel.py,54,0,0,5
poetry,af3b46d75594d6ee157d1f380e221bb34c2d8fc4,2018-03-29T18:24:17-05:00,poetry/layouts/layout.py,115,0,0,56
poetry,af3b46d75594d6ee157d1f380e221bb34c2d8fc4,2018-03-29T18:24:17-05:00,tests/masonry/builders/test_complete.py,128,0,0,28
poetry,af3b46d75594d6ee157d1f380e221bb34c2d8fc4,2018-03-29T18:24:17-05:00,poetry/puzzle/exceptions.py,10,0,0,2
poetry,af3b46d75594d6ee157d1f380e221bb34c2d8fc4,2018-03-29T18:24:17-05:00,tests/packages/test_file_dependency.py,0,0,0,46
poetry,af3b46d75594d6ee157d1f380e221bb34c2d8fc4,2018-03-29T18:24:17-05:00,poetry/semver/constraints/base_constraint.py,4,0,0,2
poetry,af3b46d75594d6ee157d1f380e221bb34c2d8fc4,2018-03-29T18:24:17-05:00,poetry/console/styles/poetry.py,24,0,0,6
poetry,af3b46d75594d6ee157d1f380e221bb34c2d8fc4,2018-03-29T18:24:17-05:00,poetry/console/commands/show.py,266,0,0,10
poetry,af3b46d75594d6ee157d1f380e221bb34c2d8fc4,2018-03-29T18:24:17-05:00,poetry/vcs/__init__.py,11,0,0,4
poetry,af3b46d75594d6ee157d1f380e221bb34c2d8fc4,2018-03-29T18:24:17-05:00,poetry/masonry/builders/wheel.py,329,0,0,57
poetry,af3b46d75594d6ee157d1f380e221bb34c2d8fc4,2018-03-29T18:24:17-05:00,tests/masonry/builders/test_sdist.py,166,0,0,58
poetry,af3b46d75594d6ee157d1f380e221bb34c2d8fc4,2018-03-29T18:24:17-05:00,poetry/console/commands/version.py,0,0,0,135
poetry,af3b46d75594d6ee157d1f380e221bb34c2d8fc4,2018-03-29T18:24:17-05:00,poetry/packages/utils/link.py,165,0,0,22
poetry,af3b46d75594d6ee157d1f380e221bb34c2d8fc4,2018-03-29T18:24:17-05:00,poetry/masonry/utils/module.py,41,0,0,11
poetry,af3b46d75594d6ee157d1f380e221bb34c2d8fc4,2018-03-29T18:24:17-05:00,poetry/io/null_io.py,31,0,0,10
poetry,af3b46d75594d6ee157d1f380e221bb34c2d8fc4,2018-03-29T18:24:17-05:00,poetry/mixology/graph/delete_edge.py,58,2,0,0
poetry,af3b46d75594d6ee157d1f380e221bb34c2d8fc4,2018-03-29T18:24:17-05:00,poetry/packages/package.py,295,5,0,88
poetry,af3b46d75594d6ee157d1f380e221bb34c2d8fc4,2018-03-29T18:24:17-05:00,tests/installation/test_installer.py,493,0,0,139
poetry,af3b46d75594d6ee157d1f380e221bb34c2d8fc4,2018-03-29T18:24:17-05:00,poetry/repositories/legacy_repository.py,199,9,0,37
poetry,af3b46d75594d6ee157d1f380e221bb34c2d8fc4,2018-03-29T18:24:17-05:00,poetry/utils/helpers.py,11,0,0,23
poetry,af3b46d75594d6ee157d1f380e221bb34c2d8fc4,2018-03-29T18:24:17-05:00,poetry/puzzle/provider.py,208,1,0,119
poetry,af3b46d75594d6ee157d1f380e221bb34c2d8fc4,2018-03-29T18:24:17-05:00,poetry/semver/version_parser.py,224,9,0,18
poetry,af3b46d75594d6ee157d1f380e221bb34c2d8fc4,2018-03-29T18:24:17-05:00,poetry/repositories/base_repository.py,23,0,0,2
poetry,af3b46d75594d6ee157d1f380e221bb34c2d8fc4,2018-03-29T18:24:17-05:00,poetry/semver/helpers.py,140,0,0,6
poetry,af3b46d75594d6ee157d1f380e221bb34c2d8fc4,2018-03-29T18:24:17-05:00,poetry/puzzle/operations/operation.py,33,0,0,22
poetry,af3b46d75594d6ee157d1f380e221bb34c2d8fc4,2018-03-29T18:24:17-05:00,poetry/puzzle/operations/update.py,46,2,0,0
poetry,af3b46d75594d6ee157d1f380e221bb34c2d8fc4,2018-03-29T18:24:17-05:00,poetry/utils/venv.py,307,0,0,75
poetry,af3b46d75594d6ee157d1f380e221bb34c2d8fc4,2018-03-29T18:24:17-05:00,tests/console/commands/test_version.py,0,0,0,38
poetry,af3b46d75594d6ee157d1f380e221bb34c2d8fc4,2018-03-29T18:24:17-05:00,poetry/poetry.py,166,0,0,89
poetry,af3b46d75594d6ee157d1f380e221bb34c2d8fc4,2018-03-29T18:24:17-05:00,tests/repositories/test_pypi_repository.py,42,0,0,85
poetry,af3b46d75594d6ee157d1f380e221bb34c2d8fc4,2018-03-29T18:24:17-05:00,poetry/console/commands/check.py,17,0,0,6
poetry,af3b46d75594d6ee157d1f380e221bb34c2d8fc4,2018-03-29T18:24:17-05:00,poetry/console/commands/new.py,43,0,0,6
poetry,af3b46d75594d6ee157d1f380e221bb34c2d8fc4,2018-03-29T18:24:17-05:00,poetry/repositories/pool.py,82,0,0,23
poetry,af3b46d75594d6ee157d1f380e221bb34c2d8fc4,2018-03-29T18:24:17-05:00,poetry/mixology/graph/add_vertex.py,66,0,0,10
poetry,af3b46d75594d6ee157d1f380e221bb34c2d8fc4,2018-03-29T18:24:17-05:00,poetry/version/__init__.py,56,0,0,7
poetry,af3b46d75594d6ee157d1f380e221bb34c2d8fc4,2018-03-29T18:24:17-05:00,tests/spdx/test_main.py,0,0,0,34
poetry,af3b46d75594d6ee157d1f380e221bb34c2d8fc4,2018-03-29T18:24:17-05:00,poetry/console/commands/__init__.py,13,0,0,3
poetry,af3b46d75594d6ee157d1f380e221bb34c2d8fc4,2018-03-29T18:24:17-05:00,poetry/semver/constraints/constraint.py,151,3,0,11
poetry,af3b46d75594d6ee157d1f380e221bb34c2d8fc4,2018-03-29T18:24:17-05:00,poetry/utils/_compat.py,3,0,0,73
poetry,af3b46d75594d6ee157d1f380e221bb34c2d8fc4,2018-03-29T18:24:17-05:00,tests/spdx/__init__.py,0,0,0,0
poetry,af3b46d75594d6ee157d1f380e221bb34c2d8fc4,2018-03-29T18:24:17-05:00,poetry/installation/installer.py,498,7,0,94
poetry,af3b46d75594d6ee157d1f380e221bb34c2d8fc4,2018-03-29T18:24:17-05:00,poetry/mixology/graph/vertex.py,97,2,0,0
poetry,af3b46d75594d6ee157d1f380e221bb34c2d8fc4,2018-03-29T18:24:17-05:00,poetry/mixology/contracts/specification_provider.py,86,0,0,28
poetry,af3b46d75594d6ee157d1f380e221bb34c2d8fc4,2018-03-29T18:24:17-05:00,poetry/mixology/contracts/ui.py,37,0,0,14
poetry,af3b46d75594d6ee157d1f380e221bb34c2d8fc4,2018-03-29T18:24:17-05:00,tests/utils/test_toml_file.py,59,0,0,3
poetry,af3b46d75594d6ee157d1f380e221bb34c2d8fc4,2018-03-29T18:24:17-05:00,poetry/console/commands/search.py,0,0,0,35
poetry,af3b46d75594d6ee157d1f380e221bb34c2d8fc4,2018-03-29T18:24:17-05:00,poetry/console/commands/script.py,0,0,0,56
poetry,af3b46d75594d6ee157d1f380e221bb34c2d8fc4,2018-03-29T18:24:17-05:00,get-poetry.py,0,0,0,279
poetry,af3b46d75594d6ee157d1f380e221bb34c2d8fc4,2018-03-29T18:24:17-05:00,poetry/version/version_selector.py,69,0,0,6
poetry,af3b46d75594d6ee157d1f380e221bb34c2d8fc4,2018-03-29T18:24:17-05:00,poetry/mixology/graph/action.py,24,0,0,8
poetry,af3b46d75594d6ee157d1f380e221bb34c2d8fc4,2018-03-29T18:24:17-05:00,poetry/toml/cascadedict.py,69,0,0,4
poetry,af3b46d75594d6ee157d1f380e221bb34c2d8fc4,2018-03-29T18:24:17-05:00,poetry/repositories/pypi_repository.py,212,9,0,295
poetry,1c66807b0b5f5b58bb289b3f7f94796b6c720f95,2018-04-17T20:18:01-05:00,poetry/packages/constraints/generic_constraint.py,155,9,0,0
poetry,1c66807b0b5f5b58bb289b3f7f94796b6c720f95,2018-04-17T20:18:01-05:00,poetry/console/application.py,123,0,0,73
poetry,1c66807b0b5f5b58bb289b3f7f94796b6c720f95,2018-04-17T20:18:01-05:00,poetry/semver/constraints/wildcard_constraint.py,81,1,0,0
poetry,1c66807b0b5f5b58bb289b3f7f94796b6c720f95,2018-04-17T20:18:01-05:00,poetry/console/commands/lock.py,31,2,0,4
poetry,1c66807b0b5f5b58bb289b3f7f94796b6c720f95,2018-04-17T20:18:01-05:00,poetry/console/commands/update.py,37,1,0,4
poetry,1c66807b0b5f5b58bb289b3f7f94796b6c720f95,2018-04-17T20:18:01-05:00,tests/fixtures/git/github.com/demo/demo/demo/__init__.py,0,0,0,0
poetry,1c66807b0b5f5b58bb289b3f7f94796b6c720f95,2018-04-17T20:18:01-05:00,poetry/puzzle/ui.py,38,0,0,38
poetry,1c66807b0b5f5b58bb289b3f7f94796b6c720f95,2018-04-17T20:18:01-05:00,tests/puzzle/test_solver.py,535,0,0,59
poetry,1c66807b0b5f5b58bb289b3f7f94796b6c720f95,2018-04-17T20:18:01-05:00,poetry/toml/peekableit.py,30,1,0,0
poetry,1c66807b0b5f5b58bb289b3f7f94796b6c720f95,2018-04-17T20:18:01-05:00,poetry/console/commands/remove.py,85,6,0,4
poetry,1c66807b0b5f5b58bb289b3f7f94796b6c720f95,2018-04-17T20:18:01-05:00,tests/console/conftest.py,0,0,0,171
poetry,1c66807b0b5f5b58bb289b3f7f94796b6c720f95,2018-04-17T20:18:01-05:00,poetry/console/commands/command.py,22,0,0,73
poetry,1c66807b0b5f5b58bb289b3f7f94796b6c720f95,2018-04-17T20:18:01-05:00,poetry/console/commands/run.py,32,2,0,0
poetry,1c66807b0b5f5b58bb289b3f7f94796b6c720f95,2018-04-17T20:18:01-05:00,poetry/toml/prettify/util.py,140,1,0,0
poetry,1c66807b0b5f5b58bb289b3f7f94796b6c720f95,2018-04-17T20:18:01-05:00,tests/utils/test_helpers.py,0,0,0,50
poetry,1c66807b0b5f5b58bb289b3f7f94796b6c720f95,2018-04-17T20:18:01-05:00,tests/console/commands/test_check.py,0,0,0,14
poetry,1c66807b0b5f5b58bb289b3f7f94796b6c720f95,2018-04-17T20:18:01-05:00,poetry/toml/prettify/elements/array.py,139,2,0,0
poetry,1c66807b0b5f5b58bb289b3f7f94796b6c720f95,2018-04-17T20:18:01-05:00,poetry/repositories/repository.py,80,0,0,9
poetry,1c66807b0b5f5b58bb289b3f7f94796b6c720f95,2018-04-17T20:18:01-05:00,poetry/console/commands/config.py,249,0,0,4
poetry,1c66807b0b5f5b58bb289b3f7f94796b6c720f95,2018-04-17T20:18:01-05:00,poetry/console/commands/venv_command.py,25,0,0,4
poetry,1c66807b0b5f5b58bb289b3f7f94796b6c720f95,2018-04-17T20:18:01-05:00,poetry/toml/prettify/parser/parser.py,391,2,0,0
poetry,1c66807b0b5f5b58bb289b3f7f94796b6c720f95,2018-04-17T20:18:01-05:00,poetry/vcs/git.py,100,6,0,2
poetry,1c66807b0b5f5b58bb289b3f7f94796b6c720f95,2018-04-17T20:18:01-05:00,poetry/packages/dependency.py,215,1,0,0
poetry,1c66807b0b5f5b58bb289b3f7f94796b6c720f95,2018-04-17T20:18:01-05:00,poetry/packages/file_dependency.py,81,0,0,2
poetry,1c66807b0b5f5b58bb289b3f7f94796b6c720f95,2018-04-17T20:18:01-05:00,poetry/console/commands/install.py,40,2,0,7
poetry,1c66807b0b5f5b58bb289b3f7f94796b6c720f95,2018-04-17T20:18:01-05:00,poetry/console/commands/debug/resolve.py,107,6,0,4
poetry,1c66807b0b5f5b58bb289b3f7f94796b6c720f95,2018-04-17T20:18:01-05:00,poetry/console/styles/poetry.py,24,0,0,1
poetry,1c66807b0b5f5b58bb289b3f7f94796b6c720f95,2018-04-17T20:18:01-05:00,poetry/masonry/builders/wheel.py,338,0,0,6
poetry,1c66807b0b5f5b58bb289b3f7f94796b6c720f95,2018-04-17T20:18:01-05:00,tests/fixtures/git/github.com/demo/pyproject-demo/demo/__init__.py,0,0,0,0
poetry,1c66807b0b5f5b58bb289b3f7f94796b6c720f95,2018-04-17T20:18:01-05:00,poetry/mixology/graph/delete_edge.py,58,2,0,0
poetry,1c66807b0b5f5b58bb289b3f7f94796b6c720f95,2018-04-17T20:18:01-05:00,poetry/packages/package.py,327,4,0,5
poetry,1c66807b0b5f5b58bb289b3f7f94796b6c720f95,2018-04-17T20:18:01-05:00,tests/packages/test_main.py,122,0,0,11
poetry,1c66807b0b5f5b58bb289b3f7f94796b6c720f95,2018-04-17T20:18:01-05:00,tests/installation/test_installer.py,554,0,0,4
poetry,1c66807b0b5f5b58bb289b3f7f94796b6c720f95,2018-04-17T20:18:01-05:00,poetry/repositories/legacy_repository.py,217,8,0,4
poetry,1c66807b0b5f5b58bb289b3f7f94796b6c720f95,2018-04-17T20:18:01-05:00,poetry/utils/helpers.py,30,2,0,43
poetry,1c66807b0b5f5b58bb289b3f7f94796b6c720f95,2018-04-17T20:18:01-05:00,poetry/puzzle/solver.py,191,0,0,187
poetry,1c66807b0b5f5b58bb289b3f7f94796b6c720f95,2018-04-17T20:18:01-05:00,poetry/puzzle/provider.py,258,1,0,138
poetry,1c66807b0b5f5b58bb289b3f7f94796b6c720f95,2018-04-17T20:18:01-05:00,poetry/semver/version_parser.py,266,11,0,0
poetry,1c66807b0b5f5b58bb289b3f7f94796b6c720f95,2018-04-17T20:18:01-05:00,poetry/repositories/base_repository.py,23,0,0,5
poetry,1c66807b0b5f5b58bb289b3f7f94796b6c720f95,2018-04-17T20:18:01-05:00,poetry/puzzle/operations/update.py,46,2,0,0
poetry,1c66807b0b5f5b58bb289b3f7f94796b6c720f95,2018-04-17T20:18:01-05:00,tests/fixtures/git/github.com/demo/demo/setup.py,0,0,0,23
poetry,1c66807b0b5f5b58bb289b3f7f94796b6c720f95,2018-04-17T20:18:01-05:00,tests/repositories/test_pypi_repository.py,115,0,0,49
poetry,1c66807b0b5f5b58bb289b3f7f94796b6c720f95,2018-04-17T20:18:01-05:00,poetry/poetry.py,189,0,0,15
poetry,1c66807b0b5f5b58bb289b3f7f94796b6c720f95,2018-04-17T20:18:01-05:00,poetry/console/commands/new.py,43,0,0,2
poetry,1c66807b0b5f5b58bb289b3f7f94796b6c720f95,2018-04-17T20:18:01-05:00,tests/console/commands/test_about.py,0,0,0,18
poetry,1c66807b0b5f5b58bb289b3f7f94796b6c720f95,2018-04-17T20:18:01-05:00,poetry/version/version.py,249,2,0,0
poetry,1c66807b0b5f5b58bb289b3f7f94796b6c720f95,2018-04-17T20:18:01-05:00,poetry/repositories/pool.py,91,0,0,22
poetry,1c66807b0b5f5b58bb289b3f7f94796b6c720f95,2018-04-17T20:18:01-05:00,tests/console/commands/test_add.py,0,0,0,257
poetry,1c66807b0b5f5b58bb289b3f7f94796b6c720f95,2018-04-17T20:18:01-05:00,poetry/toml/prettify/elements/inlinetable.py,78,2,0,0
poetry,1c66807b0b5f5b58bb289b3f7f94796b6c720f95,2018-04-17T20:18:01-05:00,poetry/mixology/graph/add_edge_no_circular.py,58,2,0,0
poetry,1c66807b0b5f5b58bb289b3f7f94796b6c720f95,2018-04-17T20:18:01-05:00,poetry/mixology/resolution.py,965,4,0,4
poetry,1c66807b0b5f5b58bb289b3f7f94796b6c720f95,2018-04-17T20:18:01-05:00,poetry/semver/constraints/constraint.py,140,3,0,1
poetry,1c66807b0b5f5b58bb289b3f7f94796b6c720f95,2018-04-17T20:18:01-05:00,poetry/utils/_compat.py,76,2,0,0
poetry,1c66807b0b5f5b58bb289b3f7f94796b6c720f95,2018-04-17T20:18:01-05:00,poetry/masonry/builders/builder.py,195,1,0,0
poetry,1c66807b0b5f5b58bb289b3f7f94796b6c720f95,2018-04-17T20:18:01-05:00,poetry/installation/installer.py,534,10,0,4
poetry,1c66807b0b5f5b58bb289b3f7f94796b6c720f95,2018-04-17T20:18:01-05:00,poetry/mixology/graph/vertex.py,97,2,0,0
poetry,1c66807b0b5f5b58bb289b3f7f94796b6c720f95,2018-04-17T20:18:01-05:00,poetry/console/commands/self/update.py,170,2,0,0
poetry,1c66807b0b5f5b58bb289b3f7f94796b6c720f95,2018-04-17T20:18:01-05:00,poetry/puzzle/dependencies.py,0,0,0,38
poetry,1c66807b0b5f5b58bb289b3f7f94796b6c720f95,2018-04-17T20:18:01-05:00,poetry/__version__.py,1,0,0,12
poetry,1c66807b0b5f5b58bb289b3f7f94796b6c720f95,2018-04-17T20:18:01-05:00,poetry/console/commands/script.py,54,2,0,0
poetry,1c66807b0b5f5b58bb289b3f7f94796b6c720f95,2018-04-17T20:18:01-05:00,get-poetry.py,287,4,0,5
poetry,1c66807b0b5f5b58bb289b3f7f94796b6c720f95,2018-04-17T20:18:01-05:00,poetry/config.py,93,2,0,0
poetry,1c66807b0b5f5b58bb289b3f7f94796b6c720f95,2018-04-17T20:18:01-05:00,poetry/console/commands/add.py,206,12,0,85
poetry,1c66807b0b5f5b58bb289b3f7f94796b6c720f95,2018-04-17T20:18:01-05:00,poetry/packages/__init__.py,148,0,0,4
poetry,1c66807b0b5f5b58bb289b3f7f94796b6c720f95,2018-04-17T20:18:01-05:00,poetry/repositories/pypi_repository.py,440,8,0,131
poetry,1c66807b0b5f5b58bb289b3f7f94796b6c720f95,2018-04-17T20:18:01-05:00,poetry/console/commands/cache/clear.py,0,0,0,1
poetry,90a5bb66f8743f40de0c030256e567bbfa590610,2018-05-01T00:10:14-05:00,poetry/packages/constraints/generic_constraint.py,155,9,0,0
poetry,90a5bb66f8743f40de0c030256e567bbfa590610,2018-05-01T00:10:14-05:00,poetry/semver/constraints/wildcard_constraint.py,81,1,0,0
poetry,90a5bb66f8743f40de0c030256e567bbfa590610,2018-05-01T00:10:14-05:00,poetry/console/commands/lock.py,35,2,0,0
poetry,90a5bb66f8743f40de0c030256e567bbfa590610,2018-05-01T00:10:14-05:00,poetry/console/commands/update.py,41,1,0,0
poetry,90a5bb66f8743f40de0c030256e567bbfa590610,2018-05-01T00:10:14-05:00,tests/test_poetry.py,92,0,0,18
poetry,90a5bb66f8743f40de0c030256e567bbfa590610,2018-05-01T00:10:14-05:00,tests/puzzle/test_solver.py,588,0,0,25
poetry,90a5bb66f8743f40de0c030256e567bbfa590610,2018-05-01T00:10:14-05:00,poetry/toml/peekableit.py,30,1,0,0
poetry,90a5bb66f8743f40de0c030256e567bbfa590610,2018-05-01T00:10:14-05:00,poetry/console/commands/remove.py,89,6,0,0
poetry,90a5bb66f8743f40de0c030256e567bbfa590610,2018-05-01T00:10:14-05:00,poetry/console/commands/command.py,95,2,0,0
poetry,90a5bb66f8743f40de0c030256e567bbfa590610,2018-05-01T00:10:14-05:00,poetry/console/commands/run.py,32,2,0,0
poetry,90a5bb66f8743f40de0c030256e567bbfa590610,2018-05-01T00:10:14-05:00,poetry/toml/prettify/util.py,140,1,0,0
poetry,90a5bb66f8743f40de0c030256e567bbfa590610,2018-05-01T00:10:14-05:00,tests/fixtures/project_with_setup/setup.py,0,0,0,26
poetry,90a5bb66f8743f40de0c030256e567bbfa590610,2018-05-01T00:10:14-05:00,tests/packages/test_dependency.py,95,0,0,7
poetry,90a5bb66f8743f40de0c030256e567bbfa590610,2018-05-01T00:10:14-05:00,poetry/toml/prettify/elements/array.py,139,2,0,0
poetry,90a5bb66f8743f40de0c030256e567bbfa590610,2018-05-01T00:10:14-05:00,poetry/masonry/publishing/publisher.py,89,0,0,21
poetry,90a5bb66f8743f40de0c030256e567bbfa590610,2018-05-01T00:10:14-05:00,poetry/repositories/repository.py,83,0,0,21
poetry,90a5bb66f8743f40de0c030256e567bbfa590610,2018-05-01T00:10:14-05:00,poetry/console/commands/venv_command.py,25,0,0,5
poetry,90a5bb66f8743f40de0c030256e567bbfa590610,2018-05-01T00:10:14-05:00,poetry/toml/prettify/parser/parser.py,391,2,0,0
poetry,90a5bb66f8743f40de0c030256e567bbfa590610,2018-05-01T00:10:14-05:00,poetry/vcs/git.py,100,6,0,0
poetry,90a5bb66f8743f40de0c030256e567bbfa590610,2018-05-01T00:10:14-05:00,poetry/packages/dependency.py,215,1,0,11
poetry,90a5bb66f8743f40de0c030256e567bbfa590610,2018-05-01T00:10:14-05:00,poetry/console/commands/install.py,43,2,0,0
poetry,90a5bb66f8743f40de0c030256e567bbfa590610,2018-05-01T00:10:14-05:00,tests/masonry/builders/test_wheel.py,53,0,0,36
poetry,90a5bb66f8743f40de0c030256e567bbfa590610,2018-05-01T00:10:14-05:00,poetry/console/commands/debug/resolve.py,111,7,0,0
poetry,90a5bb66f8743f40de0c030256e567bbfa590610,2018-05-01T00:10:14-05:00,tests/masonry/builders/test_complete.py,134,0,0,50
poetry,90a5bb66f8743f40de0c030256e567bbfa590610,2018-05-01T00:10:14-05:00,tests/fixtures/project_with_setup/my_package/__init__.py,0,0,0,0
poetry,90a5bb66f8743f40de0c030256e567bbfa590610,2018-05-01T00:10:14-05:00,tests/masonry/builders/test_sdist.py,202,0,0,77
poetry,90a5bb66f8743f40de0c030256e567bbfa590610,2018-05-01T00:10:14-05:00,poetry/masonry/builders/wheel.py,338,0,0,14
poetry,90a5bb66f8743f40de0c030256e567bbfa590610,2018-05-01T00:10:14-05:00,poetry/masonry/builders/sdist.py,319,0,0,8
poetry,90a5bb66f8743f40de0c030256e567bbfa590610,2018-05-01T00:10:14-05:00,tests/masonry/builders/fixtures/source_package/src/package_src/module.py,0,0,0,3
poetry,90a5bb66f8743f40de0c030256e567bbfa590610,2018-05-01T00:10:14-05:00,poetry/masonry/utils/module.py,40,0,0,22
poetry,90a5bb66f8743f40de0c030256e567bbfa590610,2018-05-01T00:10:14-05:00,poetry/mixology/graph/delete_edge.py,58,2,0,0
poetry,90a5bb66f8743f40de0c030256e567bbfa590610,2018-05-01T00:10:14-05:00,poetry/packages/package.py,332,4,0,47
poetry,90a5bb66f8743f40de0c030256e567bbfa590610,2018-05-01T00:10:14-05:00,tests/installation/test_installer.py,550,0,0,101
poetry,90a5bb66f8743f40de0c030256e567bbfa590610,2018-05-01T00:10:14-05:00,poetry/repositories/legacy_repository.py,217,8,0,4
poetry,90a5bb66f8743f40de0c030256e567bbfa590610,2018-05-01T00:10:14-05:00,poetry/utils/helpers.py,73,2,0,0
poetry,90a5bb66f8743f40de0c030256e567bbfa590610,2018-05-01T00:10:14-05:00,poetry/puzzle/provider.py,324,1,0,60
poetry,90a5bb66f8743f40de0c030256e567bbfa590610,2018-05-01T00:10:14-05:00,poetry/semver/version_parser.py,266,11,0,0
poetry,90a5bb66f8743f40de0c030256e567bbfa590610,2018-05-01T00:10:14-05:00,poetry/repositories/base_repository.py,23,0,0,3
poetry,90a5bb66f8743f40de0c030256e567bbfa590610,2018-05-01T00:10:14-05:00,poetry/puzzle/operations/update.py,46,2,0,0
poetry,90a5bb66f8743f40de0c030256e567bbfa590610,2018-05-01T00:10:14-05:00,poetry/utils/venv.py,332,0,0,70
poetry,90a5bb66f8743f40de0c030256e567bbfa590610,2018-05-01T00:10:14-05:00,poetry/packages/directory_dependency.py,0,0,0,163
poetry,90a5bb66f8743f40de0c030256e567bbfa590610,2018-05-01T00:10:14-05:00,poetry/version/version.py,249,2,0,0
poetry,90a5bb66f8743f40de0c030256e567bbfa590610,2018-05-01T00:10:14-05:00,poetry/repositories/pool.py,100,0,0,9
poetry,90a5bb66f8743f40de0c030256e567bbfa590610,2018-05-01T00:10:14-05:00,tests/masonry/builders/fixtures/source_file/src/module_src.py,0,0,0,3
poetry,90a5bb66f8743f40de0c030256e567bbfa590610,2018-05-01T00:10:14-05:00,tests/console/commands/test_add.py,255,0,0,52
poetry,90a5bb66f8743f40de0c030256e567bbfa590610,2018-05-01T00:10:14-05:00,poetry/installation/pip_installer.py,93,0,0,2
poetry,90a5bb66f8743f40de0c030256e567bbfa590610,2018-05-01T00:10:14-05:00,poetry/toml/prettify/elements/inlinetable.py,78,2,0,0
poetry,90a5bb66f8743f40de0c030256e567bbfa590610,2018-05-01T00:10:14-05:00,poetry/mixology/graph/add_edge_no_circular.py,58,2,0,0
poetry,90a5bb66f8743f40de0c030256e567bbfa590610,2018-05-01T00:10:14-05:00,poetry/mixology/resolution.py,965,4,0,4
poetry,90a5bb66f8743f40de0c030256e567bbfa590610,2018-05-01T00:10:14-05:00,poetry/semver/constraints/constraint.py,139,3,0,0
poetry,90a5bb66f8743f40de0c030256e567bbfa590610,2018-05-01T00:10:14-05:00,poetry/utils/_compat.py,76,2,0,0
poetry,90a5bb66f8743f40de0c030256e567bbfa590610,2018-05-01T00:10:14-05:00,tests/packages/test_package.py,0,0,0,16
poetry,90a5bb66f8743f40de0c030256e567bbfa590610,2018-05-01T00:10:14-05:00,poetry/masonry/builders/builder.py,195,1,0,38
poetry,90a5bb66f8743f40de0c030256e567bbfa590610,2018-05-01T00:10:14-05:00,poetry/installation/installer.py,534,10,0,9
poetry,90a5bb66f8743f40de0c030256e567bbfa590610,2018-05-01T00:10:14-05:00,poetry/mixology/graph/vertex.py,97,2,0,0
poetry,90a5bb66f8743f40de0c030256e567bbfa590610,2018-05-01T00:10:14-05:00,poetry/console/commands/publish.py,32,0,0,10
poetry,90a5bb66f8743f40de0c030256e567bbfa590610,2018-05-01T00:10:14-05:00,poetry/console/commands/self/update.py,170,2,0,7
poetry,90a5bb66f8743f40de0c030256e567bbfa590610,2018-05-01T00:10:14-05:00,poetry/puzzle/dependencies.py,0,0,0,38
poetry,90a5bb66f8743f40de0c030256e567bbfa590610,2018-05-01T00:10:14-05:00,tests/fixtures/simple_project/simple_project/__init__.py,0,0,0,0
poetry,90a5bb66f8743f40de0c030256e567bbfa590610,2018-05-01T00:10:14-05:00,poetry/__version__.py,1,0,0,8
poetry,90a5bb66f8743f40de0c030256e567bbfa590610,2018-05-01T00:10:14-05:00,poetry/console/commands/script.py,54,2,0,0
poetry,90a5bb66f8743f40de0c030256e567bbfa590610,2018-05-01T00:10:14-05:00,get-poetry.py,288,4,0,0
poetry,90a5bb66f8743f40de0c030256e567bbfa590610,2018-05-01T00:10:14-05:00,poetry/config.py,93,2,0,0
poetry,90a5bb66f8743f40de0c030256e567bbfa590610,2018-05-01T00:10:14-05:00,poetry/console/commands/add.py,237,13,0,6
poetry,90a5bb66f8743f40de0c030256e567bbfa590610,2018-05-01T00:10:14-05:00,poetry/packages/__init__.py,152,0,0,1
poetry,90a5bb66f8743f40de0c030256e567bbfa590610,2018-05-01T00:10:14-05:00,poetry/repositories/pypi_repository.py,447,8,0,26
poetry,90a5bb66f8743f40de0c030256e567bbfa590610,2018-05-01T00:10:14-05:00,tests/masonry/builders/fixtures/source_package/src/package_src/__init__.py,0,0,0,0
poetry,5ac979449c326540ff0b1dba576248b672f2bf52,2018-05-01T21:04:03-05:00,poetry/semver/version_parser.py,266,11,0,0
poetry,5ac979449c326540ff0b1dba576248b672f2bf52,2018-05-01T21:04:03-05:00,poetry/packages/constraints/generic_constraint.py,155,9,0,0
poetry,5ac979449c326540ff0b1dba576248b672f2bf52,2018-05-01T21:04:03-05:00,poetry/semver/constraints/wildcard_constraint.py,81,1,0,0
poetry,5ac979449c326540ff0b1dba576248b672f2bf52,2018-05-01T21:04:03-05:00,poetry/console/commands/lock.py,35,2,0,0
poetry,5ac979449c326540ff0b1dba576248b672f2bf52,2018-05-01T21:04:03-05:00,poetry/puzzle/operations/update.py,46,2,0,0
poetry,5ac979449c326540ff0b1dba576248b672f2bf52,2018-05-01T21:04:03-05:00,poetry/console/commands/update.py,41,1,0,0
poetry,5ac979449c326540ff0b1dba576248b672f2bf52,2018-05-01T21:04:03-05:00,poetry/utils/venv.py,332,0,0,70
poetry,5ac979449c326540ff0b1dba576248b672f2bf52,2018-05-01T21:04:03-05:00,tests/test_poetry.py,92,0,0,18
poetry,5ac979449c326540ff0b1dba576248b672f2bf52,2018-05-01T21:04:03-05:00,tests/puzzle/test_solver.py,588,0,0,25
poetry,5ac979449c326540ff0b1dba576248b672f2bf52,2018-05-01T21:04:03-05:00,poetry/toml/peekableit.py,30,1,0,0
poetry,5ac979449c326540ff0b1dba576248b672f2bf52,2018-05-01T21:04:03-05:00,poetry/console/commands/remove.py,89,6,0,0
poetry,5ac979449c326540ff0b1dba576248b672f2bf52,2018-05-01T21:04:03-05:00,poetry/console/commands/command.py,95,2,0,0
poetry,5ac979449c326540ff0b1dba576248b672f2bf52,2018-05-01T21:04:03-05:00,poetry/packages/directory_dependency.py,0,0,0,163
poetry,5ac979449c326540ff0b1dba576248b672f2bf52,2018-05-01T21:04:03-05:00,poetry/console/commands/run.py,32,2,0,0
poetry,5ac979449c326540ff0b1dba576248b672f2bf52,2018-05-01T21:04:03-05:00,poetry/toml/prettify/util.py,140,1,0,0
poetry,5ac979449c326540ff0b1dba576248b672f2bf52,2018-05-01T21:04:03-05:00,poetry/version/version.py,249,2,0,0
poetry,5ac979449c326540ff0b1dba576248b672f2bf52,2018-05-01T21:04:03-05:00,tests/fixtures/project_with_setup/setup.py,0,0,0,26
poetry,5ac979449c326540ff0b1dba576248b672f2bf52,2018-05-01T21:04:03-05:00,tests/masonry/builders/fixtures/source_package/src/package_src/__init__.py,0,0,0,0
poetry,5ac979449c326540ff0b1dba576248b672f2bf52,2018-05-01T21:04:03-05:00,tests/masonry/builders/fixtures/source_file/src/module_src.py,0,0,0,3
poetry,5ac979449c326540ff0b1dba576248b672f2bf52,2018-05-01T21:04:03-05:00,tests/packages/test_dependency.py,95,0,0,7
poetry,5ac979449c326540ff0b1dba576248b672f2bf52,2018-05-01T21:04:03-05:00,tests/console/commands/test_add.py,255,0,0,52
poetry,5ac979449c326540ff0b1dba576248b672f2bf52,2018-05-01T21:04:03-05:00,poetry/installation/pip_installer.py,93,0,0,2
poetry,5ac979449c326540ff0b1dba576248b672f2bf52,2018-05-01T21:04:03-05:00,poetry/toml/prettify/elements/array.py,139,2,0,0
poetry,5ac979449c326540ff0b1dba576248b672f2bf52,2018-05-01T21:04:03-05:00,poetry/masonry/publishing/publisher.py,89,0,0,21
poetry,5ac979449c326540ff0b1dba576248b672f2bf52,2018-05-01T21:04:03-05:00,poetry/repositories/repository.py,85,0,0,17
poetry,5ac979449c326540ff0b1dba576248b672f2bf52,2018-05-01T21:04:03-05:00,poetry/toml/prettify/elements/inlinetable.py,78,2,0,0
poetry,5ac979449c326540ff0b1dba576248b672f2bf52,2018-05-01T21:04:03-05:00,poetry/console/commands/venv_command.py,25,0,0,5
poetry,5ac979449c326540ff0b1dba576248b672f2bf52,2018-05-01T21:04:03-05:00,poetry/toml/prettify/parser/parser.py,391,2,0,0
poetry,5ac979449c326540ff0b1dba576248b672f2bf52,2018-05-01T21:04:03-05:00,poetry/vcs/git.py,100,6,0,0
poetry,5ac979449c326540ff0b1dba576248b672f2bf52,2018-05-01T21:04:03-05:00,poetry/mixology/graph/add_edge_no_circular.py,58,2,0,0
poetry,5ac979449c326540ff0b1dba576248b672f2bf52,2018-05-01T21:04:03-05:00,poetry/mixology/resolution.py,961,4,0,0
poetry,5ac979449c326540ff0b1dba576248b672f2bf52,2018-05-01T21:04:03-05:00,poetry/packages/dependency.py,215,1,0,11
poetry,5ac979449c326540ff0b1dba576248b672f2bf52,2018-05-01T21:04:03-05:00,poetry/console/commands/install.py,43,2,0,0
poetry,5ac979449c326540ff0b1dba576248b672f2bf52,2018-05-01T21:04:03-05:00,poetry/semver/constraints/constraint.py,139,3,0,0
poetry,5ac979449c326540ff0b1dba576248b672f2bf52,2018-05-01T21:04:03-05:00,tests/masonry/builders/test_wheel.py,53,0,0,36
poetry,5ac979449c326540ff0b1dba576248b672f2bf52,2018-05-01T21:04:03-05:00,poetry/utils/_compat.py,76,2,0,0
poetry,5ac979449c326540ff0b1dba576248b672f2bf52,2018-05-01T21:04:03-05:00,poetry/console/commands/debug/resolve.py,111,7,0,0
poetry,5ac979449c326540ff0b1dba576248b672f2bf52,2018-05-01T21:04:03-05:00,tests/packages/test_package.py,0,0,0,16
poetry,5ac979449c326540ff0b1dba576248b672f2bf52,2018-05-01T21:04:03-05:00,poetry/masonry/builders/builder.py,195,1,0,38
poetry,5ac979449c326540ff0b1dba576248b672f2bf52,2018-05-01T21:04:03-05:00,poetry/installation/installer.py,534,10,0,9
poetry,5ac979449c326540ff0b1dba576248b672f2bf52,2018-05-01T21:04:03-05:00,tests/masonry/builders/test_complete.py,134,0,0,50
poetry,5ac979449c326540ff0b1dba576248b672f2bf52,2018-05-01T21:04:03-05:00,poetry/mixology/graph/vertex.py,97,2,0,0
poetry,5ac979449c326540ff0b1dba576248b672f2bf52,2018-05-01T21:04:03-05:00,poetry/console/commands/publish.py,32,0,0,10
poetry,5ac979449c326540ff0b1dba576248b672f2bf52,2018-05-01T21:04:03-05:00,poetry/console/commands/self/update.py,173,2,0,7
poetry,5ac979449c326540ff0b1dba576248b672f2bf52,2018-05-01T21:04:03-05:00,tests/fixtures/project_with_setup/my_package/__init__.py,0,0,0,0
poetry,5ac979449c326540ff0b1dba576248b672f2bf52,2018-05-01T21:04:03-05:00,tests/masonry/builders/test_sdist.py,202,0,0,77
poetry,5ac979449c326540ff0b1dba576248b672f2bf52,2018-05-01T21:04:03-05:00,poetry/masonry/builders/wheel.py,334,0,0,8
poetry,5ac979449c326540ff0b1dba576248b672f2bf52,2018-05-01T21:04:03-05:00,tests/fixtures/simple_project/simple_project/__init__.py,0,0,0,0
poetry,5ac979449c326540ff0b1dba576248b672f2bf52,2018-05-01T21:04:03-05:00,poetry/__version__.py,1,0,0,6
poetry,5ac979449c326540ff0b1dba576248b672f2bf52,2018-05-01T21:04:03-05:00,poetry/masonry/builders/sdist.py,319,0,0,8
poetry,5ac979449c326540ff0b1dba576248b672f2bf52,2018-05-01T21:04:03-05:00,poetry/console/commands/script.py,54,2,0,0
poetry,5ac979449c326540ff0b1dba576248b672f2bf52,2018-05-01T21:04:03-05:00,get-poetry.py,288,4,0,0
poetry,5ac979449c326540ff0b1dba576248b672f2bf52,2018-05-01T21:04:03-05:00,tests/masonry/builders/fixtures/source_package/src/package_src/module.py,0,0,0,3
poetry,5ac979449c326540ff0b1dba576248b672f2bf52,2018-05-01T21:04:03-05:00,poetry/config.py,93,2,0,0
poetry,5ac979449c326540ff0b1dba576248b672f2bf52,2018-05-01T21:04:03-05:00,poetry/masonry/utils/module.py,40,0,0,22
poetry,5ac979449c326540ff0b1dba576248b672f2bf52,2018-05-01T21:04:03-05:00,poetry/console/commands/add.py,237,13,0,6
poetry,5ac979449c326540ff0b1dba576248b672f2bf52,2018-05-01T21:04:03-05:00,poetry/packages/__init__.py,152,0,0,1
poetry,5ac979449c326540ff0b1dba576248b672f2bf52,2018-05-01T21:04:03-05:00,poetry/repositories/pypi_repository.py,447,8,0,0
poetry,5ac979449c326540ff0b1dba576248b672f2bf52,2018-05-01T21:04:03-05:00,poetry/mixology/graph/delete_edge.py,58,2,0,0
poetry,5ac979449c326540ff0b1dba576248b672f2bf52,2018-05-01T21:04:03-05:00,poetry/packages/package.py,332,4,0,47
poetry,5ac979449c326540ff0b1dba576248b672f2bf52,2018-05-01T21:04:03-05:00,tests/installation/test_installer.py,550,0,0,101
poetry,5ac979449c326540ff0b1dba576248b672f2bf52,2018-05-01T21:04:03-05:00,poetry/repositories/legacy_repository.py,219,8,0,0
poetry,5ac979449c326540ff0b1dba576248b672f2bf52,2018-05-01T21:04:03-05:00,poetry/utils/helpers.py,73,2,0,0
poetry,5ac979449c326540ff0b1dba576248b672f2bf52,2018-05-01T21:04:03-05:00,poetry/puzzle/provider.py,336,1,0,20
poetry,65174d7825fcb26463226ba2f5a180939cdfad5a,2018-05-17T18:02:30-05:00,tests/spdx/test_license.py,41,0,0,29
poetry,65174d7825fcb26463226ba2f5a180939cdfad5a,2018-05-17T18:02:30-05:00,poetry/packages/constraints/generic_constraint.py,155,1,0,67
poetry,65174d7825fcb26463226ba2f5a180939cdfad5a,2018-05-17T18:02:30-05:00,poetry/console/application.py,199,0,0,75
poetry,65174d7825fcb26463226ba2f5a180939cdfad5a,2018-05-17T18:02:30-05:00,poetry/toml/prettify/parser/recdesc.py,115,0,0,13
poetry,65174d7825fcb26463226ba2f5a180939cdfad5a,2018-05-17T18:02:30-05:00,poetry/toml/prettify/parser/errors.py,19,0,0,3
poetry,65174d7825fcb26463226ba2f5a180939cdfad5a,2018-05-17T18:02:30-05:00,poetry/toml/__init__.py,53,0,0,4
poetry,65174d7825fcb26463226ba2f5a180939cdfad5a,2018-05-17T18:02:30-05:00,poetry/toml/peekableit.py,30,1,0,0
poetry,65174d7825fcb26463226ba2f5a180939cdfad5a,2018-05-17T18:02:30-05:00,poetry/console/commands/remove.py,89,6,0,30
poetry,65174d7825fcb26463226ba2f5a180939cdfad5a,2018-05-17T18:02:30-05:00,poetry/console/commands/command.py,95,2,0,11
poetry,65174d7825fcb26463226ba2f5a180939cdfad5a,2018-05-17T18:02:30-05:00,poetry/semver/__init__.py,122,0,0,57
poetry,65174d7825fcb26463226ba2f5a180939cdfad5a,2018-05-17T18:02:30-05:00,poetry/repositories/installed_repository.py,24,0,0,9
poetry,65174d7825fcb26463226ba2f5a180939cdfad5a,2018-05-17T18:02:30-05:00,poetry/console/commands/run.py,32,2,0,68
poetry,65174d7825fcb26463226ba2f5a180939cdfad5a,2018-05-17T18:02:30-05:00,poetry/toml/prettify/util.py,140,1,0,37
poetry,65174d7825fcb26463226ba2f5a180939cdfad5a,2018-05-17T18:02:30-05:00,tests/version/test_helpers.py,10,0,0,4
poetry,65174d7825fcb26463226ba2f5a180939cdfad5a,2018-05-17T18:02:30-05:00,tests/helpers.py,32,0,0,14
poetry,65174d7825fcb26463226ba2f5a180939cdfad5a,2018-05-17T18:02:30-05:00,tests/utils/test_helpers.py,50,0,0,28
poetry,65174d7825fcb26463226ba2f5a180939cdfad5a,2018-05-17T18:02:30-05:00,poetry/version/helpers.py,35,0,0,19
poetry,65174d7825fcb26463226ba2f5a180939cdfad5a,2018-05-17T18:02:30-05:00,poetry/version/utils.py,64,0,0,2
poetry,65174d7825fcb26463226ba2f5a180939cdfad5a,2018-05-17T18:02:30-05:00,poetry/masonry/api.py,44,0,0,2
poetry,65174d7825fcb26463226ba2f5a180939cdfad5a,2018-05-17T18:02:30-05:00,poetry/mixology/version_solver.py,384,0,0,258
poetry,65174d7825fcb26463226ba2f5a180939cdfad5a,2018-05-17T18:02:30-05:00,poetry/mixology/term.py,167,2,0,44
poetry,65174d7825fcb26463226ba2f5a180939cdfad5a,2018-05-17T18:02:30-05:00,poetry/toml/prettify/elements/array.py,139,2,0,39
poetry,65174d7825fcb26463226ba2f5a180939cdfad5a,2018-05-17T18:02:30-05:00,poetry/__main__.py,6,0,0,2
poetry,65174d7825fcb26463226ba2f5a180939cdfad5a,2018-05-17T18:02:30-05:00,poetry/console/commands/venv_command.py,28,0,0,8
poetry,65174d7825fcb26463226ba2f5a180939cdfad5a,2018-05-17T18:02:30-05:00,poetry/console/commands/config.py,249,0,0,130
poetry,65174d7825fcb26463226ba2f5a180939cdfad5a,2018-05-17T18:02:30-05:00,poetry/version/requirements.py,247,0,0,31
poetry,65174d7825fcb26463226ba2f5a180939cdfad5a,2018-05-17T18:02:30-05:00,poetry/toml/prettify/parser/parser.py,391,2,0,326
poetry,65174d7825fcb26463226ba2f5a180939cdfad5a,2018-05-17T18:02:30-05:00,poetry/packages/utils/utils.py,146,0,0,41
poetry,65174d7825fcb26463226ba2f5a180939cdfad5a,2018-05-17T18:02:30-05:00,poetry/packages/dependency.py,300,1,0,121
poetry,65174d7825fcb26463226ba2f5a180939cdfad5a,2018-05-17T18:02:30-05:00,poetry/packages/file_dependency.py,81,1,0,34
poetry,65174d7825fcb26463226ba2f5a180939cdfad5a,2018-05-17T18:02:30-05:00,tests/toml/test_named_dict.py,23,0,0,21
poetry,65174d7825fcb26463226ba2f5a180939cdfad5a,2018-05-17T18:02:30-05:00,poetry/toml/prettify/tokens/py2toml.py,127,0,0,86
poetry,65174d7825fcb26463226ba2f5a180939cdfad5a,2018-05-17T18:02:30-05:00,poetry/packages/constraints/multi_constraint.py,41,0,0,5
poetry,65174d7825fcb26463226ba2f5a180939cdfad5a,2018-05-17T18:02:30-05:00,poetry/console/commands/debug/resolve.py,118,7,0,81
poetry,65174d7825fcb26463226ba2f5a180939cdfad5a,2018-05-17T18:02:30-05:00,poetry/masonry/metadata.py,83,0,0,14
poetry,65174d7825fcb26463226ba2f5a180939cdfad5a,2018-05-17T18:02:30-05:00,tests/semver/test_version_range.py,237,0,0,50
poetry,65174d7825fcb26463226ba2f5a180939cdfad5a,2018-05-17T18:02:30-05:00,poetry/semver/patterns.py,16,0,0,27
poetry,65174d7825fcb26463226ba2f5a180939cdfad5a,2018-05-17T18:02:30-05:00,poetry/masonry/builders/complete.py,41,0,0,12
poetry,65174d7825fcb26463226ba2f5a180939cdfad5a,2018-05-17T18:02:30-05:00,poetry/toml/toml_file.py,289,0,0,89
poetry,65174d7825fcb26463226ba2f5a180939cdfad5a,2018-05-17T18:02:30-05:00,poetry/semver/version.py,383,0,0,148
poetry,65174d7825fcb26463226ba2f5a180939cdfad5a,2018-05-17T18:02:30-05:00,poetry/toml/prettify/parser/tokenstream.py,38,0,0,2
poetry,65174d7825fcb26463226ba2f5a180939cdfad5a,2018-05-17T18:02:30-05:00,poetry/masonry/utils/tags.py,180,0,0,112
poetry,65174d7825fcb26463226ba2f5a180939cdfad5a,2018-05-17T18:02:30-05:00,poetry/masonry/builders/sdist.py,323,0,0,145
poetry,65174d7825fcb26463226ba2f5a180939cdfad5a,2018-05-17T18:02:30-05:00,poetry/spdx/license.py,126,0,0,214
poetry,65174d7825fcb26463226ba2f5a180939cdfad5a,2018-05-17T18:02:30-05:00,poetry/console/commands/develop.py,0,0,0,64
poetry,65174d7825fcb26463226ba2f5a180939cdfad5a,2018-05-17T18:02:30-05:00,poetry/packages/vcs_dependency.py,69,0,0,20
poetry,65174d7825fcb26463226ba2f5a180939cdfad5a,2018-05-17T18:02:30-05:00,poetry/toml/prettify/__init__.py,25,0,0,4
poetry,65174d7825fcb26463226ba2f5a180939cdfad5a,2018-05-17T18:02:30-05:00,poetry/layouts/__init__.py,16,0,0,11
poetry,65174d7825fcb26463226ba2f5a180939cdfad5a,2018-05-17T18:02:30-05:00,tests/console/commands/test_show.py,0,0,0,1108
poetry,65174d7825fcb26463226ba2f5a180939cdfad5a,2018-05-17T18:02:30-05:00,tests/packages/test_main.py,133,0,0,128
poetry,65174d7825fcb26463226ba2f5a180939cdfad5a,2018-05-17T18:02:30-05:00,poetry/puzzle/solver.py,218,0,0,497
poetry,65174d7825fcb26463226ba2f5a180939cdfad5a,2018-05-17T18:02:30-05:00,poetry/toml/prettify/elements/factory.py,152,0,0,108
poetry,65174d7825fcb26463226ba2f5a180939cdfad5a,2018-05-17T18:02:30-05:00,tests/console/commands/test_init.py,0,0,0,191
poetry,65174d7825fcb26463226ba2f5a180939cdfad5a,2018-05-17T18:02:30-05:00,poetry/layouts/standard.py,19,0,0,5
poetry,65174d7825fcb26463226ba2f5a180939cdfad5a,2018-05-17T18:02:30-05:00,poetry/__init__.py,10,0,0,2
poetry,65174d7825fcb26463226ba2f5a180939cdfad5a,2018-05-17T18:02:30-05:00,poetry/console/commands/debug/info.py,51,0,0,72
poetry,65174d7825fcb26463226ba2f5a180939cdfad5a,2018-05-17T18:02:30-05:00,poetry/toml/prettify/elements/traversal/predicates.py,52,0,0,24
poetry,65174d7825fcb26463226ba2f5a180939cdfad5a,2018-05-17T18:02:30-05:00,poetry/toml/prettify/elements/errors.py,13,0,0,2
poetry,65174d7825fcb26463226ba2f5a180939cdfad5a,2018-05-17T18:02:30-05:00,tests/fixtures/git/github.com/demo/demo/setup.py,23,0,0,22
poetry,65174d7825fcb26463226ba2f5a180939cdfad5a,2018-05-17T18:02:30-05:00,poetry/version/base.py,28,0,0,1
poetry,65174d7825fcb26463226ba2f5a180939cdfad5a,2018-05-17T18:02:30-05:00,poetry/packages/directory_dependency.py,159,1,0,70
poetry,65174d7825fcb26463226ba2f5a180939cdfad5a,2018-05-17T18:02:30-05:00,tests/mixology/version_solver/test_basic_graph.py,74,0,0,119
poetry,65174d7825fcb26463226ba2f5a180939cdfad5a,2018-05-17T18:02:30-05:00,tests/console/commands/test_about.py,18,0,0,4
poetry,65174d7825fcb26463226ba2f5a180939cdfad5a,2018-05-17T18:02:30-05:00,poetry/io/raw_argv_input.py,16,0,0,1
poetry,65174d7825fcb26463226ba2f5a180939cdfad5a,2018-05-17T18:02:30-05:00,tests/toml/test_toml.py,290,0,0,54
poetry,65174d7825fcb26463226ba2f5a180939cdfad5a,2018-05-17T18:02:30-05:00,poetry/version/version.py,249,2,0,44
poetry,65174d7825fcb26463226ba2f5a180939cdfad5a,2018-05-17T18:02:30-05:00,poetry/toml/prettify/tokens/__init__.py,136,0,0,56
poetry,65174d7825fcb26463226ba2f5a180939cdfad5a,2018-05-17T18:02:30-05:00,tests/masonry/builders/fixtures/module1/module1.py,3,0,0,2
poetry,65174d7825fcb26463226ba2f5a180939cdfad5a,2018-05-17T18:02:30-05:00,poetry/toml/prettify/parser/__init__.py,32,0,0,2
poetry,65174d7825fcb26463226ba2f5a180939cdfad5a,2018-05-17T18:02:30-05:00,poetry/installation/pip_installer.py,93,0,0,55
poetry,65174d7825fcb26463226ba2f5a180939cdfad5a,2018-05-17T18:02:30-05:00,poetry/toml/prettify/elements/metadata.py,80,0,0,24
poetry,65174d7825fcb26463226ba2f5a180939cdfad5a,2018-05-17T18:02:30-05:00,poetry/toml/prettify/elements/inlinetable.py,78,2,0,32
poetry,65174d7825fcb26463226ba2f5a180939cdfad5a,2018-05-17T18:02:30-05:00,poetry/console/commands/init.py,0,0,0,541
poetry,65174d7825fcb26463226ba2f5a180939cdfad5a,2018-05-17T18:02:30-05:00,poetry/spdx/updater.py,48,0,0,28
poetry,65174d7825fcb26463226ba2f5a180939cdfad5a,2018-05-17T18:02:30-05:00,poetry/version/markers.py,195,0,0,80
poetry,65174d7825fcb26463226ba2f5a180939cdfad5a,2018-05-17T18:02:30-05:00,poetry/toml/prettify/lexer/__init__.py,123,0,0,85
poetry,65174d7825fcb26463226ba2f5a180939cdfad5a,2018-05-17T18:02:30-05:00,tests/packages/test_package.py,16,0,0,12
poetry,65174d7825fcb26463226ba2f5a180939cdfad5a,2018-05-17T18:02:30-05:00,poetry/toml/prettify/elements/common.py,105,0,0,14
poetry,65174d7825fcb26463226ba2f5a180939cdfad5a,2018-05-17T18:02:30-05:00,poetry/masonry/builders/builder.py,169,1,0,68
poetry,65174d7825fcb26463226ba2f5a180939cdfad5a,2018-05-17T18:02:30-05:00,poetry/toml/prettify/elements/abstracttable.py,83,0,0,6
poetry,65174d7825fcb26463226ba2f5a180939cdfad5a,2018-05-17T18:02:30-05:00,poetry/console/commands/publish.py,38,0,0,47
poetry,65174d7825fcb26463226ba2f5a180939cdfad5a,2018-05-17T18:02:30-05:00,poetry/console/commands/self/update.py,172,2,0,112
poetry,65174d7825fcb26463226ba2f5a180939cdfad5a,2018-05-17T18:02:30-05:00,tests/mixology/version_solver/test_with_lock.py,134,0,0,170
poetry,65174d7825fcb26463226ba2f5a180939cdfad5a,2018-05-17T18:02:30-05:00,poetry/installation/noop_installer.py,30,0,0,1
poetry,65174d7825fcb26463226ba2f5a180939cdfad5a,2018-05-17T18:02:30-05:00,poetry/toml/prettify/_version.py,1,0,0,2
poetry,65174d7825fcb26463226ba2f5a180939cdfad5a,2018-05-17T18:02:30-05:00,poetry/toml/prettify/parser/elementsanitizer.py,57,0,0,28
poetry,65174d7825fcb26463226ba2f5a180939cdfad5a,2018-05-17T18:02:30-05:00,poetry/installation/base_installer.py,10,0,0,1
poetry,65174d7825fcb26463226ba2f5a180939cdfad5a,2018-05-17T18:02:30-05:00,poetry/__version__.py,1,0,0,18
poetry,65174d7825fcb26463226ba2f5a180939cdfad5a,2018-05-17T18:02:30-05:00,poetry/config.py,93,2,0,9
poetry,65174d7825fcb26463226ba2f5a180939cdfad5a,2018-05-17T18:02:30-05:00,poetry/mixology/set_relation.py,10,0,0,6
poetry,65174d7825fcb26463226ba2f5a180939cdfad5a,2018-05-17T18:02:30-05:00,poetry/console/commands/add.py,240,13,0,225
poetry,65174d7825fcb26463226ba2f5a180939cdfad5a,2018-05-17T18:02:30-05:00,poetry/packages/__init__.py,154,0,0,106
poetry,65174d7825fcb26463226ba2f5a180939cdfad5a,2018-05-17T18:02:30-05:00,poetry/console/commands/build.py,26,0,0,11
poetry,65174d7825fcb26463226ba2f5a180939cdfad5a,2018-05-17T18:02:30-05:00,poetry/semver/empty_constraint.py,31,0,0,3
poetry,65174d7825fcb26463226ba2f5a180939cdfad5a,2018-05-17T18:02:30-05:00,poetry/spdx/__init__.py,44,0,0,14
poetry,65174d7825fcb26463226ba2f5a180939cdfad5a,2018-05-17T18:02:30-05:00,poetry/packages/constraints/wildcard_constraint.py,81,1,0,46
poetry,65174d7825fcb26463226ba2f5a180939cdfad5a,2018-05-17T18:02:30-05:00,poetry/locations.py,6,0,0,4
poetry,65174d7825fcb26463226ba2f5a180939cdfad5a,2018-05-17T18:02:30-05:00,poetry/console/commands/lock.py,35,2,0,6
poetry,65174d7825fcb26463226ba2f5a180939cdfad5a,2018-05-17T18:02:30-05:00,tests/mixology/version_solver/test_unsolvable.py,72,0,0,48
poetry,65174d7825fcb26463226ba2f5a180939cdfad5a,2018-05-17T18:02:30-05:00,poetry/console/commands/update.py,41,1,0,14
poetry,65174d7825fcb26463226ba2f5a180939cdfad5a,2018-05-17T18:02:30-05:00,poetry/mixology/result.py,14,0,0,1
poetry,65174d7825fcb26463226ba2f5a180939cdfad5a,2018-05-17T18:02:30-05:00,tests/test_poetry.py,110,0,0,84
poetry,65174d7825fcb26463226ba2f5a180939cdfad5a,2018-05-17T18:02:30-05:00,poetry/puzzle/operations/install.py,29,0,0,13
poetry,65174d7825fcb26463226ba2f5a180939cdfad5a,2018-05-17T18:02:30-05:00,tests/puzzle/test_solver.py,576,0,0,847
poetry,65174d7825fcb26463226ba2f5a180939cdfad5a,2018-05-17T18:02:30-05:00,poetry/semver/version_range.py,460,4,0,105
poetry,65174d7825fcb26463226ba2f5a180939cdfad5a,2018-05-17T18:02:30-05:00,poetry/toml/prettify/elements/table.py,123,0,0,45
poetry,65174d7825fcb26463226ba2f5a180939cdfad5a,2018-05-17T18:02:30-05:00,tests/console/conftest.py,131,0,0,87
poetry,65174d7825fcb26463226ba2f5a180939cdfad5a,2018-05-17T18:02:30-05:00,poetry/version/legacy_version.py,89,0,0,11
poetry,65174d7825fcb26463226ba2f5a180939cdfad5a,2018-05-17T18:02:30-05:00,tests/fixtures/project_with_setup/setup.py,24,0,0,23
poetry,65174d7825fcb26463226ba2f5a180939cdfad5a,2018-05-17T18:02:30-05:00,poetry/masonry/builder.py,25,0,0,8
poetry,65174d7825fcb26463226ba2f5a180939cdfad5a,2018-05-17T18:02:30-05:00,tests/console/commands/test_check.py,14,0,0,4
poetry,65174d7825fcb26463226ba2f5a180939cdfad5a,2018-05-17T18:02:30-05:00,poetry/packages/locker.py,213,0,0,120
poetry,65174d7825fcb26463226ba2f5a180939cdfad5a,2018-05-17T18:02:30-05:00,tests/packages/test_dependency.py,102,0,0,111
poetry,65174d7825fcb26463226ba2f5a180939cdfad5a,2018-05-17T18:02:30-05:00,poetry/masonry/publishing/uploader.py,302,0,0,164
poetry,65174d7825fcb26463226ba2f5a180939cdfad5a,2018-05-17T18:02:30-05:00,tests/semver/test_main.py,122,0,0,216
poetry,65174d7825fcb26463226ba2f5a180939cdfad5a,2018-05-17T18:02:30-05:00,poetry/masonry/publishing/publisher.py,88,0,0,52
poetry,65174d7825fcb26463226ba2f5a180939cdfad5a,2018-05-17T18:02:30-05:00,poetry/packages/constraints/empty_constraint.py,27,0,0,2
poetry,65174d7825fcb26463226ba2f5a180939cdfad5a,2018-05-17T18:02:30-05:00,poetry/repositories/repository.py,84,0,0,35
poetry,65174d7825fcb26463226ba2f5a180939cdfad5a,2018-05-17T18:02:30-05:00,poetry/vcs/git.py,100,6,0,75
poetry,65174d7825fcb26463226ba2f5a180939cdfad5a,2018-05-17T18:02:30-05:00,poetry/utils/toml_file.py,37,0,0,3
poetry,65174d7825fcb26463226ba2f5a180939cdfad5a,2018-05-17T18:02:30-05:00,poetry/console/commands/install.py,43,2,0,31
poetry,65174d7825fcb26463226ba2f5a180939cdfad5a,2018-05-17T18:02:30-05:00,tests/masonry/builders/test_wheel.py,89,0,0,34
poetry,65174d7825fcb26463226ba2f5a180939cdfad5a,2018-05-17T18:02:30-05:00,poetry/toml/prettify/tokens/toml2py.py,124,0,0,60
poetry,65174d7825fcb26463226ba2f5a180939cdfad5a,2018-05-17T18:02:30-05:00,poetry/toml/prettify/errors.py,32,0,0,2
poetry,65174d7825fcb26463226ba2f5a180939cdfad5a,2018-05-17T18:02:30-05:00,poetry/layouts/layout.py,111,0,0,152
poetry,65174d7825fcb26463226ba2f5a180939cdfad5a,2018-05-17T18:02:30-05:00,tests/masonry/builders/test_complete.py,182,0,0,104
poetry,65174d7825fcb26463226ba2f5a180939cdfad5a,2018-05-17T18:02:30-05:00,poetry/puzzle/exceptions.py,10,0,0,1
poetry,65174d7825fcb26463226ba2f5a180939cdfad5a,2018-05-17T18:02:30-05:00,poetry/toml/prettify/elements/atomic.py,52,0,0,12
poetry,65174d7825fcb26463226ba2f5a180939cdfad5a,2018-05-17T18:02:30-05:00,tests/packages/test_file_dependency.py,46,0,0,32
poetry,65174d7825fcb26463226ba2f5a180939cdfad5a,2018-05-17T18:02:30-05:00,poetry/console/styles/poetry.py,26,0,0,31
poetry,65174d7825fcb26463226ba2f5a180939cdfad5a,2018-05-17T18:02:30-05:00,poetry/console/commands/show.py,268,0,0,242
poetry,65174d7825fcb26463226ba2f5a180939cdfad5a,2018-05-17T18:02:30-05:00,poetry/vcs/__init__.py,11,0,0,2
poetry,65174d7825fcb26463226ba2f5a180939cdfad5a,2018-05-17T18:02:30-05:00,poetry/masonry/builders/wheel.py,336,0,0,132
poetry,65174d7825fcb26463226ba2f5a180939cdfad5a,2018-05-17T18:02:30-05:00,tests/masonry/builders/test_sdist.py,275,0,0,205
poetry,65174d7825fcb26463226ba2f5a180939cdfad5a,2018-05-17T18:02:30-05:00,poetry/console/commands/version.py,86,0,0,44
poetry,65174d7825fcb26463226ba2f5a180939cdfad5a,2018-05-17T18:02:30-05:00,poetry/toml/prettify/elements/traversal/__init__.py,176,0,0,44
poetry,65174d7825fcb26463226ba2f5a180939cdfad5a,2018-05-17T18:02:30-05:00,tests/masonry/builders/fixtures/source_package/src/package_src/module.py,3,0,0,2
poetry,65174d7825fcb26463226ba2f5a180939cdfad5a,2018-05-17T18:02:30-05:00,poetry/packages/utils/link.py,169,0,0,31
poetry,65174d7825fcb26463226ba2f5a180939cdfad5a,2018-05-17T18:02:30-05:00,poetry/semver/version_union.py,241,5,0,51
poetry,65174d7825fcb26463226ba2f5a180939cdfad5a,2018-05-17T18:02:30-05:00,poetry/masonry/utils/module.py,60,0,0,14
poetry,65174d7825fcb26463226ba2f5a180939cdfad5a,2018-05-17T18:02:30-05:00,poetry/puzzle/operations/uninstall.py,29,0,0,13
poetry,65174d7825fcb26463226ba2f5a180939cdfad5a,2018-05-17T18:02:30-05:00,poetry/io/null_io.py,31,0,0,1
poetry,65174d7825fcb26463226ba2f5a180939cdfad5a,2018-05-17T18:02:30-05:00,tests/mixology/version_solver/test_backtracking.py,68,0,0,80
poetry,65174d7825fcb26463226ba2f5a180939cdfad5a,2018-05-17T18:02:30-05:00,poetry/packages/package.py,343,2,0,146
poetry,65174d7825fcb26463226ba2f5a180939cdfad5a,2018-05-17T18:02:30-05:00,tests/installation/test_installer.py,652,0,0,788
poetry,65174d7825fcb26463226ba2f5a180939cdfad5a,2018-05-17T18:02:30-05:00,poetry/repositories/legacy_repository.py,223,8,0,417
poetry,65174d7825fcb26463226ba2f5a180939cdfad5a,2018-05-17T18:02:30-05:00,poetry/utils/helpers.py,79,2,0,22
poetry,65174d7825fcb26463226ba2f5a180939cdfad5a,2018-05-17T18:02:30-05:00,poetry/puzzle/provider.py,382,0,0,156
poetry,65174d7825fcb26463226ba2f5a180939cdfad5a,2018-05-17T18:02:30-05:00,poetry/utils/appdirs.py,254,0,0,29
poetry,65174d7825fcb26463226ba2f5a180939cdfad5a,2018-05-17T18:02:30-05:00,poetry/repositories/base_repository.py,24,0,0,5
poetry,65174d7825fcb26463226ba2f5a180939cdfad5a,2018-05-17T18:02:30-05:00,tests/masonry/builders/fixtures/complete/my_package/__init__.py,1,0,0,2
poetry,65174d7825fcb26463226ba2f5a180939cdfad5a,2018-05-17T18:02:30-05:00,poetry/puzzle/operations/operation.py,37,0,0,7
poetry,65174d7825fcb26463226ba2f5a180939cdfad5a,2018-05-17T18:02:30-05:00,poetry/puzzle/operations/update.py,46,2,0,29
poetry,65174d7825fcb26463226ba2f5a180939cdfad5a,2018-05-17T18:02:30-05:00,poetry/utils/venv.py,338,0,0,168
poetry,65174d7825fcb26463226ba2f5a180939cdfad5a,2018-05-17T18:02:30-05:00,poetry/mixology/failure.py,232,0,0,129
poetry,65174d7825fcb26463226ba2f5a180939cdfad5a,2018-05-17T18:02:30-05:00,poetry/console/commands/about.py,16,0,0,6
poetry,65174d7825fcb26463226ba2f5a180939cdfad5a,2018-05-17T18:02:30-05:00,tests/masonry/builders/fixtures/prerelease/prerelease.py,3,0,0,2
poetry,65174d7825fcb26463226ba2f5a180939cdfad5a,2018-05-17T18:02:30-05:00,tests/console/commands/test_version.py,38,0,0,49
poetry,65174d7825fcb26463226ba2f5a180939cdfad5a,2018-05-17T18:02:30-05:00,poetry/console/commands/check.py,15,0,0,2
poetry,65174d7825fcb26463226ba2f5a180939cdfad5a,2018-05-17T18:02:30-05:00,poetry/poetry.py,197,0,0,108
poetry,65174d7825fcb26463226ba2f5a180939cdfad5a,2018-05-17T18:02:30-05:00,poetry/console/commands/new.py,43,0,0,55
poetry,65174d7825fcb26463226ba2f5a180939cdfad5a,2018-05-17T18:02:30-05:00,tests/repositories/test_pypi_repository.py,57,0,0,41
poetry,65174d7825fcb26463226ba2f5a180939cdfad5a,2018-05-17T18:02:30-05:00,poetry/toml/prettify/elements/tableheader.py,95,0,0,88
poetry,65174d7825fcb26463226ba2f5a180939cdfad5a,2018-05-17T18:02:30-05:00,poetry/repositories/pool.py,105,0,0,27
poetry,65174d7825fcb26463226ba2f5a180939cdfad5a,2018-05-17T18:02:30-05:00,poetry/packages/project_package.py,14,0,0,1
poetry,65174d7825fcb26463226ba2f5a180939cdfad5a,2018-05-17T18:02:30-05:00,tests/masonry/builders/fixtures/source_file/src/module_src.py,3,0,0,2
poetry,65174d7825fcb26463226ba2f5a180939cdfad5a,2018-05-17T18:02:30-05:00,tests/console/commands/test_add.py,305,0,0,317
poetry,65174d7825fcb26463226ba2f5a180939cdfad5a,2018-05-17T18:02:30-05:00,tests/mixology/version_solver/conftest.py,32,0,0,3
poetry,65174d7825fcb26463226ba2f5a180939cdfad5a,2018-05-17T18:02:30-05:00,tests/semver/test_version.py,139,0,0,154
poetry,65174d7825fcb26463226ba2f5a180939cdfad5a,2018-05-17T18:02:30-05:00,poetry/version/__init__.py,44,0,0,20
poetry,65174d7825fcb26463226ba2f5a180939cdfad5a,2018-05-17T18:02:30-05:00,poetry/layouts/src.py,0,0,0,26
poetry,65174d7825fcb26463226ba2f5a180939cdfad5a,2018-05-17T18:02:30-05:00,poetry/toml/structurer.py,117,0,0,23
poetry,65174d7825fcb26463226ba2f5a180939cdfad5a,2018-05-17T18:02:30-05:00,tests/masonry/builders/fixtures/extended/build.py,12,0,0,8
poetry,65174d7825fcb26463226ba2f5a180939cdfad5a,2018-05-17T18:02:30-05:00,tests/spdx/test_main.py,34,0,0,22
poetry,65174d7825fcb26463226ba2f5a180939cdfad5a,2018-05-17T18:02:30-05:00,poetry/console/commands/__init__.py,16,0,0,2
poetry,65174d7825fcb26463226ba2f5a180939cdfad5a,2018-05-17T18:02:30-05:00,poetry/packages/constraints/base_constraint.py,19,0,0,1
poetry,65174d7825fcb26463226ba2f5a180939cdfad5a,2018-05-17T18:02:30-05:00,tests/mixology/helpers.py,44,0,0,9
poetry,65174d7825fcb26463226ba2f5a180939cdfad5a,2018-05-17T18:02:30-05:00,poetry/utils/_compat.py,76,2,0,18
poetry,65174d7825fcb26463226ba2f5a180939cdfad5a,2018-05-17T18:02:30-05:00,poetry/toml/array.py,39,0,0,7
poetry,65174d7825fcb26463226ba2f5a180939cdfad5a,2018-05-17T18:02:30-05:00,poetry/mixology/partial_solution.py,204,0,0,46
poetry,65174d7825fcb26463226ba2f5a180939cdfad5a,2018-05-17T18:02:30-05:00,poetry/installation/installer.py,509,10,0,237
poetry,65174d7825fcb26463226ba2f5a180939cdfad5a,2018-05-17T18:02:30-05:00,poetry/console/commands/cache/clear.py,80,0,0,49
poetry,65174d7825fcb26463226ba2f5a180939cdfad5a,2018-05-17T18:02:30-05:00,poetry/semver/version_constraint.py,25,0,0,1
poetry,65174d7825fcb26463226ba2f5a180939cdfad5a,2018-05-17T18:02:30-05:00,poetry/mixology/assignment.py,45,0,0,15
poetry,65174d7825fcb26463226ba2f5a180939cdfad5a,2018-05-17T18:02:30-05:00,tests/repositories/test_legacy_repository.py,0,0,0,45
poetry,65174d7825fcb26463226ba2f5a180939cdfad5a,2018-05-17T18:02:30-05:00,tests/utils/test_toml_file.py,58,0,0,50
poetry,65174d7825fcb26463226ba2f5a180939cdfad5a,2018-05-17T18:02:30-05:00,poetry/puzzle/dependencies.py,38,0,0,4
poetry,65174d7825fcb26463226ba2f5a180939cdfad5a,2018-05-17T18:02:30-05:00,poetry/toml/toplevels.py,142,0,0,17
poetry,65174d7825fcb26463226ba2f5a180939cdfad5a,2018-05-17T18:02:30-05:00,poetry/console/commands/search.py,35,0,0,16
poetry,65174d7825fcb26463226ba2f5a180939cdfad5a,2018-05-17T18:02:30-05:00,poetry/console/commands/script.py,54,2,0,72
poetry,65174d7825fcb26463226ba2f5a180939cdfad5a,2018-05-17T18:02:30-05:00,get-poetry.py,288,4,0,258
poetry,65174d7825fcb26463226ba2f5a180939cdfad5a,2018-05-17T18:02:30-05:00,poetry/version/version_selector.py,68,0,0,30
poetry,65174d7825fcb26463226ba2f5a180939cdfad5a,2018-05-17T18:02:30-05:00,poetry/toml/cascadedict.py,73,0,0,8
poetry,65174d7825fcb26463226ba2f5a180939cdfad5a,2018-05-17T18:02:30-05:00,poetry/repositories/pypi_repository.py,445,8,0,443
poetry,65174d7825fcb26463226ba2f5a180939cdfad5a,2018-05-17T18:02:30-05:00,poetry/mixology/incompatibility.py,429,2,0,223
poetry,0667c67a9ebcc9250ad8d70f74f0905cc9f20ab2,2018-05-21T17:07:27-05:00,tests/spdx/test_license.py,41,0,0,29
poetry,0667c67a9ebcc9250ad8d70f74f0905cc9f20ab2,2018-05-21T17:07:27-05:00,poetry/packages/constraints/generic_constraint.py,155,9,0,67
poetry,0667c67a9ebcc9250ad8d70f74f0905cc9f20ab2,2018-05-21T17:07:27-05:00,poetry/mixology/incompatibility.py,0,0,0,223
poetry,0667c67a9ebcc9250ad8d70f74f0905cc9f20ab2,2018-05-21T17:07:27-05:00,poetry/console/application.py,199,0,0,73
poetry,0667c67a9ebcc9250ad8d70f74f0905cc9f20ab2,2018-05-21T17:07:27-05:00,poetry/semver/constraints/wildcard_constraint.py,81,1,0,0
poetry,0667c67a9ebcc9250ad8d70f74f0905cc9f20ab2,2018-05-21T17:07:27-05:00,poetry/toml/prettify/parser/recdesc.py,115,0,0,13
poetry,0667c67a9ebcc9250ad8d70f74f0905cc9f20ab2,2018-05-21T17:07:27-05:00,poetry/toml/prettify/parser/errors.py,19,0,0,3
poetry,0667c67a9ebcc9250ad8d70f74f0905cc9f20ab2,2018-05-21T17:07:27-05:00,poetry/toml/__init__.py,53,0,0,4
poetry,0667c67a9ebcc9250ad8d70f74f0905cc9f20ab2,2018-05-21T17:07:27-05:00,poetry/toml/peekableit.py,30,1,0,0
poetry,0667c67a9ebcc9250ad8d70f74f0905cc9f20ab2,2018-05-21T17:07:27-05:00,poetry/console/commands/remove.py,89,6,0,30
poetry,0667c67a9ebcc9250ad8d70f74f0905cc9f20ab2,2018-05-21T17:07:27-05:00,poetry/console/commands/command.py,95,2,0,11
poetry,0667c67a9ebcc9250ad8d70f74f0905cc9f20ab2,2018-05-21T17:07:27-05:00,poetry/semver/__init__.py,62,0,0,58
poetry,0667c67a9ebcc9250ad8d70f74f0905cc9f20ab2,2018-05-21T17:07:27-05:00,poetry/repositories/installed_repository.py,24,0,0,9
poetry,0667c67a9ebcc9250ad8d70f74f0905cc9f20ab2,2018-05-21T17:07:27-05:00,poetry/console/commands/run.py,32,2,0,68
poetry,0667c67a9ebcc9250ad8d70f74f0905cc9f20ab2,2018-05-21T17:07:27-05:00,poetry/toml/prettify/util.py,140,1,0,37
poetry,0667c67a9ebcc9250ad8d70f74f0905cc9f20ab2,2018-05-21T17:07:27-05:00,tests/version/test_helpers.py,11,0,0,4
poetry,0667c67a9ebcc9250ad8d70f74f0905cc9f20ab2,2018-05-21T17:07:27-05:00,tests/helpers.py,33,0,0,14
poetry,0667c67a9ebcc9250ad8d70f74f0905cc9f20ab2,2018-05-21T17:07:27-05:00,tests/utils/test_helpers.py,50,0,0,28
poetry,0667c67a9ebcc9250ad8d70f74f0905cc9f20ab2,2018-05-21T17:07:27-05:00,poetry/version/helpers.py,45,0,0,19
poetry,0667c67a9ebcc9250ad8d70f74f0905cc9f20ab2,2018-05-21T17:07:27-05:00,poetry/version/utils.py,64,0,0,2
poetry,0667c67a9ebcc9250ad8d70f74f0905cc9f20ab2,2018-05-21T17:07:27-05:00,poetry/mixology/version_solver.py,0,0,0,104
poetry,0667c67a9ebcc9250ad8d70f74f0905cc9f20ab2,2018-05-21T17:07:27-05:00,poetry/masonry/api.py,44,0,0,2
poetry,0667c67a9ebcc9250ad8d70f74f0905cc9f20ab2,2018-05-21T17:07:27-05:00,poetry/toml/prettify/elements/array.py,139,2,0,39
poetry,0667c67a9ebcc9250ad8d70f74f0905cc9f20ab2,2018-05-21T17:07:27-05:00,poetry/__main__.py,6,0,0,2
poetry,0667c67a9ebcc9250ad8d70f74f0905cc9f20ab2,2018-05-21T17:07:27-05:00,poetry/mixology/term.py,0,0,0,33
poetry,0667c67a9ebcc9250ad8d70f74f0905cc9f20ab2,2018-05-21T17:07:27-05:00,poetry/console/commands/venv_command.py,28,0,0,8
poetry,0667c67a9ebcc9250ad8d70f74f0905cc9f20ab2,2018-05-21T17:07:27-05:00,poetry/console/commands/config.py,249,0,0,129
poetry,0667c67a9ebcc9250ad8d70f74f0905cc9f20ab2,2018-05-21T17:07:27-05:00,poetry/version/requirements.py,247,0,0,31
poetry,0667c67a9ebcc9250ad8d70f74f0905cc9f20ab2,2018-05-21T17:07:27-05:00,poetry/toml/prettify/parser/parser.py,391,2,0,326
poetry,0667c67a9ebcc9250ad8d70f74f0905cc9f20ab2,2018-05-21T17:07:27-05:00,poetry/packages/utils/utils.py,146,0,0,41
poetry,0667c67a9ebcc9250ad8d70f74f0905cc9f20ab2,2018-05-21T17:07:27-05:00,poetry/packages/dependency.py,222,1,0,121
poetry,0667c67a9ebcc9250ad8d70f74f0905cc9f20ab2,2018-05-21T17:07:27-05:00,poetry/packages/file_dependency.py,81,1,0,34
poetry,0667c67a9ebcc9250ad8d70f74f0905cc9f20ab2,2018-05-21T17:07:27-05:00,tests/toml/test_named_dict.py,23,0,0,21
poetry,0667c67a9ebcc9250ad8d70f74f0905cc9f20ab2,2018-05-21T17:07:27-05:00,poetry/toml/prettify/tokens/py2toml.py,127,0,0,86
poetry,0667c67a9ebcc9250ad8d70f74f0905cc9f20ab2,2018-05-21T17:07:27-05:00,poetry/packages/constraints/multi_constraint.py,0,0,0,5
poetry,0667c67a9ebcc9250ad8d70f74f0905cc9f20ab2,2018-05-21T17:07:27-05:00,poetry/console/commands/debug/resolve.py,111,7,0,68
poetry,0667c67a9ebcc9250ad8d70f74f0905cc9f20ab2,2018-05-21T17:07:27-05:00,poetry/masonry/metadata.py,82,0,0,14
poetry,0667c67a9ebcc9250ad8d70f74f0905cc9f20ab2,2018-05-21T17:07:27-05:00,tests/semver/test_version_range.py,0,0,0,50
poetry,0667c67a9ebcc9250ad8d70f74f0905cc9f20ab2,2018-05-21T17:07:27-05:00,poetry/semver/patterns.py,0,0,0,25
poetry,0667c67a9ebcc9250ad8d70f74f0905cc9f20ab2,2018-05-21T17:07:27-05:00,poetry/masonry/builders/complete.py,41,0,0,12
poetry,0667c67a9ebcc9250ad8d70f74f0905cc9f20ab2,2018-05-21T17:07:27-05:00,poetry/toml/toml_file.py,289,0,0,89
poetry,0667c67a9ebcc9250ad8d70f74f0905cc9f20ab2,2018-05-21T17:07:27-05:00,poetry/semver/version.py,0,0,0,92
poetry,0667c67a9ebcc9250ad8d70f74f0905cc9f20ab2,2018-05-21T17:07:27-05:00,poetry/toml/prettify/parser/tokenstream.py,38,0,0,2
poetry,0667c67a9ebcc9250ad8d70f74f0905cc9f20ab2,2018-05-21T17:07:27-05:00,poetry/masonry/utils/tags.py,180,0,0,112
poetry,0667c67a9ebcc9250ad8d70f74f0905cc9f20ab2,2018-05-21T17:07:27-05:00,poetry/masonry/builders/sdist.py,323,0,0,145
poetry,0667c67a9ebcc9250ad8d70f74f0905cc9f20ab2,2018-05-21T17:07:27-05:00,poetry/spdx/license.py,126,0,0,214
poetry,0667c67a9ebcc9250ad8d70f74f0905cc9f20ab2,2018-05-21T17:07:27-05:00,poetry/console/commands/develop.py,0,0,0,64
poetry,0667c67a9ebcc9250ad8d70f74f0905cc9f20ab2,2018-05-21T17:07:27-05:00,poetry/packages/vcs_dependency.py,69,0,0,20
poetry,0667c67a9ebcc9250ad8d70f74f0905cc9f20ab2,2018-05-21T17:07:27-05:00,poetry/toml/prettify/__init__.py,25,0,0,4
poetry,0667c67a9ebcc9250ad8d70f74f0905cc9f20ab2,2018-05-21T17:07:27-05:00,poetry/layouts/__init__.py,16,0,0,7
poetry,0667c67a9ebcc9250ad8d70f74f0905cc9f20ab2,2018-05-21T17:07:27-05:00,tests/console/commands/test_show.py,0,0,0,636
poetry,0667c67a9ebcc9250ad8d70f74f0905cc9f20ab2,2018-05-21T17:07:27-05:00,tests/packages/test_main.py,133,0,0,128
poetry,0667c67a9ebcc9250ad8d70f74f0905cc9f20ab2,2018-05-21T17:07:27-05:00,poetry/puzzle/solver.py,220,0,0,521
poetry,0667c67a9ebcc9250ad8d70f74f0905cc9f20ab2,2018-05-21T17:07:27-05:00,poetry/toml/prettify/elements/factory.py,152,0,0,108
poetry,0667c67a9ebcc9250ad8d70f74f0905cc9f20ab2,2018-05-21T17:07:27-05:00,tests/console/commands/test_init.py,0,0,0,86
poetry,0667c67a9ebcc9250ad8d70f74f0905cc9f20ab2,2018-05-21T17:07:27-05:00,poetry/layouts/standard.py,19,0,0,5
poetry,0667c67a9ebcc9250ad8d70f74f0905cc9f20ab2,2018-05-21T17:07:27-05:00,poetry/__init__.py,10,0,0,2
poetry,0667c67a9ebcc9250ad8d70f74f0905cc9f20ab2,2018-05-21T17:07:27-05:00,poetry/console/commands/debug/info.py,51,0,0,72
poetry,0667c67a9ebcc9250ad8d70f74f0905cc9f20ab2,2018-05-21T17:07:27-05:00,poetry/toml/prettify/elements/traversal/predicates.py,52,0,0,24
poetry,0667c67a9ebcc9250ad8d70f74f0905cc9f20ab2,2018-05-21T17:07:27-05:00,poetry/toml/prettify/elements/errors.py,13,0,0,2
poetry,0667c67a9ebcc9250ad8d70f74f0905cc9f20ab2,2018-05-21T17:07:27-05:00,tests/fixtures/git/github.com/demo/demo/setup.py,23,0,0,22
poetry,0667c67a9ebcc9250ad8d70f74f0905cc9f20ab2,2018-05-21T17:07:27-05:00,poetry/version/base.py,28,0,0,1
poetry,0667c67a9ebcc9250ad8d70f74f0905cc9f20ab2,2018-05-21T17:07:27-05:00,poetry/packages/directory_dependency.py,159,1,0,70
poetry,0667c67a9ebcc9250ad8d70f74f0905cc9f20ab2,2018-05-21T17:07:27-05:00,tests/mixology/version_solver/test_basic_graph.py,0,0,0,119
poetry,0667c67a9ebcc9250ad8d70f74f0905cc9f20ab2,2018-05-21T17:07:27-05:00,tests/console/commands/test_about.py,18,0,0,4
poetry,0667c67a9ebcc9250ad8d70f74f0905cc9f20ab2,2018-05-21T17:07:27-05:00,poetry/io/raw_argv_input.py,16,0,0,1
poetry,0667c67a9ebcc9250ad8d70f74f0905cc9f20ab2,2018-05-21T17:07:27-05:00,tests/toml/test_toml.py,290,0,0,54
poetry,0667c67a9ebcc9250ad8d70f74f0905cc9f20ab2,2018-05-21T17:07:27-05:00,poetry/version/version.py,249,2,0,44
poetry,0667c67a9ebcc9250ad8d70f74f0905cc9f20ab2,2018-05-21T17:07:27-05:00,poetry/toml/prettify/tokens/__init__.py,136,0,0,56
poetry,0667c67a9ebcc9250ad8d70f74f0905cc9f20ab2,2018-05-21T17:07:27-05:00,tests/masonry/builders/fixtures/module1/module1.py,3,0,0,2
poetry,0667c67a9ebcc9250ad8d70f74f0905cc9f20ab2,2018-05-21T17:07:27-05:00,poetry/toml/prettify/parser/__init__.py,32,0,0,2
poetry,0667c67a9ebcc9250ad8d70f74f0905cc9f20ab2,2018-05-21T17:07:27-05:00,poetry/installation/pip_installer.py,93,0,0,55
poetry,0667c67a9ebcc9250ad8d70f74f0905cc9f20ab2,2018-05-21T17:07:27-05:00,poetry/toml/prettify/elements/metadata.py,80,0,0,24
poetry,0667c67a9ebcc9250ad8d70f74f0905cc9f20ab2,2018-05-21T17:07:27-05:00,poetry/toml/prettify/elements/inlinetable.py,78,2,0,32
poetry,0667c67a9ebcc9250ad8d70f74f0905cc9f20ab2,2018-05-21T17:07:27-05:00,poetry/console/commands/init.py,0,0,0,222
poetry,0667c67a9ebcc9250ad8d70f74f0905cc9f20ab2,2018-05-21T17:07:27-05:00,poetry/spdx/updater.py,48,0,0,28
poetry,0667c67a9ebcc9250ad8d70f74f0905cc9f20ab2,2018-05-21T17:07:27-05:00,poetry/mixology/graph/add_edge_no_circular.py,58,2,0,0
poetry,0667c67a9ebcc9250ad8d70f74f0905cc9f20ab2,2018-05-21T17:07:27-05:00,poetry/version/markers.py,195,0,0,80
poetry,0667c67a9ebcc9250ad8d70f74f0905cc9f20ab2,2018-05-21T17:07:27-05:00,poetry/mixology/resolution.py,961,4,0,0
poetry,0667c67a9ebcc9250ad8d70f74f0905cc9f20ab2,2018-05-21T17:07:27-05:00,poetry/toml/prettify/lexer/__init__.py,123,0,0,85
poetry,0667c67a9ebcc9250ad8d70f74f0905cc9f20ab2,2018-05-21T17:07:27-05:00,tests/packages/test_package.py,16,0,0,12
poetry,0667c67a9ebcc9250ad8d70f74f0905cc9f20ab2,2018-05-21T17:07:27-05:00,poetry/toml/prettify/elements/common.py,105,0,0,14
poetry,0667c67a9ebcc9250ad8d70f74f0905cc9f20ab2,2018-05-21T17:07:27-05:00,poetry/masonry/builders/builder.py,201,1,0,68
poetry,0667c67a9ebcc9250ad8d70f74f0905cc9f20ab2,2018-05-21T17:07:27-05:00,poetry/toml/prettify/elements/abstracttable.py,83,0,0,11
poetry,0667c67a9ebcc9250ad8d70f74f0905cc9f20ab2,2018-05-21T17:07:27-05:00,poetry/console/commands/publish.py,38,0,0,47
poetry,0667c67a9ebcc9250ad8d70f74f0905cc9f20ab2,2018-05-21T17:07:27-05:00,poetry/console/commands/self/update.py,173,2,0,138
poetry,0667c67a9ebcc9250ad8d70f74f0905cc9f20ab2,2018-05-21T17:07:27-05:00,tests/mixology/version_solver/test_with_lock.py,0,0,0,170
poetry,0667c67a9ebcc9250ad8d70f74f0905cc9f20ab2,2018-05-21T17:07:27-05:00,poetry/installation/noop_installer.py,30,0,0,1
poetry,0667c67a9ebcc9250ad8d70f74f0905cc9f20ab2,2018-05-21T17:07:27-05:00,poetry/toml/prettify/_version.py,1,0,0,2
poetry,0667c67a9ebcc9250ad8d70f74f0905cc9f20ab2,2018-05-21T17:07:27-05:00,poetry/toml/prettify/parser/elementsanitizer.py,57,0,0,28
poetry,0667c67a9ebcc9250ad8d70f74f0905cc9f20ab2,2018-05-21T17:07:27-05:00,poetry/installation/base_installer.py,10,0,0,1
poetry,0667c67a9ebcc9250ad8d70f74f0905cc9f20ab2,2018-05-21T17:07:27-05:00,poetry/__version__.py,1,0,0,14
poetry,0667c67a9ebcc9250ad8d70f74f0905cc9f20ab2,2018-05-21T17:07:27-05:00,poetry/config.py,93,2,0,9
poetry,0667c67a9ebcc9250ad8d70f74f0905cc9f20ab2,2018-05-21T17:07:27-05:00,poetry/mixology/set_relation.py,0,0,0,6
poetry,0667c67a9ebcc9250ad8d70f74f0905cc9f20ab2,2018-05-21T17:07:27-05:00,poetry/console/commands/add.py,241,13,0,126
poetry,0667c67a9ebcc9250ad8d70f74f0905cc9f20ab2,2018-05-21T17:07:27-05:00,poetry/packages/__init__.py,153,0,0,106
poetry,0667c67a9ebcc9250ad8d70f74f0905cc9f20ab2,2018-05-21T17:07:27-05:00,poetry/console/commands/build.py,26,0,0,11
poetry,0667c67a9ebcc9250ad8d70f74f0905cc9f20ab2,2018-05-21T17:07:27-05:00,poetry/semver/empty_constraint.py,0,0,0,3
poetry,0667c67a9ebcc9250ad8d70f74f0905cc9f20ab2,2018-05-21T17:07:27-05:00,poetry/spdx/__init__.py,44,0,0,14
poetry,0667c67a9ebcc9250ad8d70f74f0905cc9f20ab2,2018-05-21T17:07:27-05:00,poetry/packages/constraints/wildcard_constraint.py,0,0,0,46
poetry,0667c67a9ebcc9250ad8d70f74f0905cc9f20ab2,2018-05-21T17:07:27-05:00,poetry/locations.py,6,0,0,4
poetry,0667c67a9ebcc9250ad8d70f74f0905cc9f20ab2,2018-05-21T17:07:27-05:00,poetry/console/commands/lock.py,35,2,0,6
poetry,0667c67a9ebcc9250ad8d70f74f0905cc9f20ab2,2018-05-21T17:07:27-05:00,tests/mixology/version_solver/test_unsolvable.py,0,0,0,48
poetry,0667c67a9ebcc9250ad8d70f74f0905cc9f20ab2,2018-05-21T17:07:27-05:00,poetry/console/commands/update.py,41,1,0,14
poetry,0667c67a9ebcc9250ad8d70f74f0905cc9f20ab2,2018-05-21T17:07:27-05:00,poetry/mixology/result.py,0,0,0,1
poetry,0667c67a9ebcc9250ad8d70f74f0905cc9f20ab2,2018-05-21T17:07:27-05:00,tests/test_poetry.py,110,0,0,82
poetry,0667c67a9ebcc9250ad8d70f74f0905cc9f20ab2,2018-05-21T17:07:27-05:00,poetry/puzzle/operations/install.py,29,0,0,13
poetry,0667c67a9ebcc9250ad8d70f74f0905cc9f20ab2,2018-05-21T17:07:27-05:00,tests/puzzle/test_solver.py,613,0,0,873
poetry,0667c67a9ebcc9250ad8d70f74f0905cc9f20ab2,2018-05-21T17:07:27-05:00,poetry/semver/version_range.py,0,0,0,105
poetry,0667c67a9ebcc9250ad8d70f74f0905cc9f20ab2,2018-05-21T17:07:27-05:00,poetry/toml/prettify/elements/table.py,123,0,0,45
poetry,0667c67a9ebcc9250ad8d70f74f0905cc9f20ab2,2018-05-21T17:07:27-05:00,tests/console/conftest.py,139,0,0,45
poetry,0667c67a9ebcc9250ad8d70f74f0905cc9f20ab2,2018-05-21T17:07:27-05:00,poetry/version/legacy_version.py,89,0,0,11
poetry,0667c67a9ebcc9250ad8d70f74f0905cc9f20ab2,2018-05-21T17:07:27-05:00,tests/fixtures/project_with_setup/setup.py,24,0,0,23
poetry,0667c67a9ebcc9250ad8d70f74f0905cc9f20ab2,2018-05-21T17:07:27-05:00,poetry/masonry/builder.py,25,0,0,8
poetry,0667c67a9ebcc9250ad8d70f74f0905cc9f20ab2,2018-05-21T17:07:27-05:00,tests/console/commands/test_check.py,14,0,0,4
poetry,0667c67a9ebcc9250ad8d70f74f0905cc9f20ab2,2018-05-21T17:07:27-05:00,poetry/packages/locker.py,213,0,0,120
poetry,0667c67a9ebcc9250ad8d70f74f0905cc9f20ab2,2018-05-21T17:07:27-05:00,tests/packages/test_dependency.py,102,0,0,93
poetry,0667c67a9ebcc9250ad8d70f74f0905cc9f20ab2,2018-05-21T17:07:27-05:00,poetry/masonry/publishing/uploader.py,302,0,0,156
poetry,0667c67a9ebcc9250ad8d70f74f0905cc9f20ab2,2018-05-21T17:07:27-05:00,tests/semver/test_main.py,169,0,0,206
poetry,0667c67a9ebcc9250ad8d70f74f0905cc9f20ab2,2018-05-21T17:07:27-05:00,poetry/masonry/publishing/publisher.py,88,0,0,52
poetry,0667c67a9ebcc9250ad8d70f74f0905cc9f20ab2,2018-05-21T17:07:27-05:00,poetry/packages/constraints/empty_constraint.py,0,0,0,2
poetry,0667c67a9ebcc9250ad8d70f74f0905cc9f20ab2,2018-05-21T17:07:27-05:00,poetry/repositories/repository.py,88,0,0,26
poetry,0667c67a9ebcc9250ad8d70f74f0905cc9f20ab2,2018-05-21T17:07:27-05:00,poetry/vcs/git.py,100,6,0,54
poetry,0667c67a9ebcc9250ad8d70f74f0905cc9f20ab2,2018-05-21T17:07:27-05:00,poetry/utils/toml_file.py,37,0,0,3
poetry,0667c67a9ebcc9250ad8d70f74f0905cc9f20ab2,2018-05-21T17:07:27-05:00,poetry/console/commands/install.py,43,2,0,31
poetry,0667c67a9ebcc9250ad8d70f74f0905cc9f20ab2,2018-05-21T17:07:27-05:00,tests/masonry/builders/test_wheel.py,89,0,0,34
poetry,0667c67a9ebcc9250ad8d70f74f0905cc9f20ab2,2018-05-21T17:07:27-05:00,poetry/toml/prettify/tokens/toml2py.py,124,0,0,60
poetry,0667c67a9ebcc9250ad8d70f74f0905cc9f20ab2,2018-05-21T17:07:27-05:00,poetry/toml/prettify/errors.py,32,0,0,2
poetry,0667c67a9ebcc9250ad8d70f74f0905cc9f20ab2,2018-05-21T17:07:27-05:00,poetry/layouts/layout.py,111,0,0,68
poetry,0667c67a9ebcc9250ad8d70f74f0905cc9f20ab2,2018-05-21T17:07:27-05:00,tests/masonry/builders/test_complete.py,182,0,0,98
poetry,0667c67a9ebcc9250ad8d70f74f0905cc9f20ab2,2018-05-21T17:07:27-05:00,poetry/puzzle/exceptions.py,10,0,0,1
poetry,0667c67a9ebcc9250ad8d70f74f0905cc9f20ab2,2018-05-21T17:07:27-05:00,poetry/toml/prettify/elements/atomic.py,52,0,0,12
poetry,0667c67a9ebcc9250ad8d70f74f0905cc9f20ab2,2018-05-21T17:07:27-05:00,tests/packages/test_file_dependency.py,46,0,0,32
poetry,0667c67a9ebcc9250ad8d70f74f0905cc9f20ab2,2018-05-21T17:07:27-05:00,poetry/console/styles/poetry.py,25,0,0,33
poetry,0667c67a9ebcc9250ad8d70f74f0905cc9f20ab2,2018-05-21T17:07:27-05:00,poetry/console/commands/show.py,268,0,0,175
poetry,0667c67a9ebcc9250ad8d70f74f0905cc9f20ab2,2018-05-21T17:07:27-05:00,poetry/vcs/__init__.py,11,0,0,2
poetry,0667c67a9ebcc9250ad8d70f74f0905cc9f20ab2,2018-05-21T17:07:27-05:00,poetry/masonry/builders/wheel.py,342,0,0,132
poetry,0667c67a9ebcc9250ad8d70f74f0905cc9f20ab2,2018-05-21T17:07:27-05:00,tests/masonry/builders/test_sdist.py,275,0,0,185
poetry,0667c67a9ebcc9250ad8d70f74f0905cc9f20ab2,2018-05-21T17:07:27-05:00,poetry/console/commands/version.py,133,0,0,46
poetry,0667c67a9ebcc9250ad8d70f74f0905cc9f20ab2,2018-05-21T17:07:27-05:00,poetry/toml/prettify/elements/traversal/__init__.py,176,0,0,44
poetry,0667c67a9ebcc9250ad8d70f74f0905cc9f20ab2,2018-05-21T17:07:27-05:00,tests/masonry/builders/fixtures/source_package/src/package_src/module.py,3,0,0,2
poetry,0667c67a9ebcc9250ad8d70f74f0905cc9f20ab2,2018-05-21T17:07:27-05:00,poetry/packages/utils/link.py,169,0,0,31
poetry,0667c67a9ebcc9250ad8d70f74f0905cc9f20ab2,2018-05-21T17:07:27-05:00,poetry/masonry/utils/module.py,60,0,0,14
poetry,0667c67a9ebcc9250ad8d70f74f0905cc9f20ab2,2018-05-21T17:07:27-05:00,poetry/puzzle/operations/uninstall.py,29,0,0,13
poetry,0667c67a9ebcc9250ad8d70f74f0905cc9f20ab2,2018-05-21T17:07:27-05:00,poetry/semver/version_union.py,0,0,0,51
poetry,0667c67a9ebcc9250ad8d70f74f0905cc9f20ab2,2018-05-21T17:07:27-05:00,poetry/io/null_io.py,31,0,0,1
poetry,0667c67a9ebcc9250ad8d70f74f0905cc9f20ab2,2018-05-21T17:07:27-05:00,tests/mixology/version_solver/test_backtracking.py,0,0,0,80
poetry,0667c67a9ebcc9250ad8d70f74f0905cc9f20ab2,2018-05-21T17:07:27-05:00,poetry/mixology/graph/delete_edge.py,58,2,0,0
poetry,0667c67a9ebcc9250ad8d70f74f0905cc9f20ab2,2018-05-21T17:07:27-05:00,poetry/packages/package.py,351,2,0,144
poetry,0667c67a9ebcc9250ad8d70f74f0905cc9f20ab2,2018-05-21T17:07:27-05:00,tests/installation/test_installer.py,651,0,0,753
poetry,0667c67a9ebcc9250ad8d70f74f0905cc9f20ab2,2018-05-21T17:07:27-05:00,poetry/repositories/legacy_repository.py,219,8,0,430
poetry,0667c67a9ebcc9250ad8d70f74f0905cc9f20ab2,2018-05-21T17:07:27-05:00,poetry/utils/helpers.py,73,2,0,18
poetry,0667c67a9ebcc9250ad8d70f74f0905cc9f20ab2,2018-05-21T17:07:27-05:00,poetry/puzzle/provider.py,352,1,0,271
poetry,0667c67a9ebcc9250ad8d70f74f0905cc9f20ab2,2018-05-21T17:07:27-05:00,poetry/utils/appdirs.py,254,0,0,29
poetry,0667c67a9ebcc9250ad8d70f74f0905cc9f20ab2,2018-05-21T17:07:27-05:00,poetry/semver/version_parser.py,266,11,0,0
poetry,0667c67a9ebcc9250ad8d70f74f0905cc9f20ab2,2018-05-21T17:07:27-05:00,poetry/repositories/base_repository.py,24,0,0,5
poetry,0667c67a9ebcc9250ad8d70f74f0905cc9f20ab2,2018-05-21T17:07:27-05:00,tests/masonry/builders/fixtures/complete/my_package/__init__.py,1,0,0,2
poetry,0667c67a9ebcc9250ad8d70f74f0905cc9f20ab2,2018-05-21T17:07:27-05:00,poetry/puzzle/operations/operation.py,37,0,0,7
poetry,0667c67a9ebcc9250ad8d70f74f0905cc9f20ab2,2018-05-21T17:07:27-05:00,poetry/puzzle/operations/update.py,46,2,0,29
poetry,0667c67a9ebcc9250ad8d70f74f0905cc9f20ab2,2018-05-21T17:07:27-05:00,poetry/utils/venv.py,338,0,0,154
poetry,0667c67a9ebcc9250ad8d70f74f0905cc9f20ab2,2018-05-21T17:07:27-05:00,poetry/mixology/failure.py,0,0,0,129
poetry,0667c67a9ebcc9250ad8d70f74f0905cc9f20ab2,2018-05-21T17:07:27-05:00,poetry/console/commands/about.py,16,0,0,6
poetry,0667c67a9ebcc9250ad8d70f74f0905cc9f20ab2,2018-05-21T17:07:27-05:00,tests/masonry/builders/fixtures/prerelease/prerelease.py,3,0,0,2
poetry,0667c67a9ebcc9250ad8d70f74f0905cc9f20ab2,2018-05-21T17:07:27-05:00,tests/console/commands/test_version.py,38,0,0,46
poetry,0667c67a9ebcc9250ad8d70f74f0905cc9f20ab2,2018-05-21T17:07:27-05:00,poetry/console/commands/check.py,15,0,0,2
poetry,0667c67a9ebcc9250ad8d70f74f0905cc9f20ab2,2018-05-21T17:07:27-05:00,poetry/poetry.py,196,0,0,108
poetry,0667c67a9ebcc9250ad8d70f74f0905cc9f20ab2,2018-05-21T17:07:27-05:00,poetry/console/commands/new.py,43,0,0,35
poetry,0667c67a9ebcc9250ad8d70f74f0905cc9f20ab2,2018-05-21T17:07:27-05:00,tests/repositories/test_pypi_repository.py,66,0,0,41
poetry,0667c67a9ebcc9250ad8d70f74f0905cc9f20ab2,2018-05-21T17:07:27-05:00,poetry/toml/prettify/elements/tableheader.py,95,0,0,88
poetry,0667c67a9ebcc9250ad8d70f74f0905cc9f20ab2,2018-05-21T17:07:27-05:00,poetry/repositories/pool.py,105,0,0,27
poetry,0667c67a9ebcc9250ad8d70f74f0905cc9f20ab2,2018-05-21T17:07:27-05:00,poetry/packages/project_package.py,0,0,0,1
poetry,0667c67a9ebcc9250ad8d70f74f0905cc9f20ab2,2018-05-21T17:07:27-05:00,tests/masonry/builders/fixtures/source_file/src/module_src.py,3,0,0,2
poetry,0667c67a9ebcc9250ad8d70f74f0905cc9f20ab2,2018-05-21T17:07:27-05:00,tests/console/commands/test_add.py,305,0,0,317
poetry,0667c67a9ebcc9250ad8d70f74f0905cc9f20ab2,2018-05-21T17:07:27-05:00,tests/mixology/version_solver/conftest.py,0,0,0,3
poetry,0667c67a9ebcc9250ad8d70f74f0905cc9f20ab2,2018-05-21T17:07:27-05:00,tests/semver/test_version.py,0,0,0,150
poetry,0667c67a9ebcc9250ad8d70f74f0905cc9f20ab2,2018-05-21T17:07:27-05:00,poetry/version/__init__.py,71,0,0,20
poetry,0667c67a9ebcc9250ad8d70f74f0905cc9f20ab2,2018-05-21T17:07:27-05:00,poetry/layouts/src.py,0,0,0,7
poetry,0667c67a9ebcc9250ad8d70f74f0905cc9f20ab2,2018-05-21T17:07:27-05:00,poetry/toml/structurer.py,117,0,0,23
poetry,0667c67a9ebcc9250ad8d70f74f0905cc9f20ab2,2018-05-21T17:07:27-05:00,tests/masonry/builders/fixtures/extended/build.py,12,0,0,8
poetry,0667c67a9ebcc9250ad8d70f74f0905cc9f20ab2,2018-05-21T17:07:27-05:00,tests/spdx/test_main.py,34,0,0,22
poetry,0667c67a9ebcc9250ad8d70f74f0905cc9f20ab2,2018-05-21T17:07:27-05:00,poetry/console/commands/__init__.py,16,0,0,1
poetry,0667c67a9ebcc9250ad8d70f74f0905cc9f20ab2,2018-05-21T17:07:27-05:00,poetry/packages/constraints/base_constraint.py,0,0,0,1
poetry,0667c67a9ebcc9250ad8d70f74f0905cc9f20ab2,2018-05-21T17:07:27-05:00,tests/mixology/helpers.py,0,0,0,9
poetry,0667c67a9ebcc9250ad8d70f74f0905cc9f20ab2,2018-05-21T17:07:27-05:00,poetry/semver/constraints/constraint.py,139,3,0,0
poetry,0667c67a9ebcc9250ad8d70f74f0905cc9f20ab2,2018-05-21T17:07:27-05:00,poetry/utils/_compat.py,76,2,0,18
poetry,0667c67a9ebcc9250ad8d70f74f0905cc9f20ab2,2018-05-21T17:07:27-05:00,poetry/toml/array.py,39,0,0,7
poetry,0667c67a9ebcc9250ad8d70f74f0905cc9f20ab2,2018-05-21T17:07:27-05:00,poetry/mixology/partial_solution.py,0,0,0,18
poetry,0667c67a9ebcc9250ad8d70f74f0905cc9f20ab2,2018-05-21T17:07:27-05:00,poetry/installation/installer.py,539,10,0,228
poetry,0667c67a9ebcc9250ad8d70f74f0905cc9f20ab2,2018-05-21T17:07:27-05:00,poetry/mixology/graph/vertex.py,97,2,0,0
poetry,0667c67a9ebcc9250ad8d70f74f0905cc9f20ab2,2018-05-21T17:07:27-05:00,poetry/semver/version_constraint.py,0,0,0,1
poetry,0667c67a9ebcc9250ad8d70f74f0905cc9f20ab2,2018-05-21T17:07:27-05:00,poetry/mixology/assignment.py,0,0,0,15
poetry,0667c67a9ebcc9250ad8d70f74f0905cc9f20ab2,2018-05-21T17:07:27-05:00,tests/repositories/test_legacy_repository.py,0,0,0,45
poetry,0667c67a9ebcc9250ad8d70f74f0905cc9f20ab2,2018-05-21T17:07:27-05:00,tests/utils/test_toml_file.py,58,0,0,50
poetry,0667c67a9ebcc9250ad8d70f74f0905cc9f20ab2,2018-05-21T17:07:27-05:00,poetry/puzzle/dependencies.py,38,0,0,4
poetry,0667c67a9ebcc9250ad8d70f74f0905cc9f20ab2,2018-05-21T17:07:27-05:00,poetry/toml/toplevels.py,142,0,0,17
poetry,0667c67a9ebcc9250ad8d70f74f0905cc9f20ab2,2018-05-21T17:07:27-05:00,poetry/console/commands/search.py,35,0,0,16
poetry,0667c67a9ebcc9250ad8d70f74f0905cc9f20ab2,2018-05-21T17:07:27-05:00,poetry/console/commands/script.py,68,2,0,72
poetry,0667c67a9ebcc9250ad8d70f74f0905cc9f20ab2,2018-05-21T17:07:27-05:00,get-poetry.py,288,4,0,264
poetry,0667c67a9ebcc9250ad8d70f74f0905cc9f20ab2,2018-05-21T17:07:27-05:00,poetry/version/version_selector.py,73,0,0,21
poetry,0667c67a9ebcc9250ad8d70f74f0905cc9f20ab2,2018-05-21T17:07:27-05:00,poetry/toml/cascadedict.py,73,0,0,8
poetry,0667c67a9ebcc9250ad8d70f74f0905cc9f20ab2,2018-05-21T17:07:27-05:00,poetry/repositories/pypi_repository.py,447,8,0,329
poetry,0667c67a9ebcc9250ad8d70f74f0905cc9f20ab2,2018-05-21T17:07:27-05:00,poetry/console/commands/cache/clear.py,80,0,0,49
poetry,4b3caa7ef34c8be93c3ef7e8b8f177519d508820,2018-05-22T12:05:33-05:00,tests/spdx/test_license.py,41,0,0,29
poetry,4b3caa7ef34c8be93c3ef7e8b8f177519d508820,2018-05-22T12:05:33-05:00,poetry/packages/constraints/generic_constraint.py,150,1,0,67
poetry,4b3caa7ef34c8be93c3ef7e8b8f177519d508820,2018-05-22T12:05:33-05:00,poetry/console/application.py,201,0,0,73
poetry,4b3caa7ef34c8be93c3ef7e8b8f177519d508820,2018-05-22T12:05:33-05:00,poetry/toml/prettify/parser/recdesc.py,115,0,0,13
poetry,4b3caa7ef34c8be93c3ef7e8b8f177519d508820,2018-05-22T12:05:33-05:00,poetry/toml/prettify/parser/errors.py,19,0,0,3
poetry,4b3caa7ef34c8be93c3ef7e8b8f177519d508820,2018-05-22T12:05:33-05:00,poetry/toml/__init__.py,53,0,0,4
poetry,4b3caa7ef34c8be93c3ef7e8b8f177519d508820,2018-05-22T12:05:33-05:00,poetry/toml/peekableit.py,30,1,0,0
poetry,4b3caa7ef34c8be93c3ef7e8b8f177519d508820,2018-05-22T12:05:33-05:00,poetry/console/commands/remove.py,89,6,0,30
poetry,4b3caa7ef34c8be93c3ef7e8b8f177519d508820,2018-05-22T12:05:33-05:00,poetry/console/commands/command.py,95,2,0,11
poetry,4b3caa7ef34c8be93c3ef7e8b8f177519d508820,2018-05-22T12:05:33-05:00,poetry/semver/__init__.py,122,0,0,58
poetry,4b3caa7ef34c8be93c3ef7e8b8f177519d508820,2018-05-22T12:05:33-05:00,poetry/repositories/installed_repository.py,24,0,0,9
poetry,4b3caa7ef34c8be93c3ef7e8b8f177519d508820,2018-05-22T12:05:33-05:00,poetry/console/commands/run.py,68,4,0,32
poetry,4b3caa7ef34c8be93c3ef7e8b8f177519d508820,2018-05-22T12:05:33-05:00,poetry/toml/prettify/util.py,140,1,0,37
poetry,4b3caa7ef34c8be93c3ef7e8b8f177519d508820,2018-05-22T12:05:33-05:00,tests/version/test_helpers.py,10,0,0,4
poetry,4b3caa7ef34c8be93c3ef7e8b8f177519d508820,2018-05-22T12:05:33-05:00,tests/helpers.py,32,0,0,14
poetry,4b3caa7ef34c8be93c3ef7e8b8f177519d508820,2018-05-22T12:05:33-05:00,tests/utils/test_helpers.py,50,0,0,28
poetry,4b3caa7ef34c8be93c3ef7e8b8f177519d508820,2018-05-22T12:05:33-05:00,poetry/version/helpers.py,35,0,0,19
poetry,4b3caa7ef34c8be93c3ef7e8b8f177519d508820,2018-05-22T12:05:33-05:00,poetry/version/utils.py,64,0,0,2
poetry,4b3caa7ef34c8be93c3ef7e8b8f177519d508820,2018-05-22T12:05:33-05:00,poetry/mixology/version_solver.py,441,0,0,92
poetry,4b3caa7ef34c8be93c3ef7e8b8f177519d508820,2018-05-22T12:05:33-05:00,poetry/masonry/api.py,44,0,0,2
poetry,4b3caa7ef34c8be93c3ef7e8b8f177519d508820,2018-05-22T12:05:33-05:00,poetry/mixology/term.py,174,2,0,33
poetry,4b3caa7ef34c8be93c3ef7e8b8f177519d508820,2018-05-22T12:05:33-05:00,poetry/toml/prettify/elements/array.py,139,2,0,39
poetry,4b3caa7ef34c8be93c3ef7e8b8f177519d508820,2018-05-22T12:05:33-05:00,poetry/__main__.py,6,0,0,2
poetry,4b3caa7ef34c8be93c3ef7e8b8f177519d508820,2018-05-22T12:05:33-05:00,poetry/console/commands/venv_command.py,28,0,0,8
poetry,4b3caa7ef34c8be93c3ef7e8b8f177519d508820,2018-05-22T12:05:33-05:00,poetry/console/commands/config.py,250,0,0,129
poetry,4b3caa7ef34c8be93c3ef7e8b8f177519d508820,2018-05-22T12:05:33-05:00,poetry/version/requirements.py,247,0,0,31
poetry,4b3caa7ef34c8be93c3ef7e8b8f177519d508820,2018-05-22T12:05:33-05:00,poetry/toml/prettify/parser/parser.py,391,2,0,326
poetry,4b3caa7ef34c8be93c3ef7e8b8f177519d508820,2018-05-22T12:05:33-05:00,poetry/packages/utils/utils.py,146,0,0,41
poetry,4b3caa7ef34c8be93c3ef7e8b8f177519d508820,2018-05-22T12:05:33-05:00,poetry/packages/dependency.py,300,1,0,121
poetry,4b3caa7ef34c8be93c3ef7e8b8f177519d508820,2018-05-22T12:05:33-05:00,poetry/packages/file_dependency.py,81,1,0,34
poetry,4b3caa7ef34c8be93c3ef7e8b8f177519d508820,2018-05-22T12:05:33-05:00,tests/toml/test_named_dict.py,23,0,0,21
poetry,4b3caa7ef34c8be93c3ef7e8b8f177519d508820,2018-05-22T12:05:33-05:00,poetry/toml/prettify/tokens/py2toml.py,127,0,0,86
poetry,4b3caa7ef34c8be93c3ef7e8b8f177519d508820,2018-05-22T12:05:33-05:00,poetry/packages/constraints/multi_constraint.py,41,0,0,5
poetry,4b3caa7ef34c8be93c3ef7e8b8f177519d508820,2018-05-22T12:05:33-05:00,poetry/console/commands/debug/resolve.py,123,7,0,68
poetry,4b3caa7ef34c8be93c3ef7e8b8f177519d508820,2018-05-22T12:05:33-05:00,poetry/masonry/metadata.py,83,0,0,14
poetry,4b3caa7ef34c8be93c3ef7e8b8f177519d508820,2018-05-22T12:05:33-05:00,tests/semver/test_version_range.py,237,0,0,50
poetry,4b3caa7ef34c8be93c3ef7e8b8f177519d508820,2018-05-22T12:05:33-05:00,poetry/semver/patterns.py,16,0,0,25
poetry,4b3caa7ef34c8be93c3ef7e8b8f177519d508820,2018-05-22T12:05:33-05:00,poetry/masonry/builders/complete.py,41,0,0,12
poetry,4b3caa7ef34c8be93c3ef7e8b8f177519d508820,2018-05-22T12:05:33-05:00,poetry/toml/toml_file.py,289,0,0,89
poetry,4b3caa7ef34c8be93c3ef7e8b8f177519d508820,2018-05-22T12:05:33-05:00,poetry/semver/version.py,421,0,0,92
poetry,4b3caa7ef34c8be93c3ef7e8b8f177519d508820,2018-05-22T12:05:33-05:00,poetry/toml/prettify/parser/tokenstream.py,38,0,0,2
poetry,4b3caa7ef34c8be93c3ef7e8b8f177519d508820,2018-05-22T12:05:33-05:00,poetry/masonry/utils/tags.py,180,0,0,112
poetry,4b3caa7ef34c8be93c3ef7e8b8f177519d508820,2018-05-22T12:05:33-05:00,poetry/masonry/builders/sdist.py,323,0,0,145
poetry,4b3caa7ef34c8be93c3ef7e8b8f177519d508820,2018-05-22T12:05:33-05:00,poetry/spdx/license.py,126,0,0,214
poetry,4b3caa7ef34c8be93c3ef7e8b8f177519d508820,2018-05-22T12:05:33-05:00,poetry/console/commands/develop.py,0,0,0,64
poetry,4b3caa7ef34c8be93c3ef7e8b8f177519d508820,2018-05-22T12:05:33-05:00,poetry/packages/vcs_dependency.py,69,0,0,20
poetry,4b3caa7ef34c8be93c3ef7e8b8f177519d508820,2018-05-22T12:05:33-05:00,poetry/toml/prettify/__init__.py,25,0,0,4
poetry,4b3caa7ef34c8be93c3ef7e8b8f177519d508820,2018-05-22T12:05:33-05:00,poetry/layouts/__init__.py,18,0,0,7
poetry,4b3caa7ef34c8be93c3ef7e8b8f177519d508820,2018-05-22T12:05:33-05:00,tests/console/commands/test_show.py,478,0,0,636
poetry,4b3caa7ef34c8be93c3ef7e8b8f177519d508820,2018-05-22T12:05:33-05:00,tests/packages/test_main.py,133,0,0,128
poetry,4b3caa7ef34c8be93c3ef7e8b8f177519d508820,2018-05-22T12:05:33-05:00,poetry/puzzle/solver.py,218,0,0,521
poetry,4b3caa7ef34c8be93c3ef7e8b8f177519d508820,2018-05-22T12:05:33-05:00,poetry/toml/prettify/elements/factory.py,152,0,0,108
poetry,4b3caa7ef34c8be93c3ef7e8b8f177519d508820,2018-05-22T12:05:33-05:00,tests/console/commands/test_init.py,105,0,0,86
poetry,4b3caa7ef34c8be93c3ef7e8b8f177519d508820,2018-05-22T12:05:33-05:00,poetry/layouts/standard.py,19,0,0,5
poetry,4b3caa7ef34c8be93c3ef7e8b8f177519d508820,2018-05-22T12:05:33-05:00,poetry/__init__.py,10,0,0,2
poetry,4b3caa7ef34c8be93c3ef7e8b8f177519d508820,2018-05-22T12:05:33-05:00,poetry/console/commands/debug/info.py,51,0,0,72
poetry,4b3caa7ef34c8be93c3ef7e8b8f177519d508820,2018-05-22T12:05:33-05:00,poetry/toml/prettify/elements/traversal/predicates.py,52,0,0,24
poetry,4b3caa7ef34c8be93c3ef7e8b8f177519d508820,2018-05-22T12:05:33-05:00,poetry/toml/prettify/elements/errors.py,13,0,0,2
poetry,4b3caa7ef34c8be93c3ef7e8b8f177519d508820,2018-05-22T12:05:33-05:00,tests/fixtures/git/github.com/demo/demo/setup.py,23,0,0,22
poetry,4b3caa7ef34c8be93c3ef7e8b8f177519d508820,2018-05-22T12:05:33-05:00,poetry/version/base.py,28,0,0,1
poetry,4b3caa7ef34c8be93c3ef7e8b8f177519d508820,2018-05-22T12:05:33-05:00,poetry/packages/directory_dependency.py,159,1,0,70
poetry,4b3caa7ef34c8be93c3ef7e8b8f177519d508820,2018-05-22T12:05:33-05:00,tests/mixology/version_solver/test_basic_graph.py,74,0,0,119
poetry,4b3caa7ef34c8be93c3ef7e8b8f177519d508820,2018-05-22T12:05:33-05:00,tests/console/commands/test_about.py,18,0,0,4
poetry,4b3caa7ef34c8be93c3ef7e8b8f177519d508820,2018-05-22T12:05:33-05:00,poetry/io/raw_argv_input.py,16,0,0,1
poetry,4b3caa7ef34c8be93c3ef7e8b8f177519d508820,2018-05-22T12:05:33-05:00,tests/toml/test_toml.py,290,0,0,54
poetry,4b3caa7ef34c8be93c3ef7e8b8f177519d508820,2018-05-22T12:05:33-05:00,poetry/version/version.py,249,2,0,44
poetry,4b3caa7ef34c8be93c3ef7e8b8f177519d508820,2018-05-22T12:05:33-05:00,poetry/toml/prettify/tokens/__init__.py,136,0,0,56
poetry,4b3caa7ef34c8be93c3ef7e8b8f177519d508820,2018-05-22T12:05:33-05:00,tests/masonry/builders/fixtures/module1/module1.py,3,0,0,2
poetry,4b3caa7ef34c8be93c3ef7e8b8f177519d508820,2018-05-22T12:05:33-05:00,poetry/toml/prettify/parser/__init__.py,32,0,0,2
poetry,4b3caa7ef34c8be93c3ef7e8b8f177519d508820,2018-05-22T12:05:33-05:00,poetry/installation/pip_installer.py,93,0,0,55
poetry,4b3caa7ef34c8be93c3ef7e8b8f177519d508820,2018-05-22T12:05:33-05:00,poetry/toml/prettify/elements/metadata.py,80,0,0,24
poetry,4b3caa7ef34c8be93c3ef7e8b8f177519d508820,2018-05-22T12:05:33-05:00,poetry/toml/prettify/elements/inlinetable.py,78,2,0,32
poetry,4b3caa7ef34c8be93c3ef7e8b8f177519d508820,2018-05-22T12:05:33-05:00,poetry/console/commands/init.py,319,6,0,222
poetry,4b3caa7ef34c8be93c3ef7e8b8f177519d508820,2018-05-22T12:05:33-05:00,poetry/spdx/updater.py,48,0,0,28
poetry,4b3caa7ef34c8be93c3ef7e8b8f177519d508820,2018-05-22T12:05:33-05:00,poetry/version/markers.py,195,0,0,80
poetry,4b3caa7ef34c8be93c3ef7e8b8f177519d508820,2018-05-22T12:05:33-05:00,poetry/toml/prettify/lexer/__init__.py,123,0,0,85
poetry,4b3caa7ef34c8be93c3ef7e8b8f177519d508820,2018-05-22T12:05:33-05:00,tests/packages/test_package.py,16,0,0,12
poetry,4b3caa7ef34c8be93c3ef7e8b8f177519d508820,2018-05-22T12:05:33-05:00,poetry/toml/prettify/elements/common.py,105,0,0,14
poetry,4b3caa7ef34c8be93c3ef7e8b8f177519d508820,2018-05-22T12:05:33-05:00,poetry/masonry/builders/builder.py,169,1,0,68
poetry,4b3caa7ef34c8be93c3ef7e8b8f177519d508820,2018-05-22T12:05:33-05:00,poetry/toml/prettify/elements/abstracttable.py,83,0,0,11
poetry,4b3caa7ef34c8be93c3ef7e8b8f177519d508820,2018-05-22T12:05:33-05:00,poetry/console/commands/publish.py,38,0,0,47
poetry,4b3caa7ef34c8be93c3ef7e8b8f177519d508820,2018-05-22T12:05:33-05:00,poetry/console/commands/self/update.py,172,2,0,138
poetry,4b3caa7ef34c8be93c3ef7e8b8f177519d508820,2018-05-22T12:05:33-05:00,tests/mixology/version_solver/test_with_lock.py,134,0,0,170
poetry,4b3caa7ef34c8be93c3ef7e8b8f177519d508820,2018-05-22T12:05:33-05:00,poetry/installation/noop_installer.py,30,0,0,1
poetry,4b3caa7ef34c8be93c3ef7e8b8f177519d508820,2018-05-22T12:05:33-05:00,poetry/toml/prettify/_version.py,1,0,0,2
poetry,4b3caa7ef34c8be93c3ef7e8b8f177519d508820,2018-05-22T12:05:33-05:00,poetry/toml/prettify/parser/elementsanitizer.py,57,0,0,28
poetry,4b3caa7ef34c8be93c3ef7e8b8f177519d508820,2018-05-22T12:05:33-05:00,poetry/installation/base_installer.py,10,0,0,1
poetry,4b3caa7ef34c8be93c3ef7e8b8f177519d508820,2018-05-22T12:05:33-05:00,poetry/__version__.py,1,0,0,14
poetry,4b3caa7ef34c8be93c3ef7e8b8f177519d508820,2018-05-22T12:05:33-05:00,poetry/config.py,93,2,0,9
poetry,4b3caa7ef34c8be93c3ef7e8b8f177519d508820,2018-05-22T12:05:33-05:00,poetry/mixology/set_relation.py,10,0,0,6
poetry,4b3caa7ef34c8be93c3ef7e8b8f177519d508820,2018-05-22T12:05:33-05:00,poetry/console/commands/add.py,145,7,0,126
poetry,4b3caa7ef34c8be93c3ef7e8b8f177519d508820,2018-05-22T12:05:33-05:00,poetry/packages/__init__.py,162,0,0,106
poetry,4b3caa7ef34c8be93c3ef7e8b8f177519d508820,2018-05-22T12:05:33-05:00,poetry/console/commands/build.py,26,0,0,11
poetry,4b3caa7ef34c8be93c3ef7e8b8f177519d508820,2018-05-22T12:05:33-05:00,poetry/semver/empty_constraint.py,31,0,0,3
poetry,4b3caa7ef34c8be93c3ef7e8b8f177519d508820,2018-05-22T12:05:33-05:00,poetry/spdx/__init__.py,44,0,0,14
poetry,4b3caa7ef34c8be93c3ef7e8b8f177519d508820,2018-05-22T12:05:33-05:00,poetry/packages/constraints/wildcard_constraint.py,81,1,0,46
poetry,4b3caa7ef34c8be93c3ef7e8b8f177519d508820,2018-05-22T12:05:33-05:00,poetry/locations.py,6,0,0,4
poetry,4b3caa7ef34c8be93c3ef7e8b8f177519d508820,2018-05-22T12:05:33-05:00,poetry/console/commands/lock.py,35,2,0,6
poetry,4b3caa7ef34c8be93c3ef7e8b8f177519d508820,2018-05-22T12:05:33-05:00,tests/mixology/version_solver/test_unsolvable.py,72,0,0,48
poetry,4b3caa7ef34c8be93c3ef7e8b8f177519d508820,2018-05-22T12:05:33-05:00,poetry/console/commands/update.py,41,1,0,14
poetry,4b3caa7ef34c8be93c3ef7e8b8f177519d508820,2018-05-22T12:05:33-05:00,poetry/mixology/result.py,14,0,0,1
poetry,4b3caa7ef34c8be93c3ef7e8b8f177519d508820,2018-05-22T12:05:33-05:00,tests/test_poetry.py,110,0,0,82
poetry,4b3caa7ef34c8be93c3ef7e8b8f177519d508820,2018-05-22T12:05:33-05:00,poetry/puzzle/operations/install.py,29,0,0,13
poetry,4b3caa7ef34c8be93c3ef7e8b8f177519d508820,2018-05-22T12:05:33-05:00,tests/puzzle/test_solver.py,576,0,0,873
poetry,4b3caa7ef34c8be93c3ef7e8b8f177519d508820,2018-05-22T12:05:33-05:00,poetry/semver/version_range.py,460,4,0,105
poetry,4b3caa7ef34c8be93c3ef7e8b8f177519d508820,2018-05-22T12:05:33-05:00,poetry/toml/prettify/elements/table.py,123,0,0,45
poetry,4b3caa7ef34c8be93c3ef7e8b8f177519d508820,2018-05-22T12:05:33-05:00,tests/console/conftest.py,167,0,0,45
poetry,4b3caa7ef34c8be93c3ef7e8b8f177519d508820,2018-05-22T12:05:33-05:00,poetry/version/legacy_version.py,89,0,0,11
poetry,4b3caa7ef34c8be93c3ef7e8b8f177519d508820,2018-05-22T12:05:33-05:00,tests/fixtures/project_with_setup/setup.py,24,0,0,23
poetry,4b3caa7ef34c8be93c3ef7e8b8f177519d508820,2018-05-22T12:05:33-05:00,poetry/masonry/builder.py,25,0,0,8
poetry,4b3caa7ef34c8be93c3ef7e8b8f177519d508820,2018-05-22T12:05:33-05:00,tests/console/commands/test_check.py,14,0,0,4
poetry,4b3caa7ef34c8be93c3ef7e8b8f177519d508820,2018-05-22T12:05:33-05:00,poetry/packages/locker.py,213,0,0,120
poetry,4b3caa7ef34c8be93c3ef7e8b8f177519d508820,2018-05-22T12:05:33-05:00,tests/packages/test_dependency.py,102,0,0,93
poetry,4b3caa7ef34c8be93c3ef7e8b8f177519d508820,2018-05-22T12:05:33-05:00,poetry/masonry/publishing/uploader.py,304,0,0,156
poetry,4b3caa7ef34c8be93c3ef7e8b8f177519d508820,2018-05-22T12:05:33-05:00,tests/semver/test_main.py,144,0,0,206
poetry,4b3caa7ef34c8be93c3ef7e8b8f177519d508820,2018-05-22T12:05:33-05:00,poetry/masonry/publishing/publisher.py,88,0,0,52
poetry,4b3caa7ef34c8be93c3ef7e8b8f177519d508820,2018-05-22T12:05:33-05:00,poetry/packages/constraints/empty_constraint.py,27,0,0,2
poetry,4b3caa7ef34c8be93c3ef7e8b8f177519d508820,2018-05-22T12:05:33-05:00,poetry/repositories/repository.py,104,0,0,15
poetry,4b3caa7ef34c8be93c3ef7e8b8f177519d508820,2018-05-22T12:05:33-05:00,poetry/vcs/git.py,103,6,0,54
poetry,4b3caa7ef34c8be93c3ef7e8b8f177519d508820,2018-05-22T12:05:33-05:00,poetry/utils/toml_file.py,37,0,0,3
poetry,4b3caa7ef34c8be93c3ef7e8b8f177519d508820,2018-05-22T12:05:33-05:00,poetry/console/commands/install.py,43,2,0,31
poetry,4b3caa7ef34c8be93c3ef7e8b8f177519d508820,2018-05-22T12:05:33-05:00,tests/masonry/builders/test_wheel.py,89,0,0,34
poetry,4b3caa7ef34c8be93c3ef7e8b8f177519d508820,2018-05-22T12:05:33-05:00,poetry/toml/prettify/tokens/toml2py.py,124,0,0,60
poetry,4b3caa7ef34c8be93c3ef7e8b8f177519d508820,2018-05-22T12:05:33-05:00,poetry/toml/prettify/errors.py,32,0,0,2
poetry,4b3caa7ef34c8be93c3ef7e8b8f177519d508820,2018-05-22T12:05:33-05:00,poetry/layouts/layout.py,137,0,0,68
poetry,4b3caa7ef34c8be93c3ef7e8b8f177519d508820,2018-05-22T12:05:33-05:00,tests/masonry/builders/test_complete.py,182,0,0,98
poetry,4b3caa7ef34c8be93c3ef7e8b8f177519d508820,2018-05-22T12:05:33-05:00,poetry/puzzle/exceptions.py,10,0,0,1
poetry,4b3caa7ef34c8be93c3ef7e8b8f177519d508820,2018-05-22T12:05:33-05:00,poetry/toml/prettify/elements/atomic.py,52,0,0,12
poetry,4b3caa7ef34c8be93c3ef7e8b8f177519d508820,2018-05-22T12:05:33-05:00,tests/packages/test_file_dependency.py,46,0,0,32
poetry,4b3caa7ef34c8be93c3ef7e8b8f177519d508820,2018-05-22T12:05:33-05:00,poetry/console/styles/poetry.py,26,0,0,33
poetry,4b3caa7ef34c8be93c3ef7e8b8f177519d508820,2018-05-22T12:05:33-05:00,poetry/console/commands/show.py,325,0,0,175
poetry,4b3caa7ef34c8be93c3ef7e8b8f177519d508820,2018-05-22T12:05:33-05:00,poetry/vcs/__init__.py,11,0,0,2
poetry,4b3caa7ef34c8be93c3ef7e8b8f177519d508820,2018-05-22T12:05:33-05:00,poetry/masonry/builders/wheel.py,336,0,0,132
poetry,4b3caa7ef34c8be93c3ef7e8b8f177519d508820,2018-05-22T12:05:33-05:00,tests/masonry/builders/test_sdist.py,275,0,0,185
poetry,4b3caa7ef34c8be93c3ef7e8b8f177519d508820,2018-05-22T12:05:33-05:00,poetry/console/commands/version.py,86,0,0,46
poetry,4b3caa7ef34c8be93c3ef7e8b8f177519d508820,2018-05-22T12:05:33-05:00,poetry/toml/prettify/elements/traversal/__init__.py,176,0,0,44
poetry,4b3caa7ef34c8be93c3ef7e8b8f177519d508820,2018-05-22T12:05:33-05:00,tests/masonry/builders/fixtures/source_package/src/package_src/module.py,3,0,0,2
poetry,4b3caa7ef34c8be93c3ef7e8b8f177519d508820,2018-05-22T12:05:33-05:00,poetry/packages/utils/link.py,169,0,0,31
poetry,4b3caa7ef34c8be93c3ef7e8b8f177519d508820,2018-05-22T12:05:33-05:00,poetry/semver/version_union.py,241,5,0,51
poetry,4b3caa7ef34c8be93c3ef7e8b8f177519d508820,2018-05-22T12:05:33-05:00,poetry/masonry/utils/module.py,60,0,0,14
poetry,4b3caa7ef34c8be93c3ef7e8b8f177519d508820,2018-05-22T12:05:33-05:00,poetry/puzzle/operations/uninstall.py,29,0,0,13
poetry,4b3caa7ef34c8be93c3ef7e8b8f177519d508820,2018-05-22T12:05:33-05:00,poetry/io/null_io.py,31,0,0,1
poetry,4b3caa7ef34c8be93c3ef7e8b8f177519d508820,2018-05-22T12:05:33-05:00,tests/mixology/version_solver/test_backtracking.py,68,0,0,80
poetry,4b3caa7ef34c8be93c3ef7e8b8f177519d508820,2018-05-22T12:05:33-05:00,poetry/packages/package.py,343,2,0,144
poetry,4b3caa7ef34c8be93c3ef7e8b8f177519d508820,2018-05-22T12:05:33-05:00,tests/installation/test_installer.py,759,0,0,681
poetry,4b3caa7ef34c8be93c3ef7e8b8f177519d508820,2018-05-22T12:05:33-05:00,poetry/repositories/legacy_repository.py,338,10,0,430
poetry,4b3caa7ef34c8be93c3ef7e8b8f177519d508820,2018-05-22T12:05:33-05:00,poetry/utils/helpers.py,79,2,0,18
poetry,4b3caa7ef34c8be93c3ef7e8b8f177519d508820,2018-05-22T12:05:33-05:00,poetry/puzzle/provider.py,380,0,0,270
poetry,4b3caa7ef34c8be93c3ef7e8b8f177519d508820,2018-05-22T12:05:33-05:00,poetry/utils/appdirs.py,254,0,0,29
poetry,4b3caa7ef34c8be93c3ef7e8b8f177519d508820,2018-05-22T12:05:33-05:00,poetry/repositories/base_repository.py,24,0,0,5
poetry,4b3caa7ef34c8be93c3ef7e8b8f177519d508820,2018-05-22T12:05:33-05:00,tests/masonry/builders/fixtures/complete/my_package/__init__.py,1,0,0,2
poetry,4b3caa7ef34c8be93c3ef7e8b8f177519d508820,2018-05-22T12:05:33-05:00,poetry/puzzle/operations/operation.py,37,0,0,7
poetry,4b3caa7ef34c8be93c3ef7e8b8f177519d508820,2018-05-22T12:05:33-05:00,poetry/puzzle/operations/update.py,46,2,0,29
poetry,4b3caa7ef34c8be93c3ef7e8b8f177519d508820,2018-05-22T12:05:33-05:00,poetry/utils/venv.py,348,0,0,154
poetry,4b3caa7ef34c8be93c3ef7e8b8f177519d508820,2018-05-22T12:05:33-05:00,poetry/mixology/failure.py,232,0,0,129
poetry,4b3caa7ef34c8be93c3ef7e8b8f177519d508820,2018-05-22T12:05:33-05:00,poetry/console/commands/about.py,16,0,0,6
poetry,4b3caa7ef34c8be93c3ef7e8b8f177519d508820,2018-05-22T12:05:33-05:00,tests/masonry/builders/fixtures/prerelease/prerelease.py,3,0,0,2
poetry,4b3caa7ef34c8be93c3ef7e8b8f177519d508820,2018-05-22T12:05:33-05:00,tests/console/commands/test_version.py,38,0,0,46
poetry,4b3caa7ef34c8be93c3ef7e8b8f177519d508820,2018-05-22T12:05:33-05:00,poetry/console/commands/check.py,15,0,0,2
poetry,4b3caa7ef34c8be93c3ef7e8b8f177519d508820,2018-05-22T12:05:33-05:00,poetry/poetry.py,197,0,0,108
poetry,4b3caa7ef34c8be93c3ef7e8b8f177519d508820,2018-05-22T12:05:33-05:00,poetry/console/commands/new.py,55,0,0,35
poetry,4b3caa7ef34c8be93c3ef7e8b8f177519d508820,2018-05-22T12:05:33-05:00,tests/repositories/test_pypi_repository.py,57,0,0,41
poetry,4b3caa7ef34c8be93c3ef7e8b8f177519d508820,2018-05-22T12:05:33-05:00,poetry/toml/prettify/elements/tableheader.py,95,0,0,88
poetry,4b3caa7ef34c8be93c3ef7e8b8f177519d508820,2018-05-22T12:05:33-05:00,poetry/repositories/pool.py,105,0,0,27
poetry,4b3caa7ef34c8be93c3ef7e8b8f177519d508820,2018-05-22T12:05:33-05:00,poetry/packages/project_package.py,14,0,0,1
poetry,4b3caa7ef34c8be93c3ef7e8b8f177519d508820,2018-05-22T12:05:33-05:00,tests/masonry/builders/fixtures/source_file/src/module_src.py,3,0,0,2
poetry,4b3caa7ef34c8be93c3ef7e8b8f177519d508820,2018-05-22T12:05:33-05:00,tests/console/commands/test_add.py,305,0,0,317
poetry,4b3caa7ef34c8be93c3ef7e8b8f177519d508820,2018-05-22T12:05:33-05:00,tests/mixology/version_solver/conftest.py,32,0,0,3
poetry,4b3caa7ef34c8be93c3ef7e8b8f177519d508820,2018-05-22T12:05:33-05:00,tests/semver/test_version.py,143,0,0,150
poetry,4b3caa7ef34c8be93c3ef7e8b8f177519d508820,2018-05-22T12:05:33-05:00,poetry/version/__init__.py,44,0,0,20
poetry,4b3caa7ef34c8be93c3ef7e8b8f177519d508820,2018-05-22T12:05:33-05:00,poetry/layouts/src.py,19,0,0,7
poetry,4b3caa7ef34c8be93c3ef7e8b8f177519d508820,2018-05-22T12:05:33-05:00,poetry/toml/structurer.py,117,0,0,23
poetry,4b3caa7ef34c8be93c3ef7e8b8f177519d508820,2018-05-22T12:05:33-05:00,tests/masonry/builders/fixtures/extended/build.py,12,0,0,8
poetry,4b3caa7ef34c8be93c3ef7e8b8f177519d508820,2018-05-22T12:05:33-05:00,tests/spdx/test_main.py,34,0,0,22
poetry,4b3caa7ef34c8be93c3ef7e8b8f177519d508820,2018-05-22T12:05:33-05:00,poetry/console/commands/__init__.py,17,0,0,1
poetry,4b3caa7ef34c8be93c3ef7e8b8f177519d508820,2018-05-22T12:05:33-05:00,poetry/packages/constraints/base_constraint.py,19,0,0,1
poetry,4b3caa7ef34c8be93c3ef7e8b8f177519d508820,2018-05-22T12:05:33-05:00,tests/mixology/helpers.py,44,0,0,9
poetry,4b3caa7ef34c8be93c3ef7e8b8f177519d508820,2018-05-22T12:05:33-05:00,poetry/utils/_compat.py,76,2,0,18
poetry,4b3caa7ef34c8be93c3ef7e8b8f177519d508820,2018-05-22T12:05:33-05:00,poetry/toml/array.py,39,0,0,7
poetry,4b3caa7ef34c8be93c3ef7e8b8f177519d508820,2018-05-22T12:05:33-05:00,poetry/mixology/partial_solution.py,214,0,0,18
poetry,4b3caa7ef34c8be93c3ef7e8b8f177519d508820,2018-05-22T12:05:33-05:00,poetry/installation/installer.py,516,10,0,228
poetry,4b3caa7ef34c8be93c3ef7e8b8f177519d508820,2018-05-22T12:05:33-05:00,poetry/console/commands/cache/clear.py,80,0,0,49
poetry,4b3caa7ef34c8be93c3ef7e8b8f177519d508820,2018-05-22T12:05:33-05:00,poetry/semver/version_constraint.py,25,0,0,1
poetry,4b3caa7ef34c8be93c3ef7e8b8f177519d508820,2018-05-22T12:05:33-05:00,poetry/mixology/assignment.py,45,0,0,15
poetry,4b3caa7ef34c8be93c3ef7e8b8f177519d508820,2018-05-22T12:05:33-05:00,tests/repositories/test_legacy_repository.py,0,0,0,45
poetry,4b3caa7ef34c8be93c3ef7e8b8f177519d508820,2018-05-22T12:05:33-05:00,tests/utils/test_toml_file.py,58,0,0,50
poetry,4b3caa7ef34c8be93c3ef7e8b8f177519d508820,2018-05-22T12:05:33-05:00,poetry/puzzle/dependencies.py,38,0,0,4
poetry,4b3caa7ef34c8be93c3ef7e8b8f177519d508820,2018-05-22T12:05:33-05:00,poetry/toml/toplevels.py,142,0,0,17
poetry,4b3caa7ef34c8be93c3ef7e8b8f177519d508820,2018-05-22T12:05:33-05:00,poetry/console/commands/search.py,35,0,0,16
poetry,4b3caa7ef34c8be93c3ef7e8b8f177519d508820,2018-05-22T12:05:33-05:00,poetry/console/commands/script.py,70,4,0,44
poetry,4b3caa7ef34c8be93c3ef7e8b8f177519d508820,2018-05-22T12:05:33-05:00,get-poetry.py,288,4,0,264
poetry,4b3caa7ef34c8be93c3ef7e8b8f177519d508820,2018-05-22T12:05:33-05:00,poetry/version/version_selector.py,73,0,0,21
poetry,4b3caa7ef34c8be93c3ef7e8b8f177519d508820,2018-05-22T12:05:33-05:00,poetry/toml/cascadedict.py,73,0,0,8
poetry,4b3caa7ef34c8be93c3ef7e8b8f177519d508820,2018-05-22T12:05:33-05:00,poetry/repositories/pypi_repository.py,518,16,1,329
poetry,4b3caa7ef34c8be93c3ef7e8b8f177519d508820,2018-05-22T12:05:33-05:00,poetry/mixology/incompatibility.py,429,2,0,223
poetry,68f3791b3ce959e2ffd555909727e2aeec6c5fe6,2018-05-26T21:21:41-05:00,tests/spdx/test_license.py,41,0,0,29
poetry,68f3791b3ce959e2ffd555909727e2aeec6c5fe6,2018-05-26T21:21:41-05:00,poetry/packages/constraints/generic_constraint.py,150,1,0,58
poetry,68f3791b3ce959e2ffd555909727e2aeec6c5fe6,2018-05-26T21:21:41-05:00,poetry/console/application.py,203,0,0,71
poetry,68f3791b3ce959e2ffd555909727e2aeec6c5fe6,2018-05-26T21:21:41-05:00,poetry/toml/prettify/parser/recdesc.py,115,0,0,13
poetry,68f3791b3ce959e2ffd555909727e2aeec6c5fe6,2018-05-26T21:21:41-05:00,poetry/toml/prettify/parser/errors.py,19,0,0,3
poetry,68f3791b3ce959e2ffd555909727e2aeec6c5fe6,2018-05-26T21:21:41-05:00,poetry/toml/__init__.py,53,0,0,4
poetry,68f3791b3ce959e2ffd555909727e2aeec6c5fe6,2018-05-26T21:21:41-05:00,poetry/toml/peekableit.py,30,1,0,0
poetry,68f3791b3ce959e2ffd555909727e2aeec6c5fe6,2018-05-26T21:21:41-05:00,poetry/console/commands/remove.py,89,6,0,30
poetry,68f3791b3ce959e2ffd555909727e2aeec6c5fe6,2018-05-26T21:21:41-05:00,poetry/console/commands/command.py,95,2,0,11
poetry,68f3791b3ce959e2ffd555909727e2aeec6c5fe6,2018-05-26T21:21:41-05:00,poetry/semver/__init__.py,122,0,0,58
poetry,68f3791b3ce959e2ffd555909727e2aeec6c5fe6,2018-05-26T21:21:41-05:00,poetry/repositories/installed_repository.py,24,0,0,9
poetry,68f3791b3ce959e2ffd555909727e2aeec6c5fe6,2018-05-26T21:21:41-05:00,poetry/console/commands/run.py,68,4,0,32
poetry,68f3791b3ce959e2ffd555909727e2aeec6c5fe6,2018-05-26T21:21:41-05:00,poetry/toml/prettify/util.py,140,1,0,37
poetry,68f3791b3ce959e2ffd555909727e2aeec6c5fe6,2018-05-26T21:21:41-05:00,tests/version/test_helpers.py,10,0,0,4
poetry,68f3791b3ce959e2ffd555909727e2aeec6c5fe6,2018-05-26T21:21:41-05:00,tests/helpers.py,32,0,0,14
poetry,68f3791b3ce959e2ffd555909727e2aeec6c5fe6,2018-05-26T21:21:41-05:00,tests/utils/test_helpers.py,50,0,0,28
poetry,68f3791b3ce959e2ffd555909727e2aeec6c5fe6,2018-05-26T21:21:41-05:00,poetry/version/helpers.py,35,0,0,19
poetry,68f3791b3ce959e2ffd555909727e2aeec6c5fe6,2018-05-26T21:21:41-05:00,poetry/version/utils.py,64,0,0,2
poetry,68f3791b3ce959e2ffd555909727e2aeec6c5fe6,2018-05-26T21:21:41-05:00,poetry/mixology/version_solver.py,441,0,0,92
poetry,68f3791b3ce959e2ffd555909727e2aeec6c5fe6,2018-05-26T21:21:41-05:00,poetry/masonry/api.py,44,0,0,2
poetry,68f3791b3ce959e2ffd555909727e2aeec6c5fe6,2018-05-26T21:21:41-05:00,poetry/mixology/term.py,174,2,0,33
poetry,68f3791b3ce959e2ffd555909727e2aeec6c5fe6,2018-05-26T21:21:41-05:00,poetry/toml/prettify/elements/array.py,139,2,0,39
poetry,68f3791b3ce959e2ffd555909727e2aeec6c5fe6,2018-05-26T21:21:41-05:00,poetry/version/requirements.py,247,0,0,39
poetry,68f3791b3ce959e2ffd555909727e2aeec6c5fe6,2018-05-26T21:21:41-05:00,poetry/__main__.py,6,0,0,2
poetry,68f3791b3ce959e2ffd555909727e2aeec6c5fe6,2018-05-26T21:21:41-05:00,poetry/console/commands/venv_command.py,28,0,0,8
poetry,68f3791b3ce959e2ffd555909727e2aeec6c5fe6,2018-05-26T21:21:41-05:00,poetry/console/commands/config.py,250,0,0,129
poetry,68f3791b3ce959e2ffd555909727e2aeec6c5fe6,2018-05-26T21:21:41-05:00,poetry/toml/prettify/parser/parser.py,391,2,0,326
poetry,68f3791b3ce959e2ffd555909727e2aeec6c5fe6,2018-05-26T21:21:41-05:00,poetry/packages/utils/utils.py,146,0,0,41
poetry,68f3791b3ce959e2ffd555909727e2aeec6c5fe6,2018-05-26T21:21:41-05:00,poetry/packages/dependency.py,307,1,0,121
poetry,68f3791b3ce959e2ffd555909727e2aeec6c5fe6,2018-05-26T21:21:41-05:00,poetry/packages/file_dependency.py,81,1,0,34
poetry,68f3791b3ce959e2ffd555909727e2aeec6c5fe6,2018-05-26T21:21:41-05:00,tests/toml/test_named_dict.py,23,0,0,21
poetry,68f3791b3ce959e2ffd555909727e2aeec6c5fe6,2018-05-26T21:21:41-05:00,poetry/toml/prettify/tokens/py2toml.py,127,0,0,86
poetry,68f3791b3ce959e2ffd555909727e2aeec6c5fe6,2018-05-26T21:21:41-05:00,poetry/packages/constraints/multi_constraint.py,41,0,0,5
poetry,68f3791b3ce959e2ffd555909727e2aeec6c5fe6,2018-05-26T21:21:41-05:00,poetry/console/commands/debug/resolve.py,123,7,0,71
poetry,68f3791b3ce959e2ffd555909727e2aeec6c5fe6,2018-05-26T21:21:41-05:00,poetry/masonry/metadata.py,83,0,0,14
poetry,68f3791b3ce959e2ffd555909727e2aeec6c5fe6,2018-05-26T21:21:41-05:00,tests/semver/test_version_range.py,237,0,0,50
poetry,68f3791b3ce959e2ffd555909727e2aeec6c5fe6,2018-05-26T21:21:41-05:00,poetry/semver/patterns.py,16,0,0,25
poetry,68f3791b3ce959e2ffd555909727e2aeec6c5fe6,2018-05-26T21:21:41-05:00,poetry/masonry/builders/complete.py,41,0,0,12
poetry,68f3791b3ce959e2ffd555909727e2aeec6c5fe6,2018-05-26T21:21:41-05:00,poetry/toml/toml_file.py,289,0,0,89
poetry,68f3791b3ce959e2ffd555909727e2aeec6c5fe6,2018-05-26T21:21:41-05:00,poetry/semver/version.py,421,0,0,88
poetry,68f3791b3ce959e2ffd555909727e2aeec6c5fe6,2018-05-26T21:21:41-05:00,poetry/toml/prettify/parser/tokenstream.py,38,0,0,2
poetry,68f3791b3ce959e2ffd555909727e2aeec6c5fe6,2018-05-26T21:21:41-05:00,poetry/masonry/utils/tags.py,180,0,0,112
poetry,68f3791b3ce959e2ffd555909727e2aeec6c5fe6,2018-05-26T21:21:41-05:00,poetry/masonry/builders/sdist.py,323,0,0,145
poetry,68f3791b3ce959e2ffd555909727e2aeec6c5fe6,2018-05-26T21:21:41-05:00,poetry/spdx/license.py,126,0,0,214
poetry,68f3791b3ce959e2ffd555909727e2aeec6c5fe6,2018-05-26T21:21:41-05:00,poetry/console/commands/develop.py,49,0,0,15
poetry,68f3791b3ce959e2ffd555909727e2aeec6c5fe6,2018-05-26T21:21:41-05:00,poetry/packages/vcs_dependency.py,69,0,0,20
poetry,68f3791b3ce959e2ffd555909727e2aeec6c5fe6,2018-05-26T21:21:41-05:00,poetry/toml/prettify/__init__.py,25,0,0,4
poetry,68f3791b3ce959e2ffd555909727e2aeec6c5fe6,2018-05-26T21:21:41-05:00,poetry/layouts/__init__.py,18,0,0,7
poetry,68f3791b3ce959e2ffd555909727e2aeec6c5fe6,2018-05-26T21:21:41-05:00,tests/console/commands/test_show.py,478,0,0,636
poetry,68f3791b3ce959e2ffd555909727e2aeec6c5fe6,2018-05-26T21:21:41-05:00,tests/packages/test_main.py,133,0,0,128
poetry,68f3791b3ce959e2ffd555909727e2aeec6c5fe6,2018-05-26T21:21:41-05:00,poetry/puzzle/solver.py,292,0,0,453
poetry,68f3791b3ce959e2ffd555909727e2aeec6c5fe6,2018-05-26T21:21:41-05:00,poetry/toml/prettify/elements/factory.py,152,0,0,108
poetry,68f3791b3ce959e2ffd555909727e2aeec6c5fe6,2018-05-26T21:21:41-05:00,tests/console/commands/test_init.py,105,0,0,86
poetry,68f3791b3ce959e2ffd555909727e2aeec6c5fe6,2018-05-26T21:21:41-05:00,poetry/layouts/standard.py,19,0,0,5
poetry,68f3791b3ce959e2ffd555909727e2aeec6c5fe6,2018-05-26T21:21:41-05:00,poetry/__init__.py,10,0,0,2
poetry,68f3791b3ce959e2ffd555909727e2aeec6c5fe6,2018-05-26T21:21:41-05:00,poetry/console/commands/debug/info.py,51,0,0,72
poetry,68f3791b3ce959e2ffd555909727e2aeec6c5fe6,2018-05-26T21:21:41-05:00,poetry/toml/prettify/elements/traversal/predicates.py,52,0,0,24
poetry,68f3791b3ce959e2ffd555909727e2aeec6c5fe6,2018-05-26T21:21:41-05:00,poetry/toml/prettify/elements/errors.py,13,0,0,2
poetry,68f3791b3ce959e2ffd555909727e2aeec6c5fe6,2018-05-26T21:21:41-05:00,tests/fixtures/git/github.com/demo/demo/setup.py,23,0,0,22
poetry,68f3791b3ce959e2ffd555909727e2aeec6c5fe6,2018-05-26T21:21:41-05:00,poetry/version/base.py,28,0,0,1
poetry,68f3791b3ce959e2ffd555909727e2aeec6c5fe6,2018-05-26T21:21:41-05:00,poetry/packages/directory_dependency.py,164,1,0,59
poetry,68f3791b3ce959e2ffd555909727e2aeec6c5fe6,2018-05-26T21:21:41-05:00,tests/mixology/version_solver/test_basic_graph.py,74,0,0,119
poetry,68f3791b3ce959e2ffd555909727e2aeec6c5fe6,2018-05-26T21:21:41-05:00,tests/console/commands/test_about.py,18,0,0,4
poetry,68f3791b3ce959e2ffd555909727e2aeec6c5fe6,2018-05-26T21:21:41-05:00,poetry/io/raw_argv_input.py,16,0,0,1
poetry,68f3791b3ce959e2ffd555909727e2aeec6c5fe6,2018-05-26T21:21:41-05:00,tests/toml/test_toml.py,290,0,0,54
poetry,68f3791b3ce959e2ffd555909727e2aeec6c5fe6,2018-05-26T21:21:41-05:00,poetry/version/version.py,249,2,0,44
poetry,68f3791b3ce959e2ffd555909727e2aeec6c5fe6,2018-05-26T21:21:41-05:00,poetry/toml/prettify/tokens/__init__.py,136,0,0,56
poetry,68f3791b3ce959e2ffd555909727e2aeec6c5fe6,2018-05-26T21:21:41-05:00,tests/masonry/builders/fixtures/module1/module1.py,3,0,0,2
poetry,68f3791b3ce959e2ffd555909727e2aeec6c5fe6,2018-05-26T21:21:41-05:00,poetry/toml/prettify/parser/__init__.py,32,0,0,2
poetry,68f3791b3ce959e2ffd555909727e2aeec6c5fe6,2018-05-26T21:21:41-05:00,poetry/installation/pip_installer.py,105,0,0,39
poetry,68f3791b3ce959e2ffd555909727e2aeec6c5fe6,2018-05-26T21:21:41-05:00,poetry/toml/prettify/elements/metadata.py,80,0,0,24
poetry,68f3791b3ce959e2ffd555909727e2aeec6c5fe6,2018-05-26T21:21:41-05:00,poetry/toml/prettify/elements/inlinetable.py,78,2,0,32
poetry,68f3791b3ce959e2ffd555909727e2aeec6c5fe6,2018-05-26T21:21:41-05:00,poetry/console/commands/init.py,322,6,0,219
poetry,68f3791b3ce959e2ffd555909727e2aeec6c5fe6,2018-05-26T21:21:41-05:00,poetry/spdx/updater.py,48,0,0,28
poetry,68f3791b3ce959e2ffd555909727e2aeec6c5fe6,2018-05-26T21:21:41-05:00,poetry/version/markers.py,195,0,0,80
poetry,68f3791b3ce959e2ffd555909727e2aeec6c5fe6,2018-05-26T21:21:41-05:00,poetry/toml/prettify/lexer/__init__.py,123,0,0,85
poetry,68f3791b3ce959e2ffd555909727e2aeec6c5fe6,2018-05-26T21:21:41-05:00,tests/packages/test_package.py,16,0,0,12
poetry,68f3791b3ce959e2ffd555909727e2aeec6c5fe6,2018-05-26T21:21:41-05:00,poetry/toml/prettify/elements/common.py,105,0,0,14
poetry,68f3791b3ce959e2ffd555909727e2aeec6c5fe6,2018-05-26T21:21:41-05:00,poetry/masonry/builders/builder.py,169,1,0,68
poetry,68f3791b3ce959e2ffd555909727e2aeec6c5fe6,2018-05-26T21:21:41-05:00,poetry/toml/prettify/elements/abstracttable.py,83,0,0,11
poetry,68f3791b3ce959e2ffd555909727e2aeec6c5fe6,2018-05-26T21:21:41-05:00,poetry/console/commands/publish.py,57,0,0,20
poetry,68f3791b3ce959e2ffd555909727e2aeec6c5fe6,2018-05-26T21:21:41-05:00,poetry/console/commands/self/update.py,172,2,0,138
poetry,68f3791b3ce959e2ffd555909727e2aeec6c5fe6,2018-05-26T21:21:41-05:00,tests/mixology/version_solver/test_with_lock.py,134,0,0,170
poetry,68f3791b3ce959e2ffd555909727e2aeec6c5fe6,2018-05-26T21:21:41-05:00,poetry/installation/noop_installer.py,30,0,0,1
poetry,68f3791b3ce959e2ffd555909727e2aeec6c5fe6,2018-05-26T21:21:41-05:00,poetry/toml/prettify/_version.py,1,0,0,2
poetry,68f3791b3ce959e2ffd555909727e2aeec6c5fe6,2018-05-26T21:21:41-05:00,poetry/toml/prettify/parser/elementsanitizer.py,57,0,0,28
poetry,68f3791b3ce959e2ffd555909727e2aeec6c5fe6,2018-05-26T21:21:41-05:00,poetry/installation/base_installer.py,10,0,0,1
poetry,68f3791b3ce959e2ffd555909727e2aeec6c5fe6,2018-05-26T21:21:41-05:00,poetry/__version__.py,1,0,0,16
poetry,68f3791b3ce959e2ffd555909727e2aeec6c5fe6,2018-05-26T21:21:41-05:00,poetry/config.py,93,2,0,9
poetry,68f3791b3ce959e2ffd555909727e2aeec6c5fe6,2018-05-26T21:21:41-05:00,poetry/mixology/set_relation.py,10,0,0,6
poetry,68f3791b3ce959e2ffd555909727e2aeec6c5fe6,2018-05-26T21:21:41-05:00,poetry/console/commands/add.py,153,7,0,118
poetry,68f3791b3ce959e2ffd555909727e2aeec6c5fe6,2018-05-26T21:21:41-05:00,poetry/packages/__init__.py,162,0,0,98
poetry,68f3791b3ce959e2ffd555909727e2aeec6c5fe6,2018-05-26T21:21:41-05:00,poetry/console/commands/build.py,26,0,0,11
poetry,68f3791b3ce959e2ffd555909727e2aeec6c5fe6,2018-05-26T21:21:41-05:00,poetry/semver/empty_constraint.py,31,0,0,3
poetry,68f3791b3ce959e2ffd555909727e2aeec6c5fe6,2018-05-26T21:21:41-05:00,poetry/spdx/__init__.py,44,0,0,14
poetry,68f3791b3ce959e2ffd555909727e2aeec6c5fe6,2018-05-26T21:21:41-05:00,poetry/packages/constraints/wildcard_constraint.py,81,1,0,46
poetry,68f3791b3ce959e2ffd555909727e2aeec6c5fe6,2018-05-26T21:21:41-05:00,poetry/locations.py,6,0,0,4
poetry,68f3791b3ce959e2ffd555909727e2aeec6c5fe6,2018-05-26T21:21:41-05:00,poetry/console/commands/lock.py,35,2,0,6
poetry,68f3791b3ce959e2ffd555909727e2aeec6c5fe6,2018-05-26T21:21:41-05:00,tests/mixology/version_solver/test_unsolvable.py,72,0,0,62
poetry,68f3791b3ce959e2ffd555909727e2aeec6c5fe6,2018-05-26T21:21:41-05:00,poetry/console/commands/update.py,41,1,0,14
poetry,68f3791b3ce959e2ffd555909727e2aeec6c5fe6,2018-05-26T21:21:41-05:00,poetry/mixology/result.py,14,0,0,1
poetry,68f3791b3ce959e2ffd555909727e2aeec6c5fe6,2018-05-26T21:21:41-05:00,tests/test_poetry.py,110,0,0,82
poetry,68f3791b3ce959e2ffd555909727e2aeec6c5fe6,2018-05-26T21:21:41-05:00,poetry/mixology/__init__.py,8,0,0,3
poetry,68f3791b3ce959e2ffd555909727e2aeec6c5fe6,2018-05-26T21:21:41-05:00,poetry/puzzle/operations/install.py,29,0,0,13
poetry,68f3791b3ce959e2ffd555909727e2aeec6c5fe6,2018-05-26T21:21:41-05:00,tests/puzzle/test_solver.py,667,0,0,888
poetry,68f3791b3ce959e2ffd555909727e2aeec6c5fe6,2018-05-26T21:21:41-05:00,poetry/semver/version_range.py,460,4,0,105
poetry,68f3791b3ce959e2ffd555909727e2aeec6c5fe6,2018-05-26T21:21:41-05:00,poetry/toml/prettify/elements/table.py,123,0,0,45
poetry,68f3791b3ce959e2ffd555909727e2aeec6c5fe6,2018-05-26T21:21:41-05:00,tests/console/conftest.py,167,0,0,45
poetry,68f3791b3ce959e2ffd555909727e2aeec6c5fe6,2018-05-26T21:21:41-05:00,poetry/version/legacy_version.py,89,0,0,11
poetry,68f3791b3ce959e2ffd555909727e2aeec6c5fe6,2018-05-26T21:21:41-05:00,tests/fixtures/project_with_setup/setup.py,24,0,0,23
poetry,68f3791b3ce959e2ffd555909727e2aeec6c5fe6,2018-05-26T21:21:41-05:00,poetry/masonry/builder.py,25,0,0,8
poetry,68f3791b3ce959e2ffd555909727e2aeec6c5fe6,2018-05-26T21:21:41-05:00,tests/console/commands/test_check.py,14,0,0,4
poetry,68f3791b3ce959e2ffd555909727e2aeec6c5fe6,2018-05-26T21:21:41-05:00,poetry/packages/locker.py,211,0,0,149
poetry,68f3791b3ce959e2ffd555909727e2aeec6c5fe6,2018-05-26T21:21:41-05:00,tests/packages/test_dependency.py,117,0,0,78
poetry,68f3791b3ce959e2ffd555909727e2aeec6c5fe6,2018-05-26T21:21:41-05:00,poetry/masonry/publishing/uploader.py,302,0,0,114
poetry,68f3791b3ce959e2ffd555909727e2aeec6c5fe6,2018-05-26T21:21:41-05:00,tests/semver/test_main.py,144,0,0,206
poetry,68f3791b3ce959e2ffd555909727e2aeec6c5fe6,2018-05-26T21:21:41-05:00,poetry/masonry/publishing/publisher.py,92,0,0,48
poetry,68f3791b3ce959e2ffd555909727e2aeec6c5fe6,2018-05-26T21:21:41-05:00,poetry/repositories/repository.py,104,0,0,19
poetry,68f3791b3ce959e2ffd555909727e2aeec6c5fe6,2018-05-26T21:21:41-05:00,poetry/packages/constraints/empty_constraint.py,27,0,0,2
poetry,68f3791b3ce959e2ffd555909727e2aeec6c5fe6,2018-05-26T21:21:41-05:00,poetry/vcs/git.py,103,6,0,54
poetry,68f3791b3ce959e2ffd555909727e2aeec6c5fe6,2018-05-26T21:21:41-05:00,poetry/utils/toml_file.py,37,0,0,3
poetry,68f3791b3ce959e2ffd555909727e2aeec6c5fe6,2018-05-26T21:21:41-05:00,poetry/console/commands/install.py,45,2,0,29
poetry,68f3791b3ce959e2ffd555909727e2aeec6c5fe6,2018-05-26T21:21:41-05:00,tests/masonry/builders/test_wheel.py,89,0,0,34
poetry,68f3791b3ce959e2ffd555909727e2aeec6c5fe6,2018-05-26T21:21:41-05:00,poetry/toml/prettify/tokens/toml2py.py,124,0,0,60
poetry,68f3791b3ce959e2ffd555909727e2aeec6c5fe6,2018-05-26T21:21:41-05:00,poetry/toml/prettify/errors.py,32,0,0,2
poetry,68f3791b3ce959e2ffd555909727e2aeec6c5fe6,2018-05-26T21:21:41-05:00,poetry/layouts/layout.py,137,0,0,68
poetry,68f3791b3ce959e2ffd555909727e2aeec6c5fe6,2018-05-26T21:21:41-05:00,tests/masonry/builders/test_complete.py,182,0,0,98
poetry,68f3791b3ce959e2ffd555909727e2aeec6c5fe6,2018-05-26T21:21:41-05:00,poetry/puzzle/exceptions.py,10,0,0,10
poetry,68f3791b3ce959e2ffd555909727e2aeec6c5fe6,2018-05-26T21:21:41-05:00,poetry/toml/prettify/elements/atomic.py,52,0,0,12
poetry,68f3791b3ce959e2ffd555909727e2aeec6c5fe6,2018-05-26T21:21:41-05:00,tests/packages/test_file_dependency.py,46,0,0,32
poetry,68f3791b3ce959e2ffd555909727e2aeec6c5fe6,2018-05-26T21:21:41-05:00,poetry/console/styles/poetry.py,26,0,0,33
poetry,68f3791b3ce959e2ffd555909727e2aeec6c5fe6,2018-05-26T21:21:41-05:00,poetry/console/commands/show.py,325,0,0,175
poetry,68f3791b3ce959e2ffd555909727e2aeec6c5fe6,2018-05-26T21:21:41-05:00,poetry/vcs/__init__.py,11,0,0,2
poetry,68f3791b3ce959e2ffd555909727e2aeec6c5fe6,2018-05-26T21:21:41-05:00,poetry/masonry/builders/wheel.py,336,0,0,132
poetry,68f3791b3ce959e2ffd555909727e2aeec6c5fe6,2018-05-26T21:21:41-05:00,tests/masonry/builders/test_sdist.py,275,0,0,185
poetry,68f3791b3ce959e2ffd555909727e2aeec6c5fe6,2018-05-26T21:21:41-05:00,poetry/console/commands/version.py,86,0,0,46
poetry,68f3791b3ce959e2ffd555909727e2aeec6c5fe6,2018-05-26T21:21:41-05:00,poetry/toml/prettify/elements/traversal/__init__.py,176,0,0,44
poetry,68f3791b3ce959e2ffd555909727e2aeec6c5fe6,2018-05-26T21:21:41-05:00,tests/masonry/builders/fixtures/source_package/src/package_src/module.py,3,0,0,2
poetry,68f3791b3ce959e2ffd555909727e2aeec6c5fe6,2018-05-26T21:21:41-05:00,poetry/packages/utils/link.py,169,0,0,31
poetry,68f3791b3ce959e2ffd555909727e2aeec6c5fe6,2018-05-26T21:21:41-05:00,poetry/semver/version_union.py,241,5,0,51
poetry,68f3791b3ce959e2ffd555909727e2aeec6c5fe6,2018-05-26T21:21:41-05:00,poetry/masonry/utils/module.py,60,0,0,14
poetry,68f3791b3ce959e2ffd555909727e2aeec6c5fe6,2018-05-26T21:21:41-05:00,poetry/puzzle/operations/uninstall.py,29,0,0,13
poetry,68f3791b3ce959e2ffd555909727e2aeec6c5fe6,2018-05-26T21:21:41-05:00,poetry/io/null_io.py,31,0,0,1
poetry,68f3791b3ce959e2ffd555909727e2aeec6c5fe6,2018-05-26T21:21:41-05:00,tests/mixology/version_solver/test_backtracking.py,68,0,0,80
poetry,68f3791b3ce959e2ffd555909727e2aeec6c5fe6,2018-05-26T21:21:41-05:00,poetry/packages/package.py,345,2,0,166
poetry,68f3791b3ce959e2ffd555909727e2aeec6c5fe6,2018-05-26T21:21:41-05:00,tests/installation/test_installer.py,759,0,0,1013
poetry,68f3791b3ce959e2ffd555909727e2aeec6c5fe6,2018-05-26T21:21:41-05:00,poetry/repositories/legacy_repository.py,342,10,0,204
poetry,68f3791b3ce959e2ffd555909727e2aeec6c5fe6,2018-05-26T21:21:41-05:00,poetry/utils/helpers.py,79,2,0,18
poetry,68f3791b3ce959e2ffd555909727e2aeec6c5fe6,2018-05-26T21:21:41-05:00,poetry/puzzle/provider.py,381,0,0,352
poetry,68f3791b3ce959e2ffd555909727e2aeec6c5fe6,2018-05-26T21:21:41-05:00,poetry/utils/appdirs.py,254,0,0,29
poetry,68f3791b3ce959e2ffd555909727e2aeec6c5fe6,2018-05-26T21:21:41-05:00,poetry/repositories/base_repository.py,24,0,0,5
poetry,68f3791b3ce959e2ffd555909727e2aeec6c5fe6,2018-05-26T21:21:41-05:00,tests/masonry/builders/fixtures/complete/my_package/__init__.py,1,0,0,2
poetry,68f3791b3ce959e2ffd555909727e2aeec6c5fe6,2018-05-26T21:21:41-05:00,poetry/puzzle/operations/operation.py,43,0,0,1
poetry,68f3791b3ce959e2ffd555909727e2aeec6c5fe6,2018-05-26T21:21:41-05:00,poetry/puzzle/operations/update.py,46,2,0,29
poetry,68f3791b3ce959e2ffd555909727e2aeec6c5fe6,2018-05-26T21:21:41-05:00,poetry/utils/venv.py,348,0,0,154
poetry,68f3791b3ce959e2ffd555909727e2aeec6c5fe6,2018-05-26T21:21:41-05:00,poetry/mixology/failure.py,232,0,0,131
poetry,68f3791b3ce959e2ffd555909727e2aeec6c5fe6,2018-05-26T21:21:41-05:00,poetry/console/commands/about.py,16,0,0,6
poetry,68f3791b3ce959e2ffd555909727e2aeec6c5fe6,2018-05-26T21:21:41-05:00,tests/masonry/builders/fixtures/prerelease/prerelease.py,3,0,0,2
poetry,68f3791b3ce959e2ffd555909727e2aeec6c5fe6,2018-05-26T21:21:41-05:00,tests/console/commands/test_version.py,38,0,0,46
poetry,68f3791b3ce959e2ffd555909727e2aeec6c5fe6,2018-05-26T21:21:41-05:00,poetry/console/commands/check.py,15,0,0,2
poetry,68f3791b3ce959e2ffd555909727e2aeec6c5fe6,2018-05-26T21:21:41-05:00,poetry/poetry.py,197,0,0,108
poetry,68f3791b3ce959e2ffd555909727e2aeec6c5fe6,2018-05-26T21:21:41-05:00,poetry/console/commands/new.py,55,0,0,35
poetry,68f3791b3ce959e2ffd555909727e2aeec6c5fe6,2018-05-26T21:21:41-05:00,tests/repositories/test_pypi_repository.py,57,0,0,41
poetry,68f3791b3ce959e2ffd555909727e2aeec6c5fe6,2018-05-26T21:21:41-05:00,poetry/toml/prettify/elements/tableheader.py,95,0,0,88
poetry,68f3791b3ce959e2ffd555909727e2aeec6c5fe6,2018-05-26T21:21:41-05:00,poetry/repositories/pool.py,105,0,0,31
poetry,68f3791b3ce959e2ffd555909727e2aeec6c5fe6,2018-05-26T21:21:41-05:00,poetry/packages/project_package.py,14,0,0,1
poetry,68f3791b3ce959e2ffd555909727e2aeec6c5fe6,2018-05-26T21:21:41-05:00,tests/masonry/builders/fixtures/source_file/src/module_src.py,3,0,0,2
poetry,68f3791b3ce959e2ffd555909727e2aeec6c5fe6,2018-05-26T21:21:41-05:00,tests/console/commands/test_add.py,390,0,0,232
poetry,68f3791b3ce959e2ffd555909727e2aeec6c5fe6,2018-05-26T21:21:41-05:00,tests/semver/test_version.py,143,0,0,151
poetry,68f3791b3ce959e2ffd555909727e2aeec6c5fe6,2018-05-26T21:21:41-05:00,tests/mixology/version_solver/conftest.py,32,0,0,3
poetry,68f3791b3ce959e2ffd555909727e2aeec6c5fe6,2018-05-26T21:21:41-05:00,poetry/version/__init__.py,44,0,0,20
poetry,68f3791b3ce959e2ffd555909727e2aeec6c5fe6,2018-05-26T21:21:41-05:00,poetry/layouts/src.py,19,0,0,7
poetry,68f3791b3ce959e2ffd555909727e2aeec6c5fe6,2018-05-26T21:21:41-05:00,poetry/toml/structurer.py,117,0,0,23
poetry,68f3791b3ce959e2ffd555909727e2aeec6c5fe6,2018-05-26T21:21:41-05:00,tests/masonry/builders/fixtures/extended/build.py,12,0,0,8
poetry,68f3791b3ce959e2ffd555909727e2aeec6c5fe6,2018-05-26T21:21:41-05:00,tests/spdx/test_main.py,34,0,0,22
poetry,68f3791b3ce959e2ffd555909727e2aeec6c5fe6,2018-05-26T21:21:41-05:00,poetry/packages/constraints/base_constraint.py,19,0,0,1
poetry,68f3791b3ce959e2ffd555909727e2aeec6c5fe6,2018-05-26T21:21:41-05:00,tests/mixology/helpers.py,44,0,0,9
poetry,68f3791b3ce959e2ffd555909727e2aeec6c5fe6,2018-05-26T21:21:41-05:00,poetry/utils/_compat.py,76,2,0,18
poetry,68f3791b3ce959e2ffd555909727e2aeec6c5fe6,2018-05-26T21:21:41-05:00,poetry/toml/array.py,39,0,0,7
poetry,68f3791b3ce959e2ffd555909727e2aeec6c5fe6,2018-05-26T21:21:41-05:00,poetry/mixology/partial_solution.py,214,0,0,18
poetry,68f3791b3ce959e2ffd555909727e2aeec6c5fe6,2018-05-26T21:21:41-05:00,poetry/installation/installer.py,530,10,0,274
poetry,68f3791b3ce959e2ffd555909727e2aeec6c5fe6,2018-05-26T21:21:41-05:00,poetry/console/commands/cache/clear.py,80,0,0,49
poetry,68f3791b3ce959e2ffd555909727e2aeec6c5fe6,2018-05-26T21:21:41-05:00,poetry/semver/version_constraint.py,25,0,0,1
poetry,68f3791b3ce959e2ffd555909727e2aeec6c5fe6,2018-05-26T21:21:41-05:00,poetry/mixology/assignment.py,45,0,0,15
poetry,68f3791b3ce959e2ffd555909727e2aeec6c5fe6,2018-05-26T21:21:41-05:00,tests/repositories/test_legacy_repository.py,0,0,0,45
poetry,68f3791b3ce959e2ffd555909727e2aeec6c5fe6,2018-05-26T21:21:41-05:00,tests/utils/test_toml_file.py,58,0,0,50
poetry,68f3791b3ce959e2ffd555909727e2aeec6c5fe6,2018-05-26T21:21:41-05:00,poetry/puzzle/dependencies.py,38,0,0,4
poetry,68f3791b3ce959e2ffd555909727e2aeec6c5fe6,2018-05-26T21:21:41-05:00,poetry/toml/toplevels.py,142,0,0,17
poetry,68f3791b3ce959e2ffd555909727e2aeec6c5fe6,2018-05-26T21:21:41-05:00,poetry/console/commands/search.py,35,0,0,16
poetry,68f3791b3ce959e2ffd555909727e2aeec6c5fe6,2018-05-26T21:21:41-05:00,poetry/console/commands/script.py,70,4,0,44
poetry,68f3791b3ce959e2ffd555909727e2aeec6c5fe6,2018-05-26T21:21:41-05:00,get-poetry.py,324,4,0,206
poetry,68f3791b3ce959e2ffd555909727e2aeec6c5fe6,2018-05-26T21:21:41-05:00,poetry/version/version_selector.py,73,0,0,28
poetry,68f3791b3ce959e2ffd555909727e2aeec6c5fe6,2018-05-26T21:21:41-05:00,poetry/toml/cascadedict.py,73,0,0,8
poetry,68f3791b3ce959e2ffd555909727e2aeec6c5fe6,2018-05-26T21:21:41-05:00,poetry/repositories/pypi_repository.py,518,16,1,397
poetry,68f3791b3ce959e2ffd555909727e2aeec6c5fe6,2018-05-26T21:21:41-05:00,poetry/mixology/incompatibility.py,429,2,0,223
poetry,af8f86cda703144e9261b700d3165433aa2d3603,2018-05-29T16:58:37-05:00,tests/spdx/test_license.py,44,0,0,29
poetry,af8f86cda703144e9261b700d3165433aa2d3603,2018-05-29T16:58:37-05:00,poetry/packages/constraints/generic_constraint.py,140,0,0,58
poetry,af8f86cda703144e9261b700d3165433aa2d3603,2018-05-29T16:58:37-05:00,poetry/console/application.py,196,0,0,71
poetry,af8f86cda703144e9261b700d3165433aa2d3603,2018-05-29T16:58:37-05:00,poetry/toml/prettify/parser/recdesc.py,120,0,0,13
poetry,af8f86cda703144e9261b700d3165433aa2d3603,2018-05-29T16:58:37-05:00,poetry/toml/prettify/parser/errors.py,18,0,0,3
poetry,af8f86cda703144e9261b700d3165433aa2d3603,2018-05-29T16:58:37-05:00,poetry/toml/__init__.py,53,0,0,4
poetry,af8f86cda703144e9261b700d3165433aa2d3603,2018-05-29T16:58:37-05:00,poetry/toml/peekableit.py,30,1,0,0
poetry,af8f86cda703144e9261b700d3165433aa2d3603,2018-05-29T16:58:37-05:00,poetry/console/commands/remove.py,87,6,0,30
poetry,af8f86cda703144e9261b700d3165433aa2d3603,2018-05-29T16:58:37-05:00,poetry/console/commands/command.py,90,2,0,11
poetry,af8f86cda703144e9261b700d3165433aa2d3603,2018-05-29T16:58:37-05:00,poetry/semver/__init__.py,120,0,0,58
poetry,af8f86cda703144e9261b700d3165433aa2d3603,2018-05-29T16:58:37-05:00,poetry/repositories/installed_repository.py,23,0,0,9
poetry,af8f86cda703144e9261b700d3165433aa2d3603,2018-05-29T16:58:37-05:00,poetry/console/commands/run.py,68,5,0,32
poetry,af8f86cda703144e9261b700d3165433aa2d3603,2018-05-29T16:58:37-05:00,poetry/toml/prettify/util.py,139,1,0,37
poetry,af8f86cda703144e9261b700d3165433aa2d3603,2018-05-29T16:58:37-05:00,tests/version/test_helpers.py,10,0,0,4
poetry,af8f86cda703144e9261b700d3165433aa2d3603,2018-05-29T16:58:37-05:00,tests/helpers.py,30,0,0,14
poetry,af8f86cda703144e9261b700d3165433aa2d3603,2018-05-29T16:58:37-05:00,tests/utils/test_helpers.py,50,0,0,28
poetry,af8f86cda703144e9261b700d3165433aa2d3603,2018-05-29T16:58:37-05:00,poetry/version/helpers.py,42,0,0,19
poetry,af8f86cda703144e9261b700d3165433aa2d3603,2018-05-29T16:58:37-05:00,poetry/version/utils.py,62,0,0,2
poetry,af8f86cda703144e9261b700d3165433aa2d3603,2018-05-29T16:58:37-05:00,poetry/mixology/version_solver.py,446,0,0,92
poetry,af8f86cda703144e9261b700d3165433aa2d3603,2018-05-29T16:58:37-05:00,poetry/masonry/api.py,44,0,0,2
poetry,af8f86cda703144e9261b700d3165433aa2d3603,2018-05-29T16:58:37-05:00,poetry/mixology/term.py,167,4,0,33
poetry,af8f86cda703144e9261b700d3165433aa2d3603,2018-05-29T16:58:37-05:00,poetry/toml/prettify/elements/array.py,148,2,0,39
poetry,af8f86cda703144e9261b700d3165433aa2d3603,2018-05-29T16:58:37-05:00,poetry/version/requirements.py,248,0,0,39
poetry,af8f86cda703144e9261b700d3165433aa2d3603,2018-05-29T16:58:37-05:00,poetry/__main__.py,6,0,0,2
poetry,af8f86cda703144e9261b700d3165433aa2d3603,2018-05-29T16:58:37-05:00,poetry/console/commands/venv_command.py,24,0,0,8
poetry,af8f86cda703144e9261b700d3165433aa2d3603,2018-05-29T16:58:37-05:00,poetry/console/commands/config.py,229,0,0,129
poetry,af8f86cda703144e9261b700d3165433aa2d3603,2018-05-29T16:58:37-05:00,poetry/toml/prettify/parser/parser.py,451,5,0,326
poetry,af8f86cda703144e9261b700d3165433aa2d3603,2018-05-29T16:58:37-05:00,poetry/packages/utils/utils.py,151,0,0,41
poetry,af8f86cda703144e9261b700d3165433aa2d3603,2018-05-29T16:58:37-05:00,poetry/packages/dependency.py,295,1,0,121
poetry,af8f86cda703144e9261b700d3165433aa2d3603,2018-05-29T16:58:37-05:00,poetry/packages/file_dependency.py,75,1,0,34
poetry,af8f86cda703144e9261b700d3165433aa2d3603,2018-05-29T16:58:37-05:00,tests/toml/test_named_dict.py,18,0,0,21
poetry,af8f86cda703144e9261b700d3165433aa2d3603,2018-05-29T16:58:37-05:00,poetry/toml/prettify/tokens/py2toml.py,151,0,0,86
poetry,af8f86cda703144e9261b700d3165433aa2d3603,2018-05-29T16:58:37-05:00,poetry/packages/constraints/multi_constraint.py,38,0,0,5
poetry,af8f86cda703144e9261b700d3165433aa2d3603,2018-05-29T16:58:37-05:00,poetry/console/commands/debug/resolve.py,117,6,0,62
poetry,af8f86cda703144e9261b700d3165433aa2d3603,2018-05-29T16:58:37-05:00,poetry/masonry/metadata.py,83,0,0,14
poetry,af8f86cda703144e9261b700d3165433aa2d3603,2018-05-29T16:58:37-05:00,tests/semver/test_version_range.py,249,0,0,50
poetry,af8f86cda703144e9261b700d3165433aa2d3603,2018-05-29T16:58:37-05:00,poetry/semver/patterns.py,18,0,0,25
poetry,af8f86cda703144e9261b700d3165433aa2d3603,2018-05-29T16:58:37-05:00,poetry/masonry/builders/complete.py,43,0,0,12
poetry,af8f86cda703144e9261b700d3165433aa2d3603,2018-05-29T16:58:37-05:00,poetry/toml/toml_file.py,322,0,0,89
poetry,af8f86cda703144e9261b700d3165433aa2d3603,2018-05-29T16:58:37-05:00,poetry/semver/version.py,429,0,0,88
poetry,af8f86cda703144e9261b700d3165433aa2d3603,2018-05-29T16:58:37-05:00,poetry/toml/prettify/parser/tokenstream.py,38,0,0,2
poetry,af8f86cda703144e9261b700d3165433aa2d3603,2018-05-29T16:58:37-05:00,poetry/masonry/utils/tags.py,184,0,0,112
poetry,af8f86cda703144e9261b700d3165433aa2d3603,2018-05-29T16:58:37-05:00,poetry/masonry/builders/sdist.py,322,0,0,145
poetry,af8f86cda703144e9261b700d3165433aa2d3603,2018-05-29T16:58:37-05:00,poetry/spdx/license.py,156,0,0,214
poetry,af8f86cda703144e9261b700d3165433aa2d3603,2018-05-29T16:58:37-05:00,poetry/console/commands/develop.py,48,0,0,15
poetry,af8f86cda703144e9261b700d3165433aa2d3603,2018-05-29T16:58:37-05:00,poetry/packages/vcs_dependency.py,69,0,0,20
poetry,af8f86cda703144e9261b700d3165433aa2d3603,2018-05-29T16:58:37-05:00,poetry/toml/prettify/__init__.py,25,0,0,4
poetry,af8f86cda703144e9261b700d3165433aa2d3603,2018-05-29T16:58:37-05:00,poetry/layouts/__init__.py,15,0,0,7
poetry,af8f86cda703144e9261b700d3165433aa2d3603,2018-05-29T16:58:37-05:00,tests/console/commands/test_show.py,470,0,0,636
poetry,af8f86cda703144e9261b700d3165433aa2d3603,2018-05-29T16:58:37-05:00,tests/packages/test_main.py,127,0,0,116
poetry,af8f86cda703144e9261b700d3165433aa2d3603,2018-05-29T16:58:37-05:00,poetry/puzzle/solver.py,291,0,0,455
poetry,af8f86cda703144e9261b700d3165433aa2d3603,2018-05-29T16:58:37-05:00,poetry/toml/prettify/elements/factory.py,184,0,0,108
poetry,af8f86cda703144e9261b700d3165433aa2d3603,2018-05-29T16:58:37-05:00,tests/console/commands/test_init.py,111,0,0,76
poetry,af8f86cda703144e9261b700d3165433aa2d3603,2018-05-29T16:58:37-05:00,poetry/layouts/standard.py,18,0,0,5
poetry,af8f86cda703144e9261b700d3165433aa2d3603,2018-05-29T16:58:37-05:00,poetry/__init__.py,10,0,0,2
poetry,af8f86cda703144e9261b700d3165433aa2d3603,2018-05-29T16:58:37-05:00,poetry/console/commands/debug/info.py,57,2,0,72
poetry,af8f86cda703144e9261b700d3165433aa2d3603,2018-05-29T16:58:37-05:00,poetry/toml/prettify/elements/traversal/predicates.py,64,0,0,24
poetry,af8f86cda703144e9261b700d3165433aa2d3603,2018-05-29T16:58:37-05:00,poetry/toml/prettify/elements/errors.py,11,0,0,2
poetry,af8f86cda703144e9261b700d3165433aa2d3603,2018-05-29T16:58:37-05:00,tests/fixtures/git/github.com/demo/demo/setup.py,19,0,0,22
poetry,af8f86cda703144e9261b700d3165433aa2d3603,2018-05-29T16:58:37-05:00,poetry/version/base.py,27,0,0,1
poetry,af8f86cda703144e9261b700d3165433aa2d3603,2018-05-29T16:58:37-05:00,poetry/packages/directory_dependency.py,151,1,0,59
poetry,af8f86cda703144e9261b700d3165433aa2d3603,2018-05-29T16:58:37-05:00,tests/mixology/version_solver/test_basic_graph.py,71,0,0,119
poetry,af8f86cda703144e9261b700d3165433aa2d3603,2018-05-29T16:58:37-05:00,tests/console/commands/test_about.py,18,0,0,4
poetry,af8f86cda703144e9261b700d3165433aa2d3603,2018-05-29T16:58:37-05:00,poetry/io/raw_argv_input.py,15,0,0,1
poetry,af8f86cda703144e9261b700d3165433aa2d3603,2018-05-29T16:58:37-05:00,tests/toml/test_toml.py,294,0,0,54
poetry,af8f86cda703144e9261b700d3165433aa2d3603,2018-05-29T16:58:37-05:00,poetry/version/version.py,229,2,0,44
poetry,af8f86cda703144e9261b700d3165433aa2d3603,2018-05-29T16:58:37-05:00,poetry/toml/prettify/tokens/__init__.py,146,0,0,56
poetry,af8f86cda703144e9261b700d3165433aa2d3603,2018-05-29T16:58:37-05:00,tests/masonry/builders/fixtures/module1/module1.py,3,0,0,2
poetry,af8f86cda703144e9261b700d3165433aa2d3603,2018-05-29T16:58:37-05:00,poetry/toml/prettify/parser/__init__.py,32,0,0,2
poetry,af8f86cda703144e9261b700d3165433aa2d3603,2018-05-29T16:58:37-05:00,poetry/installation/pip_installer.py,102,0,0,39
poetry,af8f86cda703144e9261b700d3165433aa2d3603,2018-05-29T16:58:37-05:00,poetry/toml/prettify/elements/metadata.py,92,0,0,24
poetry,af8f86cda703144e9261b700d3165433aa2d3603,2018-05-29T16:58:37-05:00,poetry/toml/prettify/elements/inlinetable.py,90,2,0,32
poetry,af8f86cda703144e9261b700d3165433aa2d3603,2018-05-29T16:58:37-05:00,poetry/console/commands/init.py,307,4,0,183
poetry,af8f86cda703144e9261b700d3165433aa2d3603,2018-05-29T16:58:37-05:00,poetry/spdx/updater.py,40,0,0,28
poetry,af8f86cda703144e9261b700d3165433aa2d3603,2018-05-29T16:58:37-05:00,poetry/version/markers.py,185,0,0,80
poetry,af8f86cda703144e9261b700d3165433aa2d3603,2018-05-29T16:58:37-05:00,poetry/toml/prettify/lexer/__init__.py,142,0,0,85
poetry,af8f86cda703144e9261b700d3165433aa2d3603,2018-05-29T16:58:37-05:00,tests/packages/test_package.py,16,0,0,12
poetry,af8f86cda703144e9261b700d3165433aa2d3603,2018-05-29T16:58:37-05:00,poetry/toml/prettify/elements/common.py,103,0,0,14
poetry,af8f86cda703144e9261b700d3165433aa2d3603,2018-05-29T16:58:37-05:00,poetry/masonry/builders/builder.py,169,1,0,58
poetry,af8f86cda703144e9261b700d3165433aa2d3603,2018-05-29T16:58:37-05:00,poetry/toml/prettify/elements/abstracttable.py,83,0,0,11
poetry,af8f86cda703144e9261b700d3165433aa2d3603,2018-05-29T16:58:37-05:00,poetry/console/commands/publish.py,55,0,0,20
poetry,af8f86cda703144e9261b700d3165433aa2d3603,2018-05-29T16:58:37-05:00,poetry/console/commands/self/update.py,178,2,0,138
poetry,af8f86cda703144e9261b700d3165433aa2d3603,2018-05-29T16:58:37-05:00,tests/mixology/version_solver/test_with_lock.py,120,0,0,170
poetry,af8f86cda703144e9261b700d3165433aa2d3603,2018-05-29T16:58:37-05:00,poetry/installation/noop_installer.py,29,0,0,1
poetry,af8f86cda703144e9261b700d3165433aa2d3603,2018-05-29T16:58:37-05:00,poetry/toml/prettify/_version.py,1,0,0,2
poetry,af8f86cda703144e9261b700d3165433aa2d3603,2018-05-29T16:58:37-05:00,poetry/toml/prettify/parser/elementsanitizer.py,71,0,0,28
poetry,af8f86cda703144e9261b700d3165433aa2d3603,2018-05-29T16:58:37-05:00,poetry/installation/base_installer.py,9,0,0,1
poetry,af8f86cda703144e9261b700d3165433aa2d3603,2018-05-29T16:58:37-05:00,poetry/__version__.py,1,0,0,10
poetry,af8f86cda703144e9261b700d3165433aa2d3603,2018-05-29T16:58:37-05:00,poetry/config.py,92,2,0,9
poetry,af8f86cda703144e9261b700d3165433aa2d3603,2018-05-29T16:58:37-05:00,poetry/mixology/set_relation.py,10,0,0,6
poetry,af8f86cda703144e9261b700d3165433aa2d3603,2018-05-29T16:58:37-05:00,poetry/console/commands/add.py,151,8,0,105
poetry,af8f86cda703144e9261b700d3165433aa2d3603,2018-05-29T16:58:37-05:00,poetry/packages/__init__.py,156,0,0,94
poetry,af8f86cda703144e9261b700d3165433aa2d3603,2018-05-29T16:58:37-05:00,poetry/console/commands/build.py,27,0,0,11
poetry,af8f86cda703144e9261b700d3165433aa2d3603,2018-05-29T16:58:37-05:00,poetry/semver/empty_constraint.py,30,0,0,3
poetry,af8f86cda703144e9261b700d3165433aa2d3603,2018-05-29T16:58:37-05:00,poetry/spdx/__init__.py,38,0,0,14
poetry,af8f86cda703144e9261b700d3165433aa2d3603,2018-05-29T16:58:37-05:00,poetry/packages/constraints/wildcard_constraint.py,71,0,0,46
poetry,af8f86cda703144e9261b700d3165433aa2d3603,2018-05-29T16:58:37-05:00,poetry/locations.py,6,0,0,4
poetry,af8f86cda703144e9261b700d3165433aa2d3603,2018-05-29T16:58:37-05:00,poetry/console/commands/lock.py,33,2,0,6
poetry,af8f86cda703144e9261b700d3165433aa2d3603,2018-05-29T16:58:37-05:00,tests/mixology/version_solver/test_unsolvable.py,74,0,0,62
poetry,af8f86cda703144e9261b700d3165433aa2d3603,2018-05-29T16:58:37-05:00,poetry/console/commands/update.py,39,1,0,14
poetry,af8f86cda703144e9261b700d3165433aa2d3603,2018-05-29T16:58:37-05:00,poetry/mixology/result.py,13,0,0,1
poetry,af8f86cda703144e9261b700d3165433aa2d3603,2018-05-29T16:58:37-05:00,tests/test_poetry.py,110,0,0,82
poetry,af8f86cda703144e9261b700d3165433aa2d3603,2018-05-29T16:58:37-05:00,poetry/mixology/__init__.py,8,0,0,3
poetry,af8f86cda703144e9261b700d3165433aa2d3603,2018-05-29T16:58:37-05:00,poetry/puzzle/operations/install.py,26,0,0,13
poetry,af8f86cda703144e9261b700d3165433aa2d3603,2018-05-29T16:58:37-05:00,tests/puzzle/test_solver.py,732,0,0,866
poetry,af8f86cda703144e9261b700d3165433aa2d3603,2018-05-29T16:58:37-05:00,poetry/semver/version_range.py,429,2,0,105
poetry,af8f86cda703144e9261b700d3165433aa2d3603,2018-05-29T16:58:37-05:00,poetry/toml/prettify/elements/table.py,142,0,0,45
poetry,af8f86cda703144e9261b700d3165433aa2d3603,2018-05-29T16:58:37-05:00,tests/console/conftest.py,160,0,0,45
poetry,af8f86cda703144e9261b700d3165433aa2d3603,2018-05-29T16:58:37-05:00,poetry/version/legacy_version.py,90,0,0,11
poetry,af8f86cda703144e9261b700d3165433aa2d3603,2018-05-29T16:58:37-05:00,tests/fixtures/project_with_setup/setup.py,19,0,0,23
poetry,af8f86cda703144e9261b700d3165433aa2d3603,2018-05-29T16:58:37-05:00,poetry/masonry/builder.py,21,0,0,8
poetry,af8f86cda703144e9261b700d3165433aa2d3603,2018-05-29T16:58:37-05:00,tests/console/commands/test_check.py,14,0,0,4
poetry,af8f86cda703144e9261b700d3165433aa2d3603,2018-05-29T16:58:37-05:00,poetry/packages/locker.py,201,0,0,149
poetry,af8f86cda703144e9261b700d3165433aa2d3603,2018-05-29T16:58:37-05:00,tests/packages/test_dependency.py,119,0,0,78
poetry,af8f86cda703144e9261b700d3165433aa2d3603,2018-05-29T16:58:37-05:00,poetry/masonry/publishing/uploader.py,290,0,0,114
poetry,af8f86cda703144e9261b700d3165433aa2d3603,2018-05-29T16:58:37-05:00,tests/semver/test_main.py,159,0,0,206
poetry,af8f86cda703144e9261b700d3165433aa2d3603,2018-05-29T16:58:37-05:00,poetry/masonry/publishing/publisher.py,94,0,0,48
poetry,af8f86cda703144e9261b700d3165433aa2d3603,2018-05-29T16:58:37-05:00,poetry/repositories/repository.py,107,1,0,13
poetry,af8f86cda703144e9261b700d3165433aa2d3603,2018-05-29T16:58:37-05:00,poetry/packages/constraints/empty_constraint.py,27,0,0,2
poetry,af8f86cda703144e9261b700d3165433aa2d3603,2018-05-29T16:58:37-05:00,poetry/vcs/git.py,101,6,0,54
poetry,af8f86cda703144e9261b700d3165433aa2d3603,2018-05-29T16:58:37-05:00,poetry/utils/toml_file.py,36,0,0,3
poetry,af8f86cda703144e9261b700d3165433aa2d3603,2018-05-29T16:58:37-05:00,poetry/console/commands/install.py,50,2,0,20
poetry,af8f86cda703144e9261b700d3165433aa2d3603,2018-05-29T16:58:37-05:00,tests/masonry/builders/test_wheel.py,89,0,0,34
poetry,af8f86cda703144e9261b700d3165433aa2d3603,2018-05-29T16:58:37-05:00,poetry/toml/prettify/tokens/toml2py.py,146,0,0,60
poetry,af8f86cda703144e9261b700d3165433aa2d3603,2018-05-29T16:58:37-05:00,poetry/toml/prettify/errors.py,30,0,0,2
poetry,af8f86cda703144e9261b700d3165433aa2d3603,2018-05-29T16:58:37-05:00,poetry/layouts/layout.py,137,0,0,68
poetry,af8f86cda703144e9261b700d3165433aa2d3603,2018-05-29T16:58:37-05:00,tests/masonry/builders/test_complete.py,198,0,0,98
poetry,af8f86cda703144e9261b700d3165433aa2d3603,2018-05-29T16:58:37-05:00,poetry/puzzle/exceptions.py,9,0,0,10
poetry,af8f86cda703144e9261b700d3165433aa2d3603,2018-05-29T16:58:37-05:00,poetry/toml/prettify/elements/atomic.py,56,0,0,12
poetry,af8f86cda703144e9261b700d3165433aa2d3603,2018-05-29T16:58:37-05:00,tests/packages/test_file_dependency.py,42,0,0,32
poetry,af8f86cda703144e9261b700d3165433aa2d3603,2018-05-29T16:58:37-05:00,poetry/console/styles/poetry.py,31,0,0,33
poetry,af8f86cda703144e9261b700d3165433aa2d3603,2018-05-29T16:58:37-05:00,poetry/console/commands/show.py,320,0,0,175
poetry,af8f86cda703144e9261b700d3165433aa2d3603,2018-05-29T16:58:37-05:00,poetry/vcs/__init__.py,11,0,0,2
poetry,af8f86cda703144e9261b700d3165433aa2d3603,2018-05-29T16:58:37-05:00,poetry/masonry/builders/wheel.py,332,0,0,132
poetry,af8f86cda703144e9261b700d3165433aa2d3603,2018-05-29T16:58:37-05:00,tests/masonry/builders/test_sdist.py,252,0,0,180
poetry,af8f86cda703144e9261b700d3165433aa2d3603,2018-05-29T16:58:37-05:00,poetry/toml/prettify/elements/traversal/__init__.py,194,2,0,44
poetry,af8f86cda703144e9261b700d3165433aa2d3603,2018-05-29T16:58:37-05:00,poetry/console/commands/version.py,86,0,0,46
poetry,af8f86cda703144e9261b700d3165433aa2d3603,2018-05-29T16:58:37-05:00,tests/masonry/builders/fixtures/source_package/src/package_src/module.py,3,0,0,2
poetry,af8f86cda703144e9261b700d3165433aa2d3603,2018-05-29T16:58:37-05:00,poetry/packages/utils/link.py,166,0,0,31
poetry,af8f86cda703144e9261b700d3165433aa2d3603,2018-05-29T16:58:37-05:00,poetry/semver/version_union.py,238,5,0,51
poetry,af8f86cda703144e9261b700d3165433aa2d3603,2018-05-29T16:58:37-05:00,poetry/masonry/utils/module.py,58,0,0,14
poetry,af8f86cda703144e9261b700d3165433aa2d3603,2018-05-29T16:58:37-05:00,poetry/puzzle/operations/uninstall.py,26,0,0,13
poetry,af8f86cda703144e9261b700d3165433aa2d3603,2018-05-29T16:58:37-05:00,poetry/io/null_io.py,30,0,0,1
poetry,af8f86cda703144e9261b700d3165433aa2d3603,2018-05-29T16:58:37-05:00,tests/mixology/version_solver/test_backtracking.py,52,0,0,80
poetry,af8f86cda703144e9261b700d3165433aa2d3603,2018-05-29T16:58:37-05:00,poetry/packages/package.py,325,2,0,166
poetry,af8f86cda703144e9261b700d3165433aa2d3603,2018-05-29T16:58:37-05:00,tests/installation/test_installer.py,740,0,0,1013
poetry,af8f86cda703144e9261b700d3165433aa2d3603,2018-05-29T16:58:37-05:00,poetry/repositories/legacy_repository.py,328,10,0,204
poetry,af8f86cda703144e9261b700d3165433aa2d3603,2018-05-29T16:58:37-05:00,poetry/utils/helpers.py,79,2,0,18
poetry,af8f86cda703144e9261b700d3165433aa2d3603,2018-05-29T16:58:37-05:00,poetry/puzzle/provider.py,376,0,0,357
poetry,af8f86cda703144e9261b700d3165433aa2d3603,2018-05-29T16:58:37-05:00,poetry/utils/appdirs.py,251,0,0,29
poetry,af8f86cda703144e9261b700d3165433aa2d3603,2018-05-29T16:58:37-05:00,poetry/repositories/base_repository.py,25,0,0,5
poetry,af8f86cda703144e9261b700d3165433aa2d3603,2018-05-29T16:58:37-05:00,tests/masonry/builders/fixtures/complete/my_package/__init__.py,1,0,0,2
poetry,af8f86cda703144e9261b700d3165433aa2d3603,2018-05-29T16:58:37-05:00,poetry/puzzle/operations/operation.py,42,0,0,1
poetry,af8f86cda703144e9261b700d3165433aa2d3603,2018-05-29T16:58:37-05:00,poetry/puzzle/operations/update.py,41,2,0,29
poetry,af8f86cda703144e9261b700d3165433aa2d3603,2018-05-29T16:58:37-05:00,poetry/mixology/failure.py,261,2,0,131
poetry,af8f86cda703144e9261b700d3165433aa2d3603,2018-05-29T16:58:37-05:00,poetry/utils/venv.py,336,0,0,152
poetry,af8f86cda703144e9261b700d3165433aa2d3603,2018-05-29T16:58:37-05:00,poetry/console/commands/about.py,18,0,0,6
poetry,af8f86cda703144e9261b700d3165433aa2d3603,2018-05-29T16:58:37-05:00,tests/masonry/builders/fixtures/prerelease/prerelease.py,3,0,0,2
poetry,af8f86cda703144e9261b700d3165433aa2d3603,2018-05-29T16:58:37-05:00,tests/console/commands/test_version.py,37,0,0,46
poetry,af8f86cda703144e9261b700d3165433aa2d3603,2018-05-29T16:58:37-05:00,poetry/console/commands/check.py,15,0,0,2
poetry,af8f86cda703144e9261b700d3165433aa2d3603,2018-05-29T16:58:37-05:00,poetry/poetry.py,191,0,0,108
poetry,af8f86cda703144e9261b700d3165433aa2d3603,2018-05-29T16:58:37-05:00,poetry/console/commands/new.py,54,0,0,35
poetry,af8f86cda703144e9261b700d3165433aa2d3603,2018-05-29T16:58:37-05:00,tests/repositories/test_pypi_repository.py,62,0,0,34
poetry,af8f86cda703144e9261b700d3165433aa2d3603,2018-05-29T16:58:37-05:00,poetry/toml/prettify/elements/tableheader.py,129,0,0,88
poetry,af8f86cda703144e9261b700d3165433aa2d3603,2018-05-29T16:58:37-05:00,poetry/repositories/pool.py,100,0,0,31
poetry,af8f86cda703144e9261b700d3165433aa2d3603,2018-05-29T16:58:37-05:00,poetry/packages/project_package.py,13,0,0,1
poetry,af8f86cda703144e9261b700d3165433aa2d3603,2018-05-29T16:58:37-05:00,tests/masonry/builders/fixtures/source_file/src/module_src.py,3,0,0,2
poetry,af8f86cda703144e9261b700d3165433aa2d3603,2018-05-29T16:58:37-05:00,tests/console/commands/test_add.py,384,0,0,232
poetry,af8f86cda703144e9261b700d3165433aa2d3603,2018-05-29T16:58:37-05:00,tests/semver/test_version.py,159,0,0,151
poetry,af8f86cda703144e9261b700d3165433aa2d3603,2018-05-29T16:58:37-05:00,tests/mixology/version_solver/conftest.py,31,0,0,3
poetry,af8f86cda703144e9261b700d3165433aa2d3603,2018-05-29T16:58:37-05:00,poetry/version/__init__.py,44,0,0,20
poetry,af8f86cda703144e9261b700d3165433aa2d3603,2018-05-29T16:58:37-05:00,poetry/layouts/src.py,18,0,0,7
poetry,af8f86cda703144e9261b700d3165433aa2d3603,2018-05-29T16:58:37-05:00,poetry/toml/structurer.py,126,0,0,23
poetry,af8f86cda703144e9261b700d3165433aa2d3603,2018-05-29T16:58:37-05:00,tests/masonry/builders/fixtures/extended/build.py,8,0,0,8
poetry,af8f86cda703144e9261b700d3165433aa2d3603,2018-05-29T16:58:37-05:00,tests/spdx/test_main.py,34,0,0,22
poetry,af8f86cda703144e9261b700d3165433aa2d3603,2018-05-29T16:58:37-05:00,poetry/packages/constraints/base_constraint.py,18,0,0,1
poetry,af8f86cda703144e9261b700d3165433aa2d3603,2018-05-29T16:58:37-05:00,tests/mixology/helpers.py,41,0,0,9
poetry,af8f86cda703144e9261b700d3165433aa2d3603,2018-05-29T16:58:37-05:00,poetry/utils/_compat.py,76,2,0,18
poetry,af8f86cda703144e9261b700d3165433aa2d3603,2018-05-29T16:58:37-05:00,poetry/toml/array.py,40,0,0,7
poetry,af8f86cda703144e9261b700d3165433aa2d3603,2018-05-29T16:58:37-05:00,poetry/mixology/partial_solution.py,220,0,0,18
poetry,af8f86cda703144e9261b700d3165433aa2d3603,2018-05-29T16:58:37-05:00,poetry/installation/installer.py,514,10,0,274
poetry,af8f86cda703144e9261b700d3165433aa2d3603,2018-05-29T16:58:37-05:00,poetry/console/commands/cache/clear.py,73,0,0,49
poetry,af8f86cda703144e9261b700d3165433aa2d3603,2018-05-29T16:58:37-05:00,poetry/semver/version_constraint.py,24,0,0,1
poetry,af8f86cda703144e9261b700d3165433aa2d3603,2018-05-29T16:58:37-05:00,poetry/mixology/assignment.py,44,0,0,15
poetry,af8f86cda703144e9261b700d3165433aa2d3603,2018-05-29T16:58:37-05:00,tests/repositories/test_legacy_repository.py,0,0,0,45
poetry,af8f86cda703144e9261b700d3165433aa2d3603,2018-05-29T16:58:37-05:00,tests/utils/test_toml_file.py,58,0,0,50
poetry,af8f86cda703144e9261b700d3165433aa2d3603,2018-05-29T16:58:37-05:00,poetry/puzzle/dependencies.py,36,0,0,4
poetry,af8f86cda703144e9261b700d3165433aa2d3603,2018-05-29T16:58:37-05:00,poetry/toml/toplevels.py,141,0,0,17
poetry,af8f86cda703144e9261b700d3165433aa2d3603,2018-05-29T16:58:37-05:00,poetry/console/commands/search.py,31,0,0,16
poetry,af8f86cda703144e9261b700d3165433aa2d3603,2018-05-29T16:58:37-05:00,poetry/console/commands/script.py,70,5,0,44
poetry,af8f86cda703144e9261b700d3165433aa2d3603,2018-05-29T16:58:37-05:00,get-poetry.py,321,4,0,206
poetry,af8f86cda703144e9261b700d3165433aa2d3603,2018-05-29T16:58:37-05:00,poetry/version/version_selector.py,72,0,0,28
poetry,af8f86cda703144e9261b700d3165433aa2d3603,2018-05-29T16:58:37-05:00,poetry/toml/cascadedict.py,75,0,0,8
poetry,af8f86cda703144e9261b700d3165433aa2d3603,2018-05-29T16:58:37-05:00,poetry/repositories/pypi_repository.py,492,17,1,390
poetry,af8f86cda703144e9261b700d3165433aa2d3603,2018-05-29T16:58:37-05:00,poetry/mixology/incompatibility.py,436,2,0,223
poetry,b2512ff03f6428f041ddf9737aafe419805d1672,2018-05-31T12:11:03-05:00,poetry/console/commands/lock.py,33,2,0,0
poetry,b2512ff03f6428f041ddf9737aafe419805d1672,2018-05-31T12:11:03-05:00,tests/mixology/version_solver/test_unsolvable.py,74,0,0,14
poetry,b2512ff03f6428f041ddf9737aafe419805d1672,2018-05-31T12:11:03-05:00,poetry/console/commands/update.py,39,1,0,0
poetry,b2512ff03f6428f041ddf9737aafe419805d1672,2018-05-31T12:11:03-05:00,tests/test_poetry.py,110,0,0,16
poetry,b2512ff03f6428f041ddf9737aafe419805d1672,2018-05-31T12:11:03-05:00,poetry/mixology/__init__.py,8,0,0,3
poetry,b2512ff03f6428f041ddf9737aafe419805d1672,2018-05-31T12:11:03-05:00,tests/puzzle/test_solver.py,761,0,0,134
poetry,b2512ff03f6428f041ddf9737aafe419805d1672,2018-05-31T12:11:03-05:00,poetry/semver/version_range.py,429,2,0,0
poetry,b2512ff03f6428f041ddf9737aafe419805d1672,2018-05-31T12:11:03-05:00,poetry/toml/peekableit.py,30,1,0,0
poetry,b2512ff03f6428f041ddf9737aafe419805d1672,2018-05-31T12:11:03-05:00,poetry/console/commands/remove.py,87,6,0,0
poetry,b2512ff03f6428f041ddf9737aafe419805d1672,2018-05-31T12:11:03-05:00,poetry/console/commands/command.py,90,2,0,0
poetry,b2512ff03f6428f041ddf9737aafe419805d1672,2018-05-31T12:11:03-05:00,poetry/semver/__init__.py,120,0,0,24
poetry,b2512ff03f6428f041ddf9737aafe419805d1672,2018-05-31T12:11:03-05:00,poetry/console/commands/run.py,68,5,0,0
poetry,b2512ff03f6428f041ddf9737aafe419805d1672,2018-05-31T12:11:03-05:00,poetry/toml/prettify/util.py,139,1,0,0
poetry,b2512ff03f6428f041ddf9737aafe419805d1672,2018-05-31T12:11:03-05:00,poetry/mixology/version_solver.py,446,0,0,3
poetry,b2512ff03f6428f041ddf9737aafe419805d1672,2018-05-31T12:11:03-05:00,poetry/packages/locker.py,201,0,0,31
poetry,b2512ff03f6428f041ddf9737aafe419805d1672,2018-05-31T12:11:03-05:00,poetry/mixology/term.py,167,4,0,0
poetry,b2512ff03f6428f041ddf9737aafe419805d1672,2018-05-31T12:11:03-05:00,poetry/toml/prettify/elements/array.py,148,2,0,0
poetry,b2512ff03f6428f041ddf9737aafe419805d1672,2018-05-31T12:11:03-05:00,poetry/repositories/repository.py,107,1,0,4
poetry,b2512ff03f6428f041ddf9737aafe419805d1672,2018-05-31T12:11:03-05:00,poetry/version/requirements.py,248,0,0,8
poetry,b2512ff03f6428f041ddf9737aafe419805d1672,2018-05-31T12:11:03-05:00,tests/semver/test_main.py,159,0,0,15
poetry,b2512ff03f6428f041ddf9737aafe419805d1672,2018-05-31T12:11:03-05:00,tests/masonry/builders/fixtures/with-include/extra_dir/sub_pkg/__init__.py,0,0,0,0
poetry,b2512ff03f6428f041ddf9737aafe419805d1672,2018-05-31T12:11:03-05:00,poetry/toml/prettify/parser/parser.py,451,5,0,0
poetry,b2512ff03f6428f041ddf9737aafe419805d1672,2018-05-31T12:11:03-05:00,poetry/vcs/git.py,101,6,0,0
poetry,b2512ff03f6428f041ddf9737aafe419805d1672,2018-05-31T12:11:03-05:00,poetry/packages/dependency.py,303,1,0,7
poetry,b2512ff03f6428f041ddf9737aafe419805d1672,2018-05-31T12:11:03-05:00,poetry/packages/file_dependency.py,75,1,0,0
poetry,b2512ff03f6428f041ddf9737aafe419805d1672,2018-05-31T12:11:03-05:00,poetry/console/commands/install.py,50,2,0,0
poetry,b2512ff03f6428f041ddf9737aafe419805d1672,2018-05-31T12:11:03-05:00,poetry/console/commands/debug/resolve.py,117,6,0,3
poetry,b2512ff03f6428f041ddf9737aafe419805d1672,2018-05-31T12:11:03-05:00,poetry/semver/patterns.py,18,0,0,5
poetry,b2512ff03f6428f041ddf9737aafe419805d1672,2018-05-31T12:11:03-05:00,poetry/puzzle/exceptions.py,9,0,0,9
poetry,b2512ff03f6428f041ddf9737aafe419805d1672,2018-05-31T12:11:03-05:00,poetry/console/styles/poetry.py,31,0,0,4
poetry,b2512ff03f6428f041ddf9737aafe419805d1672,2018-05-31T12:11:03-05:00,poetry/console/commands/show.py,320,0,0,4
poetry,b2512ff03f6428f041ddf9737aafe419805d1672,2018-05-31T12:11:03-05:00,tests/masonry/builders/test_sdist.py,252,0,0,74
poetry,b2512ff03f6428f041ddf9737aafe419805d1672,2018-05-31T12:11:03-05:00,poetry/masonry/builders/wheel.py,332,0,0,55
poetry,b2512ff03f6428f041ddf9737aafe419805d1672,2018-05-31T12:11:03-05:00,poetry/toml/prettify/elements/traversal/__init__.py,194,2,0,0
poetry,b2512ff03f6428f041ddf9737aafe419805d1672,2018-05-31T12:11:03-05:00,poetry/masonry/builders/sdist.py,322,0,0,65
poetry,b2512ff03f6428f041ddf9737aafe419805d1672,2018-05-31T12:11:03-05:00,poetry/console/commands/version.py,86,0,0,2
poetry,b2512ff03f6428f041ddf9737aafe419805d1672,2018-05-31T12:11:03-05:00,poetry/semver/version_union.py,238,5,0,0
poetry,b2512ff03f6428f041ddf9737aafe419805d1672,2018-05-31T12:11:03-05:00,poetry/masonry/utils/module.py,58,0,0,80
poetry,b2512ff03f6428f041ddf9737aafe419805d1672,2018-05-31T12:11:03-05:00,tests/masonry/builders/fixtures/with-include/my_module.py,0,0,0,0
poetry,b2512ff03f6428f041ddf9737aafe419805d1672,2018-05-31T12:11:03-05:00,tests/console/commands/test_show.py,470,0,0,8
poetry,b2512ff03f6428f041ddf9737aafe419805d1672,2018-05-31T12:11:03-05:00,poetry/packages/package.py,325,2,0,33
poetry,b2512ff03f6428f041ddf9737aafe419805d1672,2018-05-31T12:11:03-05:00,tests/installation/test_installer.py,742,0,0,393
poetry,b2512ff03f6428f041ddf9737aafe419805d1672,2018-05-31T12:11:03-05:00,poetry/repositories/legacy_repository.py,328,10,0,52
poetry,b2512ff03f6428f041ddf9737aafe419805d1672,2018-05-31T12:11:03-05:00,poetry/utils/helpers.py,79,2,0,0
poetry,b2512ff03f6428f041ddf9737aafe419805d1672,2018-05-31T12:11:03-05:00,poetry/puzzle/solver.py,239,0,0,160
poetry,b2512ff03f6428f041ddf9737aafe419805d1672,2018-05-31T12:11:03-05:00,poetry/puzzle/provider.py,376,0,0,220
poetry,b2512ff03f6428f041ddf9737aafe419805d1672,2018-05-31T12:11:03-05:00,tests/masonry/builders/fixtures/with-include/package_with_include/__init__.py,0,0,0,1
poetry,b2512ff03f6428f041ddf9737aafe419805d1672,2018-05-31T12:11:03-05:00,poetry/puzzle/operations/update.py,41,2,0,0
poetry,b2512ff03f6428f041ddf9737aafe419805d1672,2018-05-31T12:11:03-05:00,poetry/console/commands/debug/info.py,57,2,0,0
poetry,b2512ff03f6428f041ddf9737aafe419805d1672,2018-05-31T12:11:03-05:00,poetry/mixology/failure.py,261,2,0,2
poetry,b2512ff03f6428f041ddf9737aafe419805d1672,2018-05-31T12:11:03-05:00,poetry/utils/venv.py,336,0,0,12
poetry,b2512ff03f6428f041ddf9737aafe419805d1672,2018-05-31T12:11:03-05:00,tests/console/commands/test_version.py,37,0,0,1
poetry,b2512ff03f6428f041ddf9737aafe419805d1672,2018-05-31T12:11:03-05:00,poetry/poetry.py,191,0,0,3
poetry,b2512ff03f6428f041ddf9737aafe419805d1672,2018-05-31T12:11:03-05:00,poetry/packages/directory_dependency.py,151,1,0,0
poetry,b2512ff03f6428f041ddf9737aafe419805d1672,2018-05-31T12:11:03-05:00,poetry/version/version.py,229,2,0,0
poetry,b2512ff03f6428f041ddf9737aafe419805d1672,2018-05-31T12:11:03-05:00,poetry/repositories/pool.py,100,0,0,4
poetry,b2512ff03f6428f041ddf9737aafe419805d1672,2018-05-31T12:11:03-05:00,poetry/packages/project_package.py,13,0,0,8
poetry,b2512ff03f6428f041ddf9737aafe419805d1672,2018-05-31T12:11:03-05:00,tests/semver/test_version.py,159,0,0,1
poetry,b2512ff03f6428f041ddf9737aafe419805d1672,2018-05-31T12:11:03-05:00,poetry/toml/prettify/elements/inlinetable.py,90,2,0,0
poetry,b2512ff03f6428f041ddf9737aafe419805d1672,2018-05-31T12:11:03-05:00,tests/masonry/builders/fixtures/with-include/extra_dir/__init__.py,0,0,0,0
poetry,b2512ff03f6428f041ddf9737aafe419805d1672,2018-05-31T12:11:03-05:00,poetry/console/commands/init.py,307,4,0,0
poetry,b2512ff03f6428f041ddf9737aafe419805d1672,2018-05-31T12:11:03-05:00,poetry/masonry/utils/include.py,0,0,0,40
poetry,b2512ff03f6428f041ddf9737aafe419805d1672,2018-05-31T12:11:03-05:00,poetry/utils/_compat.py,76,2,0,0
poetry,b2512ff03f6428f041ddf9737aafe419805d1672,2018-05-31T12:11:03-05:00,poetry/masonry/builders/builder.py,169,1,0,53
poetry,b2512ff03f6428f041ddf9737aafe419805d1672,2018-05-31T12:11:03-05:00,poetry/toml/prettify/elements/abstracttable.py,83,0,0,5
poetry,b2512ff03f6428f041ddf9737aafe419805d1672,2018-05-31T12:11:03-05:00,poetry/installation/installer.py,514,10,0,97
poetry,b2512ff03f6428f041ddf9737aafe419805d1672,2018-05-31T12:11:03-05:00,poetry/console/commands/self/update.py,178,2,0,26
poetry,b2512ff03f6428f041ddf9737aafe419805d1672,2018-05-31T12:11:03-05:00,tests/repositories/test_legacy_repository.py,0,0,0,45
poetry,b2512ff03f6428f041ddf9737aafe419805d1672,2018-05-31T12:11:03-05:00,poetry/__version__.py,1,0,0,12
poetry,b2512ff03f6428f041ddf9737aafe419805d1672,2018-05-31T12:11:03-05:00,poetry/console/commands/script.py,70,5,0,0
poetry,b2512ff03f6428f041ddf9737aafe419805d1672,2018-05-31T12:11:03-05:00,get-poetry.py,321,4,0,27
poetry,b2512ff03f6428f041ddf9737aafe419805d1672,2018-05-31T12:11:03-05:00,poetry/config.py,92,2,0,0
poetry,b2512ff03f6428f041ddf9737aafe419805d1672,2018-05-31T12:11:03-05:00,poetry/version/version_selector.py,72,0,0,7
poetry,b2512ff03f6428f041ddf9737aafe419805d1672,2018-05-31T12:11:03-05:00,poetry/console/commands/add.py,151,8,0,0
poetry,b2512ff03f6428f041ddf9737aafe419805d1672,2018-05-31T12:11:03-05:00,poetry/repositories/pypi_repository.py,492,17,1,97
poetry,b2512ff03f6428f041ddf9737aafe419805d1672,2018-05-31T12:11:03-05:00,poetry/masonry/utils/package_include.py,0,0,0,61
poetry,b2512ff03f6428f041ddf9737aafe419805d1672,2018-05-31T12:11:03-05:00,poetry/mixology/incompatibility.py,436,2,0,0
poetry,eec9a33b702959309287ca1841d94296960229a7,2018-05-31T12:12:41-05:00,poetry/console/commands/lock.py,33,2,0,0
poetry,eec9a33b702959309287ca1841d94296960229a7,2018-05-31T12:12:41-05:00,tests/mixology/version_solver/test_unsolvable.py,74,0,0,14
poetry,eec9a33b702959309287ca1841d94296960229a7,2018-05-31T12:12:41-05:00,poetry/console/commands/update.py,39,1,0,0
poetry,eec9a33b702959309287ca1841d94296960229a7,2018-05-31T12:12:41-05:00,tests/test_poetry.py,110,0,0,16
poetry,eec9a33b702959309287ca1841d94296960229a7,2018-05-31T12:12:41-05:00,poetry/mixology/__init__.py,8,0,0,3
poetry,eec9a33b702959309287ca1841d94296960229a7,2018-05-31T12:12:41-05:00,tests/puzzle/test_solver.py,761,0,0,134
poetry,eec9a33b702959309287ca1841d94296960229a7,2018-05-31T12:12:41-05:00,poetry/semver/version_range.py,429,2,0,0
poetry,eec9a33b702959309287ca1841d94296960229a7,2018-05-31T12:12:41-05:00,poetry/toml/peekableit.py,30,1,0,0
poetry,eec9a33b702959309287ca1841d94296960229a7,2018-05-31T12:12:41-05:00,poetry/console/commands/remove.py,87,6,0,0
poetry,eec9a33b702959309287ca1841d94296960229a7,2018-05-31T12:12:41-05:00,poetry/console/commands/command.py,90,2,0,0
poetry,eec9a33b702959309287ca1841d94296960229a7,2018-05-31T12:12:41-05:00,poetry/semver/__init__.py,120,0,0,24
poetry,eec9a33b702959309287ca1841d94296960229a7,2018-05-31T12:12:41-05:00,poetry/console/commands/run.py,68,5,0,0
poetry,eec9a33b702959309287ca1841d94296960229a7,2018-05-31T12:12:41-05:00,poetry/toml/prettify/util.py,139,1,0,0
poetry,eec9a33b702959309287ca1841d94296960229a7,2018-05-31T12:12:41-05:00,poetry/mixology/version_solver.py,446,0,0,3
poetry,eec9a33b702959309287ca1841d94296960229a7,2018-05-31T12:12:41-05:00,poetry/packages/locker.py,201,0,0,31
poetry,eec9a33b702959309287ca1841d94296960229a7,2018-05-31T12:12:41-05:00,poetry/mixology/term.py,167,4,0,0
poetry,eec9a33b702959309287ca1841d94296960229a7,2018-05-31T12:12:41-05:00,poetry/toml/prettify/elements/array.py,148,2,0,0
poetry,eec9a33b702959309287ca1841d94296960229a7,2018-05-31T12:12:41-05:00,poetry/repositories/repository.py,107,1,0,4
poetry,eec9a33b702959309287ca1841d94296960229a7,2018-05-31T12:12:41-05:00,poetry/version/requirements.py,248,0,0,8
poetry,eec9a33b702959309287ca1841d94296960229a7,2018-05-31T12:12:41-05:00,tests/semver/test_main.py,159,0,0,15
poetry,eec9a33b702959309287ca1841d94296960229a7,2018-05-31T12:12:41-05:00,tests/masonry/builders/fixtures/with-include/extra_dir/sub_pkg/__init__.py,0,0,0,0
poetry,eec9a33b702959309287ca1841d94296960229a7,2018-05-31T12:12:41-05:00,poetry/toml/prettify/parser/parser.py,451,5,0,0
poetry,eec9a33b702959309287ca1841d94296960229a7,2018-05-31T12:12:41-05:00,poetry/vcs/git.py,101,6,0,0
poetry,eec9a33b702959309287ca1841d94296960229a7,2018-05-31T12:12:41-05:00,poetry/packages/dependency.py,303,1,0,7
poetry,eec9a33b702959309287ca1841d94296960229a7,2018-05-31T12:12:41-05:00,poetry/packages/file_dependency.py,75,1,0,0
poetry,eec9a33b702959309287ca1841d94296960229a7,2018-05-31T12:12:41-05:00,poetry/console/commands/install.py,50,2,0,0
poetry,eec9a33b702959309287ca1841d94296960229a7,2018-05-31T12:12:41-05:00,poetry/console/commands/debug/resolve.py,117,6,0,3
poetry,eec9a33b702959309287ca1841d94296960229a7,2018-05-31T12:12:41-05:00,poetry/semver/patterns.py,18,0,0,5
poetry,eec9a33b702959309287ca1841d94296960229a7,2018-05-31T12:12:41-05:00,poetry/puzzle/exceptions.py,9,0,0,9
poetry,eec9a33b702959309287ca1841d94296960229a7,2018-05-31T12:12:41-05:00,poetry/console/styles/poetry.py,31,0,0,4
poetry,eec9a33b702959309287ca1841d94296960229a7,2018-05-31T12:12:41-05:00,poetry/console/commands/show.py,320,0,0,4
poetry,eec9a33b702959309287ca1841d94296960229a7,2018-05-31T12:12:41-05:00,tests/masonry/builders/test_sdist.py,252,0,0,74
poetry,eec9a33b702959309287ca1841d94296960229a7,2018-05-31T12:12:41-05:00,poetry/masonry/builders/wheel.py,332,0,0,55
poetry,eec9a33b702959309287ca1841d94296960229a7,2018-05-31T12:12:41-05:00,poetry/toml/prettify/elements/traversal/__init__.py,194,2,0,0
poetry,eec9a33b702959309287ca1841d94296960229a7,2018-05-31T12:12:41-05:00,poetry/masonry/builders/sdist.py,322,0,0,65
poetry,eec9a33b702959309287ca1841d94296960229a7,2018-05-31T12:12:41-05:00,poetry/console/commands/version.py,86,0,0,2
poetry,eec9a33b702959309287ca1841d94296960229a7,2018-05-31T12:12:41-05:00,poetry/semver/version_union.py,238,5,0,0
poetry,eec9a33b702959309287ca1841d94296960229a7,2018-05-31T12:12:41-05:00,poetry/masonry/utils/module.py,58,0,0,80
poetry,eec9a33b702959309287ca1841d94296960229a7,2018-05-31T12:12:41-05:00,tests/masonry/builders/fixtures/with-include/my_module.py,0,0,0,0
poetry,eec9a33b702959309287ca1841d94296960229a7,2018-05-31T12:12:41-05:00,tests/console/commands/test_show.py,470,0,0,8
poetry,eec9a33b702959309287ca1841d94296960229a7,2018-05-31T12:12:41-05:00,poetry/packages/package.py,325,2,0,33
poetry,eec9a33b702959309287ca1841d94296960229a7,2018-05-31T12:12:41-05:00,tests/installation/test_installer.py,742,0,0,393
poetry,eec9a33b702959309287ca1841d94296960229a7,2018-05-31T12:12:41-05:00,poetry/repositories/legacy_repository.py,328,10,0,52
poetry,eec9a33b702959309287ca1841d94296960229a7,2018-05-31T12:12:41-05:00,poetry/utils/helpers.py,79,2,0,0
poetry,eec9a33b702959309287ca1841d94296960229a7,2018-05-31T12:12:41-05:00,poetry/puzzle/solver.py,239,0,0,160
poetry,eec9a33b702959309287ca1841d94296960229a7,2018-05-31T12:12:41-05:00,poetry/puzzle/provider.py,376,0,0,220
poetry,eec9a33b702959309287ca1841d94296960229a7,2018-05-31T12:12:41-05:00,tests/masonry/builders/fixtures/with-include/package_with_include/__init__.py,0,0,0,1
poetry,eec9a33b702959309287ca1841d94296960229a7,2018-05-31T12:12:41-05:00,poetry/puzzle/operations/update.py,41,2,0,0
poetry,eec9a33b702959309287ca1841d94296960229a7,2018-05-31T12:12:41-05:00,poetry/console/commands/debug/info.py,57,2,0,0
poetry,eec9a33b702959309287ca1841d94296960229a7,2018-05-31T12:12:41-05:00,poetry/mixology/failure.py,261,2,0,2
poetry,eec9a33b702959309287ca1841d94296960229a7,2018-05-31T12:12:41-05:00,poetry/utils/venv.py,336,0,0,12
poetry,eec9a33b702959309287ca1841d94296960229a7,2018-05-31T12:12:41-05:00,tests/console/commands/test_version.py,37,0,0,1
poetry,eec9a33b702959309287ca1841d94296960229a7,2018-05-31T12:12:41-05:00,poetry/poetry.py,191,0,0,3
poetry,eec9a33b702959309287ca1841d94296960229a7,2018-05-31T12:12:41-05:00,poetry/packages/directory_dependency.py,151,1,0,0
poetry,eec9a33b702959309287ca1841d94296960229a7,2018-05-31T12:12:41-05:00,poetry/version/version.py,229,2,0,0
poetry,eec9a33b702959309287ca1841d94296960229a7,2018-05-31T12:12:41-05:00,poetry/repositories/pool.py,100,0,0,4
poetry,eec9a33b702959309287ca1841d94296960229a7,2018-05-31T12:12:41-05:00,poetry/packages/project_package.py,13,0,0,8
poetry,eec9a33b702959309287ca1841d94296960229a7,2018-05-31T12:12:41-05:00,tests/semver/test_version.py,159,0,0,1
poetry,eec9a33b702959309287ca1841d94296960229a7,2018-05-31T12:12:41-05:00,poetry/toml/prettify/elements/inlinetable.py,90,2,0,0
poetry,eec9a33b702959309287ca1841d94296960229a7,2018-05-31T12:12:41-05:00,tests/masonry/builders/fixtures/with-include/extra_dir/__init__.py,0,0,0,0
poetry,eec9a33b702959309287ca1841d94296960229a7,2018-05-31T12:12:41-05:00,poetry/console/commands/init.py,307,4,0,0
poetry,eec9a33b702959309287ca1841d94296960229a7,2018-05-31T12:12:41-05:00,poetry/masonry/utils/include.py,0,0,0,40
poetry,eec9a33b702959309287ca1841d94296960229a7,2018-05-31T12:12:41-05:00,poetry/utils/_compat.py,76,2,0,0
poetry,eec9a33b702959309287ca1841d94296960229a7,2018-05-31T12:12:41-05:00,poetry/masonry/builders/builder.py,169,1,0,53
poetry,eec9a33b702959309287ca1841d94296960229a7,2018-05-31T12:12:41-05:00,poetry/toml/prettify/elements/abstracttable.py,83,0,0,5
poetry,eec9a33b702959309287ca1841d94296960229a7,2018-05-31T12:12:41-05:00,poetry/installation/installer.py,514,10,0,97
poetry,eec9a33b702959309287ca1841d94296960229a7,2018-05-31T12:12:41-05:00,poetry/console/commands/self/update.py,178,2,0,26
poetry,eec9a33b702959309287ca1841d94296960229a7,2018-05-31T12:12:41-05:00,tests/repositories/test_legacy_repository.py,0,0,0,45
poetry,eec9a33b702959309287ca1841d94296960229a7,2018-05-31T12:12:41-05:00,poetry/__version__.py,1,0,0,12
poetry,eec9a33b702959309287ca1841d94296960229a7,2018-05-31T12:12:41-05:00,poetry/console/commands/script.py,70,5,0,0
poetry,eec9a33b702959309287ca1841d94296960229a7,2018-05-31T12:12:41-05:00,get-poetry.py,324,4,0,27
poetry,eec9a33b702959309287ca1841d94296960229a7,2018-05-31T12:12:41-05:00,poetry/config.py,92,2,0,0
poetry,eec9a33b702959309287ca1841d94296960229a7,2018-05-31T12:12:41-05:00,poetry/version/version_selector.py,72,0,0,7
poetry,eec9a33b702959309287ca1841d94296960229a7,2018-05-31T12:12:41-05:00,poetry/console/commands/add.py,151,8,0,0
poetry,eec9a33b702959309287ca1841d94296960229a7,2018-05-31T12:12:41-05:00,poetry/repositories/pypi_repository.py,492,17,1,97
poetry,eec9a33b702959309287ca1841d94296960229a7,2018-05-31T12:12:41-05:00,poetry/masonry/utils/package_include.py,0,0,0,61
poetry,eec9a33b702959309287ca1841d94296960229a7,2018-05-31T12:12:41-05:00,poetry/mixology/incompatibility.py,436,2,0,0
poetry,0abdaf5588c8e19fa5043ae43c2e8768fd6f3314,2018-06-11T11:13:34-05:00,tests/masonry/builders/fixtures/with-include/package_with_include/__init__.py,0,0,0,1
poetry,0abdaf5588c8e19fa5043ae43c2e8768fd6f3314,2018-06-11T11:13:34-05:00,poetry/console/commands/lock.py,33,2,0,0
poetry,0abdaf5588c8e19fa5043ae43c2e8768fd6f3314,2018-06-11T11:13:34-05:00,poetry/puzzle/operations/update.py,41,2,0,0
poetry,0abdaf5588c8e19fa5043ae43c2e8768fd6f3314,2018-06-11T11:13:34-05:00,poetry/console/commands/debug/info.py,57,2,0,0
poetry,0abdaf5588c8e19fa5043ae43c2e8768fd6f3314,2018-06-11T11:13:34-05:00,poetry/console/commands/update.py,39,1,0,0
poetry,0abdaf5588c8e19fa5043ae43c2e8768fd6f3314,2018-06-11T11:13:34-05:00,poetry/mixology/failure.py,261,2,0,19
poetry,0abdaf5588c8e19fa5043ae43c2e8768fd6f3314,2018-06-11T11:13:34-05:00,tests/mixology/version_solver/test_unsolvable.py,74,0,0,2
poetry,0abdaf5588c8e19fa5043ae43c2e8768fd6f3314,2018-06-11T11:13:34-05:00,tests/test_poetry.py,110,0,0,16
poetry,0abdaf5588c8e19fa5043ae43c2e8768fd6f3314,2018-06-11T11:13:34-05:00,tests/puzzle/test_solver.py,787,0,0,45
poetry,0abdaf5588c8e19fa5043ae43c2e8768fd6f3314,2018-06-11T11:13:34-05:00,poetry/semver/version_range.py,429,2,0,0
poetry,0abdaf5588c8e19fa5043ae43c2e8768fd6f3314,2018-06-11T11:13:34-05:00,poetry/toml/peekableit.py,30,1,0,0
poetry,0abdaf5588c8e19fa5043ae43c2e8768fd6f3314,2018-06-11T11:13:34-05:00,poetry/poetry.py,191,0,0,3
poetry,0abdaf5588c8e19fa5043ae43c2e8768fd6f3314,2018-06-11T11:13:34-05:00,poetry/console/commands/remove.py,87,6,0,0
poetry,0abdaf5588c8e19fa5043ae43c2e8768fd6f3314,2018-06-11T11:13:34-05:00,poetry/console/commands/command.py,90,2,0,0
poetry,0abdaf5588c8e19fa5043ae43c2e8768fd6f3314,2018-06-11T11:13:34-05:00,poetry/packages/directory_dependency.py,151,1,0,0
poetry,0abdaf5588c8e19fa5043ae43c2e8768fd6f3314,2018-06-11T11:13:34-05:00,poetry/semver/__init__.py,142,0,0,3
poetry,0abdaf5588c8e19fa5043ae43c2e8768fd6f3314,2018-06-11T11:13:34-05:00,poetry/console/commands/run.py,68,5,0,0
poetry,0abdaf5588c8e19fa5043ae43c2e8768fd6f3314,2018-06-11T11:13:34-05:00,poetry/toml/prettify/util.py,139,1,0,0
poetry,0abdaf5588c8e19fa5043ae43c2e8768fd6f3314,2018-06-11T11:13:34-05:00,poetry/version/version.py,229,2,0,0
poetry,0abdaf5588c8e19fa5043ae43c2e8768fd6f3314,2018-06-11T11:13:34-05:00,poetry/repositories/pool.py,100,0,0,6
poetry,0abdaf5588c8e19fa5043ae43c2e8768fd6f3314,2018-06-11T11:13:34-05:00,tests/mixology/version_solver/test_python_constraint.py,0,0,0,17
poetry,0abdaf5588c8e19fa5043ae43c2e8768fd6f3314,2018-06-11T11:13:34-05:00,poetry/puzzle/solver.py,257,0,0,81
poetry,0abdaf5588c8e19fa5043ae43c2e8768fd6f3314,2018-06-11T11:13:34-05:00,poetry/packages/project_package.py,13,0,0,8
poetry,0abdaf5588c8e19fa5043ae43c2e8768fd6f3314,2018-06-11T11:13:34-05:00,poetry/mixology/incompatibility_cause.py,84,0,0,7
poetry,0abdaf5588c8e19fa5043ae43c2e8768fd6f3314,2018-06-11T11:13:34-05:00,poetry/utils/shell.py,0,0,0,44
poetry,0abdaf5588c8e19fa5043ae43c2e8768fd6f3314,2018-06-11T11:13:34-05:00,poetry/installation/pip_installer.py,102,0,0,14
poetry,0abdaf5588c8e19fa5043ae43c2e8768fd6f3314,2018-06-11T11:13:34-05:00,poetry/mixology/term.py,167,4,0,0
poetry,0abdaf5588c8e19fa5043ae43c2e8768fd6f3314,2018-06-11T11:13:34-05:00,poetry/toml/prettify/elements/array.py,148,2,0,0
poetry,0abdaf5588c8e19fa5043ae43c2e8768fd6f3314,2018-06-11T11:13:34-05:00,poetry/repositories/repository.py,107,1,0,0
poetry,0abdaf5588c8e19fa5043ae43c2e8768fd6f3314,2018-06-11T11:13:34-05:00,poetry/toml/prettify/elements/inlinetable.py,90,2,0,0
poetry,0abdaf5588c8e19fa5043ae43c2e8768fd6f3314,2018-06-11T11:13:34-05:00,tests/semver/test_main.py,174,0,0,7
poetry,0abdaf5588c8e19fa5043ae43c2e8768fd6f3314,2018-06-11T11:13:34-05:00,tests/masonry/builders/fixtures/with-include/extra_dir/__init__.py,0,0,0,0
poetry,0abdaf5588c8e19fa5043ae43c2e8768fd6f3314,2018-06-11T11:13:34-05:00,poetry/toml/prettify/parser/parser.py,451,5,0,0
poetry,0abdaf5588c8e19fa5043ae43c2e8768fd6f3314,2018-06-11T11:13:34-05:00,poetry/vcs/git.py,101,6,0,0
poetry,0abdaf5588c8e19fa5043ae43c2e8768fd6f3314,2018-06-11T11:13:34-05:00,poetry/console/commands/init.py,307,4,0,11
poetry,0abdaf5588c8e19fa5043ae43c2e8768fd6f3314,2018-06-11T11:13:34-05:00,tests/masonry/builders/fixtures/with-include/extra_dir/sub_pkg/__init__.py,0,0,0,0
poetry,0abdaf5588c8e19fa5043ae43c2e8768fd6f3314,2018-06-11T11:13:34-05:00,poetry/packages/dependency.py,303,1,0,0
poetry,0abdaf5588c8e19fa5043ae43c2e8768fd6f3314,2018-06-11T11:13:34-05:00,poetry/masonry/utils/include.py,0,0,0,40
poetry,0abdaf5588c8e19fa5043ae43c2e8768fd6f3314,2018-06-11T11:13:34-05:00,poetry/packages/file_dependency.py,75,1,0,0
poetry,0abdaf5588c8e19fa5043ae43c2e8768fd6f3314,2018-06-11T11:13:34-05:00,poetry/console/commands/install.py,50,2,0,0
poetry,0abdaf5588c8e19fa5043ae43c2e8768fd6f3314,2018-06-11T11:13:34-05:00,tests/mixology/helpers.py,41,0,0,4
poetry,0abdaf5588c8e19fa5043ae43c2e8768fd6f3314,2018-06-11T11:13:34-05:00,poetry/utils/_compat.py,76,2,0,0
poetry,0abdaf5588c8e19fa5043ae43c2e8768fd6f3314,2018-06-11T11:13:34-05:00,poetry/console/commands/debug/resolve.py,117,6,0,0
poetry,0abdaf5588c8e19fa5043ae43c2e8768fd6f3314,2018-06-11T11:13:34-05:00,poetry/masonry/metadata.py,83,0,0,8
poetry,0abdaf5588c8e19fa5043ae43c2e8768fd6f3314,2018-06-11T11:13:34-05:00,poetry/masonry/builders/builder.py,169,1,0,53
poetry,0abdaf5588c8e19fa5043ae43c2e8768fd6f3314,2018-06-11T11:13:34-05:00,poetry/semver/patterns.py,19,0,0,2
poetry,0abdaf5588c8e19fa5043ae43c2e8768fd6f3314,2018-06-11T11:13:34-05:00,poetry/installation/installer.py,514,10,0,25
poetry,0abdaf5588c8e19fa5043ae43c2e8768fd6f3314,2018-06-11T11:13:34-05:00,poetry/console/commands/self/update.py,186,2,0,0
poetry,0abdaf5588c8e19fa5043ae43c2e8768fd6f3314,2018-06-11T11:13:34-05:00,tests/masonry/builders/test_sdist.py,252,0,0,134
poetry,0abdaf5588c8e19fa5043ae43c2e8768fd6f3314,2018-06-11T11:13:34-05:00,poetry/masonry/builders/wheel.py,332,0,0,55
poetry,0abdaf5588c8e19fa5043ae43c2e8768fd6f3314,2018-06-11T11:13:34-05:00,poetry/toml/prettify/elements/traversal/__init__.py,194,2,0,0
poetry,0abdaf5588c8e19fa5043ae43c2e8768fd6f3314,2018-06-11T11:13:34-05:00,poetry/masonry/builders/sdist.py,322,0,0,65
poetry,0abdaf5588c8e19fa5043ae43c2e8768fd6f3314,2018-06-11T11:13:34-05:00,poetry/__version__.py,1,0,0,6
poetry,0abdaf5588c8e19fa5043ae43c2e8768fd6f3314,2018-06-11T11:13:34-05:00,poetry/console/commands/script.py,70,5,0,0
poetry,0abdaf5588c8e19fa5043ae43c2e8768fd6f3314,2018-06-11T11:13:34-05:00,get-poetry.py,344,4,0,0
poetry,0abdaf5588c8e19fa5043ae43c2e8768fd6f3314,2018-06-11T11:13:34-05:00,poetry/config.py,92,2,0,0
poetry,0abdaf5588c8e19fa5043ae43c2e8768fd6f3314,2018-06-11T11:13:34-05:00,poetry/semver/version_union.py,238,5,0,11
poetry,0abdaf5588c8e19fa5043ae43c2e8768fd6f3314,2018-06-11T11:13:34-05:00,tests/mixology/version_solver/test_backtracking.py,52,0,0,98
poetry,0abdaf5588c8e19fa5043ae43c2e8768fd6f3314,2018-06-11T11:13:34-05:00,poetry/masonry/utils/module.py,58,0,0,80
poetry,0abdaf5588c8e19fa5043ae43c2e8768fd6f3314,2018-06-11T11:13:34-05:00,poetry/console/commands/add.py,151,8,0,0
poetry,0abdaf5588c8e19fa5043ae43c2e8768fd6f3314,2018-06-11T11:13:34-05:00,tests/masonry/builders/fixtures/with-include/my_module.py,0,0,0,0
poetry,0abdaf5588c8e19fa5043ae43c2e8768fd6f3314,2018-06-11T11:13:34-05:00,poetry/repositories/pypi_repository.py,492,17,1,0
poetry,0abdaf5588c8e19fa5043ae43c2e8768fd6f3314,2018-06-11T11:13:34-05:00,poetry/masonry/utils/package_include.py,0,0,0,61
poetry,0abdaf5588c8e19fa5043ae43c2e8768fd6f3314,2018-06-11T11:13:34-05:00,poetry/packages/package.py,325,2,0,12
poetry,0abdaf5588c8e19fa5043ae43c2e8768fd6f3314,2018-06-11T11:13:34-05:00,tests/installation/test_installer.py,742,0,0,67
poetry,0abdaf5588c8e19fa5043ae43c2e8768fd6f3314,2018-06-11T11:13:34-05:00,poetry/repositories/legacy_repository.py,337,10,0,0
poetry,0abdaf5588c8e19fa5043ae43c2e8768fd6f3314,2018-06-11T11:13:34-05:00,poetry/utils/helpers.py,79,2,0,0
poetry,0abdaf5588c8e19fa5043ae43c2e8768fd6f3314,2018-06-11T11:13:34-05:00,poetry/puzzle/provider.py,440,0,0,2
poetry,0abdaf5588c8e19fa5043ae43c2e8768fd6f3314,2018-06-11T11:13:34-05:00,poetry/mixology/incompatibility.py,436,2,0,16
poetry,90456881a3a51c55e527d86e5c24537dc593d4c1,2018-06-28T00:48:16-05:00,tests/console/commands/test_init.py,111,0,0,51
poetry,90456881a3a51c55e527d86e5c24537dc593d4c1,2018-06-28T00:48:16-05:00,poetry/console/commands/lock.py,33,2,0,0
poetry,90456881a3a51c55e527d86e5c24537dc593d4c1,2018-06-28T00:48:16-05:00,poetry/puzzle/operations/update.py,41,2,0,0
poetry,90456881a3a51c55e527d86e5c24537dc593d4c1,2018-06-28T00:48:16-05:00,poetry/console/commands/debug/info.py,57,2,0,0
poetry,90456881a3a51c55e527d86e5c24537dc593d4c1,2018-06-28T00:48:16-05:00,poetry/console/commands/update.py,39,1,0,0
poetry,90456881a3a51c55e527d86e5c24537dc593d4c1,2018-06-28T00:48:16-05:00,poetry/mixology/failure.py,261,2,0,0
poetry,90456881a3a51c55e527d86e5c24537dc593d4c1,2018-06-28T00:48:16-05:00,tests/test_poetry.py,110,0,0,10
poetry,90456881a3a51c55e527d86e5c24537dc593d4c1,2018-06-28T00:48:16-05:00,poetry/semver/version_range.py,429,2,0,0
poetry,90456881a3a51c55e527d86e5c24537dc593d4c1,2018-06-28T00:48:16-05:00,poetry/toml/peekableit.py,30,1,0,0
poetry,90456881a3a51c55e527d86e5c24537dc593d4c1,2018-06-28T00:48:16-05:00,poetry/poetry.py,191,0,0,25
poetry,90456881a3a51c55e527d86e5c24537dc593d4c1,2018-06-28T00:48:16-05:00,poetry/console/commands/remove.py,87,6,0,0
poetry,90456881a3a51c55e527d86e5c24537dc593d4c1,2018-06-28T00:48:16-05:00,poetry/console/commands/command.py,90,2,0,0
poetry,90456881a3a51c55e527d86e5c24537dc593d4c1,2018-06-28T00:48:16-05:00,poetry/packages/directory_dependency.py,151,1,0,0
poetry,90456881a3a51c55e527d86e5c24537dc593d4c1,2018-06-28T00:48:16-05:00,poetry/console/commands/run.py,68,5,0,0
poetry,90456881a3a51c55e527d86e5c24537dc593d4c1,2018-06-28T00:48:16-05:00,poetry/toml/prettify/util.py,139,1,0,0
poetry,90456881a3a51c55e527d86e5c24537dc593d4c1,2018-06-28T00:48:16-05:00,poetry/version/version.py,229,2,0,0
poetry,90456881a3a51c55e527d86e5c24537dc593d4c1,2018-06-28T00:48:16-05:00,tests/json/test_poetry_schema.py,0,0,0,21
poetry,90456881a3a51c55e527d86e5c24537dc593d4c1,2018-06-28T00:48:16-05:00,tests/console/commands/test_config.py,0,0,0,15
poetry,90456881a3a51c55e527d86e5c24537dc593d4c1,2018-06-28T00:48:16-05:00,poetry/packages/locker.py,201,0,0,24
poetry,90456881a3a51c55e527d86e5c24537dc593d4c1,2018-06-28T00:48:16-05:00,poetry/mixology/term.py,167,4,0,0
poetry,90456881a3a51c55e527d86e5c24537dc593d4c1,2018-06-28T00:48:16-05:00,poetry/toml/prettify/elements/array.py,148,2,0,0
poetry,90456881a3a51c55e527d86e5c24537dc593d4c1,2018-06-28T00:48:16-05:00,poetry/repositories/repository.py,107,1,0,0
poetry,90456881a3a51c55e527d86e5c24537dc593d4c1,2018-06-28T00:48:16-05:00,poetry/toml/prettify/elements/inlinetable.py,90,2,0,0
poetry,90456881a3a51c55e527d86e5c24537dc593d4c1,2018-06-28T00:48:16-05:00,poetry/masonry/publishing/publisher.py,94,0,0,13
poetry,90456881a3a51c55e527d86e5c24537dc593d4c1,2018-06-28T00:48:16-05:00,poetry/json/__init__.py,0,0,0,30
poetry,90456881a3a51c55e527d86e5c24537dc593d4c1,2018-06-28T00:48:16-05:00,poetry/toml/prettify/parser/parser.py,451,5,0,0
poetry,90456881a3a51c55e527d86e5c24537dc593d4c1,2018-06-28T00:48:16-05:00,poetry/vcs/git.py,101,6,0,7
poetry,90456881a3a51c55e527d86e5c24537dc593d4c1,2018-06-28T00:48:16-05:00,poetry/console/commands/init.py,307,4,0,7
poetry,90456881a3a51c55e527d86e5c24537dc593d4c1,2018-06-28T00:48:16-05:00,poetry/console/commands/config.py,229,0,0,8
poetry,90456881a3a51c55e527d86e5c24537dc593d4c1,2018-06-28T00:48:16-05:00,poetry/utils/toml_file.py,36,0,0,11
poetry,90456881a3a51c55e527d86e5c24537dc593d4c1,2018-06-28T00:48:16-05:00,poetry/packages/dependency.py,303,1,0,0
poetry,90456881a3a51c55e527d86e5c24537dc593d4c1,2018-06-28T00:48:16-05:00,poetry/packages/file_dependency.py,75,1,0,0
poetry,90456881a3a51c55e527d86e5c24537dc593d4c1,2018-06-28T00:48:16-05:00,poetry/console/commands/install.py,50,2,0,0
poetry,90456881a3a51c55e527d86e5c24537dc593d4c1,2018-06-28T00:48:16-05:00,poetry/utils/_compat.py,76,2,0,0
poetry,90456881a3a51c55e527d86e5c24537dc593d4c1,2018-06-28T00:48:16-05:00,poetry/console/commands/debug/resolve.py,117,6,0,0
poetry,90456881a3a51c55e527d86e5c24537dc593d4c1,2018-06-28T00:48:16-05:00,tests/json/__init__.py,0,0,0,0
poetry,90456881a3a51c55e527d86e5c24537dc593d4c1,2018-06-28T00:48:16-05:00,poetry/masonry/builders/builder.py,169,1,0,3
poetry,90456881a3a51c55e527d86e5c24537dc593d4c1,2018-06-28T00:48:16-05:00,poetry/layouts/layout.py,137,0,0,5
poetry,90456881a3a51c55e527d86e5c24537dc593d4c1,2018-06-28T00:48:16-05:00,poetry/installation/installer.py,514,10,0,0
poetry,90456881a3a51c55e527d86e5c24537dc593d4c1,2018-06-28T00:48:16-05:00,poetry/console/commands/self/update.py,186,2,0,0
poetry,90456881a3a51c55e527d86e5c24537dc593d4c1,2018-06-28T00:48:16-05:00,tests/packages/test_locker.py,0,0,0,66
poetry,90456881a3a51c55e527d86e5c24537dc593d4c1,2018-06-28T00:48:16-05:00,poetry/vcs/__init__.py,11,0,0,13
poetry,90456881a3a51c55e527d86e5c24537dc593d4c1,2018-06-28T00:48:16-05:00,tests/masonry/builders/test_sdist.py,252,0,0,23
poetry,90456881a3a51c55e527d86e5c24537dc593d4c1,2018-06-28T00:48:16-05:00,poetry/toml/prettify/elements/traversal/__init__.py,194,2,0,0
poetry,90456881a3a51c55e527d86e5c24537dc593d4c1,2018-06-28T00:48:16-05:00,poetry/__version__.py,1,0,0,6
poetry,90456881a3a51c55e527d86e5c24537dc593d4c1,2018-06-28T00:48:16-05:00,poetry/console/commands/script.py,70,5,0,0
poetry,90456881a3a51c55e527d86e5c24537dc593d4c1,2018-06-28T00:48:16-05:00,get-poetry.py,344,4,0,0
poetry,90456881a3a51c55e527d86e5c24537dc593d4c1,2018-06-28T00:48:16-05:00,poetry/config.py,92,2,0,0
poetry,90456881a3a51c55e527d86e5c24537dc593d4c1,2018-06-28T00:48:16-05:00,poetry/semver/version_union.py,238,5,0,0
poetry,90456881a3a51c55e527d86e5c24537dc593d4c1,2018-06-28T00:48:16-05:00,poetry/console/commands/add.py,151,8,0,0
poetry,90456881a3a51c55e527d86e5c24537dc593d4c1,2018-06-28T00:48:16-05:00,poetry/repositories/pypi_repository.py,492,17,1,19
poetry,90456881a3a51c55e527d86e5c24537dc593d4c1,2018-06-28T00:48:16-05:00,poetry/packages/package.py,325,2,0,0
poetry,90456881a3a51c55e527d86e5c24537dc593d4c1,2018-06-28T00:48:16-05:00,tests/installation/test_installer.py,742,0,0,9
poetry,90456881a3a51c55e527d86e5c24537dc593d4c1,2018-06-28T00:48:16-05:00,poetry/repositories/legacy_repository.py,337,10,0,0
poetry,90456881a3a51c55e527d86e5c24537dc593d4c1,2018-06-28T00:48:16-05:00,poetry/utils/helpers.py,79,2,0,0
poetry,90456881a3a51c55e527d86e5c24537dc593d4c1,2018-06-28T00:48:16-05:00,poetry/puzzle/provider.py,440,0,0,6
poetry,90456881a3a51c55e527d86e5c24537dc593d4c1,2018-06-28T00:48:16-05:00,poetry/mixology/incompatibility.py,436,2,0,0
poetry,c8a6d331a89e3df02e67b18a0ca5e803f63473d0,2018-07-27T11:02:41-05:00,tests/toml/pretty/test_prettifier.py,0,0,0,0
poetry,c8a6d331a89e3df02e67b18a0ca5e803f63473d0,2018-07-27T11:02:41-05:00,poetry/toml/prettify/parser/recdesc.py,120,0,0,120
poetry,c8a6d331a89e3df02e67b18a0ca5e803f63473d0,2018-07-27T11:02:41-05:00,poetry/toml/prettify/parser/errors.py,18,0,0,18
poetry,c8a6d331a89e3df02e67b18a0ca5e803f63473d0,2018-07-27T11:02:41-05:00,poetry/toml/__init__.py,53,0,0,53
poetry,c8a6d331a89e3df02e67b18a0ca5e803f63473d0,2018-07-27T11:02:41-05:00,poetry/toml/peekableit.py,30,1,0,30
poetry,c8a6d331a89e3df02e67b18a0ca5e803f63473d0,2018-07-27T11:02:41-05:00,poetry/console/commands/remove.py,87,6,0,0
poetry,c8a6d331a89e3df02e67b18a0ca5e803f63473d0,2018-07-27T11:02:41-05:00,poetry/console/commands/command.py,90,2,0,7
poetry,c8a6d331a89e3df02e67b18a0ca5e803f63473d0,2018-07-27T11:02:41-05:00,poetry/console/commands/run.py,68,5,0,0
poetry,c8a6d331a89e3df02e67b18a0ca5e803f63473d0,2018-07-27T11:02:41-05:00,poetry/toml/prettify/util.py,139,1,0,139
poetry,c8a6d331a89e3df02e67b18a0ca5e803f63473d0,2018-07-27T11:02:41-05:00,tests/version/test_helpers.py,10,0,0,14
poetry,c8a6d331a89e3df02e67b18a0ca5e803f63473d0,2018-07-27T11:02:41-05:00,poetry/version/helpers.py,42,0,0,11
poetry,c8a6d331a89e3df02e67b18a0ca5e803f63473d0,2018-07-27T11:02:41-05:00,poetry/mixology/version_solver.py,449,0,0,12
poetry,c8a6d331a89e3df02e67b18a0ca5e803f63473d0,2018-07-27T11:02:41-05:00,poetry/mixology/term.py,167,4,0,0
poetry,c8a6d331a89e3df02e67b18a0ca5e803f63473d0,2018-07-27T11:02:41-05:00,poetry/toml/prettify/elements/array.py,148,2,0,148
poetry,c8a6d331a89e3df02e67b18a0ca5e803f63473d0,2018-07-27T11:02:41-05:00,poetry/json/__init__.py,30,0,0,30
poetry,c8a6d331a89e3df02e67b18a0ca5e803f63473d0,2018-07-27T11:02:41-05:00,poetry/console/commands/config.py,293,0,0,51
poetry,c8a6d331a89e3df02e67b18a0ca5e803f63473d0,2018-07-27T11:02:41-05:00,poetry/toml/prettify/parser/parser.py,451,5,0,451
poetry,c8a6d331a89e3df02e67b18a0ca5e803f63473d0,2018-07-27T11:02:41-05:00,poetry/packages/dependency.py,310,1,0,0
poetry,c8a6d331a89e3df02e67b18a0ca5e803f63473d0,2018-07-27T11:02:41-05:00,poetry/packages/file_dependency.py,75,1,0,0
poetry,c8a6d331a89e3df02e67b18a0ca5e803f63473d0,2018-07-27T11:02:41-05:00,tests/toml/test_named_dict.py,18,0,0,18
poetry,c8a6d331a89e3df02e67b18a0ca5e803f63473d0,2018-07-27T11:02:41-05:00,poetry/toml/prettify/tokens/py2toml.py,151,0,0,151
poetry,c8a6d331a89e3df02e67b18a0ca5e803f63473d0,2018-07-27T11:02:41-05:00,poetry/toml/prettify/elements/__init__.py,13,0,0,13
poetry,c8a6d331a89e3df02e67b18a0ca5e803f63473d0,2018-07-27T11:02:41-05:00,poetry/console/commands/debug/resolve.py,120,6,0,0
poetry,c8a6d331a89e3df02e67b18a0ca5e803f63473d0,2018-07-27T11:02:41-05:00,poetry/semver/patterns.py,19,0,0,4
poetry,c8a6d331a89e3df02e67b18a0ca5e803f63473d0,2018-07-27T11:02:41-05:00,poetry/toml/toml_file.py,322,0,0,322
poetry,c8a6d331a89e3df02e67b18a0ca5e803f63473d0,2018-07-27T11:02:41-05:00,poetry/semver/version.py,429,0,0,37
poetry,c8a6d331a89e3df02e67b18a0ca5e803f63473d0,2018-07-27T11:02:41-05:00,tests/packages/test_locker.py,66,0,0,2
poetry,c8a6d331a89e3df02e67b18a0ca5e803f63473d0,2018-07-27T11:02:41-05:00,poetry/toml/prettify/parser/tokenstream.py,38,0,0,38
poetry,c8a6d331a89e3df02e67b18a0ca5e803f63473d0,2018-07-27T11:02:41-05:00,poetry/toml/prettify/__init__.py,25,0,0,25
poetry,c8a6d331a89e3df02e67b18a0ca5e803f63473d0,2018-07-27T11:02:41-05:00,poetry/toml/prettify/elements/factory.py,184,0,0,184
poetry,c8a6d331a89e3df02e67b18a0ca5e803f63473d0,2018-07-27T11:02:41-05:00,tests/console/commands/test_init.py,156,0,0,41
poetry,c8a6d331a89e3df02e67b18a0ca5e803f63473d0,2018-07-27T11:02:41-05:00,poetry/console/commands/debug/info.py,57,2,0,0
poetry,c8a6d331a89e3df02e67b18a0ca5e803f63473d0,2018-07-27T11:02:41-05:00,poetry/toml/prettify/elements/traversal/predicates.py,64,0,0,64
poetry,c8a6d331a89e3df02e67b18a0ca5e803f63473d0,2018-07-27T11:02:41-05:00,poetry/toml/prettify/elements/errors.py,11,0,0,11
poetry,c8a6d331a89e3df02e67b18a0ca5e803f63473d0,2018-07-27T11:02:41-05:00,poetry/packages/directory_dependency.py,151,1,0,2
poetry,c8a6d331a89e3df02e67b18a0ca5e803f63473d0,2018-07-27T11:02:41-05:00,tests/toml/test_toml.py,294,0,0,294
poetry,c8a6d331a89e3df02e67b18a0ca5e803f63473d0,2018-07-27T11:02:41-05:00,poetry/version/version.py,229,2,0,0
poetry,c8a6d331a89e3df02e67b18a0ca5e803f63473d0,2018-07-27T11:02:41-05:00,poetry/toml/prettify/tokens/__init__.py,146,0,0,146
poetry,c8a6d331a89e3df02e67b18a0ca5e803f63473d0,2018-07-27T11:02:41-05:00,tests/json/test_poetry_schema.py,21,0,0,21
poetry,c8a6d331a89e3df02e67b18a0ca5e803f63473d0,2018-07-27T11:02:41-05:00,poetry/toml/prettify/parser/__init__.py,32,0,0,32
poetry,c8a6d331a89e3df02e67b18a0ca5e803f63473d0,2018-07-27T11:02:41-05:00,poetry/installation/pip_installer.py,116,0,0,17
poetry,c8a6d331a89e3df02e67b18a0ca5e803f63473d0,2018-07-27T11:02:41-05:00,poetry/toml/prettify/elements/metadata.py,92,0,0,92
poetry,c8a6d331a89e3df02e67b18a0ca5e803f63473d0,2018-07-27T11:02:41-05:00,poetry/toml/prettify/elements/inlinetable.py,90,2,0,90
poetry,c8a6d331a89e3df02e67b18a0ca5e803f63473d0,2018-07-27T11:02:41-05:00,poetry/console/commands/init.py,315,4,0,5
poetry,c8a6d331a89e3df02e67b18a0ca5e803f63473d0,2018-07-27T11:02:41-05:00,tests/masonry/builders/fixtures/simple_version/simple_version.py,0,0,0,3
poetry,c8a6d331a89e3df02e67b18a0ca5e803f63473d0,2018-07-27T11:02:41-05:00,poetry/toml/prettify/lexer/__init__.py,142,0,0,142
poetry,c8a6d331a89e3df02e67b18a0ca5e803f63473d0,2018-07-27T11:02:41-05:00,poetry/toml/prettify/elements/common.py,103,0,0,103
poetry,c8a6d331a89e3df02e67b18a0ca5e803f63473d0,2018-07-27T11:02:41-05:00,poetry/masonry/builders/builder.py,173,3,0,0
poetry,c8a6d331a89e3df02e67b18a0ca5e803f63473d0,2018-07-27T11:02:41-05:00,poetry/toml/prettify/elements/abstracttable.py,86,0,0,86
poetry,c8a6d331a89e3df02e67b18a0ca5e803f63473d0,2018-07-27T11:02:41-05:00,tests/toml/pretty/__init__.py,0,0,0,0
poetry,c8a6d331a89e3df02e67b18a0ca5e803f63473d0,2018-07-27T11:02:41-05:00,poetry/console/commands/self/update.py,186,2,0,240
poetry,c8a6d331a89e3df02e67b18a0ca5e803f63473d0,2018-07-27T11:02:41-05:00,poetry/toml/prettify/_version.py,1,0,0,1
poetry,c8a6d331a89e3df02e67b18a0ca5e803f63473d0,2018-07-27T11:02:41-05:00,poetry/toml/prettify/parser/elementsanitizer.py,71,0,0,71
poetry,c8a6d331a89e3df02e67b18a0ca5e803f63473d0,2018-07-27T11:02:41-05:00,poetry/__version__.py,1,0,0,6
poetry,c8a6d331a89e3df02e67b18a0ca5e803f63473d0,2018-07-27T11:02:41-05:00,poetry/config.py,92,2,0,16
poetry,c8a6d331a89e3df02e67b18a0ca5e803f63473d0,2018-07-27T11:02:41-05:00,poetry/console/commands/add.py,151,8,0,9
poetry,c8a6d331a89e3df02e67b18a0ca5e803f63473d0,2018-07-27T11:02:41-05:00,poetry/console/commands/lock.py,33,2,0,0
poetry,c8a6d331a89e3df02e67b18a0ca5e803f63473d0,2018-07-27T11:02:41-05:00,poetry/console/commands/update.py,39,1,0,0
poetry,c8a6d331a89e3df02e67b18a0ca5e803f63473d0,2018-07-27T11:02:41-05:00,tests/test_poetry.py,127,0,0,15
poetry,c8a6d331a89e3df02e67b18a0ca5e803f63473d0,2018-07-27T11:02:41-05:00,tests/toml/__init__.py,0,0,0,0
poetry,c8a6d331a89e3df02e67b18a0ca5e803f63473d0,2018-07-27T11:02:41-05:00,poetry/semver/version_range.py,429,2,0,0
poetry,c8a6d331a89e3df02e67b18a0ca5e803f63473d0,2018-07-27T11:02:41-05:00,poetry/toml/prettify/elements/table.py,142,0,0,142
poetry,c8a6d331a89e3df02e67b18a0ca5e803f63473d0,2018-07-27T11:02:41-05:00,tests/console/conftest.py,160,0,0,6
poetry,c8a6d331a89e3df02e67b18a0ca5e803f63473d0,2018-07-27T11:02:41-05:00,poetry/toml/raw.py,16,0,0,16
poetry,c8a6d331a89e3df02e67b18a0ca5e803f63473d0,2018-07-27T11:02:41-05:00,tests/console/commands/test_config.py,66,0,0,15
poetry,c8a6d331a89e3df02e67b18a0ca5e803f63473d0,2018-07-27T11:02:41-05:00,poetry/packages/locker.py,240,0,0,45
poetry,c8a6d331a89e3df02e67b18a0ca5e803f63473d0,2018-07-27T11:02:41-05:00,poetry/masonry/publishing/publisher.py,91,0,0,19
poetry,c8a6d331a89e3df02e67b18a0ca5e803f63473d0,2018-07-27T11:02:41-05:00,tests/semver/test_main.py,175,0,0,29
poetry,c8a6d331a89e3df02e67b18a0ca5e803f63473d0,2018-07-27T11:02:41-05:00,poetry/repositories/repository.py,107,1,0,0
poetry,c8a6d331a89e3df02e67b18a0ca5e803f63473d0,2018-07-27T11:02:41-05:00,poetry/vcs/git.py,102,6,0,0
poetry,c8a6d331a89e3df02e67b18a0ca5e803f63473d0,2018-07-27T11:02:41-05:00,poetry/utils/toml_file.py,41,0,0,42
poetry,c8a6d331a89e3df02e67b18a0ca5e803f63473d0,2018-07-27T11:02:41-05:00,poetry/console/commands/install.py,50,2,0,4
poetry,c8a6d331a89e3df02e67b18a0ca5e803f63473d0,2018-07-27T11:02:41-05:00,tests/masonry/builders/test_wheel.py,89,0,0,39
poetry,c8a6d331a89e3df02e67b18a0ca5e803f63473d0,2018-07-27T11:02:41-05:00,tests/json/__init__.py,0,0,0,0
poetry,c8a6d331a89e3df02e67b18a0ca5e803f63473d0,2018-07-27T11:02:41-05:00,poetry/toml/prettify/tokens/toml2py.py,146,0,0,146
poetry,c8a6d331a89e3df02e67b18a0ca5e803f63473d0,2018-07-27T11:02:41-05:00,poetry/toml/prettify/errors.py,30,0,0,30
poetry,c8a6d331a89e3df02e67b18a0ca5e803f63473d0,2018-07-27T11:02:41-05:00,poetry/layouts/layout.py,140,0,0,5
poetry,c8a6d331a89e3df02e67b18a0ca5e803f63473d0,2018-07-27T11:02:41-05:00,poetry/toml/prettify/elements/atomic.py,56,0,0,56
poetry,c8a6d331a89e3df02e67b18a0ca5e803f63473d0,2018-07-27T11:02:41-05:00,poetry/console/styles/poetry.py,31,0,0,1
poetry,c8a6d331a89e3df02e67b18a0ca5e803f63473d0,2018-07-27T11:02:41-05:00,poetry/masonry/builders/wheel.py,330,2,0,0
poetry,c8a6d331a89e3df02e67b18a0ca5e803f63473d0,2018-07-27T11:02:41-05:00,tests/masonry/builders/test_sdist.py,397,0,0,11
poetry,c8a6d331a89e3df02e67b18a0ca5e803f63473d0,2018-07-27T11:02:41-05:00,poetry/toml/prettify/elements/traversal/__init__.py,194,2,0,194
poetry,c8a6d331a89e3df02e67b18a0ca5e803f63473d0,2018-07-27T11:02:41-05:00,poetry/semver/version_union.py,249,5,0,0
poetry,c8a6d331a89e3df02e67b18a0ca5e803f63473d0,2018-07-27T11:02:41-05:00,poetry/packages/package.py,343,2,0,0
poetry,c8a6d331a89e3df02e67b18a0ca5e803f63473d0,2018-07-27T11:02:41-05:00,tests/installation/test_installer.py,1126,0,0,2
poetry,c8a6d331a89e3df02e67b18a0ca5e803f63473d0,2018-07-27T11:02:41-05:00,poetry/repositories/legacy_repository.py,342,3,0,19
poetry,c8a6d331a89e3df02e67b18a0ca5e803f63473d0,2018-07-27T11:02:41-05:00,poetry/utils/helpers.py,79,2,0,9
poetry,c8a6d331a89e3df02e67b18a0ca5e803f63473d0,2018-07-27T11:02:41-05:00,poetry/puzzle/provider.py,496,0,0,131
poetry,c8a6d331a89e3df02e67b18a0ca5e803f63473d0,2018-07-27T11:02:41-05:00,poetry/puzzle/operations/update.py,41,2,0,0
poetry,c8a6d331a89e3df02e67b18a0ca5e803f63473d0,2018-07-27T11:02:41-05:00,poetry/mixology/failure.py,274,2,0,0
poetry,c8a6d331a89e3df02e67b18a0ca5e803f63473d0,2018-07-27T11:02:41-05:00,poetry/utils/venv.py,346,0,0,2
poetry,c8a6d331a89e3df02e67b18a0ca5e803f63473d0,2018-07-27T11:02:41-05:00,poetry/poetry.py,181,0,0,23
poetry,c8a6d331a89e3df02e67b18a0ca5e803f63473d0,2018-07-27T11:02:41-05:00,tests/repositories/test_pypi_repository.py,62,0,0,53
poetry,c8a6d331a89e3df02e67b18a0ca5e803f63473d0,2018-07-27T11:02:41-05:00,poetry/toml/prettify/elements/tableheader.py,129,0,0,129
poetry,c8a6d331a89e3df02e67b18a0ca5e803f63473d0,2018-07-27T11:02:41-05:00,tests/console/commands/test_add.py,384,0,0,49
poetry,c8a6d331a89e3df02e67b18a0ca5e803f63473d0,2018-07-27T11:02:41-05:00,poetry/toml/freshtable.py,45,0,0,45
poetry,c8a6d331a89e3df02e67b18a0ca5e803f63473d0,2018-07-27T11:02:41-05:00,tests/semver/test_version.py,158,0,0,20
poetry,c8a6d331a89e3df02e67b18a0ca5e803f63473d0,2018-07-27T11:02:41-05:00,poetry/toml/structurer.py,126,0,0,126
poetry,c8a6d331a89e3df02e67b18a0ca5e803f63473d0,2018-07-27T11:02:41-05:00,poetry/masonry/utils/include.py,40,0,0,6
poetry,c8a6d331a89e3df02e67b18a0ca5e803f63473d0,2018-07-27T11:02:41-05:00,poetry/utils/_compat.py,76,2,0,0
poetry,c8a6d331a89e3df02e67b18a0ca5e803f63473d0,2018-07-27T11:02:41-05:00,poetry/toml/array.py,40,0,0,40
poetry,c8a6d331a89e3df02e67b18a0ca5e803f63473d0,2018-07-27T11:02:41-05:00,poetry/toml/prettify/tokens/errors.py,13,0,0,13
poetry,c8a6d331a89e3df02e67b18a0ca5e803f63473d0,2018-07-27T11:02:41-05:00,poetry/installation/installer.py,541,10,0,0
poetry,c8a6d331a89e3df02e67b18a0ca5e803f63473d0,2018-07-27T11:02:41-05:00,tests/utils/test_toml_file.py,58,0,0,2
poetry,c8a6d331a89e3df02e67b18a0ca5e803f63473d0,2018-07-27T11:02:41-05:00,tests/repositories/test_legacy_repository.py,45,0,0,13
poetry,c8a6d331a89e3df02e67b18a0ca5e803f63473d0,2018-07-27T11:02:41-05:00,poetry/toml/toplevels.py,141,0,0,141
poetry,c8a6d331a89e3df02e67b18a0ca5e803f63473d0,2018-07-27T11:02:41-05:00,poetry/console/commands/script.py,70,5,0,3
poetry,c8a6d331a89e3df02e67b18a0ca5e803f63473d0,2018-07-27T11:02:41-05:00,get-poetry.py,344,4,0,0
poetry,c8a6d331a89e3df02e67b18a0ca5e803f63473d0,2018-07-27T11:02:41-05:00,poetry/toml/cascadedict.py,75,0,0,75
poetry,c8a6d331a89e3df02e67b18a0ca5e803f63473d0,2018-07-27T11:02:41-05:00,poetry/repositories/pypi_repository.py,502,10,1,60
poetry,c8a6d331a89e3df02e67b18a0ca5e803f63473d0,2018-07-27T11:02:41-05:00,poetry/mixology/incompatibility.py,452,2,0,0
poetry,5c6e91b91cd2152f1c77cb52caa9f7ddf4aa2c05,2018-09-13T14:21:15-05:00,poetry/console/commands/lock.py,33,2,0,0
poetry,5c6e91b91cd2152f1c77cb52caa9f7ddf4aa2c05,2018-09-13T14:21:15-05:00,poetry/puzzle/operations/update.py,41,2,0,0
poetry,5c6e91b91cd2152f1c77cb52caa9f7ddf4aa2c05,2018-09-13T14:21:15-05:00,poetry/console/commands/debug/info.py,60,2,0,0
poetry,5c6e91b91cd2152f1c77cb52caa9f7ddf4aa2c05,2018-09-13T14:21:15-05:00,poetry/console/commands/update.py,39,1,0,0
poetry,5c6e91b91cd2152f1c77cb52caa9f7ddf4aa2c05,2018-09-13T14:21:15-05:00,poetry/mixology/failure.py,274,2,0,0
poetry,5c6e91b91cd2152f1c77cb52caa9f7ddf4aa2c05,2018-09-13T14:21:15-05:00,poetry/packages/dependency_package.py,0,0,0,33
poetry,5c6e91b91cd2152f1c77cb52caa9f7ddf4aa2c05,2018-09-13T14:21:15-05:00,tests/puzzle/test_solver.py,964,0,0,18
poetry,5c6e91b91cd2152f1c77cb52caa9f7ddf4aa2c05,2018-09-13T14:21:15-05:00,poetry/semver/version_range.py,429,2,0,0
poetry,5c6e91b91cd2152f1c77cb52caa9f7ddf4aa2c05,2018-09-13T14:21:15-05:00,poetry/poetry.py,193,2,0,0
poetry,5c6e91b91cd2152f1c77cb52caa9f7ddf4aa2c05,2018-09-13T14:21:15-05:00,poetry/console/commands/remove.py,87,6,0,0
poetry,5c6e91b91cd2152f1c77cb52caa9f7ddf4aa2c05,2018-09-13T14:21:15-05:00,poetry/console/commands/command.py,95,2,0,0
poetry,5c6e91b91cd2152f1c77cb52caa9f7ddf4aa2c05,2018-09-13T14:21:15-05:00,poetry/packages/directory_dependency.py,152,1,0,19
poetry,5c6e91b91cd2152f1c77cb52caa9f7ddf4aa2c05,2018-09-13T14:21:15-05:00,poetry/console/commands/run.py,66,5,0,0
poetry,5c6e91b91cd2152f1c77cb52caa9f7ddf4aa2c05,2018-09-13T14:21:15-05:00,poetry/version/version.py,229,2,0,0
poetry,5c6e91b91cd2152f1c77cb52caa9f7ddf4aa2c05,2018-09-13T14:21:15-05:00,poetry/masonry/api.py,48,0,0,27
poetry,5c6e91b91cd2152f1c77cb52caa9f7ddf4aa2c05,2018-09-13T14:21:15-05:00,poetry/puzzle/solver.py,323,0,0,9
poetry,5c6e91b91cd2152f1c77cb52caa9f7ddf4aa2c05,2018-09-13T14:21:15-05:00,tests/masonry/test_api.py,0,0,0,55
poetry,5c6e91b91cd2152f1c77cb52caa9f7ddf4aa2c05,2018-09-13T14:21:15-05:00,tests/console/commands/test_add.py,419,0,0,4
poetry,5c6e91b91cd2152f1c77cb52caa9f7ddf4aa2c05,2018-09-13T14:21:15-05:00,poetry/installation/pip_installer.py,131,0,0,79
poetry,5c6e91b91cd2152f1c77cb52caa9f7ddf4aa2c05,2018-09-13T14:21:15-05:00,poetry/mixology/term.py,167,4,0,0
poetry,5c6e91b91cd2152f1c77cb52caa9f7ddf4aa2c05,2018-09-13T14:21:15-05:00,poetry/repositories/repository.py,107,1,0,0
poetry,5c6e91b91cd2152f1c77cb52caa9f7ddf4aa2c05,2018-09-13T14:21:15-05:00,poetry/packages/package_collection.py,0,0,0,20
poetry,5c6e91b91cd2152f1c77cb52caa9f7ddf4aa2c05,2018-09-13T14:21:15-05:00,poetry/vcs/git.py,102,6,0,0
poetry,5c6e91b91cd2152f1c77cb52caa9f7ddf4aa2c05,2018-09-13T14:21:15-05:00,poetry/console/commands/init.py,315,1,0,0
poetry,5c6e91b91cd2152f1c77cb52caa9f7ddf4aa2c05,2018-09-13T14:21:15-05:00,poetry/packages/dependency.py,310,1,0,0
poetry,5c6e91b91cd2152f1c77cb52caa9f7ddf4aa2c05,2018-09-13T14:21:15-05:00,poetry/packages/file_dependency.py,75,1,0,0
poetry,5c6e91b91cd2152f1c77cb52caa9f7ddf4aa2c05,2018-09-13T14:21:15-05:00,poetry/console/commands/install.py,50,2,0,0
poetry,5c6e91b91cd2152f1c77cb52caa9f7ddf4aa2c05,2018-09-13T14:21:15-05:00,tests/mixology/helpers.py,43,0,0,4
poetry,5c6e91b91cd2152f1c77cb52caa9f7ddf4aa2c05,2018-09-13T14:21:15-05:00,poetry/utils/_compat.py,77,2,0,0
poetry,5c6e91b91cd2152f1c77cb52caa9f7ddf4aa2c05,2018-09-13T14:21:15-05:00,poetry/console/commands/debug/resolve.py,144,2,0,0
poetry,5c6e91b91cd2152f1c77cb52caa9f7ddf4aa2c05,2018-09-13T14:21:15-05:00,poetry/utils/appdirs.py,251,1,0,0
poetry,5c6e91b91cd2152f1c77cb52caa9f7ddf4aa2c05,2018-09-13T14:21:15-05:00,poetry/utils/env.py,384,2,0,55
poetry,5c6e91b91cd2152f1c77cb52caa9f7ddf4aa2c05,2018-09-13T14:21:15-05:00,poetry/masonry/builders/builder.py,173,3,0,0
poetry,5c6e91b91cd2152f1c77cb52caa9f7ddf4aa2c05,2018-09-13T14:21:15-05:00,poetry/layouts/layout.py,141,0,0,15
poetry,5c6e91b91cd2152f1c77cb52caa9f7ddf4aa2c05,2018-09-13T14:21:15-05:00,poetry/installation/installer.py,541,10,0,0
poetry,5c6e91b91cd2152f1c77cb52caa9f7ddf4aa2c05,2018-09-13T14:21:15-05:00,poetry/console/commands/self/update.py,228,7,0,10
poetry,5c6e91b91cd2152f1c77cb52caa9f7ddf4aa2c05,2018-09-13T14:21:15-05:00,poetry/masonry/builders/wheel.py,330,2,0,2
poetry,5c6e91b91cd2152f1c77cb52caa9f7ddf4aa2c05,2018-09-13T14:21:15-05:00,poetry/__version__.py,1,0,0,6
poetry,5c6e91b91cd2152f1c77cb52caa9f7ddf4aa2c05,2018-09-13T14:21:15-05:00,poetry/console/commands/script.py,73,5,0,0
poetry,5c6e91b91cd2152f1c77cb52caa9f7ddf4aa2c05,2018-09-13T14:21:15-05:00,get-poetry.py,813,12,0,35
poetry,5c6e91b91cd2152f1c77cb52caa9f7ddf4aa2c05,2018-09-13T14:21:15-05:00,poetry/config.py,88,2,0,0
poetry,5c6e91b91cd2152f1c77cb52caa9f7ddf4aa2c05,2018-09-13T14:21:15-05:00,poetry/semver/version_union.py,249,5,0,0
poetry,5c6e91b91cd2152f1c77cb52caa9f7ddf4aa2c05,2018-09-13T14:21:15-05:00,poetry/console/commands/add.py,156,7,0,0
poetry,5c6e91b91cd2152f1c77cb52caa9f7ddf4aa2c05,2018-09-13T14:21:15-05:00,poetry/packages/__init__.py,156,0,0,2
poetry,5c6e91b91cd2152f1c77cb52caa9f7ddf4aa2c05,2018-09-13T14:21:15-05:00,poetry/repositories/pypi_repository.py,554,16,1,20
poetry,5c6e91b91cd2152f1c77cb52caa9f7ddf4aa2c05,2018-09-13T14:21:15-05:00,poetry/packages/package.py,343,2,0,7
poetry,5c6e91b91cd2152f1c77cb52caa9f7ddf4aa2c05,2018-09-13T14:21:15-05:00,poetry/repositories/legacy_repository.py,355,3,0,0
poetry,5c6e91b91cd2152f1c77cb52caa9f7ddf4aa2c05,2018-09-13T14:21:15-05:00,poetry/utils/helpers.py,88,2,0,0
poetry,5c6e91b91cd2152f1c77cb52caa9f7ddf4aa2c05,2018-09-13T14:21:15-05:00,poetry/puzzle/provider.py,610,4,0,62
poetry,5c6e91b91cd2152f1c77cb52caa9f7ddf4aa2c05,2018-09-13T14:21:15-05:00,poetry/mixology/incompatibility.py,452,2,0,0
poetry,59dd53a93fe52cf30d16d89f238a6fc962ddfdd3,2018-09-19T11:08:29-05:00,poetry/console/commands/lock.py,33,2,0,0
poetry,59dd53a93fe52cf30d16d89f238a6fc962ddfdd3,2018-09-19T11:08:29-05:00,poetry/puzzle/operations/update.py,41,2,0,0
poetry,59dd53a93fe52cf30d16d89f238a6fc962ddfdd3,2018-09-19T11:08:29-05:00,poetry/console/commands/debug/info.py,57,2,0,0
poetry,59dd53a93fe52cf30d16d89f238a6fc962ddfdd3,2018-09-19T11:08:29-05:00,poetry/console/commands/update.py,39,1,0,0
poetry,59dd53a93fe52cf30d16d89f238a6fc962ddfdd3,2018-09-19T11:08:29-05:00,poetry/mixology/failure.py,274,2,0,0
poetry,59dd53a93fe52cf30d16d89f238a6fc962ddfdd3,2018-09-19T11:08:29-05:00,poetry/semver/version_range.py,429,2,0,0
poetry,59dd53a93fe52cf30d16d89f238a6fc962ddfdd3,2018-09-19T11:08:29-05:00,poetry/console/commands/remove.py,87,6,0,0
poetry,59dd53a93fe52cf30d16d89f238a6fc962ddfdd3,2018-09-19T11:08:29-05:00,poetry/console/commands/command.py,95,2,0,0
poetry,59dd53a93fe52cf30d16d89f238a6fc962ddfdd3,2018-09-19T11:08:29-05:00,poetry/packages/directory_dependency.py,152,1,0,19
poetry,59dd53a93fe52cf30d16d89f238a6fc962ddfdd3,2018-09-19T11:08:29-05:00,poetry/console/commands/run.py,68,5,0,0
poetry,59dd53a93fe52cf30d16d89f238a6fc962ddfdd3,2018-09-19T11:08:29-05:00,poetry/version/version.py,229,2,0,0
poetry,59dd53a93fe52cf30d16d89f238a6fc962ddfdd3,2018-09-19T11:08:29-05:00,poetry/masonry/api.py,44,0,0,27
poetry,59dd53a93fe52cf30d16d89f238a6fc962ddfdd3,2018-09-19T11:08:29-05:00,tests/masonry/test_api.py,0,0,0,55
poetry,59dd53a93fe52cf30d16d89f238a6fc962ddfdd3,2018-09-19T11:08:29-05:00,tests/console/commands/test_add.py,419,0,0,4
poetry,59dd53a93fe52cf30d16d89f238a6fc962ddfdd3,2018-09-19T11:08:29-05:00,poetry/installation/pip_installer.py,131,0,0,79
poetry,59dd53a93fe52cf30d16d89f238a6fc962ddfdd3,2018-09-19T11:08:29-05:00,poetry/mixology/term.py,167,4,0,0
poetry,59dd53a93fe52cf30d16d89f238a6fc962ddfdd3,2018-09-19T11:08:29-05:00,poetry/repositories/repository.py,107,1,0,0
poetry,59dd53a93fe52cf30d16d89f238a6fc962ddfdd3,2018-09-19T11:08:29-05:00,poetry/vcs/git.py,102,6,0,0
poetry,59dd53a93fe52cf30d16d89f238a6fc962ddfdd3,2018-09-19T11:08:29-05:00,poetry/console/commands/init.py,315,4,0,0
poetry,59dd53a93fe52cf30d16d89f238a6fc962ddfdd3,2018-09-19T11:08:29-05:00,poetry/packages/dependency.py,310,1,0,0
poetry,59dd53a93fe52cf30d16d89f238a6fc962ddfdd3,2018-09-19T11:08:29-05:00,poetry/packages/file_dependency.py,75,1,0,0
poetry,59dd53a93fe52cf30d16d89f238a6fc962ddfdd3,2018-09-19T11:08:29-05:00,poetry/console/commands/install.py,50,2,0,0
poetry,59dd53a93fe52cf30d16d89f238a6fc962ddfdd3,2018-09-19T11:08:29-05:00,poetry/utils/_compat.py,77,2,0,0
poetry,59dd53a93fe52cf30d16d89f238a6fc962ddfdd3,2018-09-19T11:08:29-05:00,poetry/console/commands/debug/resolve.py,120,6,0,0
poetry,59dd53a93fe52cf30d16d89f238a6fc962ddfdd3,2018-09-19T11:08:29-05:00,poetry/masonry/builders/builder.py,173,3,0,0
poetry,59dd53a93fe52cf30d16d89f238a6fc962ddfdd3,2018-09-19T11:08:29-05:00,poetry/layouts/layout.py,141,0,0,15
poetry,59dd53a93fe52cf30d16d89f238a6fc962ddfdd3,2018-09-19T11:08:29-05:00,poetry/installation/installer.py,541,10,0,0
poetry,59dd53a93fe52cf30d16d89f238a6fc962ddfdd3,2018-09-19T11:08:29-05:00,poetry/console/commands/self/update.py,186,2,0,0
poetry,59dd53a93fe52cf30d16d89f238a6fc962ddfdd3,2018-09-19T11:08:29-05:00,poetry/masonry/builders/wheel.py,330,2,0,2
poetry,59dd53a93fe52cf30d16d89f238a6fc962ddfdd3,2018-09-19T11:08:29-05:00,poetry/console/commands/script.py,73,5,0,0
poetry,59dd53a93fe52cf30d16d89f238a6fc962ddfdd3,2018-09-19T11:08:29-05:00,get-poetry.py,344,4,0,0
poetry,59dd53a93fe52cf30d16d89f238a6fc962ddfdd3,2018-09-19T11:08:29-05:00,poetry/config.py,88,2,0,0
poetry,59dd53a93fe52cf30d16d89f238a6fc962ddfdd3,2018-09-19T11:08:29-05:00,poetry/semver/version_union.py,249,5,0,0
poetry,59dd53a93fe52cf30d16d89f238a6fc962ddfdd3,2018-09-19T11:08:29-05:00,poetry/console/commands/add.py,156,8,0,0
poetry,59dd53a93fe52cf30d16d89f238a6fc962ddfdd3,2018-09-19T11:08:29-05:00,poetry/repositories/pypi_repository.py,521,10,1,0
poetry,59dd53a93fe52cf30d16d89f238a6fc962ddfdd3,2018-09-19T11:08:29-05:00,poetry/packages/package.py,343,2,0,7
poetry,59dd53a93fe52cf30d16d89f238a6fc962ddfdd3,2018-09-19T11:08:29-05:00,poetry/repositories/legacy_repository.py,355,3,0,0
poetry,59dd53a93fe52cf30d16d89f238a6fc962ddfdd3,2018-09-19T11:08:29-05:00,poetry/utils/helpers.py,88,2,0,0
poetry,59dd53a93fe52cf30d16d89f238a6fc962ddfdd3,2018-09-19T11:08:29-05:00,poetry/puzzle/provider.py,604,4,0,0
poetry,59dd53a93fe52cf30d16d89f238a6fc962ddfdd3,2018-09-19T11:08:29-05:00,poetry/mixology/incompatibility.py,452,2,0,0
poetry,cc715ef8c5422d6c2c6787669cca0f28b92fe54a,2018-10-07T19:55:33-05:00,poetry/packages/constraints/generic_constraint.py,0,0,0,12
poetry,cc715ef8c5422d6c2c6787669cca0f28b92fe54a,2018-10-07T19:55:33-05:00,poetry/console/application.py,200,0,0,6
poetry,cc715ef8c5422d6c2c6787669cca0f28b92fe54a,2018-10-07T19:55:33-05:00,poetry/packages/constraints/wildcard_constraint.py,71,0,0,2
poetry,cc715ef8c5422d6c2c6787669cca0f28b92fe54a,2018-10-07T19:55:33-05:00,poetry/console/commands/lock.py,33,2,0,0
poetry,cc715ef8c5422d6c2c6787669cca0f28b92fe54a,2018-10-07T19:55:33-05:00,poetry/console/commands/update.py,39,1,0,2
poetry,cc715ef8c5422d6c2c6787669cca0f28b92fe54a,2018-10-07T19:55:33-05:00,tests/test_poetry.py,148,0,0,32
poetry,cc715ef8c5422d6c2c6787669cca0f28b92fe54a,2018-10-07T19:55:33-05:00,tests/version/test_markers.py,416,0,0,9
poetry,cc715ef8c5422d6c2c6787669cca0f28b92fe54a,2018-10-07T19:55:33-05:00,tests/puzzle/test_solver.py,1106,0,0,119
poetry,cc715ef8c5422d6c2c6787669cca0f28b92fe54a,2018-10-07T19:55:33-05:00,poetry/semver/version_range.py,429,3,0,23
poetry,cc715ef8c5422d6c2c6787669cca0f28b92fe54a,2018-10-07T19:55:33-05:00,poetry/console/commands/remove.py,87,6,0,0
poetry,cc715ef8c5422d6c2c6787669cca0f28b92fe54a,2018-10-07T19:55:33-05:00,poetry/console/commands/command.py,95,2,0,0
poetry,cc715ef8c5422d6c2c6787669cca0f28b92fe54a,2018-10-07T19:55:33-05:00,poetry/semver/__init__.py,145,4,0,37
poetry,cc715ef8c5422d6c2c6787669cca0f28b92fe54a,2018-10-07T19:55:33-05:00,poetry/console/commands/run.py,66,5,0,3
poetry,cc715ef8c5422d6c2c6787669cca0f28b92fe54a,2018-10-07T19:55:33-05:00,tests/utils/test_helpers.py,50,0,0,18
poetry,cc715ef8c5422d6c2c6787669cca0f28b92fe54a,2018-10-07T19:55:33-05:00,tests/console/commands/test_check.py,14,0,0,33
poetry,cc715ef8c5422d6c2c6787669cca0f28b92fe54a,2018-10-07T19:55:33-05:00,tests/console/commands/test_config.py,81,0,0,1
poetry,cc715ef8c5422d6c2c6787669cca0f28b92fe54a,2018-10-07T19:55:33-05:00,poetry/packages/locker.py,248,0,0,4
poetry,cc715ef8c5422d6c2c6787669cca0f28b92fe54a,2018-10-07T19:55:33-05:00,poetry/version/specifiers.py,793,6,0,0
poetry,cc715ef8c5422d6c2c6787669cca0f28b92fe54a,2018-10-07T19:55:33-05:00,poetry/masonry/publishing/uploader.py,290,0,0,12
poetry,cc715ef8c5422d6c2c6787669cca0f28b92fe54a,2018-10-07T19:55:33-05:00,poetry/mixology/term.py,167,4,0,7
poetry,cc715ef8c5422d6c2c6787669cca0f28b92fe54a,2018-10-07T19:55:33-05:00,poetry/masonry/publishing/publisher.py,84,0,0,4
poetry,cc715ef8c5422d6c2c6787669cca0f28b92fe54a,2018-10-07T19:55:33-05:00,poetry/repositories/repository.py,107,1,0,0
poetry,cc715ef8c5422d6c2c6787669cca0f28b92fe54a,2018-10-07T19:55:33-05:00,poetry/json/__init__.py,30,0,0,25
poetry,cc715ef8c5422d6c2c6787669cca0f28b92fe54a,2018-10-07T19:55:33-05:00,poetry/console/commands/config.py,312,0,0,16
poetry,cc715ef8c5422d6c2c6787669cca0f28b92fe54a,2018-10-07T19:55:33-05:00,poetry/vcs/git.py,102,6,0,0
poetry,cc715ef8c5422d6c2c6787669cca0f28b92fe54a,2018-10-07T19:55:33-05:00,tests/packages/utils/__init__.py,0,0,0,0
poetry,cc715ef8c5422d6c2c6787669cca0f28b92fe54a,2018-10-07T19:55:33-05:00,poetry/packages/utils/utils.py,226,1,0,21
poetry,cc715ef8c5422d6c2c6787669cca0f28b92fe54a,2018-10-07T19:55:33-05:00,poetry/utils/toml_file.py,19,0,0,3
poetry,cc715ef8c5422d6c2c6787669cca0f28b92fe54a,2018-10-07T19:55:33-05:00,poetry/packages/dependency.py,304,1,0,22
poetry,cc715ef8c5422d6c2c6787669cca0f28b92fe54a,2018-10-07T19:55:33-05:00,poetry/packages/file_dependency.py,75,1,0,0
poetry,cc715ef8c5422d6c2c6787669cca0f28b92fe54a,2018-10-07T19:55:33-05:00,poetry/console/commands/install.py,50,2,0,60
poetry,cc715ef8c5422d6c2c6787669cca0f28b92fe54a,2018-10-07T19:55:33-05:00,tests/masonry/builders/test_wheel.py,124,0,0,22
poetry,cc715ef8c5422d6c2c6787669cca0f28b92fe54a,2018-10-07T19:55:33-05:00,poetry/packages/constraints/multi_constraint.py,88,5,0,0
poetry,cc715ef8c5422d6c2c6787669cca0f28b92fe54a,2018-10-07T19:55:33-05:00,poetry/console/commands/debug/resolve.py,155,2,0,6
poetry,cc715ef8c5422d6c2c6787669cca0f28b92fe54a,2018-10-07T19:55:33-05:00,poetry/masonry/metadata.py,83,0,0,9
poetry,cc715ef8c5422d6c2c6787669cca0f28b92fe54a,2018-10-07T19:55:33-05:00,tests/semver/test_version_range.py,249,0,0,11
poetry,cc715ef8c5422d6c2c6787669cca0f28b92fe54a,2018-10-07T19:55:33-05:00,tests/fixtures/directory/project_with_transitive_directory_dependencies/project_with_transitive_directory_dependencies/__init__.py,0,0,0,0
poetry,cc715ef8c5422d6c2c6787669cca0f28b92fe54a,2018-10-07T19:55:33-05:00,poetry/semver/patterns.py,21,0,0,24
poetry,cc715ef8c5422d6c2c6787669cca0f28b92fe54a,2018-10-07T19:55:33-05:00,poetry/packages/constraints/__init__.py,56,4,0,0
poetry,cc715ef8c5422d6c2c6787669cca0f28b92fe54a,2018-10-07T19:55:33-05:00,tests/masonry/builders/test_complete.py,214,0,0,5
poetry,cc715ef8c5422d6c2c6787669cca0f28b92fe54a,2018-10-07T19:55:33-05:00,poetry/semver/version.py,450,0,0,15
poetry,cc715ef8c5422d6c2c6787669cca0f28b92fe54a,2018-10-07T19:55:33-05:00,poetry/console/commands/show.py,324,0,0,3
poetry,cc715ef8c5422d6c2c6787669cca0f28b92fe54a,2018-10-07T19:55:33-05:00,poetry/masonry/builders/wheel.py,332,2,0,30
poetry,cc715ef8c5422d6c2c6787669cca0f28b92fe54a,2018-10-07T19:55:33-05:00,tests/masonry/builders/test_sdist.py,441,0,0,81
poetry,cc715ef8c5422d6c2c6787669cca0f28b92fe54a,2018-10-07T19:55:33-05:00,tests/packages/utils/test_utils.py,0,0,0,23
poetry,cc715ef8c5422d6c2c6787669cca0f28b92fe54a,2018-10-07T19:55:33-05:00,poetry/masonry/builders/sdist.py,353,0,0,48
poetry,cc715ef8c5422d6c2c6787669cca0f28b92fe54a,2018-10-07T19:55:33-05:00,poetry/console/commands/develop.py,48,0,0,39
poetry,cc715ef8c5422d6c2c6787669cca0f28b92fe54a,2018-10-07T19:55:33-05:00,tests/console/commands/debug/test_resolve.py,83,0,0,2
poetry,cc715ef8c5422d6c2c6787669cca0f28b92fe54a,2018-10-07T19:55:33-05:00,poetry/semver/version_union.py,252,5,0,0
poetry,cc715ef8c5422d6c2c6787669cca0f28b92fe54a,2018-10-07T19:55:33-05:00,poetry/masonry/utils/module.py,84,0,0,9
poetry,cc715ef8c5422d6c2c6787669cca0f28b92fe54a,2018-10-07T19:55:33-05:00,tests/console/commands/test_show.py,470,0,0,90
poetry,cc715ef8c5422d6c2c6787669cca0f28b92fe54a,2018-10-07T19:55:33-05:00,poetry/packages/package.py,377,1,0,33
poetry,cc715ef8c5422d6c2c6787669cca0f28b92fe54a,2018-10-07T19:55:33-05:00,tests/installation/test_installer.py,1173,0,0,90
poetry,cc715ef8c5422d6c2c6787669cca0f28b92fe54a,2018-10-07T19:55:33-05:00,tests/conftest.py,0,0,0,13
poetry,cc715ef8c5422d6c2c6787669cca0f28b92fe54a,2018-10-07T19:55:33-05:00,poetry/repositories/legacy_repository.py,355,3,0,30
poetry,cc715ef8c5422d6c2c6787669cca0f28b92fe54a,2018-10-07T19:55:33-05:00,poetry/utils/helpers.py,93,2,0,14
poetry,cc715ef8c5422d6c2c6787669cca0f28b92fe54a,2018-10-07T19:55:33-05:00,poetry/puzzle/solver.py,292,0,0,24
poetry,cc715ef8c5422d6c2c6787669cca0f28b92fe54a,2018-10-07T19:55:33-05:00,poetry/utils/appdirs.py,251,1,0,12
poetry,cc715ef8c5422d6c2c6787669cca0f28b92fe54a,2018-10-07T19:55:33-05:00,poetry/puzzle/provider.py,631,4,0,78
poetry,cc715ef8c5422d6c2c6787669cca0f28b92fe54a,2018-10-07T19:55:33-05:00,tests/fixtures/directory/project_with_transitive_directory_dependencies/setup.py,0,0,0,24
poetry,cc715ef8c5422d6c2c6787669cca0f28b92fe54a,2018-10-07T19:55:33-05:00,poetry/puzzle/operations/update.py,41,2,0,0
poetry,cc715ef8c5422d6c2c6787669cca0f28b92fe54a,2018-10-07T19:55:33-05:00,poetry/console/commands/debug/info.py,60,2,0,1
poetry,cc715ef8c5422d6c2c6787669cca0f28b92fe54a,2018-10-07T19:55:33-05:00,poetry/mixology/failure.py,274,2,0,0
poetry,cc715ef8c5422d6c2c6787669cca0f28b92fe54a,2018-10-07T19:55:33-05:00,poetry/poetry.py,202,2,0,65
poetry,cc715ef8c5422d6c2c6787669cca0f28b92fe54a,2018-10-07T19:55:33-05:00,poetry/console/commands/check.py,15,0,0,14
poetry,cc715ef8c5422d6c2c6787669cca0f28b92fe54a,2018-10-07T19:55:33-05:00,poetry/packages/directory_dependency.py,148,1,0,0
poetry,cc715ef8c5422d6c2c6787669cca0f28b92fe54a,2018-10-07T19:55:33-05:00,poetry/version/version.py,229,2,0,4
poetry,cc715ef8c5422d6c2c6787669cca0f28b92fe54a,2018-10-07T19:55:33-05:00,tests/json/test_poetry_schema.py,21,0,0,2
poetry,cc715ef8c5422d6c2c6787669cca0f28b92fe54a,2018-10-07T19:55:33-05:00,tests/console/commands/test_add.py,419,0,0,1
poetry,cc715ef8c5422d6c2c6787669cca0f28b92fe54a,2018-10-07T19:55:33-05:00,poetry/installation/pip_installer.py,210,0,0,9
poetry,cc715ef8c5422d6c2c6787669cca0f28b92fe54a,2018-10-07T19:55:33-05:00,tests/test_config.py,0,0,0,52
poetry,cc715ef8c5422d6c2c6787669cca0f28b92fe54a,2018-10-07T19:55:33-05:00,poetry/console/commands/init.py,320,1,0,0
poetry,cc715ef8c5422d6c2c6787669cca0f28b92fe54a,2018-10-07T19:55:33-05:00,poetry/version/markers.py,655,6,0,3
poetry,cc715ef8c5422d6c2c6787669cca0f28b92fe54a,2018-10-07T19:55:33-05:00,poetry/utils/_compat.py,77,2,0,0
poetry,cc715ef8c5422d6c2c6787669cca0f28b92fe54a,2018-10-07T19:55:33-05:00,poetry/utils/env.py,483,2,0,57
poetry,cc715ef8c5422d6c2c6787669cca0f28b92fe54a,2018-10-07T19:55:33-05:00,poetry/masonry/builders/builder.py,173,3,0,16
poetry,cc715ef8c5422d6c2c6787669cca0f28b92fe54a,2018-10-07T19:55:33-05:00,tests/masonry/builders/fixtures/default_with_excluded_data/my_package/__init__.py,0,0,0,0
poetry,cc715ef8c5422d6c2c6787669cca0f28b92fe54a,2018-10-07T19:55:33-05:00,poetry/installation/installer.py,525,10,0,15
poetry,cc715ef8c5422d6c2c6787669cca0f28b92fe54a,2018-10-07T19:55:33-05:00,poetry/console/commands/cache/clear.py,83,0,0,2
poetry,cc715ef8c5422d6c2c6787669cca0f28b92fe54a,2018-10-07T19:55:33-05:00,poetry/console/commands/self/update.py,233,7,0,0
poetry,cc715ef8c5422d6c2c6787669cca0f28b92fe54a,2018-10-07T19:55:33-05:00,tests/repositories/test_legacy_repository.py,52,0,0,27
poetry,cc715ef8c5422d6c2c6787669cca0f28b92fe54a,2018-10-07T19:55:33-05:00,poetry/__version__.py,1,0,0,14
poetry,cc715ef8c5422d6c2c6787669cca0f28b92fe54a,2018-10-07T19:55:33-05:00,poetry/console/commands/script.py,73,5,0,0
poetry,cc715ef8c5422d6c2c6787669cca0f28b92fe54a,2018-10-07T19:55:33-05:00,get-poetry.py,824,12,0,63
poetry,cc715ef8c5422d6c2c6787669cca0f28b92fe54a,2018-10-07T19:55:33-05:00,poetry/config.py,88,2,0,39
poetry,cc715ef8c5422d6c2c6787669cca0f28b92fe54a,2018-10-07T19:55:33-05:00,poetry/console/commands/add.py,156,7,0,0
poetry,cc715ef8c5422d6c2c6787669cca0f28b92fe54a,2018-10-07T19:55:33-05:00,poetry/packages/constraints/union_constraint.py,113,8,0,0
poetry,cc715ef8c5422d6c2c6787669cca0f28b92fe54a,2018-10-07T19:55:33-05:00,poetry/repositories/pypi_repository.py,554,16,1,4
poetry,cc715ef8c5422d6c2c6787669cca0f28b92fe54a,2018-10-07T19:55:33-05:00,poetry/packages/__init__.py,138,0,0,4
poetry,cc715ef8c5422d6c2c6787669cca0f28b92fe54a,2018-10-07T19:55:33-05:00,poetry/mixology/incompatibility.py,452,2,0,0
poetry,fa728d06d89c6d5e57b8e070ac1784c3086f96c5,2018-11-08T18:18:19-05:00,poetry/console/commands/lock.py,33,1,0,0
poetry,fa728d06d89c6d5e57b8e070ac1784c3086f96c5,2018-11-08T18:18:19-05:00,poetry/console/commands/update.py,41,1,0,0
poetry,fa728d06d89c6d5e57b8e070ac1784c3086f96c5,2018-11-08T18:18:19-05:00,poetry/semver/version_range.py,448,3,0,0
poetry,fa728d06d89c6d5e57b8e070ac1784c3086f96c5,2018-11-08T18:18:19-05:00,poetry/console/commands/remove.py,87,6,0,0
poetry,fa728d06d89c6d5e57b8e070ac1784c3086f96c5,2018-11-08T18:18:19-05:00,poetry/console/commands/command.py,95,2,0,0
poetry,fa728d06d89c6d5e57b8e070ac1784c3086f96c5,2018-11-08T18:18:19-05:00,poetry/semver/__init__.py,164,5,0,0
poetry,fa728d06d89c6d5e57b8e070ac1784c3086f96c5,2018-11-08T18:18:19-05:00,tests/console/conftest.py,165,0,0,5
poetry,fa728d06d89c6d5e57b8e070ac1784c3086f96c5,2018-11-08T18:18:19-05:00,poetry/console/commands/run.py,69,5,0,2
poetry,fa728d06d89c6d5e57b8e070ac1784c3086f96c5,2018-11-08T18:18:19-05:00,poetry/repositories/installed_repository.py,42,0,0,4
poetry,fa728d06d89c6d5e57b8e070ac1784c3086f96c5,2018-11-08T18:18:19-05:00,poetry/version/specifiers.py,793,6,0,0
poetry,fa728d06d89c6d5e57b8e070ac1784c3086f96c5,2018-11-08T18:18:19-05:00,poetry/mixology/term.py,170,4,0,0
poetry,fa728d06d89c6d5e57b8e070ac1784c3086f96c5,2018-11-08T18:18:19-05:00,tests/repositories/test_auth.py,0,0,0,32
poetry,fa728d06d89c6d5e57b8e070ac1784c3086f96c5,2018-11-08T18:18:19-05:00,poetry/repositories/repository.py,107,1,0,18
poetry,fa728d06d89c6d5e57b8e070ac1784c3086f96c5,2018-11-08T18:18:19-05:00,poetry/vcs/git.py,102,6,0,0
poetry,fa728d06d89c6d5e57b8e070ac1784c3086f96c5,2018-11-08T18:18:19-05:00,poetry/packages/utils/utils.py,237,1,0,0
poetry,fa728d06d89c6d5e57b8e070ac1784c3086f96c5,2018-11-08T18:18:19-05:00,poetry/packages/dependency.py,324,1,0,0
poetry,fa728d06d89c6d5e57b8e070ac1784c3086f96c5,2018-11-08T18:18:19-05:00,poetry/packages/file_dependency.py,60,1,0,0
poetry,fa728d06d89c6d5e57b8e070ac1784c3086f96c5,2018-11-08T18:18:19-05:00,poetry/console/commands/install.py,92,1,0,0
poetry,fa728d06d89c6d5e57b8e070ac1784c3086f96c5,2018-11-08T18:18:19-05:00,poetry/packages/constraints/multi_constraint.py,88,5,0,0
poetry,fa728d06d89c6d5e57b8e070ac1784c3086f96c5,2018-11-08T18:18:19-05:00,poetry/console/commands/debug/resolve.py,155,2,0,2
poetry,fa728d06d89c6d5e57b8e070ac1784c3086f96c5,2018-11-08T18:18:19-05:00,poetry/packages/constraints/__init__.py,56,5,0,0
poetry,fa728d06d89c6d5e57b8e070ac1784c3086f96c5,2018-11-08T18:18:19-05:00,tests/masonry/builders/test_complete.py,378,0,0,2
poetry,fa728d06d89c6d5e57b8e070ac1784c3086f96c5,2018-11-08T18:18:19-05:00,poetry/masonry/builders/wheel.py,351,2,0,0
poetry,fa728d06d89c6d5e57b8e070ac1784c3086f96c5,2018-11-08T18:18:19-05:00,tests/masonry/builders/test_builder.py,0,0,0,18
poetry,fa728d06d89c6d5e57b8e070ac1784c3086f96c5,2018-11-08T18:18:19-05:00,poetry/semver/version_union.py,252,5,0,0
poetry,fa728d06d89c6d5e57b8e070ac1784c3086f96c5,2018-11-08T18:18:19-05:00,poetry/packages/package.py,387,3,0,0
poetry,fa728d06d89c6d5e57b8e070ac1784c3086f96c5,2018-11-08T18:18:19-05:00,tests/installation/test_installer.py,1269,0,0,20
poetry,fa728d06d89c6d5e57b8e070ac1784c3086f96c5,2018-11-08T18:18:19-05:00,tests/conftest.py,45,0,0,19
poetry,fa728d06d89c6d5e57b8e070ac1784c3086f96c5,2018-11-08T18:18:19-05:00,poetry/repositories/legacy_repository.py,384,3,0,37
poetry,fa728d06d89c6d5e57b8e070ac1784c3086f96c5,2018-11-08T18:18:19-05:00,poetry/utils/helpers.py,91,2,0,11
poetry,fa728d06d89c6d5e57b8e070ac1784c3086f96c5,2018-11-08T18:18:19-05:00,poetry/utils/appdirs.py,251,1,0,0
poetry,fa728d06d89c6d5e57b8e070ac1784c3086f96c5,2018-11-08T18:18:19-05:00,poetry/puzzle/provider.py,733,4,0,6
poetry,fa728d06d89c6d5e57b8e070ac1784c3086f96c5,2018-11-08T18:18:19-05:00,tests/repositories/test_installed_repository.py,32,0,0,7
poetry,fa728d06d89c6d5e57b8e070ac1784c3086f96c5,2018-11-08T18:18:19-05:00,tests/utils/test_env.py,0,0,0,26
poetry,fa728d06d89c6d5e57b8e070ac1784c3086f96c5,2018-11-08T18:18:19-05:00,tests/console/commands/test_init.py,156,0,0,13
poetry,fa728d06d89c6d5e57b8e070ac1784c3086f96c5,2018-11-08T18:18:19-05:00,poetry/puzzle/operations/update.py,41,2,0,0
poetry,fa728d06d89c6d5e57b8e070ac1784c3086f96c5,2018-11-08T18:18:19-05:00,poetry/console/commands/debug/info.py,59,2,0,31
poetry,fa728d06d89c6d5e57b8e070ac1784c3086f96c5,2018-11-08T18:18:19-05:00,poetry/mixology/failure.py,274,2,0,2
poetry,fa728d06d89c6d5e57b8e070ac1784c3086f96c5,2018-11-08T18:18:19-05:00,poetry/poetry.py,243,2,0,28
poetry,fa728d06d89c6d5e57b8e070ac1784c3086f96c5,2018-11-08T18:18:19-05:00,tests/repositories/test_pypi_repository.py,131,0,0,44
poetry,fa728d06d89c6d5e57b8e070ac1784c3086f96c5,2018-11-08T18:18:19-05:00,poetry/console/commands/new.py,65,2,0,2
poetry,fa728d06d89c6d5e57b8e070ac1784c3086f96c5,2018-11-08T18:18:19-05:00,poetry/packages/directory_dependency.py,80,1,0,0
poetry,fa728d06d89c6d5e57b8e070ac1784c3086f96c5,2018-11-08T18:18:19-05:00,poetry/version/version.py,229,2,0,0
poetry,fa728d06d89c6d5e57b8e070ac1784c3086f96c5,2018-11-08T18:18:19-05:00,poetry/repositories/pool.py,100,0,0,20
poetry,fa728d06d89c6d5e57b8e070ac1784c3086f96c5,2018-11-08T18:18:19-05:00,tests/mixology/version_solver/test_python_constraint.py,17,0,0,2
poetry,fa728d06d89c6d5e57b8e070ac1784c3086f96c5,2018-11-08T18:18:19-05:00,poetry/console/commands/env_command.py,41,0,0,4
poetry,fa728d06d89c6d5e57b8e070ac1784c3086f96c5,2018-11-08T18:18:19-05:00,tests/console/commands/test_add.py,420,0,0,33
poetry,fa728d06d89c6d5e57b8e070ac1784c3086f96c5,2018-11-08T18:18:19-05:00,poetry/installation/pip_installer.py,225,0,0,5
poetry,fa728d06d89c6d5e57b8e070ac1784c3086f96c5,2018-11-08T18:18:19-05:00,poetry/console/commands/init.py,330,3,0,2
poetry,fa728d06d89c6d5e57b8e070ac1784c3086f96c5,2018-11-08T18:18:19-05:00,poetry/version/markers.py,652,6,0,0
poetry,fa728d06d89c6d5e57b8e070ac1784c3086f96c5,2018-11-08T18:18:19-05:00,poetry/utils/_compat.py,82,2,0,33
poetry,fa728d06d89c6d5e57b8e070ac1784c3086f96c5,2018-11-08T18:18:19-05:00,poetry/utils/env.py,534,2,0,184
poetry,fa728d06d89c6d5e57b8e070ac1784c3086f96c5,2018-11-08T18:18:19-05:00,poetry/masonry/builders/builder.py,189,3,0,2
poetry,fa728d06d89c6d5e57b8e070ac1784c3086f96c5,2018-11-08T18:18:19-05:00,poetry/installation/installer.py,526,10,0,0
poetry,fa728d06d89c6d5e57b8e070ac1784c3086f96c5,2018-11-08T18:18:19-05:00,poetry/console/commands/self/update.py,233,7,0,0
poetry,fa728d06d89c6d5e57b8e070ac1784c3086f96c5,2018-11-08T18:18:19-05:00,poetry/repositories/auth.py,0,0,0,19
poetry,fa728d06d89c6d5e57b8e070ac1784c3086f96c5,2018-11-08T18:18:19-05:00,tests/repositories/test_legacy_repository.py,130,0,0,8
poetry,fa728d06d89c6d5e57b8e070ac1784c3086f96c5,2018-11-08T18:18:19-05:00,poetry/__version__.py,1,0,0,6
poetry,fa728d06d89c6d5e57b8e070ac1784c3086f96c5,2018-11-08T18:18:19-05:00,poetry/console/commands/script.py,73,5,0,0
poetry,fa728d06d89c6d5e57b8e070ac1784c3086f96c5,2018-11-08T18:18:19-05:00,get-poetry.py,859,12,0,2
poetry,fa728d06d89c6d5e57b8e070ac1784c3086f96c5,2018-11-08T18:18:19-05:00,poetry/config.py,115,2,0,0
poetry,fa728d06d89c6d5e57b8e070ac1784c3086f96c5,2018-11-08T18:18:19-05:00,poetry/console/commands/add.py,156,7,0,0
poetry,fa728d06d89c6d5e57b8e070ac1784c3086f96c5,2018-11-08T18:18:19-05:00,poetry/packages/constraints/union_constraint.py,113,8,0,0
poetry,fa728d06d89c6d5e57b8e070ac1784c3086f96c5,2018-11-08T18:18:19-05:00,poetry/repositories/pypi_repository.py,553,17,0,34
poetry,fa728d06d89c6d5e57b8e070ac1784c3086f96c5,2018-11-08T18:18:19-05:00,poetry/utils/setup_reader.py,368,3,0,0
poetry,fa728d06d89c6d5e57b8e070ac1784c3086f96c5,2018-11-08T18:18:19-05:00,tests/repositories/test_pool.py,0,0,0,13
poetry,fa728d06d89c6d5e57b8e070ac1784c3086f96c5,2018-11-08T18:18:19-05:00,poetry/mixology/incompatibility.py,452,2,0,0
poetry,94304e9daac7b20d755877e94a05197c19b81670,2018-11-21T16:33:01-05:00,poetry/console/application.py,200,0,0,2
poetry,94304e9daac7b20d755877e94a05197c19b81670,2018-11-21T16:33:01-05:00,poetry/console/commands/lock.py,33,1,0,0
poetry,94304e9daac7b20d755877e94a05197c19b81670,2018-11-21T16:33:01-05:00,poetry/console/commands/update.py,41,1,0,0
poetry,94304e9daac7b20d755877e94a05197c19b81670,2018-11-21T16:33:01-05:00,poetry/console/commands/export.py,0,0,0,51
poetry,94304e9daac7b20d755877e94a05197c19b81670,2018-11-21T16:33:01-05:00,tests/puzzle/test_solver.py,1490,0,0,46
poetry,94304e9daac7b20d755877e94a05197c19b81670,2018-11-21T16:33:01-05:00,poetry/semver/version_range.py,448,3,0,0
poetry,94304e9daac7b20d755877e94a05197c19b81670,2018-11-21T16:33:01-05:00,poetry/console/commands/remove.py,87,6,0,0
poetry,94304e9daac7b20d755877e94a05197c19b81670,2018-11-21T16:33:01-05:00,poetry/console/commands/command.py,95,2,0,0
poetry,94304e9daac7b20d755877e94a05197c19b81670,2018-11-21T16:33:01-05:00,poetry/semver/__init__.py,164,5,0,0
poetry,94304e9daac7b20d755877e94a05197c19b81670,2018-11-21T16:33:01-05:00,tests/console/conftest.py,165,0,0,41
poetry,94304e9daac7b20d755877e94a05197c19b81670,2018-11-21T16:33:01-05:00,poetry/console/commands/run.py,69,5,0,0
poetry,94304e9daac7b20d755877e94a05197c19b81670,2018-11-21T16:33:01-05:00,poetry/packages/locker.py,244,0,0,2
poetry,94304e9daac7b20d755877e94a05197c19b81670,2018-11-21T16:33:01-05:00,poetry/version/specifiers.py,793,6,0,0
poetry,94304e9daac7b20d755877e94a05197c19b81670,2018-11-21T16:33:01-05:00,poetry/masonry/publishing/uploader.py,292,0,0,8
poetry,94304e9daac7b20d755877e94a05197c19b81670,2018-11-21T16:33:01-05:00,tests/utils/test_exporter.py,0,0,0,405
poetry,94304e9daac7b20d755877e94a05197c19b81670,2018-11-21T16:33:01-05:00,poetry/mixology/term.py,170,4,0,0
poetry,94304e9daac7b20d755877e94a05197c19b81670,2018-11-21T16:33:01-05:00,tests/repositories/test_auth.py,0,0,0,32
poetry,94304e9daac7b20d755877e94a05197c19b81670,2018-11-21T16:33:01-05:00,poetry/repositories/repository.py,113,3,0,0
poetry,94304e9daac7b20d755877e94a05197c19b81670,2018-11-21T16:33:01-05:00,poetry/vcs/git.py,102,6,0,0
poetry,94304e9daac7b20d755877e94a05197c19b81670,2018-11-21T16:33:01-05:00,poetry/packages/utils/utils.py,237,1,0,0
poetry,94304e9daac7b20d755877e94a05197c19b81670,2018-11-21T16:33:01-05:00,poetry/utils/patterns.py,0,0,0,9
poetry,94304e9daac7b20d755877e94a05197c19b81670,2018-11-21T16:33:01-05:00,poetry/packages/dependency.py,324,1,0,0
poetry,94304e9daac7b20d755877e94a05197c19b81670,2018-11-21T16:33:01-05:00,poetry/packages/file_dependency.py,60,1,0,0
poetry,94304e9daac7b20d755877e94a05197c19b81670,2018-11-21T16:33:01-05:00,poetry/console/commands/install.py,92,1,0,0
poetry,94304e9daac7b20d755877e94a05197c19b81670,2018-11-21T16:33:01-05:00,poetry/packages/constraints/multi_constraint.py,88,5,0,0
poetry,94304e9daac7b20d755877e94a05197c19b81670,2018-11-21T16:33:01-05:00,poetry/console/commands/debug/resolve.py,155,2,0,2
poetry,94304e9daac7b20d755877e94a05197c19b81670,2018-11-21T16:33:01-05:00,poetry/packages/constraints/__init__.py,56,5,0,0
poetry,94304e9daac7b20d755877e94a05197c19b81670,2018-11-21T16:33:01-05:00,poetry/console/commands/show.py,327,0,0,69
poetry,94304e9daac7b20d755877e94a05197c19b81670,2018-11-21T16:33:01-05:00,poetry/masonry/builders/wheel.py,351,2,0,0
poetry,94304e9daac7b20d755877e94a05197c19b81670,2018-11-21T16:33:01-05:00,poetry/semver/version_union.py,252,5,0,0
poetry,94304e9daac7b20d755877e94a05197c19b81670,2018-11-21T16:33:01-05:00,tests/console/commands/test_show.py,558,0,0,331
poetry,94304e9daac7b20d755877e94a05197c19b81670,2018-11-21T16:33:01-05:00,poetry/packages/package.py,387,3,0,0
poetry,94304e9daac7b20d755877e94a05197c19b81670,2018-11-21T16:33:01-05:00,tests/conftest.py,64,0,0,10
poetry,94304e9daac7b20d755877e94a05197c19b81670,2018-11-21T16:33:01-05:00,poetry/repositories/legacy_repository.py,400,6,0,34
poetry,94304e9daac7b20d755877e94a05197c19b81670,2018-11-21T16:33:01-05:00,poetry/utils/helpers.py,102,2,0,0
poetry,94304e9daac7b20d755877e94a05197c19b81670,2018-11-21T16:33:01-05:00,poetry/utils/appdirs.py,251,1,0,0
poetry,94304e9daac7b20d755877e94a05197c19b81670,2018-11-21T16:33:01-05:00,poetry/puzzle/provider.py,733,4,0,2
poetry,94304e9daac7b20d755877e94a05197c19b81670,2018-11-21T16:33:01-05:00,tests/utils/test_env.py,26,0,0,13
poetry,94304e9daac7b20d755877e94a05197c19b81670,2018-11-21T16:33:01-05:00,poetry/puzzle/operations/update.py,41,2,0,0
poetry,94304e9daac7b20d755877e94a05197c19b81670,2018-11-21T16:33:01-05:00,poetry/mixology/failure.py,274,2,0,0
poetry,94304e9daac7b20d755877e94a05197c19b81670,2018-11-21T16:33:01-05:00,poetry/console/commands/debug/info.py,62,0,0,2
poetry,94304e9daac7b20d755877e94a05197c19b81670,2018-11-21T16:33:01-05:00,poetry/poetry.py,243,2,0,28
poetry,94304e9daac7b20d755877e94a05197c19b81670,2018-11-21T16:33:01-05:00,poetry/console/commands/new.py,65,2,0,2
poetry,94304e9daac7b20d755877e94a05197c19b81670,2018-11-21T16:33:01-05:00,poetry/packages/directory_dependency.py,80,1,0,0
poetry,94304e9daac7b20d755877e94a05197c19b81670,2018-11-21T16:33:01-05:00,poetry/version/version.py,229,2,0,0
poetry,94304e9daac7b20d755877e94a05197c19b81670,2018-11-21T16:33:01-05:00,poetry/repositories/pool.py,100,0,0,18
poetry,94304e9daac7b20d755877e94a05197c19b81670,2018-11-21T16:33:01-05:00,poetry/console/commands/env_command.py,41,0,0,4
poetry,94304e9daac7b20d755877e94a05197c19b81670,2018-11-21T16:33:01-05:00,poetry/console/commands/init.py,330,3,0,2
poetry,94304e9daac7b20d755877e94a05197c19b81670,2018-11-21T16:33:01-05:00,poetry/version/markers.py,652,6,0,0
poetry,94304e9daac7b20d755877e94a05197c19b81670,2018-11-21T16:33:01-05:00,poetry/console/commands/__init__.py,19,0,0,1
poetry,94304e9daac7b20d755877e94a05197c19b81670,2018-11-21T16:33:01-05:00,poetry/utils/_compat.py,104,2,0,5
poetry,94304e9daac7b20d755877e94a05197c19b81670,2018-11-21T16:33:01-05:00,poetry/utils/env.py,554,2,0,43
poetry,94304e9daac7b20d755877e94a05197c19b81670,2018-11-21T16:33:01-05:00,poetry/masonry/builders/builder.py,189,3,0,0
poetry,94304e9daac7b20d755877e94a05197c19b81670,2018-11-21T16:33:01-05:00,poetry/installation/installer.py,526,10,0,0
poetry,94304e9daac7b20d755877e94a05197c19b81670,2018-11-21T16:33:01-05:00,poetry/console/commands/self/update.py,233,7,0,0
poetry,94304e9daac7b20d755877e94a05197c19b81670,2018-11-21T16:33:01-05:00,poetry/repositories/auth.py,0,0,0,19
poetry,94304e9daac7b20d755877e94a05197c19b81670,2018-11-21T16:33:01-05:00,tests/repositories/test_legacy_repository.py,138,0,0,33
poetry,94304e9daac7b20d755877e94a05197c19b81670,2018-11-21T16:33:01-05:00,poetry/__version__.py,1,0,0,2
poetry,94304e9daac7b20d755877e94a05197c19b81670,2018-11-21T16:33:01-05:00,poetry/console/commands/script.py,73,5,0,0
poetry,94304e9daac7b20d755877e94a05197c19b81670,2018-11-21T16:33:01-05:00,get-poetry.py,859,12,0,2
poetry,94304e9daac7b20d755877e94a05197c19b81670,2018-11-21T16:33:01-05:00,poetry/config.py,115,2,0,0
poetry,94304e9daac7b20d755877e94a05197c19b81670,2018-11-21T16:33:01-05:00,tests/console/commands/test_export.py,0,0,0,133
poetry,94304e9daac7b20d755877e94a05197c19b81670,2018-11-21T16:33:01-05:00,poetry/console/commands/add.py,156,7,0,0
poetry,94304e9daac7b20d755877e94a05197c19b81670,2018-11-21T16:33:01-05:00,poetry/packages/constraints/union_constraint.py,113,8,0,0
poetry,94304e9daac7b20d755877e94a05197c19b81670,2018-11-21T16:33:01-05:00,poetry/repositories/pypi_repository.py,560,19,0,21
poetry,94304e9daac7b20d755877e94a05197c19b81670,2018-11-21T16:33:01-05:00,poetry/utils/setup_reader.py,368,3,0,0
poetry,94304e9daac7b20d755877e94a05197c19b81670,2018-11-21T16:33:01-05:00,poetry/utils/exporter.py,0,0,0,63
poetry,94304e9daac7b20d755877e94a05197c19b81670,2018-11-21T16:33:01-05:00,poetry/mixology/incompatibility.py,452,2,0,0
poetry,271e995844db11a40c7c4a0b320bf9bd600db444,2019-02-27T23:38:50+01:00,poetry/console/commands/lock.py,33,1,0,3
poetry,271e995844db11a40c7c4a0b320bf9bd600db444,2019-02-27T23:38:50+01:00,poetry/puzzle/operations/update.py,41,2,0,0
poetry,271e995844db11a40c7c4a0b320bf9bd600db444,2019-02-27T23:38:50+01:00,poetry/console/commands/update.py,41,1,0,0
poetry,271e995844db11a40c7c4a0b320bf9bd600db444,2019-02-27T23:38:50+01:00,poetry/mixology/failure.py,274,2,0,0
poetry,271e995844db11a40c7c4a0b320bf9bd600db444,2019-02-27T23:38:50+01:00,poetry/semver/version_range.py,448,3,0,0
poetry,271e995844db11a40c7c4a0b320bf9bd600db444,2019-02-27T23:38:50+01:00,poetry/poetry.py,265,2,0,0
poetry,271e995844db11a40c7c4a0b320bf9bd600db444,2019-02-27T23:38:50+01:00,poetry/console/commands/remove.py,87,6,0,0
poetry,271e995844db11a40c7c4a0b320bf9bd600db444,2019-02-27T23:38:50+01:00,poetry/console/commands/command.py,95,2,0,0
poetry,271e995844db11a40c7c4a0b320bf9bd600db444,2019-02-27T23:38:50+01:00,poetry/console/commands/new.py,65,2,0,0
poetry,271e995844db11a40c7c4a0b320bf9bd600db444,2019-02-27T23:38:50+01:00,poetry/packages/directory_dependency.py,80,1,0,0
poetry,271e995844db11a40c7c4a0b320bf9bd600db444,2019-02-27T23:38:50+01:00,poetry/console/commands/run.py,69,5,0,0
poetry,271e995844db11a40c7c4a0b320bf9bd600db444,2019-02-27T23:38:50+01:00,poetry/semver/__init__.py,164,5,0,0
poetry,271e995844db11a40c7c4a0b320bf9bd600db444,2019-02-27T23:38:50+01:00,poetry/version/version.py,229,2,0,0
poetry,271e995844db11a40c7c4a0b320bf9bd600db444,2019-02-27T23:38:50+01:00,poetry/version/specifiers.py,793,6,0,0
poetry,271e995844db11a40c7c4a0b320bf9bd600db444,2019-02-27T23:38:50+01:00,tests/utils/test_setup_reader.py,151,0,0,17
poetry,271e995844db11a40c7c4a0b320bf9bd600db444,2019-02-27T23:38:50+01:00,poetry/mixology/term.py,170,4,0,0
poetry,271e995844db11a40c7c4a0b320bf9bd600db444,2019-02-27T23:38:50+01:00,poetry/repositories/repository.py,113,3,0,0
poetry,271e995844db11a40c7c4a0b320bf9bd600db444,2019-02-27T23:38:50+01:00,poetry/vcs/git.py,102,6,0,0
poetry,271e995844db11a40c7c4a0b320bf9bd600db444,2019-02-27T23:38:50+01:00,poetry/console/commands/init.py,330,3,0,0
poetry,271e995844db11a40c7c4a0b320bf9bd600db444,2019-02-27T23:38:50+01:00,poetry/version/markers.py,652,6,0,0
poetry,271e995844db11a40c7c4a0b320bf9bd600db444,2019-02-27T23:38:50+01:00,poetry/packages/utils/utils.py,237,1,0,0
poetry,271e995844db11a40c7c4a0b320bf9bd600db444,2019-02-27T23:38:50+01:00,poetry/packages/dependency.py,324,1,0,0
poetry,271e995844db11a40c7c4a0b320bf9bd600db444,2019-02-27T23:38:50+01:00,poetry/packages/file_dependency.py,60,1,0,0
poetry,271e995844db11a40c7c4a0b320bf9bd600db444,2019-02-27T23:38:50+01:00,poetry/console/commands/install.py,92,1,0,4
poetry,271e995844db11a40c7c4a0b320bf9bd600db444,2019-02-27T23:38:50+01:00,poetry/packages/constraints/multi_constraint.py,88,5,0,0
poetry,271e995844db11a40c7c4a0b320bf9bd600db444,2019-02-27T23:38:50+01:00,poetry/utils/_compat.py,119,2,0,0
poetry,271e995844db11a40c7c4a0b320bf9bd600db444,2019-02-27T23:38:50+01:00,poetry/console/commands/debug/resolve.py,155,2,0,0
poetry,271e995844db11a40c7c4a0b320bf9bd600db444,2019-02-27T23:38:50+01:00,poetry/utils/appdirs.py,251,1,0,0
poetry,271e995844db11a40c7c4a0b320bf9bd600db444,2019-02-27T23:38:50+01:00,poetry/utils/env.py,576,2,0,0
poetry,271e995844db11a40c7c4a0b320bf9bd600db444,2019-02-27T23:38:50+01:00,tests/utils/fixtures/setups/extras_require_with_vars/setup.py,0,0,0,11
poetry,271e995844db11a40c7c4a0b320bf9bd600db444,2019-02-27T23:38:50+01:00,poetry/masonry/builders/builder.py,195,3,0,0
poetry,271e995844db11a40c7c4a0b320bf9bd600db444,2019-02-27T23:38:50+01:00,poetry/packages/constraints/__init__.py,56,5,0,0
poetry,271e995844db11a40c7c4a0b320bf9bd600db444,2019-02-27T23:38:50+01:00,poetry/installation/installer.py,526,10,0,32
poetry,271e995844db11a40c7c4a0b320bf9bd600db444,2019-02-27T23:38:50+01:00,poetry/console/commands/self/update.py,233,7,0,0
poetry,271e995844db11a40c7c4a0b320bf9bd600db444,2019-02-27T23:38:50+01:00,tests/repositories/test_legacy_repository.py,207,0,0,36
poetry,271e995844db11a40c7c4a0b320bf9bd600db444,2019-02-27T23:38:50+01:00,poetry/masonry/builders/wheel.py,351,2,0,2
poetry,271e995844db11a40c7c4a0b320bf9bd600db444,2019-02-27T23:38:50+01:00,poetry/console/commands/script.py,73,5,0,0
poetry,271e995844db11a40c7c4a0b320bf9bd600db444,2019-02-27T23:38:50+01:00,get-poetry.py,859,12,0,2
poetry,271e995844db11a40c7c4a0b320bf9bd600db444,2019-02-27T23:38:50+01:00,poetry/config.py,115,2,0,0
poetry,271e995844db11a40c7c4a0b320bf9bd600db444,2019-02-27T23:38:50+01:00,poetry/semver/version_union.py,252,5,0,0
poetry,271e995844db11a40c7c4a0b320bf9bd600db444,2019-02-27T23:38:50+01:00,poetry/console/commands/add.py,156,7,0,0
poetry,271e995844db11a40c7c4a0b320bf9bd600db444,2019-02-27T23:38:50+01:00,poetry/packages/constraints/union_constraint.py,113,8,0,0
poetry,271e995844db11a40c7c4a0b320bf9bd600db444,2019-02-27T23:38:50+01:00,poetry/repositories/pypi_repository.py,601,13,0,176
poetry,271e995844db11a40c7c4a0b320bf9bd600db444,2019-02-27T23:38:50+01:00,poetry/utils/setup_reader.py,368,3,0,12
poetry,271e995844db11a40c7c4a0b320bf9bd600db444,2019-02-27T23:38:50+01:00,poetry/packages/package.py,390,3,0,0
poetry,271e995844db11a40c7c4a0b320bf9bd600db444,2019-02-27T23:38:50+01:00,poetry/repositories/legacy_repository.py,385,6,0,38
poetry,271e995844db11a40c7c4a0b320bf9bd600db444,2019-02-27T23:38:50+01:00,poetry/utils/helpers.py,102,2,0,0
poetry,271e995844db11a40c7c4a0b320bf9bd600db444,2019-02-27T23:38:50+01:00,poetry/puzzle/provider.py,718,4,0,28
poetry,271e995844db11a40c7c4a0b320bf9bd600db444,2019-02-27T23:38:50+01:00,poetry/mixology/incompatibility.py,452,2,0,0
poetry,46ad807209b97aaf88fe17fa90b227cb7a398a5f,2019-04-09T21:57:23+02:00,poetry/console/commands/lock.py,32,1,0,0
poetry,46ad807209b97aaf88fe17fa90b227cb7a398a5f,2019-04-09T21:57:23+02:00,poetry/puzzle/operations/update.py,41,2,0,0
poetry,46ad807209b97aaf88fe17fa90b227cb7a398a5f,2019-04-09T21:57:23+02:00,poetry/console/commands/update.py,41,1,0,0
poetry,46ad807209b97aaf88fe17fa90b227cb7a398a5f,2019-04-09T21:57:23+02:00,poetry/mixology/failure.py,274,2,0,0
poetry,46ad807209b97aaf88fe17fa90b227cb7a398a5f,2019-04-09T21:57:23+02:00,poetry/semver/version_range.py,448,3,0,0
poetry,46ad807209b97aaf88fe17fa90b227cb7a398a5f,2019-04-09T21:57:23+02:00,poetry/poetry.py,265,3,0,0
poetry,46ad807209b97aaf88fe17fa90b227cb7a398a5f,2019-04-09T21:57:23+02:00,poetry/console/commands/remove.py,87,6,0,0
poetry,46ad807209b97aaf88fe17fa90b227cb7a398a5f,2019-04-09T21:57:23+02:00,poetry/console/commands/command.py,95,2,0,0
poetry,46ad807209b97aaf88fe17fa90b227cb7a398a5f,2019-04-09T21:57:23+02:00,poetry/console/commands/new.py,65,2,0,0
poetry,46ad807209b97aaf88fe17fa90b227cb7a398a5f,2019-04-09T21:57:23+02:00,poetry/packages/directory_dependency.py,80,1,0,0
poetry,46ad807209b97aaf88fe17fa90b227cb7a398a5f,2019-04-09T21:57:23+02:00,poetry/console/commands/run.py,69,5,0,0
poetry,46ad807209b97aaf88fe17fa90b227cb7a398a5f,2019-04-09T21:57:23+02:00,poetry/semver/__init__.py,164,5,0,0
poetry,46ad807209b97aaf88fe17fa90b227cb7a398a5f,2019-04-09T21:57:23+02:00,poetry/version/version.py,229,2,0,0
poetry,46ad807209b97aaf88fe17fa90b227cb7a398a5f,2019-04-09T21:57:23+02:00,poetry/version/specifiers.py,793,6,0,0
poetry,46ad807209b97aaf88fe17fa90b227cb7a398a5f,2019-04-09T21:57:23+02:00,tests/console/commands/test_add.py,453,0,0,48
poetry,46ad807209b97aaf88fe17fa90b227cb7a398a5f,2019-04-09T21:57:23+02:00,poetry/mixology/term.py,170,4,0,0
poetry,46ad807209b97aaf88fe17fa90b227cb7a398a5f,2019-04-09T21:57:23+02:00,poetry/repositories/repository.py,113,3,0,0
poetry,46ad807209b97aaf88fe17fa90b227cb7a398a5f,2019-04-09T21:57:23+02:00,poetry/vcs/git.py,102,6,0,0
poetry,46ad807209b97aaf88fe17fa90b227cb7a398a5f,2019-04-09T21:57:23+02:00,poetry/console/commands/init.py,330,3,0,0
poetry,46ad807209b97aaf88fe17fa90b227cb7a398a5f,2019-04-09T21:57:23+02:00,poetry/version/markers.py,653,6,0,0
poetry,46ad807209b97aaf88fe17fa90b227cb7a398a5f,2019-04-09T21:57:23+02:00,poetry/packages/utils/utils.py,237,1,0,0
poetry,46ad807209b97aaf88fe17fa90b227cb7a398a5f,2019-04-09T21:57:23+02:00,poetry/packages/dependency.py,330,2,0,0
poetry,46ad807209b97aaf88fe17fa90b227cb7a398a5f,2019-04-09T21:57:23+02:00,poetry/packages/file_dependency.py,60,1,0,0
poetry,46ad807209b97aaf88fe17fa90b227cb7a398a5f,2019-04-09T21:57:23+02:00,poetry/console/commands/install.py,92,1,0,2
poetry,46ad807209b97aaf88fe17fa90b227cb7a398a5f,2019-04-09T21:57:23+02:00,poetry/packages/constraints/multi_constraint.py,88,5,0,0
poetry,46ad807209b97aaf88fe17fa90b227cb7a398a5f,2019-04-09T21:57:23+02:00,poetry/utils/_compat.py,119,2,0,0
poetry,46ad807209b97aaf88fe17fa90b227cb7a398a5f,2019-04-09T21:57:23+02:00,poetry/console/commands/debug/resolve.py,155,2,0,0
poetry,46ad807209b97aaf88fe17fa90b227cb7a398a5f,2019-04-09T21:57:23+02:00,poetry/utils/appdirs.py,251,1,0,0
poetry,46ad807209b97aaf88fe17fa90b227cb7a398a5f,2019-04-09T21:57:23+02:00,poetry/utils/env.py,576,2,0,0
poetry,46ad807209b97aaf88fe17fa90b227cb7a398a5f,2019-04-09T21:57:23+02:00,poetry/masonry/builders/builder.py,251,3,0,0
poetry,46ad807209b97aaf88fe17fa90b227cb7a398a5f,2019-04-09T21:57:23+02:00,poetry/packages/constraints/__init__.py,56,5,0,0
poetry,46ad807209b97aaf88fe17fa90b227cb7a398a5f,2019-04-09T21:57:23+02:00,poetry/installation/installer.py,544,10,0,51
poetry,46ad807209b97aaf88fe17fa90b227cb7a398a5f,2019-04-09T21:57:23+02:00,poetry/console/commands/self/update.py,233,7,0,0
poetry,46ad807209b97aaf88fe17fa90b227cb7a398a5f,2019-04-09T21:57:23+02:00,poetry/masonry/builders/wheel.py,314,2,0,0
poetry,46ad807209b97aaf88fe17fa90b227cb7a398a5f,2019-04-09T21:57:23+02:00,poetry/__version__.py,1,0,0,2
poetry,46ad807209b97aaf88fe17fa90b227cb7a398a5f,2019-04-09T21:57:23+02:00,poetry/console/commands/script.py,73,5,0,0
poetry,46ad807209b97aaf88fe17fa90b227cb7a398a5f,2019-04-09T21:57:23+02:00,get-poetry.py,859,12,0,0
poetry,46ad807209b97aaf88fe17fa90b227cb7a398a5f,2019-04-09T21:57:23+02:00,poetry/config.py,115,2,0,0
poetry,46ad807209b97aaf88fe17fa90b227cb7a398a5f,2019-04-09T21:57:23+02:00,poetry/packages/vcs_dependency.py,80,1,0,0
poetry,46ad807209b97aaf88fe17fa90b227cb7a398a5f,2019-04-09T21:57:23+02:00,poetry/semver/version_union.py,252,5,0,0
poetry,46ad807209b97aaf88fe17fa90b227cb7a398a5f,2019-04-09T21:57:23+02:00,poetry/console/commands/add.py,156,7,0,0
poetry,46ad807209b97aaf88fe17fa90b227cb7a398a5f,2019-04-09T21:57:23+02:00,poetry/packages/constraints/union_constraint.py,113,8,0,0
poetry,46ad807209b97aaf88fe17fa90b227cb7a398a5f,2019-04-09T21:57:23+02:00,poetry/repositories/pypi_repository.py,601,13,0,0
poetry,46ad807209b97aaf88fe17fa90b227cb7a398a5f,2019-04-09T21:57:23+02:00,poetry/utils/setup_reader.py,376,5,0,0
poetry,46ad807209b97aaf88fe17fa90b227cb7a398a5f,2019-04-09T21:57:23+02:00,poetry/packages/__init__.py,156,0,0,17
poetry,46ad807209b97aaf88fe17fa90b227cb7a398a5f,2019-04-09T21:57:23+02:00,poetry/packages/package.py,390,3,0,0
poetry,46ad807209b97aaf88fe17fa90b227cb7a398a5f,2019-04-09T21:57:23+02:00,tests/installation/test_installer.py,1281,0,0,78
poetry,46ad807209b97aaf88fe17fa90b227cb7a398a5f,2019-04-09T21:57:23+02:00,poetry/repositories/legacy_repository.py,385,6,0,0
poetry,46ad807209b97aaf88fe17fa90b227cb7a398a5f,2019-04-09T21:57:23+02:00,poetry/utils/helpers.py,102,2,0,0
poetry,46ad807209b97aaf88fe17fa90b227cb7a398a5f,2019-04-09T21:57:23+02:00,poetry/puzzle/provider.py,718,4,0,0
poetry,46ad807209b97aaf88fe17fa90b227cb7a398a5f,2019-04-09T21:57:23+02:00,poetry/mixology/incompatibility.py,452,2,0,0
poetry,457e2205a4121c4039ea2d8821a7bb42be4ad7de,2019-04-25T23:34:37+02:00,tests/utils/test_env.py,26,0,0,19
poetry,457e2205a4121c4039ea2d8821a7bb42be4ad7de,2019-04-25T23:34:37+02:00,poetry/console/commands/lock.py,32,1,0,0
poetry,457e2205a4121c4039ea2d8821a7bb42be4ad7de,2019-04-25T23:34:37+02:00,poetry/puzzle/operations/update.py,41,2,0,0
poetry,457e2205a4121c4039ea2d8821a7bb42be4ad7de,2019-04-25T23:34:37+02:00,poetry/console/commands/update.py,41,1,0,0
poetry,457e2205a4121c4039ea2d8821a7bb42be4ad7de,2019-04-25T23:34:37+02:00,poetry/mixology/failure.py,274,2,0,0
poetry,457e2205a4121c4039ea2d8821a7bb42be4ad7de,2019-04-25T23:34:37+02:00,poetry/masonry/builders/__init__.py,3,0,0,1
poetry,457e2205a4121c4039ea2d8821a7bb42be4ad7de,2019-04-25T23:34:37+02:00,poetry/semver/version_range.py,448,3,0,0
poetry,457e2205a4121c4039ea2d8821a7bb42be4ad7de,2019-04-25T23:34:37+02:00,poetry/poetry.py,265,3,0,0
poetry,457e2205a4121c4039ea2d8821a7bb42be4ad7de,2019-04-25T23:34:37+02:00,poetry/console/commands/remove.py,87,6,0,0
poetry,457e2205a4121c4039ea2d8821a7bb42be4ad7de,2019-04-25T23:34:37+02:00,poetry/console/commands/command.py,95,2,0,0
poetry,457e2205a4121c4039ea2d8821a7bb42be4ad7de,2019-04-25T23:34:37+02:00,poetry/console/commands/new.py,65,2,0,0
poetry,457e2205a4121c4039ea2d8821a7bb42be4ad7de,2019-04-25T23:34:37+02:00,poetry/packages/directory_dependency.py,80,1,0,0
poetry,457e2205a4121c4039ea2d8821a7bb42be4ad7de,2019-04-25T23:34:37+02:00,poetry/console/commands/run.py,69,5,0,0
poetry,457e2205a4121c4039ea2d8821a7bb42be4ad7de,2019-04-25T23:34:37+02:00,poetry/semver/__init__.py,164,5,0,0
poetry,457e2205a4121c4039ea2d8821a7bb42be4ad7de,2019-04-25T23:34:37+02:00,poetry/version/version.py,229,2,0,0
poetry,457e2205a4121c4039ea2d8821a7bb42be4ad7de,2019-04-25T23:34:37+02:00,poetry/version/specifiers.py,793,6,0,0
poetry,457e2205a4121c4039ea2d8821a7bb42be4ad7de,2019-04-25T23:34:37+02:00,poetry/installation/pip_installer.py,226,0,0,6
poetry,457e2205a4121c4039ea2d8821a7bb42be4ad7de,2019-04-25T23:34:37+02:00,poetry/mixology/term.py,170,4,0,0
poetry,457e2205a4121c4039ea2d8821a7bb42be4ad7de,2019-04-25T23:34:37+02:00,poetry/repositories/repository.py,113,3,0,0
poetry,457e2205a4121c4039ea2d8821a7bb42be4ad7de,2019-04-25T23:34:37+02:00,poetry/vcs/git.py,102,6,0,0
poetry,457e2205a4121c4039ea2d8821a7bb42be4ad7de,2019-04-25T23:34:37+02:00,poetry/console/commands/init.py,330,3,0,0
poetry,457e2205a4121c4039ea2d8821a7bb42be4ad7de,2019-04-25T23:34:37+02:00,poetry/version/markers.py,653,6,0,0
poetry,457e2205a4121c4039ea2d8821a7bb42be4ad7de,2019-04-25T23:34:37+02:00,poetry/packages/utils/utils.py,237,1,0,0
poetry,457e2205a4121c4039ea2d8821a7bb42be4ad7de,2019-04-25T23:34:37+02:00,poetry/packages/dependency.py,330,2,0,0
poetry,457e2205a4121c4039ea2d8821a7bb42be4ad7de,2019-04-25T23:34:37+02:00,poetry/packages/file_dependency.py,60,1,0,0
poetry,457e2205a4121c4039ea2d8821a7bb42be4ad7de,2019-04-25T23:34:37+02:00,poetry/console/commands/install.py,92,1,0,21
poetry,457e2205a4121c4039ea2d8821a7bb42be4ad7de,2019-04-25T23:34:37+02:00,tests/masonry/builders/test_wheel.py,153,0,0,4
poetry,457e2205a4121c4039ea2d8821a7bb42be4ad7de,2019-04-25T23:34:37+02:00,poetry/packages/constraints/multi_constraint.py,88,5,0,0
poetry,457e2205a4121c4039ea2d8821a7bb42be4ad7de,2019-04-25T23:34:37+02:00,poetry/utils/_compat.py,119,2,0,0
poetry,457e2205a4121c4039ea2d8821a7bb42be4ad7de,2019-04-25T23:34:37+02:00,poetry/console/commands/debug/resolve.py,155,2,0,0
poetry,457e2205a4121c4039ea2d8821a7bb42be4ad7de,2019-04-25T23:34:37+02:00,poetry/utils/appdirs.py,251,1,0,0
poetry,457e2205a4121c4039ea2d8821a7bb42be4ad7de,2019-04-25T23:34:37+02:00,poetry/utils/env.py,576,2,0,52
poetry,457e2205a4121c4039ea2d8821a7bb42be4ad7de,2019-04-25T23:34:37+02:00,poetry/masonry/builders/builder.py,251,3,0,2
poetry,457e2205a4121c4039ea2d8821a7bb42be4ad7de,2019-04-25T23:34:37+02:00,poetry/packages/constraints/__init__.py,56,5,0,0
poetry,457e2205a4121c4039ea2d8821a7bb42be4ad7de,2019-04-25T23:34:37+02:00,poetry/installation/installer.py,516,8,0,0
poetry,457e2205a4121c4039ea2d8821a7bb42be4ad7de,2019-04-25T23:34:37+02:00,tests/masonry/builders/test_editable.py,0,0,0,207
poetry,457e2205a4121c4039ea2d8821a7bb42be4ad7de,2019-04-25T23:34:37+02:00,poetry/console/commands/self/update.py,233,7,0,0
poetry,457e2205a4121c4039ea2d8821a7bb42be4ad7de,2019-04-25T23:34:37+02:00,tests/repositories/test_legacy_repository.py,207,0,0,40
poetry,457e2205a4121c4039ea2d8821a7bb42be4ad7de,2019-04-25T23:34:37+02:00,poetry/masonry/builders/editable.py,0,0,0,138
poetry,457e2205a4121c4039ea2d8821a7bb42be4ad7de,2019-04-25T23:34:37+02:00,poetry/console/commands/show.py,327,0,0,2
poetry,457e2205a4121c4039ea2d8821a7bb42be4ad7de,2019-04-25T23:34:37+02:00,poetry/masonry/builders/wheel.py,314,2,0,0
poetry,457e2205a4121c4039ea2d8821a7bb42be4ad7de,2019-04-25T23:34:37+02:00,poetry/__version__.py,1,0,0,6
poetry,457e2205a4121c4039ea2d8821a7bb42be4ad7de,2019-04-25T23:34:37+02:00,poetry/console/commands/script.py,73,5,0,0
poetry,457e2205a4121c4039ea2d8821a7bb42be4ad7de,2019-04-25T23:34:37+02:00,get-poetry.py,859,12,0,0
poetry,457e2205a4121c4039ea2d8821a7bb42be4ad7de,2019-04-25T23:34:37+02:00,tests/installation/test_pip_installer.py,0,0,0,24
poetry,457e2205a4121c4039ea2d8821a7bb42be4ad7de,2019-04-25T23:34:37+02:00,poetry/config.py,115,2,0,0
poetry,457e2205a4121c4039ea2d8821a7bb42be4ad7de,2019-04-25T23:34:37+02:00,poetry/packages/vcs_dependency.py,80,1,0,0
poetry,457e2205a4121c4039ea2d8821a7bb42be4ad7de,2019-04-25T23:34:37+02:00,poetry/semver/version_union.py,252,5,0,0
poetry,457e2205a4121c4039ea2d8821a7bb42be4ad7de,2019-04-25T23:34:37+02:00,poetry/console/commands/add.py,156,7,0,0
poetry,457e2205a4121c4039ea2d8821a7bb42be4ad7de,2019-04-25T23:34:37+02:00,poetry/packages/constraints/union_constraint.py,113,8,0,0
poetry,457e2205a4121c4039ea2d8821a7bb42be4ad7de,2019-04-25T23:34:37+02:00,poetry/repositories/pypi_repository.py,601,13,0,7
poetry,457e2205a4121c4039ea2d8821a7bb42be4ad7de,2019-04-25T23:34:37+02:00,poetry/utils/setup_reader.py,376,5,0,0
poetry,457e2205a4121c4039ea2d8821a7bb42be4ad7de,2019-04-25T23:34:37+02:00,poetry/packages/package.py,390,3,0,0
poetry,457e2205a4121c4039ea2d8821a7bb42be4ad7de,2019-04-25T23:34:37+02:00,poetry/repositories/legacy_repository.py,385,6,0,3
poetry,457e2205a4121c4039ea2d8821a7bb42be4ad7de,2019-04-25T23:34:37+02:00,poetry/utils/helpers.py,102,2,0,0
poetry,457e2205a4121c4039ea2d8821a7bb42be4ad7de,2019-04-25T23:34:37+02:00,poetry/puzzle/provider.py,718,4,0,0
poetry,457e2205a4121c4039ea2d8821a7bb42be4ad7de,2019-04-25T23:34:37+02:00,poetry/mixology/incompatibility.py,452,2,0,0
poetry,aab8a450008f3073a3f4da8aedca65185c045d89,2019-05-03T14:53:43+02:00,poetry/console/commands/self/self.py,0,0,0,4
poetry,aab8a450008f3073a3f4da8aedca65185c045d89,2019-05-03T14:53:43+02:00,poetry/console/commands/cache/cache.py,0,0,0,6
poetry,aab8a450008f3073a3f4da8aedca65185c045d89,2019-05-03T14:53:43+02:00,poetry/console/application.py,200,0,0,4
poetry,aab8a450008f3073a3f4da8aedca65185c045d89,2019-05-03T14:53:43+02:00,poetry/console/commands/lock.py,32,1,0,6
poetry,aab8a450008f3073a3f4da8aedca65185c045d89,2019-05-03T14:53:43+02:00,poetry/console/commands/update.py,41,1,0,32
poetry,aab8a450008f3073a3f4da8aedca65185c045d89,2019-05-03T14:53:43+02:00,poetry/console/commands/export.py,0,0,0,18
poetry,aab8a450008f3073a3f4da8aedca65185c045d89,2019-05-03T14:53:43+02:00,poetry/semver/version_range.py,448,3,0,0
poetry,aab8a450008f3073a3f4da8aedca65185c045d89,2019-05-03T14:53:43+02:00,poetry/console/commands/remove.py,87,6,0,26
poetry,aab8a450008f3073a3f4da8aedca65185c045d89,2019-05-03T14:53:43+02:00,poetry/console/commands/command.py,95,2,0,0
poetry,aab8a450008f3073a3f4da8aedca65185c045d89,2019-05-03T14:53:43+02:00,poetry/semver/__init__.py,164,5,0,0
poetry,aab8a450008f3073a3f4da8aedca65185c045d89,2019-05-03T14:53:43+02:00,poetry/console/commands/run.py,69,5,0,13
poetry,aab8a450008f3073a3f4da8aedca65185c045d89,2019-05-03T14:53:43+02:00,poetry/version/specifiers.py,793,6,0,0
poetry,aab8a450008f3073a3f4da8aedca65185c045d89,2019-05-03T14:53:43+02:00,poetry/mixology/term.py,170,4,0,0
poetry,aab8a450008f3073a3f4da8aedca65185c045d89,2019-05-03T14:53:43+02:00,poetry/repositories/repository.py,113,3,0,0
poetry,aab8a450008f3073a3f4da8aedca65185c045d89,2019-05-03T14:53:43+02:00,poetry/console/commands/config.py,312,0,0,25
poetry,aab8a450008f3073a3f4da8aedca65185c045d89,2019-05-03T14:53:43+02:00,poetry/vcs/git.py,102,6,0,0
poetry,aab8a450008f3073a3f4da8aedca65185c045d89,2019-05-03T14:53:43+02:00,poetry/packages/utils/utils.py,237,1,0,0
poetry,aab8a450008f3073a3f4da8aedca65185c045d89,2019-05-03T14:53:43+02:00,poetry/packages/dependency.py,330,2,0,0
poetry,aab8a450008f3073a3f4da8aedca65185c045d89,2019-05-03T14:53:43+02:00,poetry/console/commands/env/use.py,0,0,0,11
poetry,aab8a450008f3073a3f4da8aedca65185c045d89,2019-05-03T14:53:43+02:00,poetry/packages/file_dependency.py,60,1,0,0
poetry,aab8a450008f3073a3f4da8aedca65185c045d89,2019-05-03T14:53:43+02:00,poetry/console/commands/install.py,79,1,0,43
poetry,aab8a450008f3073a3f4da8aedca65185c045d89,2019-05-03T14:53:43+02:00,poetry/console/commands/env/list.py,0,0,0,11
poetry,aab8a450008f3073a3f4da8aedca65185c045d89,2019-05-03T14:53:43+02:00,poetry/packages/constraints/multi_constraint.py,88,5,0,0
poetry,aab8a450008f3073a3f4da8aedca65185c045d89,2019-05-03T14:53:43+02:00,poetry/console/commands/debug/resolve.py,155,2,0,32
poetry,aab8a450008f3073a3f4da8aedca65185c045d89,2019-05-03T14:53:43+02:00,poetry/packages/constraints/__init__.py,56,5,0,0
poetry,aab8a450008f3073a3f4da8aedca65185c045d89,2019-05-03T14:53:43+02:00,tests/masonry/builders/test_complete.py,380,0,0,3
poetry,aab8a450008f3073a3f4da8aedca65185c045d89,2019-05-03T14:53:43+02:00,poetry/semver/version.py,462,0,0,6
poetry,aab8a450008f3073a3f4da8aedca65185c045d89,2019-05-03T14:53:43+02:00,poetry/masonry/builders/editable.py,120,0,0,2
poetry,aab8a450008f3073a3f4da8aedca65185c045d89,2019-05-03T14:53:43+02:00,poetry/console/commands/show.py,327,0,0,37
poetry,aab8a450008f3073a3f4da8aedca65185c045d89,2019-05-03T14:53:43+02:00,poetry/masonry/builders/wheel.py,314,2,0,8
poetry,aab8a450008f3073a3f4da8aedca65185c045d89,2019-05-03T14:53:43+02:00,poetry/masonry/builders/sdist.py,337,0,0,2
poetry,aab8a450008f3073a3f4da8aedca65185c045d89,2019-05-03T14:53:43+02:00,poetry/console/commands/version.py,86,0,0,18
poetry,aab8a450008f3073a3f4da8aedca65185c045d89,2019-05-03T14:53:43+02:00,poetry/console/commands/develop.py,19,0,0,19
poetry,aab8a450008f3073a3f4da8aedca65185c045d89,2019-05-03T14:53:43+02:00,tests/installation/test_pip_installer.py,0,0,0,24
poetry,aab8a450008f3073a3f4da8aedca65185c045d89,2019-05-03T14:53:43+02:00,poetry/packages/vcs_dependency.py,80,1,0,0
poetry,aab8a450008f3073a3f4da8aedca65185c045d89,2019-05-03T14:53:43+02:00,poetry/semver/version_union.py,252,5,0,0
poetry,aab8a450008f3073a3f4da8aedca65185c045d89,2019-05-03T14:53:43+02:00,poetry/packages/package.py,390,3,0,0
poetry,aab8a450008f3073a3f4da8aedca65185c045d89,2019-05-03T14:53:43+02:00,poetry/repositories/legacy_repository.py,385,6,0,5
poetry,aab8a450008f3073a3f4da8aedca65185c045d89,2019-05-03T14:53:43+02:00,poetry/utils/helpers.py,102,2,0,0
poetry,aab8a450008f3073a3f4da8aedca65185c045d89,2019-05-03T14:53:43+02:00,poetry/utils/appdirs.py,251,1,0,0
poetry,aab8a450008f3073a3f4da8aedca65185c045d89,2019-05-03T14:53:43+02:00,poetry/puzzle/provider.py,718,4,0,0
poetry,aab8a450008f3073a3f4da8aedca65185c045d89,2019-05-03T14:53:43+02:00,tests/utils/test_env.py,45,0,0,19
poetry,aab8a450008f3073a3f4da8aedca65185c045d89,2019-05-03T14:53:43+02:00,poetry/console/commands/shell.py,42,0,0,6
poetry,aab8a450008f3073a3f4da8aedca65185c045d89,2019-05-03T14:53:43+02:00,poetry/puzzle/operations/update.py,41,2,0,0
poetry,aab8a450008f3073a3f4da8aedca65185c045d89,2019-05-03T14:53:43+02:00,poetry/mixology/failure.py,274,2,0,0
poetry,aab8a450008f3073a3f4da8aedca65185c045d89,2019-05-03T14:53:43+02:00,poetry/console/commands/debug/info.py,62,0,0,7
poetry,aab8a450008f3073a3f4da8aedca65185c045d89,2019-05-03T14:53:43+02:00,poetry/console/commands/about.py,18,0,0,7
poetry,aab8a450008f3073a3f4da8aedca65185c045d89,2019-05-03T14:53:43+02:00,poetry/poetry.py,265,3,0,2
poetry,aab8a450008f3073a3f4da8aedca65185c045d89,2019-05-03T14:53:43+02:00,poetry/console/commands/check.py,25,0,0,6
poetry,aab8a450008f3073a3f4da8aedca65185c045d89,2019-05-03T14:53:43+02:00,poetry/console/commands/new.py,65,2,0,18
poetry,aab8a450008f3073a3f4da8aedca65185c045d89,2019-05-03T14:53:43+02:00,poetry/packages/directory_dependency.py,80,1,0,0
poetry,aab8a450008f3073a3f4da8aedca65185c045d89,2019-05-03T14:53:43+02:00,poetry/version/version.py,229,2,0,0
poetry,aab8a450008f3073a3f4da8aedca65185c045d89,2019-05-03T14:53:43+02:00,poetry/console/commands/env/remove.py,0,0,0,13
poetry,aab8a450008f3073a3f4da8aedca65185c045d89,2019-05-03T14:53:43+02:00,poetry/console/commands/debug/debug.py,0,0,0,6
poetry,aab8a450008f3073a3f4da8aedca65185c045d89,2019-05-03T14:53:43+02:00,poetry/installation/pip_installer.py,226,0,0,6
poetry,aab8a450008f3073a3f4da8aedca65185c045d89,2019-05-03T14:53:43+02:00,tests/semver/test_version.py,158,0,0,7
poetry,aab8a450008f3073a3f4da8aedca65185c045d89,2019-05-03T14:53:43+02:00,poetry/console/commands/init.py,330,3,0,43
poetry,aab8a450008f3073a3f4da8aedca65185c045d89,2019-05-03T14:53:43+02:00,poetry/version/markers.py,653,6,0,0
poetry,aab8a450008f3073a3f4da8aedca65185c045d89,2019-05-03T14:53:43+02:00,poetry/console/commands/__init__.py,19,0,0,2
poetry,aab8a450008f3073a3f4da8aedca65185c045d89,2019-05-03T14:53:43+02:00,poetry/utils/_compat.py,119,2,0,0
poetry,aab8a450008f3073a3f4da8aedca65185c045d89,2019-05-03T14:53:43+02:00,poetry/utils/env.py,626,2,0,8
poetry,aab8a450008f3073a3f4da8aedca65185c045d89,2019-05-03T14:53:43+02:00,poetry/masonry/builders/builder.py,251,3,0,0
poetry,aab8a450008f3073a3f4da8aedca65185c045d89,2019-05-03T14:53:43+02:00,poetry/installation/installer.py,516,8,0,0
poetry,aab8a450008f3073a3f4da8aedca65185c045d89,2019-05-03T14:53:43+02:00,poetry/console/commands/cache/clear.py,83,0,0,14
poetry,aab8a450008f3073a3f4da8aedca65185c045d89,2019-05-03T14:53:43+02:00,poetry/console/commands/publish.py,55,0,0,23
poetry,aab8a450008f3073a3f4da8aedca65185c045d89,2019-05-03T14:53:43+02:00,poetry/console/commands/self/update.py,233,7,0,14
poetry,aab8a450008f3073a3f4da8aedca65185c045d89,2019-05-03T14:53:43+02:00,tests/repositories/test_legacy_repository.py,207,0,0,48
poetry,aab8a450008f3073a3f4da8aedca65185c045d89,2019-05-03T14:53:43+02:00,poetry/console/commands/env/info.py,0,0,0,11
poetry,aab8a450008f3073a3f4da8aedca65185c045d89,2019-05-03T14:53:43+02:00,poetry/console/commands/search.py,31,0,0,14
poetry,aab8a450008f3073a3f4da8aedca65185c045d89,2019-05-03T14:53:43+02:00,poetry/__version__.py,1,0,0,2
poetry,aab8a450008f3073a3f4da8aedca65185c045d89,2019-05-03T14:53:43+02:00,poetry/console/commands/script.py,73,5,0,56
poetry,aab8a450008f3073a3f4da8aedca65185c045d89,2019-05-03T14:53:43+02:00,get-poetry.py,859,12,0,0
poetry,aab8a450008f3073a3f4da8aedca65185c045d89,2019-05-03T14:53:43+02:00,poetry/config.py,115,2,0,0
poetry,aab8a450008f3073a3f4da8aedca65185c045d89,2019-05-03T14:53:43+02:00,poetry/console/commands/add.py,156,7,0,55
poetry,aab8a450008f3073a3f4da8aedca65185c045d89,2019-05-03T14:53:43+02:00,poetry/packages/constraints/union_constraint.py,113,8,0,0
poetry,aab8a450008f3073a3f4da8aedca65185c045d89,2019-05-03T14:53:43+02:00,poetry/repositories/pypi_repository.py,601,13,0,7
poetry,aab8a450008f3073a3f4da8aedca65185c045d89,2019-05-03T14:53:43+02:00,poetry/utils/setup_reader.py,376,5,0,0
poetry,aab8a450008f3073a3f4da8aedca65185c045d89,2019-05-03T14:53:43+02:00,poetry/console/commands/build.py,27,0,0,13
poetry,aab8a450008f3073a3f4da8aedca65185c045d89,2019-05-03T14:53:43+02:00,poetry/console/commands/env/env.py,0,0,0,6
poetry,aab8a450008f3073a3f4da8aedca65185c045d89,2019-05-03T14:53:43+02:00,poetry/mixology/incompatibility.py,452,2,0,0
poetry,571e5634f4c9962eadba916381cee971e228b21a,2019-05-16T22:10:21+02:00,poetry/console/commands/lock.py,32,1,0,0
poetry,571e5634f4c9962eadba916381cee971e228b21a,2019-05-16T22:10:21+02:00,poetry/console/commands/update.py,41,1,0,0
poetry,571e5634f4c9962eadba916381cee971e228b21a,2019-05-16T22:10:21+02:00,tests/test_poetry.py,154,0,0,36
poetry,571e5634f4c9962eadba916381cee971e228b21a,2019-05-16T22:10:21+02:00,tests/masonry/builders/fixtures/with-include/tests/__init__.py,0,0,0,0
poetry,571e5634f4c9962eadba916381cee971e228b21a,2019-05-16T22:10:21+02:00,tests/puzzle/test_solver.py,1572,0,0,134
poetry,571e5634f4c9962eadba916381cee971e228b21a,2019-05-16T22:10:21+02:00,poetry/semver/version_range.py,448,3,0,0
poetry,571e5634f4c9962eadba916381cee971e228b21a,2019-05-16T22:10:21+02:00,poetry/console/commands/remove.py,87,6,0,0
poetry,571e5634f4c9962eadba916381cee971e228b21a,2019-05-16T22:10:21+02:00,poetry/console/commands/command.py,95,2,0,0
poetry,571e5634f4c9962eadba916381cee971e228b21a,2019-05-16T22:10:21+02:00,poetry/semver/__init__.py,164,5,0,0
poetry,571e5634f4c9962eadba916381cee971e228b21a,2019-05-16T22:10:21+02:00,poetry/console/commands/run.py,69,5,0,0
poetry,571e5634f4c9962eadba916381cee971e228b21a,2019-05-16T22:10:21+02:00,tests/console/commands/test_check.py,43,0,0,11
poetry,571e5634f4c9962eadba916381cee971e228b21a,2019-05-16T22:10:21+02:00,poetry/version/specifiers.py,793,6,0,0
poetry,571e5634f4c9962eadba916381cee971e228b21a,2019-05-16T22:10:21+02:00,poetry/mixology/term.py,170,4,0,0
poetry,571e5634f4c9962eadba916381cee971e228b21a,2019-05-16T22:10:21+02:00,poetry/repositories/repository.py,113,3,0,6
poetry,571e5634f4c9962eadba916381cee971e228b21a,2019-05-16T22:10:21+02:00,poetry/vcs/git.py,102,6,0,0
poetry,571e5634f4c9962eadba916381cee971e228b21a,2019-05-16T22:10:21+02:00,poetry/packages/utils/utils.py,237,1,0,0
poetry,571e5634f4c9962eadba916381cee971e228b21a,2019-05-16T22:10:21+02:00,poetry/packages/dependency.py,330,2,0,8
poetry,571e5634f4c9962eadba916381cee971e228b21a,2019-05-16T22:10:21+02:00,poetry/packages/file_dependency.py,60,1,0,0
poetry,571e5634f4c9962eadba916381cee971e228b21a,2019-05-16T22:10:21+02:00,poetry/console/commands/install.py,79,1,0,0
poetry,571e5634f4c9962eadba916381cee971e228b21a,2019-05-16T22:10:21+02:00,tests/masonry/builders/test_wheel.py,149,0,0,40
poetry,571e5634f4c9962eadba916381cee971e228b21a,2019-05-16T22:10:21+02:00,poetry/packages/constraints/multi_constraint.py,88,5,0,0
poetry,571e5634f4c9962eadba916381cee971e228b21a,2019-05-16T22:10:21+02:00,poetry/console/commands/debug/resolve.py,155,2,0,0
poetry,571e5634f4c9962eadba916381cee971e228b21a,2019-05-16T22:10:21+02:00,poetry/packages/constraints/__init__.py,56,5,0,0
poetry,571e5634f4c9962eadba916381cee971e228b21a,2019-05-16T22:10:21+02:00,tests/masonry/builders/test_complete.py,380,0,0,86
poetry,571e5634f4c9962eadba916381cee971e228b21a,2019-05-16T22:10:21+02:00,poetry/semver/version.py,462,0,0,6
poetry,571e5634f4c9962eadba916381cee971e228b21a,2019-05-16T22:10:21+02:00,poetry/masonry/builders/wheel.py,314,2,0,7
poetry,571e5634f4c9962eadba916381cee971e228b21a,2019-05-16T22:10:21+02:00,tests/masonry/builders/test_sdist.py,486,0,0,61
poetry,571e5634f4c9962eadba916381cee971e228b21a,2019-05-16T22:10:21+02:00,poetry/masonry/builders/sdist.py,337,0,0,3
poetry,571e5634f4c9962eadba916381cee971e228b21a,2019-05-16T22:10:21+02:00,tests/installation/test_pip_installer.py,24,0,0,3
poetry,571e5634f4c9962eadba916381cee971e228b21a,2019-05-16T22:10:21+02:00,poetry/packages/vcs_dependency.py,80,1,0,0
poetry,571e5634f4c9962eadba916381cee971e228b21a,2019-05-16T22:10:21+02:00,poetry/semver/version_union.py,252,5,0,0
poetry,571e5634f4c9962eadba916381cee971e228b21a,2019-05-16T22:10:21+02:00,poetry/masonry/utils/module.py,91,0,0,11
poetry,571e5634f4c9962eadba916381cee971e228b21a,2019-05-16T22:10:21+02:00,poetry/packages/package.py,390,3,0,2
poetry,571e5634f4c9962eadba916381cee971e228b21a,2019-05-16T22:10:21+02:00,tests/installation/test_installer.py,1362,0,0,23
poetry,571e5634f4c9962eadba916381cee971e228b21a,2019-05-16T22:10:21+02:00,poetry/repositories/legacy_repository.py,388,6,0,22
poetry,571e5634f4c9962eadba916381cee971e228b21a,2019-05-16T22:10:21+02:00,poetry/utils/helpers.py,102,2,0,0
poetry,571e5634f4c9962eadba916381cee971e228b21a,2019-05-16T22:10:21+02:00,poetry/utils/appdirs.py,251,1,0,0
poetry,571e5634f4c9962eadba916381cee971e228b21a,2019-05-16T22:10:21+02:00,poetry/puzzle/provider.py,718,4,0,6
poetry,571e5634f4c9962eadba916381cee971e228b21a,2019-05-16T22:10:21+02:00,poetry/puzzle/operations/update.py,41,2,0,0
poetry,571e5634f4c9962eadba916381cee971e228b21a,2019-05-16T22:10:21+02:00,poetry/mixology/failure.py,274,2,0,0
poetry,571e5634f4c9962eadba916381cee971e228b21a,2019-05-16T22:10:21+02:00,tests/masonry/builders/fixtures/with-include/for_wheel_only/__init__.py,0,0,0,0
poetry,571e5634f4c9962eadba916381cee971e228b21a,2019-05-16T22:10:21+02:00,poetry/poetry.py,265,1,0,53
poetry,571e5634f4c9962eadba916381cee971e228b21a,2019-05-16T22:10:21+02:00,poetry/console/commands/check.py,25,0,0,10
poetry,571e5634f4c9962eadba916381cee971e228b21a,2019-05-16T22:10:21+02:00,poetry/console/commands/new.py,65,2,0,0
poetry,571e5634f4c9962eadba916381cee971e228b21a,2019-05-16T22:10:21+02:00,poetry/packages/directory_dependency.py,80,1,0,0
poetry,571e5634f4c9962eadba916381cee971e228b21a,2019-05-16T22:10:21+02:00,tests/repositories/test_pypi_repository.py,175,0,0,3
poetry,571e5634f4c9962eadba916381cee971e228b21a,2019-05-16T22:10:21+02:00,poetry/version/version.py,229,2,0,0
poetry,571e5634f4c9962eadba916381cee971e228b21a,2019-05-16T22:10:21+02:00,poetry/repositories/pool.py,82,0,0,130
poetry,571e5634f4c9962eadba916381cee971e228b21a,2019-05-16T22:10:21+02:00,poetry/installation/pip_installer.py,230,0,0,21
poetry,571e5634f4c9962eadba916381cee971e228b21a,2019-05-16T22:10:21+02:00,tests/semver/test_version.py,158,0,0,7
poetry,571e5634f4c9962eadba916381cee971e228b21a,2019-05-16T22:10:21+02:00,poetry/console/commands/init.py,330,3,0,0
poetry,571e5634f4c9962eadba916381cee971e228b21a,2019-05-16T22:10:21+02:00,poetry/version/markers.py,653,6,0,0
poetry,571e5634f4c9962eadba916381cee971e228b21a,2019-05-16T22:10:21+02:00,poetry/masonry/utils/include.py,40,0,0,10
poetry,571e5634f4c9962eadba916381cee971e228b21a,2019-05-16T22:10:21+02:00,poetry/utils/_compat.py,119,2,0,0
poetry,571e5634f4c9962eadba916381cee971e228b21a,2019-05-16T22:10:21+02:00,poetry/utils/env.py,626,2,0,0
poetry,571e5634f4c9962eadba916381cee971e228b21a,2019-05-16T22:10:21+02:00,poetry/masonry/builders/builder.py,251,3,0,0
poetry,571e5634f4c9962eadba916381cee971e228b21a,2019-05-16T22:10:21+02:00,poetry/installation/installer.py,516,8,0,4
poetry,571e5634f4c9962eadba916381cee971e228b21a,2019-05-16T22:10:21+02:00,poetry/console/commands/self/update.py,233,7,0,0
poetry,571e5634f4c9962eadba916381cee971e228b21a,2019-05-16T22:10:21+02:00,poetry/repositories/auth.py,19,0,0,8
poetry,571e5634f4c9962eadba916381cee971e228b21a,2019-05-16T22:10:21+02:00,tests/repositories/test_legacy_repository.py,247,0,0,10
poetry,571e5634f4c9962eadba916381cee971e228b21a,2019-05-16T22:10:21+02:00,poetry/__version__.py,1,0,0,4
poetry,571e5634f4c9962eadba916381cee971e228b21a,2019-05-16T22:10:21+02:00,poetry/console/commands/script.py,73,5,0,0
poetry,571e5634f4c9962eadba916381cee971e228b21a,2019-05-16T22:10:21+02:00,get-poetry.py,859,12,0,0
poetry,571e5634f4c9962eadba916381cee971e228b21a,2019-05-16T22:10:21+02:00,poetry/config.py,115,2,0,0
poetry,571e5634f4c9962eadba916381cee971e228b21a,2019-05-16T22:10:21+02:00,poetry/console/commands/add.py,156,7,0,0
poetry,571e5634f4c9962eadba916381cee971e228b21a,2019-05-16T22:10:21+02:00,poetry/packages/constraints/union_constraint.py,113,8,0,0
poetry,571e5634f4c9962eadba916381cee971e228b21a,2019-05-16T22:10:21+02:00,poetry/repositories/pypi_repository.py,608,13,0,20
poetry,571e5634f4c9962eadba916381cee971e228b21a,2019-05-16T22:10:21+02:00,poetry/utils/setup_reader.py,376,5,0,0
poetry,571e5634f4c9962eadba916381cee971e228b21a,2019-05-16T22:10:21+02:00,poetry/masonry/utils/package_include.py,63,0,0,4
poetry,571e5634f4c9962eadba916381cee971e228b21a,2019-05-16T22:10:21+02:00,tests/repositories/test_pool.py,13,0,0,58
poetry,571e5634f4c9962eadba916381cee971e228b21a,2019-05-16T22:10:21+02:00,poetry/mixology/incompatibility.py,452,2,0,0
poetry,ba81d8a1b8a29bffc98f7310618b30a2282361f0,2019-06-10T21:45:41-05:00,poetry/console/commands/lock.py,26,1,0,0
poetry,ba81d8a1b8a29bffc98f7310618b30a2282361f0,2019-06-10T21:45:41-05:00,poetry/puzzle/operations/update.py,41,2,0,0
poetry,ba81d8a1b8a29bffc98f7310618b30a2282361f0,2019-06-10T21:45:41-05:00,poetry/console/commands/update.py,49,1,0,0
poetry,ba81d8a1b8a29bffc98f7310618b30a2282361f0,2019-06-10T21:45:41-05:00,poetry/mixology/failure.py,274,2,0,0
poetry,ba81d8a1b8a29bffc98f7310618b30a2282361f0,2019-06-10T21:45:41-05:00,tests/test_poetry.py,198,0,0,8
poetry,ba81d8a1b8a29bffc98f7310618b30a2282361f0,2019-06-10T21:45:41-05:00,tests/puzzle/test_solver.py,1705,0,0,33
poetry,ba81d8a1b8a29bffc98f7310618b30a2282361f0,2019-06-10T21:45:41-05:00,poetry/semver/version_range.py,448,3,0,0
poetry,ba81d8a1b8a29bffc98f7310618b30a2282361f0,2019-06-10T21:45:41-05:00,poetry/poetry.py,286,1,0,3
poetry,ba81d8a1b8a29bffc98f7310618b30a2282361f0,2019-06-10T21:45:41-05:00,poetry/console/commands/remove.py,91,5,0,0
poetry,ba81d8a1b8a29bffc98f7310618b30a2282361f0,2019-06-10T21:45:41-05:00,poetry/console/commands/new.py,69,2,0,0
poetry,ba81d8a1b8a29bffc98f7310618b30a2282361f0,2019-06-10T21:45:41-05:00,poetry/packages/directory_dependency.py,80,1,0,0
poetry,ba81d8a1b8a29bffc98f7310618b30a2282361f0,2019-06-10T21:45:41-05:00,poetry/semver/__init__.py,164,5,0,0
poetry,ba81d8a1b8a29bffc98f7310618b30a2282361f0,2019-06-10T21:45:41-05:00,poetry/version/version.py,229,2,0,0
poetry,ba81d8a1b8a29bffc98f7310618b30a2282361f0,2019-06-10T21:45:41-05:00,poetry/repositories/pool.py,164,2,0,0
poetry,ba81d8a1b8a29bffc98f7310618b30a2282361f0,2019-06-10T21:45:41-05:00,poetry/puzzle/solver.py,326,0,0,8
poetry,ba81d8a1b8a29bffc98f7310618b30a2282361f0,2019-06-10T21:45:41-05:00,poetry/version/specifiers.py,793,6,0,0
poetry,ba81d8a1b8a29bffc98f7310618b30a2282361f0,2019-06-10T21:45:41-05:00,tests/masonry/test_api.py,128,0,0,4
poetry,ba81d8a1b8a29bffc98f7310618b30a2282361f0,2019-06-10T21:45:41-05:00,poetry/mixology/term.py,170,4,0,0
poetry,ba81d8a1b8a29bffc98f7310618b30a2282361f0,2019-06-10T21:45:41-05:00,poetry/repositories/repository.py,122,3,0,0
poetry,ba81d8a1b8a29bffc98f7310618b30a2282361f0,2019-06-10T21:45:41-05:00,poetry/console/commands/config.py,327,0,0,15
poetry,ba81d8a1b8a29bffc98f7310618b30a2282361f0,2019-06-10T21:45:41-05:00,poetry/vcs/git.py,102,6,0,0
poetry,ba81d8a1b8a29bffc98f7310618b30a2282361f0,2019-06-10T21:45:41-05:00,poetry/console/commands/init.py,349,3,0,0
poetry,ba81d8a1b8a29bffc98f7310618b30a2282361f0,2019-06-10T21:45:41-05:00,poetry/version/markers.py,653,6,0,0
poetry,ba81d8a1b8a29bffc98f7310618b30a2282361f0,2019-06-10T21:45:41-05:00,poetry/packages/utils/utils.py,237,1,0,0
poetry,ba81d8a1b8a29bffc98f7310618b30a2282361f0,2019-06-10T21:45:41-05:00,poetry/packages/dependency.py,338,2,0,0
poetry,ba81d8a1b8a29bffc98f7310618b30a2282361f0,2019-06-10T21:45:41-05:00,poetry/packages/file_dependency.py,60,1,0,0
poetry,ba81d8a1b8a29bffc98f7310618b30a2282361f0,2019-06-10T21:45:41-05:00,poetry/console/commands/install.py,98,1,0,0
poetry,ba81d8a1b8a29bffc98f7310618b30a2282361f0,2019-06-10T21:45:41-05:00,tests/utils/test_helpers_keyring.py,0,0,0,125
poetry,ba81d8a1b8a29bffc98f7310618b30a2282361f0,2019-06-10T21:45:41-05:00,poetry/packages/constraints/multi_constraint.py,88,5,0,0
poetry,ba81d8a1b8a29bffc98f7310618b30a2282361f0,2019-06-10T21:45:41-05:00,poetry/utils/_compat.py,119,2,0,0
poetry,ba81d8a1b8a29bffc98f7310618b30a2282361f0,2019-06-10T21:45:41-05:00,poetry/console/commands/debug/resolve.py,166,2,0,0
poetry,ba81d8a1b8a29bffc98f7310618b30a2282361f0,2019-06-10T21:45:41-05:00,poetry/utils/appdirs.py,251,1,0,0
poetry,ba81d8a1b8a29bffc98f7310618b30a2282361f0,2019-06-10T21:45:41-05:00,poetry/masonry/metadata.py,90,0,0,4
poetry,ba81d8a1b8a29bffc98f7310618b30a2282361f0,2019-06-10T21:45:41-05:00,poetry/utils/env.py,956,22,0,0
poetry,ba81d8a1b8a29bffc98f7310618b30a2282361f0,2019-06-10T21:45:41-05:00,poetry/masonry/builders/builder.py,251,3,0,8
poetry,ba81d8a1b8a29bffc98f7310618b30a2282361f0,2019-06-10T21:45:41-05:00,poetry/packages/constraints/__init__.py,56,5,0,0
poetry,ba81d8a1b8a29bffc98f7310618b30a2282361f0,2019-06-10T21:45:41-05:00,poetry/installation/installer.py,518,8,0,0
poetry,ba81d8a1b8a29bffc98f7310618b30a2282361f0,2019-06-10T21:45:41-05:00,tests/masonry/builders/test_complete.py,469,0,0,8
poetry,ba81d8a1b8a29bffc98f7310618b30a2282361f0,2019-06-10T21:45:41-05:00,poetry/console/commands/cache/clear.py,85,0,0,2
poetry,ba81d8a1b8a29bffc98f7310618b30a2282361f0,2019-06-10T21:45:41-05:00,poetry/console/commands/self/update.py,221,7,0,0
poetry,ba81d8a1b8a29bffc98f7310618b30a2282361f0,2019-06-10T21:45:41-05:00,poetry/masonry/builders/wheel.py,323,2,0,0
poetry,ba81d8a1b8a29bffc98f7310618b30a2282361f0,2019-06-10T21:45:41-05:00,tests/masonry/builders/test_sdist.py,432,0,0,6
poetry,ba81d8a1b8a29bffc98f7310618b30a2282361f0,2019-06-10T21:45:41-05:00,poetry/masonry/builders/sdist.py,340,0,0,4
poetry,ba81d8a1b8a29bffc98f7310618b30a2282361f0,2019-06-10T21:45:41-05:00,poetry/__version__.py,1,0,0,2
poetry,ba81d8a1b8a29bffc98f7310618b30a2282361f0,2019-06-10T21:45:41-05:00,tests/masonry/builders/test_builder.py,134,0,0,2
poetry,ba81d8a1b8a29bffc98f7310618b30a2282361f0,2019-06-10T21:45:41-05:00,get-poetry.py,859,12,0,0
poetry,ba81d8a1b8a29bffc98f7310618b30a2282361f0,2019-06-10T21:45:41-05:00,poetry/config.py,115,2,0,0
poetry,ba81d8a1b8a29bffc98f7310618b30a2282361f0,2019-06-10T21:45:41-05:00,poetry/packages/vcs_dependency.py,80,1,0,0
poetry,ba81d8a1b8a29bffc98f7310618b30a2282361f0,2019-06-10T21:45:41-05:00,poetry/semver/version_union.py,252,5,0,0
poetry,ba81d8a1b8a29bffc98f7310618b30a2282361f0,2019-06-10T21:45:41-05:00,poetry/console/commands/add.py,175,6,0,0
poetry,ba81d8a1b8a29bffc98f7310618b30a2282361f0,2019-06-10T21:45:41-05:00,poetry/packages/constraints/union_constraint.py,113,8,0,0
poetry,ba81d8a1b8a29bffc98f7310618b30a2282361f0,2019-06-10T21:45:41-05:00,poetry/repositories/pypi_repository.py,624,13,0,0
poetry,ba81d8a1b8a29bffc98f7310618b30a2282361f0,2019-06-10T21:45:41-05:00,poetry/utils/setup_reader.py,376,5,0,0
poetry,ba81d8a1b8a29bffc98f7310618b30a2282361f0,2019-06-10T21:45:41-05:00,poetry/packages/package.py,396,3,0,56
poetry,ba81d8a1b8a29bffc98f7310618b30a2282361f0,2019-06-10T21:45:41-05:00,poetry/console/commands/build.py,30,0,0,2
poetry,ba81d8a1b8a29bffc98f7310618b30a2282361f0,2019-06-10T21:45:41-05:00,poetry/repositories/legacy_repository.py,405,6,0,0
poetry,ba81d8a1b8a29bffc98f7310618b30a2282361f0,2019-06-10T21:45:41-05:00,poetry/utils/helpers.py,102,2,0,46
poetry,ba81d8a1b8a29bffc98f7310618b30a2282361f0,2019-06-10T21:45:41-05:00,poetry/puzzle/provider.py,709,4,0,0
poetry,ba81d8a1b8a29bffc98f7310618b30a2282361f0,2019-06-10T21:45:41-05:00,poetry/mixology/incompatibility.py,452,2,0,0
poetry,8cb0d53ddbc44f894b8261844b2433cf342a28c2,2019-07-01T22:48:59+02:00,tests/utils/test_env.py,471,0,0,69
poetry,8cb0d53ddbc44f894b8261844b2433cf342a28c2,2019-07-01T22:48:59+02:00,tests/console/commands/test_init.py,137,0,0,306
poetry,8cb0d53ddbc44f894b8261844b2433cf342a28c2,2019-07-01T22:48:59+02:00,poetry/console/commands/lock.py,26,1,0,2
poetry,8cb0d53ddbc44f894b8261844b2433cf342a28c2,2019-07-01T22:48:59+02:00,poetry/puzzle/operations/update.py,41,2,0,0
poetry,8cb0d53ddbc44f894b8261844b2433cf342a28c2,2019-07-01T22:48:59+02:00,poetry/console/commands/update.py,49,1,0,0
poetry,8cb0d53ddbc44f894b8261844b2433cf342a28c2,2019-07-01T22:48:59+02:00,poetry/mixology/failure.py,274,2,0,0
poetry,8cb0d53ddbc44f894b8261844b2433cf342a28c2,2019-07-01T22:48:59+02:00,poetry/console/commands/about.py,17,0,0,3
poetry,8cb0d53ddbc44f894b8261844b2433cf342a28c2,2019-07-01T22:48:59+02:00,poetry/semver/version_range.py,448,3,0,0
poetry,8cb0d53ddbc44f894b8261844b2433cf342a28c2,2019-07-01T22:48:59+02:00,poetry/poetry.py,289,1,0,0
poetry,8cb0d53ddbc44f894b8261844b2433cf342a28c2,2019-07-01T22:48:59+02:00,poetry/console/commands/remove.py,91,5,0,0
poetry,8cb0d53ddbc44f894b8261844b2433cf342a28c2,2019-07-01T22:48:59+02:00,poetry/console/commands/new.py,69,2,0,0
poetry,8cb0d53ddbc44f894b8261844b2433cf342a28c2,2019-07-01T22:48:59+02:00,poetry/packages/directory_dependency.py,80,1,0,0
poetry,8cb0d53ddbc44f894b8261844b2433cf342a28c2,2019-07-01T22:48:59+02:00,poetry/semver/__init__.py,164,5,0,0
poetry,8cb0d53ddbc44f894b8261844b2433cf342a28c2,2019-07-01T22:48:59+02:00,tests/console/commands/debug/test_resolve.py,74,0,0,8
poetry,8cb0d53ddbc44f894b8261844b2433cf342a28c2,2019-07-01T22:48:59+02:00,poetry/version/version.py,229,2,0,0
poetry,8cb0d53ddbc44f894b8261844b2433cf342a28c2,2019-07-01T22:48:59+02:00,poetry/repositories/pool.py,164,2,0,0
poetry,8cb0d53ddbc44f894b8261844b2433cf342a28c2,2019-07-01T22:48:59+02:00,poetry/version/specifiers.py,793,6,0,0
poetry,8cb0d53ddbc44f894b8261844b2433cf342a28c2,2019-07-01T22:48:59+02:00,tests/console/commands/test_add.py,409,0,0,262
poetry,8cb0d53ddbc44f894b8261844b2433cf342a28c2,2019-07-01T22:48:59+02:00,poetry/installation/pip_installer.py,228,0,0,18
poetry,8cb0d53ddbc44f894b8261844b2433cf342a28c2,2019-07-01T22:48:59+02:00,poetry/masonry/publishing/uploader.py,302,0,0,4
poetry,8cb0d53ddbc44f894b8261844b2433cf342a28c2,2019-07-01T22:48:59+02:00,poetry/mixology/term.py,170,4,0,0
poetry,8cb0d53ddbc44f894b8261844b2433cf342a28c2,2019-07-01T22:48:59+02:00,poetry/repositories/repository.py,122,3,0,0
poetry,8cb0d53ddbc44f894b8261844b2433cf342a28c2,2019-07-01T22:48:59+02:00,poetry/vcs/git.py,102,6,0,0
poetry,8cb0d53ddbc44f894b8261844b2433cf342a28c2,2019-07-01T22:48:59+02:00,poetry/console/commands/init.py,349,3,0,181
poetry,8cb0d53ddbc44f894b8261844b2433cf342a28c2,2019-07-01T22:48:59+02:00,poetry/version/markers.py,653,6,0,0
poetry,8cb0d53ddbc44f894b8261844b2433cf342a28c2,2019-07-01T22:48:59+02:00,poetry/packages/utils/utils.py,237,1,0,0
poetry,8cb0d53ddbc44f894b8261844b2433cf342a28c2,2019-07-01T22:48:59+02:00,tests/console/commands/env/test_use.py,179,0,0,15
poetry,8cb0d53ddbc44f894b8261844b2433cf342a28c2,2019-07-01T22:48:59+02:00,poetry/packages/dependency.py,338,2,0,0
poetry,8cb0d53ddbc44f894b8261844b2433cf342a28c2,2019-07-01T22:48:59+02:00,tests/console/commands/env/test_remove.py,65,0,0,10
poetry,8cb0d53ddbc44f894b8261844b2433cf342a28c2,2019-07-01T22:48:59+02:00,poetry/packages/file_dependency.py,60,1,0,0
poetry,8cb0d53ddbc44f894b8261844b2433cf342a28c2,2019-07-01T22:48:59+02:00,poetry/console/commands/install.py,98,1,0,0
poetry,8cb0d53ddbc44f894b8261844b2433cf342a28c2,2019-07-01T22:48:59+02:00,poetry/packages/constraints/multi_constraint.py,88,5,0,0
poetry,8cb0d53ddbc44f894b8261844b2433cf342a28c2,2019-07-01T22:48:59+02:00,poetry/utils/_compat.py,119,2,0,157
poetry,8cb0d53ddbc44f894b8261844b2433cf342a28c2,2019-07-01T22:48:59+02:00,poetry/console/commands/debug/resolve.py,166,2,0,22
poetry,8cb0d53ddbc44f894b8261844b2433cf342a28c2,2019-07-01T22:48:59+02:00,poetry/utils/appdirs.py,251,1,0,0
poetry,8cb0d53ddbc44f894b8261844b2433cf342a28c2,2019-07-01T22:48:59+02:00,poetry/utils/env.py,956,22,0,0
poetry,8cb0d53ddbc44f894b8261844b2433cf342a28c2,2019-07-01T22:48:59+02:00,poetry/masonry/builders/builder.py,259,3,0,0
poetry,8cb0d53ddbc44f894b8261844b2433cf342a28c2,2019-07-01T22:48:59+02:00,poetry/packages/constraints/__init__.py,56,5,0,0
poetry,8cb0d53ddbc44f894b8261844b2433cf342a28c2,2019-07-01T22:48:59+02:00,poetry/installation/installer.py,518,8,0,0
poetry,8cb0d53ddbc44f894b8261844b2433cf342a28c2,2019-07-01T22:48:59+02:00,poetry/console/commands/self/update.py,221,7,0,0
poetry,8cb0d53ddbc44f894b8261844b2433cf342a28c2,2019-07-01T22:48:59+02:00,poetry/masonry/builders/wheel.py,323,2,0,0
poetry,8cb0d53ddbc44f894b8261844b2433cf342a28c2,2019-07-01T22:48:59+02:00,poetry/__version__.py,1,0,0,4
poetry,8cb0d53ddbc44f894b8261844b2433cf342a28c2,2019-07-01T22:48:59+02:00,get-poetry.py,859,12,0,0
poetry,8cb0d53ddbc44f894b8261844b2433cf342a28c2,2019-07-01T22:48:59+02:00,tests/installation/test_pip_installer.py,25,0,0,25
poetry,8cb0d53ddbc44f894b8261844b2433cf342a28c2,2019-07-01T22:48:59+02:00,poetry/config.py,119,2,0,0
poetry,8cb0d53ddbc44f894b8261844b2433cf342a28c2,2019-07-01T22:48:59+02:00,poetry/packages/vcs_dependency.py,80,1,0,0
poetry,8cb0d53ddbc44f894b8261844b2433cf342a28c2,2019-07-01T22:48:59+02:00,poetry/semver/version_union.py,252,5,0,0
poetry,8cb0d53ddbc44f894b8261844b2433cf342a28c2,2019-07-01T22:48:59+02:00,poetry/version/version_selector.py,75,0,0,24
poetry,8cb0d53ddbc44f894b8261844b2433cf342a28c2,2019-07-01T22:48:59+02:00,poetry/console/commands/add.py,175,6,0,51
poetry,8cb0d53ddbc44f894b8261844b2433cf342a28c2,2019-07-01T22:48:59+02:00,poetry/packages/constraints/union_constraint.py,113,8,0,0
poetry,8cb0d53ddbc44f894b8261844b2433cf342a28c2,2019-07-01T22:48:59+02:00,poetry/repositories/pypi_repository.py,624,13,0,0
poetry,8cb0d53ddbc44f894b8261844b2433cf342a28c2,2019-07-01T22:48:59+02:00,poetry/utils/setup_reader.py,376,5,0,0
poetry,8cb0d53ddbc44f894b8261844b2433cf342a28c2,2019-07-01T22:48:59+02:00,poetry/packages/package.py,420,4,0,0
poetry,8cb0d53ddbc44f894b8261844b2433cf342a28c2,2019-07-01T22:48:59+02:00,poetry/repositories/legacy_repository.py,405,6,0,0
poetry,8cb0d53ddbc44f894b8261844b2433cf342a28c2,2019-07-01T22:48:59+02:00,poetry/utils/helpers.py,142,2,0,0
poetry,8cb0d53ddbc44f894b8261844b2433cf342a28c2,2019-07-01T22:48:59+02:00,poetry/puzzle/provider.py,714,4,0,160
poetry,8cb0d53ddbc44f894b8261844b2433cf342a28c2,2019-07-01T22:48:59+02:00,poetry/mixology/incompatibility.py,452,2,0,0
poetry,bff20b25e535f78475fa9151d5edc4d5a3c46f78,2019-07-01T22:49:08+02:00,tests/utils/test_env.py,471,0,0,69
poetry,bff20b25e535f78475fa9151d5edc4d5a3c46f78,2019-07-01T22:49:08+02:00,tests/console/commands/test_init.py,137,0,0,306
poetry,bff20b25e535f78475fa9151d5edc4d5a3c46f78,2019-07-01T22:49:08+02:00,poetry/console/commands/lock.py,26,1,0,2
poetry,bff20b25e535f78475fa9151d5edc4d5a3c46f78,2019-07-01T22:49:08+02:00,poetry/puzzle/operations/update.py,41,2,0,0
poetry,bff20b25e535f78475fa9151d5edc4d5a3c46f78,2019-07-01T22:49:08+02:00,poetry/console/commands/update.py,49,1,0,0
poetry,bff20b25e535f78475fa9151d5edc4d5a3c46f78,2019-07-01T22:49:08+02:00,poetry/mixology/failure.py,274,2,0,0
poetry,bff20b25e535f78475fa9151d5edc4d5a3c46f78,2019-07-01T22:49:08+02:00,poetry/console/commands/about.py,16,0,0,3
poetry,bff20b25e535f78475fa9151d5edc4d5a3c46f78,2019-07-01T22:49:08+02:00,poetry/semver/version_range.py,448,3,0,0
poetry,bff20b25e535f78475fa9151d5edc4d5a3c46f78,2019-07-01T22:49:08+02:00,poetry/poetry.py,289,1,0,0
poetry,bff20b25e535f78475fa9151d5edc4d5a3c46f78,2019-07-01T22:49:08+02:00,poetry/console/commands/remove.py,91,5,0,0
poetry,bff20b25e535f78475fa9151d5edc4d5a3c46f78,2019-07-01T22:49:08+02:00,poetry/console/commands/new.py,69,2,0,0
poetry,bff20b25e535f78475fa9151d5edc4d5a3c46f78,2019-07-01T22:49:08+02:00,poetry/packages/directory_dependency.py,80,1,0,0
poetry,bff20b25e535f78475fa9151d5edc4d5a3c46f78,2019-07-01T22:49:08+02:00,poetry/semver/__init__.py,164,5,0,0
poetry,bff20b25e535f78475fa9151d5edc4d5a3c46f78,2019-07-01T22:49:08+02:00,tests/console/commands/debug/test_resolve.py,74,0,0,8
poetry,bff20b25e535f78475fa9151d5edc4d5a3c46f78,2019-07-01T22:49:08+02:00,poetry/version/version.py,229,2,0,0
poetry,bff20b25e535f78475fa9151d5edc4d5a3c46f78,2019-07-01T22:49:08+02:00,poetry/repositories/pool.py,164,2,0,0
poetry,bff20b25e535f78475fa9151d5edc4d5a3c46f78,2019-07-01T22:49:08+02:00,poetry/version/specifiers.py,793,6,0,0
poetry,bff20b25e535f78475fa9151d5edc4d5a3c46f78,2019-07-01T22:49:08+02:00,tests/console/commands/test_add.py,409,0,0,262
poetry,bff20b25e535f78475fa9151d5edc4d5a3c46f78,2019-07-01T22:49:08+02:00,poetry/installation/pip_installer.py,228,0,0,18
poetry,bff20b25e535f78475fa9151d5edc4d5a3c46f78,2019-07-01T22:49:08+02:00,poetry/masonry/publishing/uploader.py,302,0,0,4
poetry,bff20b25e535f78475fa9151d5edc4d5a3c46f78,2019-07-01T22:49:08+02:00,poetry/mixology/term.py,170,4,0,0
poetry,bff20b25e535f78475fa9151d5edc4d5a3c46f78,2019-07-01T22:49:08+02:00,poetry/repositories/repository.py,122,3,0,0
poetry,bff20b25e535f78475fa9151d5edc4d5a3c46f78,2019-07-01T22:49:08+02:00,poetry/vcs/git.py,102,6,0,0
poetry,bff20b25e535f78475fa9151d5edc4d5a3c46f78,2019-07-01T22:49:08+02:00,poetry/console/commands/init.py,349,3,0,181
poetry,bff20b25e535f78475fa9151d5edc4d5a3c46f78,2019-07-01T22:49:08+02:00,poetry/version/markers.py,653,6,0,0
poetry,bff20b25e535f78475fa9151d5edc4d5a3c46f78,2019-07-01T22:49:08+02:00,poetry/packages/utils/utils.py,237,1,0,0
poetry,bff20b25e535f78475fa9151d5edc4d5a3c46f78,2019-07-01T22:49:08+02:00,tests/console/commands/env/test_use.py,179,0,0,15
poetry,bff20b25e535f78475fa9151d5edc4d5a3c46f78,2019-07-01T22:49:08+02:00,poetry/packages/dependency.py,338,2,0,0
poetry,bff20b25e535f78475fa9151d5edc4d5a3c46f78,2019-07-01T22:49:08+02:00,tests/console/commands/env/test_remove.py,65,0,0,10
poetry,bff20b25e535f78475fa9151d5edc4d5a3c46f78,2019-07-01T22:49:08+02:00,poetry/packages/file_dependency.py,60,1,0,0
poetry,bff20b25e535f78475fa9151d5edc4d5a3c46f78,2019-07-01T22:49:08+02:00,poetry/console/commands/install.py,98,1,0,0
poetry,bff20b25e535f78475fa9151d5edc4d5a3c46f78,2019-07-01T22:49:08+02:00,poetry/packages/constraints/multi_constraint.py,88,5,0,0
poetry,bff20b25e535f78475fa9151d5edc4d5a3c46f78,2019-07-01T22:49:08+02:00,poetry/utils/_compat.py,119,2,0,157
poetry,bff20b25e535f78475fa9151d5edc4d5a3c46f78,2019-07-01T22:49:08+02:00,poetry/console/commands/debug/resolve.py,166,2,0,22
poetry,bff20b25e535f78475fa9151d5edc4d5a3c46f78,2019-07-01T22:49:08+02:00,poetry/utils/appdirs.py,251,1,0,0
poetry,bff20b25e535f78475fa9151d5edc4d5a3c46f78,2019-07-01T22:49:08+02:00,poetry/utils/env.py,956,22,0,0
poetry,bff20b25e535f78475fa9151d5edc4d5a3c46f78,2019-07-01T22:49:08+02:00,poetry/masonry/builders/builder.py,259,3,0,0
poetry,bff20b25e535f78475fa9151d5edc4d5a3c46f78,2019-07-01T22:49:08+02:00,poetry/packages/constraints/__init__.py,56,5,0,0
poetry,bff20b25e535f78475fa9151d5edc4d5a3c46f78,2019-07-01T22:49:08+02:00,poetry/installation/installer.py,518,8,0,0
poetry,bff20b25e535f78475fa9151d5edc4d5a3c46f78,2019-07-01T22:49:08+02:00,poetry/console/commands/self/update.py,221,7,0,0
poetry,bff20b25e535f78475fa9151d5edc4d5a3c46f78,2019-07-01T22:49:08+02:00,poetry/masonry/builders/wheel.py,323,2,0,0
poetry,bff20b25e535f78475fa9151d5edc4d5a3c46f78,2019-07-01T22:49:08+02:00,poetry/__version__.py,1,0,0,4
poetry,bff20b25e535f78475fa9151d5edc4d5a3c46f78,2019-07-01T22:49:08+02:00,get-poetry.py,859,12,0,0
poetry,bff20b25e535f78475fa9151d5edc4d5a3c46f78,2019-07-01T22:49:08+02:00,tests/installation/test_pip_installer.py,25,0,0,25
poetry,bff20b25e535f78475fa9151d5edc4d5a3c46f78,2019-07-01T22:49:08+02:00,poetry/config.py,119,2,0,0
poetry,bff20b25e535f78475fa9151d5edc4d5a3c46f78,2019-07-01T22:49:08+02:00,poetry/packages/vcs_dependency.py,80,1,0,0
poetry,bff20b25e535f78475fa9151d5edc4d5a3c46f78,2019-07-01T22:49:08+02:00,poetry/semver/version_union.py,252,5,0,0
poetry,bff20b25e535f78475fa9151d5edc4d5a3c46f78,2019-07-01T22:49:08+02:00,poetry/version/version_selector.py,75,0,0,24
poetry,bff20b25e535f78475fa9151d5edc4d5a3c46f78,2019-07-01T22:49:08+02:00,poetry/console/commands/add.py,175,6,0,51
poetry,bff20b25e535f78475fa9151d5edc4d5a3c46f78,2019-07-01T22:49:08+02:00,poetry/packages/constraints/union_constraint.py,113,8,0,0
poetry,bff20b25e535f78475fa9151d5edc4d5a3c46f78,2019-07-01T22:49:08+02:00,poetry/repositories/pypi_repository.py,624,13,0,0
poetry,bff20b25e535f78475fa9151d5edc4d5a3c46f78,2019-07-01T22:49:08+02:00,poetry/utils/setup_reader.py,376,5,0,0
poetry,bff20b25e535f78475fa9151d5edc4d5a3c46f78,2019-07-01T22:49:08+02:00,poetry/packages/package.py,420,4,0,0
poetry,bff20b25e535f78475fa9151d5edc4d5a3c46f78,2019-07-01T22:49:08+02:00,poetry/repositories/legacy_repository.py,405,6,0,0
poetry,bff20b25e535f78475fa9151d5edc4d5a3c46f78,2019-07-01T22:49:08+02:00,poetry/utils/helpers.py,142,2,0,0
poetry,bff20b25e535f78475fa9151d5edc4d5a3c46f78,2019-07-01T22:49:08+02:00,poetry/puzzle/provider.py,714,4,0,160
poetry,bff20b25e535f78475fa9151d5edc4d5a3c46f78,2019-07-01T22:49:08+02:00,poetry/mixology/incompatibility.py,452,2,0,0
poetry,bd5fcf9b302fa11e853cdccde84b2409c869a229,2019-08-25T21:03:51-07:00,poetry/console/commands/lock.py,26,1,0,0
poetry,bd5fcf9b302fa11e853cdccde84b2409c869a229,2019-08-25T21:03:51-07:00,poetry/puzzle/operations/update.py,41,2,0,0
poetry,bd5fcf9b302fa11e853cdccde84b2409c869a229,2019-08-25T21:03:51-07:00,poetry/console/commands/update.py,49,1,0,0
poetry,bd5fcf9b302fa11e853cdccde84b2409c869a229,2019-08-25T21:03:51-07:00,poetry/mixology/failure.py,274,2,0,0
poetry,bd5fcf9b302fa11e853cdccde84b2409c869a229,2019-08-25T21:03:51-07:00,poetry/utils/inspector.py,236,7,0,2
poetry,bd5fcf9b302fa11e853cdccde84b2409c869a229,2019-08-25T21:03:51-07:00,poetry/semver/version_range.py,448,3,0,0
poetry,bd5fcf9b302fa11e853cdccde84b2409c869a229,2019-08-25T21:03:51-07:00,poetry/console/commands/remove.py,91,5,0,0
poetry,bd5fcf9b302fa11e853cdccde84b2409c869a229,2019-08-25T21:03:51-07:00,poetry/console/commands/new.py,69,2,0,0
poetry,bd5fcf9b302fa11e853cdccde84b2409c869a229,2019-08-25T21:03:51-07:00,poetry/packages/directory_dependency.py,80,1,0,0
poetry,bd5fcf9b302fa11e853cdccde84b2409c869a229,2019-08-25T21:03:51-07:00,poetry/semver/__init__.py,164,5,0,0
poetry,bd5fcf9b302fa11e853cdccde84b2409c869a229,2019-08-25T21:03:51-07:00,tests/console/conftest.py,209,0,0,12
poetry,bd5fcf9b302fa11e853cdccde84b2409c869a229,2019-08-25T21:03:51-07:00,poetry/version/version.py,229,2,0,0
poetry,bd5fcf9b302fa11e853cdccde84b2409c869a229,2019-08-25T21:03:51-07:00,poetry/repositories/pool.py,164,2,0,0
poetry,bd5fcf9b302fa11e853cdccde84b2409c869a229,2019-08-25T21:03:51-07:00,poetry/version/specifiers.py,793,6,0,0
poetry,bd5fcf9b302fa11e853cdccde84b2409c869a229,2019-08-25T21:03:51-07:00,poetry/installation/pip_installer.py,226,0,0,3
poetry,bd5fcf9b302fa11e853cdccde84b2409c869a229,2019-08-25T21:03:51-07:00,poetry/mixology/term.py,170,4,0,0
poetry,bd5fcf9b302fa11e853cdccde84b2409c869a229,2019-08-25T21:03:51-07:00,poetry/repositories/repository.py,122,3,0,0
poetry,bd5fcf9b302fa11e853cdccde84b2409c869a229,2019-08-25T21:03:51-07:00,poetry/console/commands/config.py,332,0,0,3
poetry,bd5fcf9b302fa11e853cdccde84b2409c869a229,2019-08-25T21:03:51-07:00,poetry/vcs/git.py,102,6,0,0
poetry,bd5fcf9b302fa11e853cdccde84b2409c869a229,2019-08-25T21:03:51-07:00,poetry/console/commands/init.py,499,2,0,0
poetry,bd5fcf9b302fa11e853cdccde84b2409c869a229,2019-08-25T21:03:51-07:00,poetry/version/markers.py,653,6,0,0
poetry,bd5fcf9b302fa11e853cdccde84b2409c869a229,2019-08-25T21:03:51-07:00,poetry/packages/utils/utils.py,237,1,0,0
poetry,bd5fcf9b302fa11e853cdccde84b2409c869a229,2019-08-25T21:03:51-07:00,poetry/packages/dependency.py,345,2,0,3
poetry,bd5fcf9b302fa11e853cdccde84b2409c869a229,2019-08-25T21:03:51-07:00,tests/packages/test_vcs_dependency.py,22,0,0,33
poetry,bd5fcf9b302fa11e853cdccde84b2409c869a229,2019-08-25T21:03:51-07:00,poetry/packages/file_dependency.py,60,1,0,0
poetry,bd5fcf9b302fa11e853cdccde84b2409c869a229,2019-08-25T21:03:51-07:00,poetry/console/commands/install.py,90,1,0,0
poetry,bd5fcf9b302fa11e853cdccde84b2409c869a229,2019-08-25T21:03:51-07:00,poetry/packages/constraints/multi_constraint.py,88,5,0,0
poetry,bd5fcf9b302fa11e853cdccde84b2409c869a229,2019-08-25T21:03:51-07:00,poetry/utils/_compat.py,273,2,0,0
poetry,bd5fcf9b302fa11e853cdccde84b2409c869a229,2019-08-25T21:03:51-07:00,poetry/console/commands/debug/resolve.py,170,1,0,0
poetry,bd5fcf9b302fa11e853cdccde84b2409c869a229,2019-08-25T21:03:51-07:00,poetry/utils/appdirs.py,251,1,0,0
poetry,bd5fcf9b302fa11e853cdccde84b2409c869a229,2019-08-25T21:03:51-07:00,poetry/utils/env.py,971,22,0,0
poetry,bd5fcf9b302fa11e853cdccde84b2409c869a229,2019-08-25T21:03:51-07:00,poetry/masonry/builders/builder.py,280,4,0,0
poetry,bd5fcf9b302fa11e853cdccde84b2409c869a229,2019-08-25T21:03:51-07:00,poetry/masonry/builders/complete.py,73,1,0,0
poetry,bd5fcf9b302fa11e853cdccde84b2409c869a229,2019-08-25T21:03:51-07:00,poetry/packages/constraints/__init__.py,56,5,0,0
poetry,bd5fcf9b302fa11e853cdccde84b2409c869a229,2019-08-25T21:03:51-07:00,poetry/installation/installer.py,507,8,0,0
poetry,bd5fcf9b302fa11e853cdccde84b2409c869a229,2019-08-25T21:03:51-07:00,tests/masonry/builders/test_complete.py,476,0,0,8
poetry,bd5fcf9b302fa11e853cdccde84b2409c869a229,2019-08-25T21:03:51-07:00,poetry/console/commands/self/update.py,221,7,0,0
poetry,bd5fcf9b302fa11e853cdccde84b2409c869a229,2019-08-25T21:03:51-07:00,poetry/masonry/builders/wheel.py,326,2,0,0
poetry,bd5fcf9b302fa11e853cdccde84b2409c869a229,2019-08-25T21:03:51-07:00,get-poetry.py,868,12,0,0
poetry,bd5fcf9b302fa11e853cdccde84b2409c869a229,2019-08-25T21:03:51-07:00,tests/installation/test_pip_installer.py,50,0,0,13
poetry,bd5fcf9b302fa11e853cdccde84b2409c869a229,2019-08-25T21:03:51-07:00,poetry/packages/vcs_dependency.py,80,1,0,0
poetry,bd5fcf9b302fa11e853cdccde84b2409c869a229,2019-08-25T21:03:51-07:00,poetry/semver/version_union.py,252,5,0,0
poetry,bd5fcf9b302fa11e853cdccde84b2409c869a229,2019-08-25T21:03:51-07:00,poetry/packages/url_dependency.py,40,1,0,0
poetry,bd5fcf9b302fa11e853cdccde84b2409c869a229,2019-08-25T21:03:51-07:00,poetry/console/commands/add.py,166,6,0,0
poetry,bd5fcf9b302fa11e853cdccde84b2409c869a229,2019-08-25T21:03:51-07:00,poetry/packages/constraints/union_constraint.py,113,8,0,0
poetry,bd5fcf9b302fa11e853cdccde84b2409c869a229,2019-08-25T21:03:51-07:00,poetry/repositories/pypi_repository.py,491,11,0,0
poetry,bd5fcf9b302fa11e853cdccde84b2409c869a229,2019-08-25T21:03:51-07:00,poetry/utils/setup_reader.py,376,5,0,0
poetry,bd5fcf9b302fa11e853cdccde84b2409c869a229,2019-08-25T21:03:51-07:00,poetry/packages/package.py,422,4,0,0
poetry,bd5fcf9b302fa11e853cdccde84b2409c869a229,2019-08-25T21:03:51-07:00,tests/installation/test_installer.py,1516,0,0,15
poetry,bd5fcf9b302fa11e853cdccde84b2409c869a229,2019-08-25T21:03:51-07:00,tests/conftest.py,144,0,0,52
poetry,bd5fcf9b302fa11e853cdccde84b2409c869a229,2019-08-25T21:03:51-07:00,poetry/repositories/legacy_repository.py,406,6,0,0
poetry,bd5fcf9b302fa11e853cdccde84b2409c869a229,2019-08-25T21:03:51-07:00,poetry/utils/helpers.py,154,2,0,0
poetry,bd5fcf9b302fa11e853cdccde84b2409c869a229,2019-08-25T21:03:51-07:00,poetry/puzzle/provider.py,800,8,0,0
poetry,bd5fcf9b302fa11e853cdccde84b2409c869a229,2019-08-25T21:03:51-07:00,poetry/mixology/incompatibility.py,452,2,0,0
poetry,549224a2c386d2dd1ac30bef85d9f013d6c63563,2019-10-25T16:22:17+02:00,poetry/console/commands/self/self.py,14,0,0,1
poetry,549224a2c386d2dd1ac30bef85d9f013d6c63563,2019-10-25T16:22:17+02:00,poetry/console/application.py,101,0,0,51
poetry,549224a2c386d2dd1ac30bef85d9f013d6c63563,2019-10-25T16:22:17+02:00,poetry/console/commands/remove.py,91,5,0,2
poetry,549224a2c386d2dd1ac30bef85d9f013d6c63563,2019-10-25T16:22:17+02:00,poetry/semver/__init__.py,164,5,0,0
poetry,549224a2c386d2dd1ac30bef85d9f013d6c63563,2019-10-25T16:22:17+02:00,poetry/repositories/installed_repository.py,44,0,0,68
poetry,549224a2c386d2dd1ac30bef85d9f013d6c63563,2019-10-25T16:22:17+02:00,poetry/console/commands/run.py,53,0,0,7
poetry,549224a2c386d2dd1ac30bef85d9f013d6c63563,2019-10-25T16:22:17+02:00,tests/version/test_helpers.py,24,0,0,2
poetry,549224a2c386d2dd1ac30bef85d9f013d6c63563,2019-10-25T16:22:17+02:00,tests/helpers.py,30,0,0,1
poetry,549224a2c386d2dd1ac30bef85d9f013d6c63563,2019-10-25T16:22:17+02:00,tests/utils/test_helpers.py,82,0,0,6
poetry,549224a2c386d2dd1ac30bef85d9f013d6c63563,2019-10-25T16:22:17+02:00,poetry/version/helpers.py,56,0,0,3
poetry,549224a2c386d2dd1ac30bef85d9f013d6c63563,2019-10-25T16:22:17+02:00,poetry/console/args/__init__.py,0,0,0,0
poetry,549224a2c386d2dd1ac30bef85d9f013d6c63563,2019-10-25T16:22:17+02:00,poetry/masonry/api.py,74,0,0,5
poetry,549224a2c386d2dd1ac30bef85d9f013d6c63563,2019-10-25T16:22:17+02:00,poetry/mixology/version_solver.py,445,0,0,3
poetry,549224a2c386d2dd1ac30bef85d9f013d6c63563,2019-10-25T16:22:17+02:00,poetry/version/specifiers.py,793,6,0,4
poetry,549224a2c386d2dd1ac30bef85d9f013d6c63563,2019-10-25T16:22:17+02:00,poetry/utils/shell.py,98,0,0,2
poetry,549224a2c386d2dd1ac30bef85d9f013d6c63563,2019-10-25T16:22:17+02:00,poetry/mixology/term.py,170,4,0,0
poetry,549224a2c386d2dd1ac30bef85d9f013d6c63563,2019-10-25T16:22:17+02:00,poetry/__main__.py,6,0,0,1
poetry,549224a2c386d2dd1ac30bef85d9f013d6c63563,2019-10-25T16:22:17+02:00,poetry/version/requirements.py,245,0,0,28
poetry,549224a2c386d2dd1ac30bef85d9f013d6c63563,2019-10-25T16:22:17+02:00,poetry/console/commands/config.py,360,2,0,12
poetry,549224a2c386d2dd1ac30bef85d9f013d6c63563,2019-10-25T16:22:17+02:00,poetry/json/__init__.py,40,0,0,5
poetry,549224a2c386d2dd1ac30bef85d9f013d6c63563,2019-10-25T16:22:17+02:00,poetry/packages/utils/utils.py,237,1,0,1
poetry,549224a2c386d2dd1ac30bef85d9f013d6c63563,2019-10-25T16:22:17+02:00,poetry/packages/dependency.py,349,2,0,2
poetry,549224a2c386d2dd1ac30bef85d9f013d6c63563,2019-10-25T16:22:17+02:00,poetry/packages/file_dependency.py,60,1,0,1
poetry,549224a2c386d2dd1ac30bef85d9f013d6c63563,2019-10-25T16:22:17+02:00,poetry/packages/constraints/multi_constraint.py,88,5,0,6
poetry,549224a2c386d2dd1ac30bef85d9f013d6c63563,2019-10-25T16:22:17+02:00,poetry/console/commands/debug/resolve.py,127,1,0,4
poetry,549224a2c386d2dd1ac30bef85d9f013d6c63563,2019-10-25T16:22:17+02:00,poetry/masonry/builders/complete.py,73,1,0,4
poetry,549224a2c386d2dd1ac30bef85d9f013d6c63563,2019-10-25T16:22:17+02:00,poetry/packages/constraints/__init__.py,56,5,0,1
poetry,549224a2c386d2dd1ac30bef85d9f013d6c63563,2019-10-25T16:22:17+02:00,poetry/semver/patterns.py,21,0,0,1
poetry,549224a2c386d2dd1ac30bef85d9f013d6c63563,2019-10-25T16:22:17+02:00,poetry/semver/version.py,466,0,0,1
poetry,549224a2c386d2dd1ac30bef85d9f013d6c63563,2019-10-25T16:22:17+02:00,tests/packages/test_locker.py,183,0,0,2
poetry,549224a2c386d2dd1ac30bef85d9f013d6c63563,2019-10-25T16:22:17+02:00,poetry/masonry/builders/sdist.py,346,0,0,8
poetry,549224a2c386d2dd1ac30bef85d9f013d6c63563,2019-10-25T16:22:17+02:00,poetry/console/logging/__init__.py,2,0,0,2
poetry,549224a2c386d2dd1ac30bef85d9f013d6c63563,2019-10-25T16:22:17+02:00,poetry/console/args/run_args_parser.py,0,0,0,41
poetry,549224a2c386d2dd1ac30bef85d9f013d6c63563,2019-10-25T16:22:17+02:00,tests/masonry/builders/test_builder.py,158,0,0,3
poetry,549224a2c386d2dd1ac30bef85d9f013d6c63563,2019-10-25T16:22:17+02:00,poetry/packages/vcs_dependency.py,80,1,0,0
poetry,549224a2c386d2dd1ac30bef85d9f013d6c63563,2019-10-25T16:22:17+02:00,tests/vcs/__init__.py,0,0,0,0
poetry,549224a2c386d2dd1ac30bef85d9f013d6c63563,2019-10-25T16:22:17+02:00,poetry/console/logging/io_handler.py,26,0,0,4
poetry,549224a2c386d2dd1ac30bef85d9f013d6c63563,2019-10-25T16:22:17+02:00,poetry/packages/url_dependency.py,40,1,0,0
poetry,549224a2c386d2dd1ac30bef85d9f013d6c63563,2019-10-25T16:22:17+02:00,tests/console/commands/test_show.py,944,0,0,6
poetry,549224a2c386d2dd1ac30bef85d9f013d6c63563,2019-10-25T16:22:17+02:00,poetry/puzzle/solver.py,336,0,0,21
poetry,549224a2c386d2dd1ac30bef85d9f013d6c63563,2019-10-25T16:22:17+02:00,poetry/config/config.py,138,0,0,12
poetry,549224a2c386d2dd1ac30bef85d9f013d6c63563,2019-10-25T16:22:17+02:00,tests/console/commands/test_init.py,439,0,0,2
poetry,549224a2c386d2dd1ac30bef85d9f013d6c63563,2019-10-25T16:22:17+02:00,poetry/console/commands/shell.py,40,0,0,2
poetry,549224a2c386d2dd1ac30bef85d9f013d6c63563,2019-10-25T16:22:17+02:00,poetry/layouts/standard.py,18,0,0,1
poetry,549224a2c386d2dd1ac30bef85d9f013d6c63563,2019-10-25T16:22:17+02:00,poetry/__init__.py,13,0,0,5
poetry,549224a2c386d2dd1ac30bef85d9f013d6c63563,2019-10-25T16:22:17+02:00,poetry/packages/directory_dependency.py,80,1,0,1
poetry,549224a2c386d2dd1ac30bef85d9f013d6c63563,2019-10-25T16:22:17+02:00,tests/puzzle/test_provider.py,417,0,0,5
poetry,549224a2c386d2dd1ac30bef85d9f013d6c63563,2019-10-25T16:22:17+02:00,poetry/version/version.py,229,2,0,0
poetry,549224a2c386d2dd1ac30bef85d9f013d6c63563,2019-10-25T16:22:17+02:00,poetry/console/commands/debug/__init__.py,1,0,0,1
poetry,549224a2c386d2dd1ac30bef85d9f013d6c63563,2019-10-25T16:22:17+02:00,tests/packages/constraints/test_main.py,57,0,0,2
poetry,549224a2c386d2dd1ac30bef85d9f013d6c63563,2019-10-25T16:22:17+02:00,poetry/installation/pip_installer.py,244,0,0,13
poetry,549224a2c386d2dd1ac30bef85d9f013d6c63563,2019-10-25T16:22:17+02:00,poetry/console/commands/init.py,513,1,0,34
poetry,549224a2c386d2dd1ac30bef85d9f013d6c63563,2019-10-25T16:22:17+02:00,poetry/version/markers.py,653,6,0,72
poetry,549224a2c386d2dd1ac30bef85d9f013d6c63563,2019-10-25T16:22:17+02:00,poetry/spdx/updater.py,42,0,0,1
poetry,549224a2c386d2dd1ac30bef85d9f013d6c63563,2019-10-25T16:22:17+02:00,poetry/console/commands/cache/__init__.py,1,0,0,1
poetry,549224a2c386d2dd1ac30bef85d9f013d6c63563,2019-10-25T16:22:17+02:00,tests/utils/test_helpers_keyring.py,125,0,0,14
poetry,549224a2c386d2dd1ac30bef85d9f013d6c63563,2019-10-25T16:22:17+02:00,poetry/utils/extras.py,0,0,0,9
poetry,549224a2c386d2dd1ac30bef85d9f013d6c63563,2019-10-25T16:22:17+02:00,poetry/utils/env.py,1084,21,0,27
poetry,549224a2c386d2dd1ac30bef85d9f013d6c63563,2019-10-25T16:22:17+02:00,poetry/masonry/builders/builder.py,280,4,0,5
poetry,549224a2c386d2dd1ac30bef85d9f013d6c63563,2019-10-25T16:22:17+02:00,poetry/console/commands/self/update.py,232,7,0,11
poetry,549224a2c386d2dd1ac30bef85d9f013d6c63563,2019-10-25T16:22:17+02:00,tests/mixology/version_solver/test_with_lock.py,120,0,0,1
poetry,549224a2c386d2dd1ac30bef85d9f013d6c63563,2019-10-25T16:22:17+02:00,poetry/factory.py,327,0,0,22
poetry,549224a2c386d2dd1ac30bef85d9f013d6c63563,2019-10-25T16:22:17+02:00,tests/console/commands/test_search.py,0,0,0,85
poetry,549224a2c386d2dd1ac30bef85d9f013d6c63563,2019-10-25T16:22:17+02:00,poetry/__version__.py,1,0,0,4
poetry,549224a2c386d2dd1ac30bef85d9f013d6c63563,2019-10-25T16:22:17+02:00,poetry/console/commands/add.py,166,6,0,8
poetry,549224a2c386d2dd1ac30bef85d9f013d6c63563,2019-10-25T16:22:17+02:00,poetry/packages/constraints/union_constraint.py,113,8,0,1
poetry,549224a2c386d2dd1ac30bef85d9f013d6c63563,2019-10-25T16:22:17+02:00,poetry/packages/__init__.py,157,0,0,2
poetry,549224a2c386d2dd1ac30bef85d9f013d6c63563,2019-10-25T16:22:17+02:00,poetry/spdx/__init__.py,52,0,0,1
poetry,549224a2c386d2dd1ac30bef85d9f013d6c63563,2019-10-25T16:22:17+02:00,tests/packages/test_directory_dependency.py,21,0,0,4
poetry,549224a2c386d2dd1ac30bef85d9f013d6c63563,2019-10-25T16:22:17+02:00,poetry/console/commands/cache/cache.py,14,0,0,1
poetry,549224a2c386d2dd1ac30bef85d9f013d6c63563,2019-10-25T16:22:17+02:00,poetry/console/commands/lock.py,26,1,0,2
poetry,549224a2c386d2dd1ac30bef85d9f013d6c63563,2019-10-25T16:22:17+02:00,poetry/console/commands/update.py,49,1,0,2
poetry,549224a2c386d2dd1ac30bef85d9f013d6c63563,2019-10-25T16:22:17+02:00,poetry/utils/inspector.py,236,7,0,10
poetry,549224a2c386d2dd1ac30bef85d9f013d6c63563,2019-10-25T16:22:17+02:00,tests/utils/fixtures/setups/pendulum/setup.py,52,0,0,3
poetry,549224a2c386d2dd1ac30bef85d9f013d6c63563,2019-10-25T16:22:17+02:00,tests/version/test_markers.py,440,0,0,1
poetry,549224a2c386d2dd1ac30bef85d9f013d6c63563,2019-10-25T16:22:17+02:00,tests/puzzle/test_solver.py,1837,0,0,25
poetry,549224a2c386d2dd1ac30bef85d9f013d6c63563,2019-10-25T16:22:17+02:00,poetry/semver/version_range.py,448,3,0,4
poetry,549224a2c386d2dd1ac30bef85d9f013d6c63563,2019-10-25T16:22:17+02:00,tests/console/conftest.py,226,0,0,23
poetry,549224a2c386d2dd1ac30bef85d9f013d6c63563,2019-10-25T16:22:17+02:00,tests/utils/fixtures/setups/with-setup-cfg/setup.py,4,0,0,1
poetry,549224a2c386d2dd1ac30bef85d9f013d6c63563,2019-10-25T16:22:17+02:00,poetry/masonry/builder.py,21,0,0,6
poetry,549224a2c386d2dd1ac30bef85d9f013d6c63563,2019-10-25T16:22:17+02:00,tests/console/commands/test_check.py,47,0,0,4
poetry,549224a2c386d2dd1ac30bef85d9f013d6c63563,2019-10-25T16:22:17+02:00,tests/console/commands/test_config.py,124,0,0,4
poetry,549224a2c386d2dd1ac30bef85d9f013d6c63563,2019-10-25T16:22:17+02:00,poetry/packages/locker.py,299,0,0,9
poetry,549224a2c386d2dd1ac30bef85d9f013d6c63563,2019-10-25T16:22:17+02:00,poetry/masonry/publishing/uploader.py,314,0,0,10
poetry,549224a2c386d2dd1ac30bef85d9f013d6c63563,2019-10-25T16:22:17+02:00,poetry/masonry/publishing/publisher.py,94,0,0,4
poetry,549224a2c386d2dd1ac30bef85d9f013d6c63563,2019-10-25T16:22:17+02:00,tests/semver/test_main.py,196,0,0,2
poetry,549224a2c386d2dd1ac30bef85d9f013d6c63563,2019-10-25T16:22:17+02:00,poetry/repositories/repository.py,128,3,0,4
poetry,549224a2c386d2dd1ac30bef85d9f013d6c63563,2019-10-25T16:22:17+02:00,tests/masonry/publishing/test_uploader.py,47,0,0,2
poetry,549224a2c386d2dd1ac30bef85d9f013d6c63563,2019-10-25T16:22:17+02:00,poetry/vcs/git.py,102,6,0,145
poetry,549224a2c386d2dd1ac30bef85d9f013d6c63563,2019-10-25T16:22:17+02:00,poetry/console/commands/self/__init__.py,1,0,0,1
poetry,549224a2c386d2dd1ac30bef85d9f013d6c63563,2019-10-25T16:22:17+02:00,poetry/utils/toml_file.py,25,0,0,3
poetry,549224a2c386d2dd1ac30bef85d9f013d6c63563,2019-10-25T16:22:17+02:00,poetry/console/commands/install.py,90,1,0,2
poetry,549224a2c386d2dd1ac30bef85d9f013d6c63563,2019-10-25T16:22:17+02:00,tests/masonry/builders/test_wheel.py,127,0,0,5
poetry,549224a2c386d2dd1ac30bef85d9f013d6c63563,2019-10-25T16:22:17+02:00,poetry/layouts/layout.py,151,0,0,7
poetry,549224a2c386d2dd1ac30bef85d9f013d6c63563,2019-10-25T16:22:17+02:00,tests/masonry/builders/test_complete.py,478,0,0,6
poetry,549224a2c386d2dd1ac30bef85d9f013d6c63563,2019-10-25T16:22:17+02:00,tests/console/commands/test_run.py,16,0,0,2
poetry,549224a2c386d2dd1ac30bef85d9f013d6c63563,2019-10-25T16:22:17+02:00,tests/packages/test_file_dependency.py,16,0,0,1
poetry,549224a2c386d2dd1ac30bef85d9f013d6c63563,2019-10-25T16:22:17+02:00,tests/puzzle/conftest.py,36,0,0,8
poetry,549224a2c386d2dd1ac30bef85d9f013d6c63563,2019-10-25T16:22:17+02:00,poetry/masonry/builders/wheel.py,326,2,0,8
poetry,549224a2c386d2dd1ac30bef85d9f013d6c63563,2019-10-25T16:22:17+02:00,tests/masonry/builders/test_sdist.py,432,0,0,7
poetry,549224a2c386d2dd1ac30bef85d9f013d6c63563,2019-10-25T16:22:17+02:00,poetry/console/commands/version.py,104,0,0,2
poetry,549224a2c386d2dd1ac30bef85d9f013d6c63563,2019-10-25T16:22:17+02:00,poetry/packages/utils/link.py,166,0,0,10
poetry,549224a2c386d2dd1ac30bef85d9f013d6c63563,2019-10-25T16:22:17+02:00,poetry/semver/version_union.py,252,5,0,6
poetry,549224a2c386d2dd1ac30bef85d9f013d6c63563,2019-10-25T16:22:17+02:00,poetry/masonry/utils/module.py,100,0,0,2
poetry,549224a2c386d2dd1ac30bef85d9f013d6c63563,2019-10-25T16:22:17+02:00,poetry/packages/package.py,422,4,0,39
poetry,549224a2c386d2dd1ac30bef85d9f013d6c63563,2019-10-25T16:22:17+02:00,tests/installation/test_installer.py,1559,0,0,5
poetry,549224a2c386d2dd1ac30bef85d9f013d6c63563,2019-10-25T16:22:17+02:00,tests/conftest.py,168,0,0,25
poetry,549224a2c386d2dd1ac30bef85d9f013d6c63563,2019-10-25T16:22:17+02:00,poetry/console/commands/env/__init__.py,1,0,0,1
poetry,549224a2c386d2dd1ac30bef85d9f013d6c63563,2019-10-25T16:22:17+02:00,poetry/repositories/legacy_repository.py,426,6,0,46
poetry,549224a2c386d2dd1ac30bef85d9f013d6c63563,2019-10-25T16:22:17+02:00,poetry/utils/helpers.py,171,2,0,18
poetry,549224a2c386d2dd1ac30bef85d9f013d6c63563,2019-10-25T16:22:17+02:00,poetry/utils/appdirs.py,251,1,0,1
poetry,549224a2c386d2dd1ac30bef85d9f013d6c63563,2019-10-25T16:22:17+02:00,poetry/puzzle/provider.py,803,8,0,30
poetry,549224a2c386d2dd1ac30bef85d9f013d6c63563,2019-10-25T16:22:17+02:00,tests/repositories/test_installed_repository.py,37,0,0,61
poetry,549224a2c386d2dd1ac30bef85d9f013d6c63563,2019-10-25T16:22:17+02:00,tests/utils/test_env.py,660,0,0,11
poetry,549224a2c386d2dd1ac30bef85d9f013d6c63563,2019-10-25T16:22:17+02:00,poetry/repositories/base_repository.py,25,0,0,6
poetry,549224a2c386d2dd1ac30bef85d9f013d6c63563,2019-10-25T16:22:17+02:00,tests/utils/test_extras.py,0,0,0,2
poetry,549224a2c386d2dd1ac30bef85d9f013d6c63563,2019-10-25T16:22:17+02:00,poetry/puzzle/operations/update.py,41,2,0,0
poetry,549224a2c386d2dd1ac30bef85d9f013d6c63563,2019-10-25T16:22:17+02:00,poetry/mixology/failure.py,274,2,0,0
poetry,549224a2c386d2dd1ac30bef85d9f013d6c63563,2019-10-25T16:22:17+02:00,tests/masonry/builders/fixtures/src_extended/build.py,8,0,0,1
poetry,549224a2c386d2dd1ac30bef85d9f013d6c63563,2019-10-25T16:22:17+02:00,tests/console/commands/test_version.py,46,0,0,1
poetry,549224a2c386d2dd1ac30bef85d9f013d6c63563,2019-10-25T16:22:17+02:00,poetry/poetry.py,71,0,0,2
poetry,549224a2c386d2dd1ac30bef85d9f013d6c63563,2019-10-25T16:22:17+02:00,tests/repositories/test_pypi_repository.py,187,0,0,3
poetry,549224a2c386d2dd1ac30bef85d9f013d6c63563,2019-10-25T16:22:17+02:00,poetry/console/commands/new.py,81,1,0,10
poetry,549224a2c386d2dd1ac30bef85d9f013d6c63563,2019-10-25T16:22:17+02:00,poetry/repositories/pool.py,164,2,0,6
poetry,549224a2c386d2dd1ac30bef85d9f013d6c63563,2019-10-25T16:22:17+02:00,tests/console/commands/test_add.py,768,0,0,40
poetry,549224a2c386d2dd1ac30bef85d9f013d6c63563,2019-10-25T16:22:17+02:00,tests/mixology/version_solver/conftest.py,31,0,0,4
poetry,549224a2c386d2dd1ac30bef85d9f013d6c63563,2019-10-25T16:22:17+02:00,tests/test_factory.py,208,0,0,1
poetry,549224a2c386d2dd1ac30bef85d9f013d6c63563,2019-10-25T16:22:17+02:00,poetry/layouts/src.py,18,0,0,1
poetry,549224a2c386d2dd1ac30bef85d9f013d6c63563,2019-10-25T16:22:17+02:00,tests/masonry/builders/fixtures/extended/build.py,8,0,0,1
poetry,549224a2c386d2dd1ac30bef85d9f013d6c63563,2019-10-25T16:22:17+02:00,tests/mixology/helpers.py,47,0,0,4
poetry,549224a2c386d2dd1ac30bef85d9f013d6c63563,2019-10-25T16:22:17+02:00,tests/vcs/test_git.py,0,0,0,68
poetry,549224a2c386d2dd1ac30bef85d9f013d6c63563,2019-10-25T16:22:17+02:00,poetry/console/config/application_config.py,74,0,0,126
poetry,549224a2c386d2dd1ac30bef85d9f013d6c63563,2019-10-25T16:22:17+02:00,poetry/utils/_compat.py,273,2,0,1
poetry,549224a2c386d2dd1ac30bef85d9f013d6c63563,2019-10-25T16:22:17+02:00,poetry/mixology/partial_solution.py,220,0,0,2
poetry,549224a2c386d2dd1ac30bef85d9f013d6c63563,2019-10-25T16:22:17+02:00,poetry/installation/installer.py,507,8,0,7
poetry,549224a2c386d2dd1ac30bef85d9f013d6c63563,2019-10-25T16:22:17+02:00,tests/masonry/builders/test_editable.py,54,0,0,1
poetry,549224a2c386d2dd1ac30bef85d9f013d6c63563,2019-10-25T16:22:17+02:00,poetry/semver/version_constraint.py,24,0,0,2
poetry,549224a2c386d2dd1ac30bef85d9f013d6c63563,2019-10-25T16:22:17+02:00,tests/repositories/test_legacy_repository.py,271,0,0,12
poetry,549224a2c386d2dd1ac30bef85d9f013d6c63563,2019-10-25T16:22:17+02:00,tests/config/test_config.py,18,0,0,2
poetry,549224a2c386d2dd1ac30bef85d9f013d6c63563,2019-10-25T16:22:17+02:00,poetry/console/commands/search.py,33,0,0,8
poetry,549224a2c386d2dd1ac30bef85d9f013d6c63563,2019-10-25T16:22:17+02:00,get-poetry.py,880,12,0,6
poetry,549224a2c386d2dd1ac30bef85d9f013d6c63563,2019-10-25T16:22:17+02:00,poetry/version/version_selector.py,77,0,0,2
poetry,549224a2c386d2dd1ac30bef85d9f013d6c63563,2019-10-25T16:22:17+02:00,poetry/repositories/pypi_repository.py,504,11,0,50
poetry,549224a2c386d2dd1ac30bef85d9f013d6c63563,2019-10-25T16:22:17+02:00,poetry/utils/setup_reader.py,376,5,0,13
poetry,549224a2c386d2dd1ac30bef85d9f013d6c63563,2019-10-25T16:22:17+02:00,poetry/console/commands/env/env.py,17,0,0,1
poetry,549224a2c386d2dd1ac30bef85d9f013d6c63563,2019-10-25T16:22:17+02:00,tests/repositories/test_pool.py,71,0,0,2
poetry,549224a2c386d2dd1ac30bef85d9f013d6c63563,2019-10-25T16:22:17+02:00,poetry/mixology/incompatibility.py,452,2,0,1
poetry,c64459e6740f5ca6dc9f1171e8b705af2913a470,2019-10-30T20:27:28+01:00,poetry/console/commands/self/self.py,14,0,0,1
poetry,c64459e6740f5ca6dc9f1171e8b705af2913a470,2019-10-30T20:27:28+01:00,poetry/console/application.py,101,0,0,51
poetry,c64459e6740f5ca6dc9f1171e8b705af2913a470,2019-10-30T20:27:28+01:00,poetry/console/commands/remove.py,91,5,0,2
poetry,c64459e6740f5ca6dc9f1171e8b705af2913a470,2019-10-30T20:27:28+01:00,poetry/semver/__init__.py,164,5,0,0
poetry,c64459e6740f5ca6dc9f1171e8b705af2913a470,2019-10-30T20:27:28+01:00,poetry/repositories/installed_repository.py,44,0,0,68
poetry,c64459e6740f5ca6dc9f1171e8b705af2913a470,2019-10-30T20:27:28+01:00,tests/version/test_helpers.py,24,0,0,2
poetry,c64459e6740f5ca6dc9f1171e8b705af2913a470,2019-10-30T20:27:28+01:00,tests/helpers.py,30,0,0,1
poetry,c64459e6740f5ca6dc9f1171e8b705af2913a470,2019-10-30T20:27:28+01:00,tests/utils/test_helpers.py,82,0,0,6
poetry,c64459e6740f5ca6dc9f1171e8b705af2913a470,2019-10-30T20:27:28+01:00,poetry/version/helpers.py,56,0,0,3
poetry,c64459e6740f5ca6dc9f1171e8b705af2913a470,2019-10-30T20:27:28+01:00,poetry/masonry/api.py,74,0,0,5
poetry,c64459e6740f5ca6dc9f1171e8b705af2913a470,2019-10-30T20:27:28+01:00,poetry/mixology/version_solver.py,445,0,0,3
poetry,c64459e6740f5ca6dc9f1171e8b705af2913a470,2019-10-30T20:27:28+01:00,poetry/version/specifiers.py,793,6,0,4
poetry,c64459e6740f5ca6dc9f1171e8b705af2913a470,2019-10-30T20:27:28+01:00,poetry/utils/shell.py,98,0,0,2
poetry,c64459e6740f5ca6dc9f1171e8b705af2913a470,2019-10-30T20:27:28+01:00,poetry/mixology/term.py,170,4,0,0
poetry,c64459e6740f5ca6dc9f1171e8b705af2913a470,2019-10-30T20:27:28+01:00,poetry/__main__.py,6,0,0,1
poetry,c64459e6740f5ca6dc9f1171e8b705af2913a470,2019-10-30T20:27:28+01:00,poetry/version/requirements.py,245,0,0,28
poetry,c64459e6740f5ca6dc9f1171e8b705af2913a470,2019-10-30T20:27:28+01:00,poetry/console/commands/config.py,360,2,0,12
poetry,c64459e6740f5ca6dc9f1171e8b705af2913a470,2019-10-30T20:27:28+01:00,poetry/json/__init__.py,40,0,0,5
poetry,c64459e6740f5ca6dc9f1171e8b705af2913a470,2019-10-30T20:27:28+01:00,poetry/packages/utils/utils.py,237,1,0,1
poetry,c64459e6740f5ca6dc9f1171e8b705af2913a470,2019-10-30T20:27:28+01:00,poetry/packages/dependency.py,349,2,0,2
poetry,c64459e6740f5ca6dc9f1171e8b705af2913a470,2019-10-30T20:27:28+01:00,poetry/packages/file_dependency.py,60,1,0,1
poetry,c64459e6740f5ca6dc9f1171e8b705af2913a470,2019-10-30T20:27:28+01:00,poetry/packages/constraints/multi_constraint.py,88,5,0,6
poetry,c64459e6740f5ca6dc9f1171e8b705af2913a470,2019-10-30T20:27:28+01:00,poetry/console/commands/debug/resolve.py,127,1,0,4
poetry,c64459e6740f5ca6dc9f1171e8b705af2913a470,2019-10-30T20:27:28+01:00,poetry/masonry/builders/complete.py,73,1,0,4
poetry,c64459e6740f5ca6dc9f1171e8b705af2913a470,2019-10-30T20:27:28+01:00,poetry/packages/constraints/__init__.py,56,5,0,1
poetry,c64459e6740f5ca6dc9f1171e8b705af2913a470,2019-10-30T20:27:28+01:00,poetry/semver/patterns.py,21,0,0,1
poetry,c64459e6740f5ca6dc9f1171e8b705af2913a470,2019-10-30T20:27:28+01:00,poetry/semver/version.py,466,0,0,1
poetry,c64459e6740f5ca6dc9f1171e8b705af2913a470,2019-10-30T20:27:28+01:00,tests/packages/test_locker.py,183,0,0,2
poetry,c64459e6740f5ca6dc9f1171e8b705af2913a470,2019-10-30T20:27:28+01:00,poetry/masonry/builders/sdist.py,346,0,0,8
poetry,c64459e6740f5ca6dc9f1171e8b705af2913a470,2019-10-30T20:27:28+01:00,poetry/console/logging/__init__.py,2,0,0,2
poetry,c64459e6740f5ca6dc9f1171e8b705af2913a470,2019-10-30T20:27:28+01:00,tests/masonry/builders/test_builder.py,158,0,0,3
poetry,c64459e6740f5ca6dc9f1171e8b705af2913a470,2019-10-30T20:27:28+01:00,poetry/packages/vcs_dependency.py,80,1,0,0
poetry,c64459e6740f5ca6dc9f1171e8b705af2913a470,2019-10-30T20:27:28+01:00,tests/vcs/__init__.py,0,0,0,0
poetry,c64459e6740f5ca6dc9f1171e8b705af2913a470,2019-10-30T20:27:28+01:00,poetry/console/logging/io_handler.py,26,0,0,4
poetry,c64459e6740f5ca6dc9f1171e8b705af2913a470,2019-10-30T20:27:28+01:00,poetry/packages/url_dependency.py,40,1,0,0
poetry,c64459e6740f5ca6dc9f1171e8b705af2913a470,2019-10-30T20:27:28+01:00,tests/console/commands/test_show.py,944,0,0,138
poetry,c64459e6740f5ca6dc9f1171e8b705af2913a470,2019-10-30T20:27:28+01:00,poetry/puzzle/solver.py,336,0,0,21
poetry,c64459e6740f5ca6dc9f1171e8b705af2913a470,2019-10-30T20:27:28+01:00,poetry/config/config.py,138,0,0,12
poetry,c64459e6740f5ca6dc9f1171e8b705af2913a470,2019-10-30T20:27:28+01:00,tests/console/commands/test_init.py,439,0,0,2
poetry,c64459e6740f5ca6dc9f1171e8b705af2913a470,2019-10-30T20:27:28+01:00,poetry/console/commands/shell.py,40,0,0,2
poetry,c64459e6740f5ca6dc9f1171e8b705af2913a470,2019-10-30T20:27:28+01:00,poetry/layouts/standard.py,18,0,0,1
poetry,c64459e6740f5ca6dc9f1171e8b705af2913a470,2019-10-30T20:27:28+01:00,poetry/__init__.py,13,0,0,5
poetry,c64459e6740f5ca6dc9f1171e8b705af2913a470,2019-10-30T20:27:28+01:00,poetry/packages/directory_dependency.py,80,1,0,1
poetry,c64459e6740f5ca6dc9f1171e8b705af2913a470,2019-10-30T20:27:28+01:00,tests/puzzle/test_provider.py,417,0,0,5
poetry,c64459e6740f5ca6dc9f1171e8b705af2913a470,2019-10-30T20:27:28+01:00,poetry/version/version.py,229,2,0,0
poetry,c64459e6740f5ca6dc9f1171e8b705af2913a470,2019-10-30T20:27:28+01:00,poetry/console/commands/debug/__init__.py,1,0,0,1
poetry,c64459e6740f5ca6dc9f1171e8b705af2913a470,2019-10-30T20:27:28+01:00,tests/packages/constraints/test_main.py,57,0,0,2
poetry,c64459e6740f5ca6dc9f1171e8b705af2913a470,2019-10-30T20:27:28+01:00,poetry/installation/pip_installer.py,244,0,0,20
poetry,c64459e6740f5ca6dc9f1171e8b705af2913a470,2019-10-30T20:27:28+01:00,poetry/console/commands/init.py,513,1,0,32
poetry,c64459e6740f5ca6dc9f1171e8b705af2913a470,2019-10-30T20:27:28+01:00,poetry/version/markers.py,653,6,0,72
poetry,c64459e6740f5ca6dc9f1171e8b705af2913a470,2019-10-30T20:27:28+01:00,poetry/spdx/updater.py,42,0,0,1
poetry,c64459e6740f5ca6dc9f1171e8b705af2913a470,2019-10-30T20:27:28+01:00,poetry/console/commands/cache/__init__.py,1,0,0,1
poetry,c64459e6740f5ca6dc9f1171e8b705af2913a470,2019-10-30T20:27:28+01:00,tests/utils/test_helpers_keyring.py,125,0,0,14
poetry,c64459e6740f5ca6dc9f1171e8b705af2913a470,2019-10-30T20:27:28+01:00,poetry/utils/extras.py,48,0,0,9
poetry,c64459e6740f5ca6dc9f1171e8b705af2913a470,2019-10-30T20:27:28+01:00,poetry/utils/env.py,1084,21,0,27
poetry,c64459e6740f5ca6dc9f1171e8b705af2913a470,2019-10-30T20:27:28+01:00,poetry/masonry/builders/builder.py,285,4,0,5
poetry,c64459e6740f5ca6dc9f1171e8b705af2913a470,2019-10-30T20:27:28+01:00,poetry/console/commands/self/update.py,232,7,0,11
poetry,c64459e6740f5ca6dc9f1171e8b705af2913a470,2019-10-30T20:27:28+01:00,tests/mixology/version_solver/test_with_lock.py,120,0,0,1
poetry,c64459e6740f5ca6dc9f1171e8b705af2913a470,2019-10-30T20:27:28+01:00,poetry/factory.py,327,0,0,24
poetry,c64459e6740f5ca6dc9f1171e8b705af2913a470,2019-10-30T20:27:28+01:00,tests/console/commands/test_search.py,0,0,0,85
poetry,c64459e6740f5ca6dc9f1171e8b705af2913a470,2019-10-30T20:27:28+01:00,poetry/__version__.py,1,0,0,2
poetry,c64459e6740f5ca6dc9f1171e8b705af2913a470,2019-10-30T20:27:28+01:00,poetry/console/commands/add.py,166,6,0,8
poetry,c64459e6740f5ca6dc9f1171e8b705af2913a470,2019-10-30T20:27:28+01:00,poetry/packages/constraints/union_constraint.py,113,8,0,1
poetry,c64459e6740f5ca6dc9f1171e8b705af2913a470,2019-10-30T20:27:28+01:00,poetry/packages/__init__.py,157,0,0,2
poetry,c64459e6740f5ca6dc9f1171e8b705af2913a470,2019-10-30T20:27:28+01:00,poetry/spdx/__init__.py,52,0,0,1
poetry,c64459e6740f5ca6dc9f1171e8b705af2913a470,2019-10-30T20:27:28+01:00,poetry/utils/exporter.py,173,0,0,5
poetry,c64459e6740f5ca6dc9f1171e8b705af2913a470,2019-10-30T20:27:28+01:00,tests/packages/test_directory_dependency.py,21,0,0,4
poetry,c64459e6740f5ca6dc9f1171e8b705af2913a470,2019-10-30T20:27:28+01:00,poetry/console/commands/cache/cache.py,14,0,0,1
poetry,c64459e6740f5ca6dc9f1171e8b705af2913a470,2019-10-30T20:27:28+01:00,poetry/console/commands/lock.py,26,1,0,2
poetry,c64459e6740f5ca6dc9f1171e8b705af2913a470,2019-10-30T20:27:28+01:00,poetry/console/commands/update.py,49,1,0,2
poetry,c64459e6740f5ca6dc9f1171e8b705af2913a470,2019-10-30T20:27:28+01:00,poetry/utils/inspector.py,236,7,0,10
poetry,c64459e6740f5ca6dc9f1171e8b705af2913a470,2019-10-30T20:27:28+01:00,tests/utils/fixtures/setups/pendulum/setup.py,52,0,0,3
poetry,c64459e6740f5ca6dc9f1171e8b705af2913a470,2019-10-30T20:27:28+01:00,tests/version/test_markers.py,440,0,0,1
poetry,c64459e6740f5ca6dc9f1171e8b705af2913a470,2019-10-30T20:27:28+01:00,tests/puzzle/test_solver.py,1837,0,0,55
poetry,c64459e6740f5ca6dc9f1171e8b705af2913a470,2019-10-30T20:27:28+01:00,poetry/semver/version_range.py,448,3,0,4
poetry,c64459e6740f5ca6dc9f1171e8b705af2913a470,2019-10-30T20:27:28+01:00,tests/console/conftest.py,226,0,0,23
poetry,c64459e6740f5ca6dc9f1171e8b705af2913a470,2019-10-30T20:27:28+01:00,tests/utils/fixtures/setups/with-setup-cfg/setup.py,4,0,0,1
poetry,c64459e6740f5ca6dc9f1171e8b705af2913a470,2019-10-30T20:27:28+01:00,tests/console/commands/test_check.py,47,0,0,8
poetry,c64459e6740f5ca6dc9f1171e8b705af2913a470,2019-10-30T20:27:28+01:00,poetry/masonry/builder.py,21,0,0,6
poetry,c64459e6740f5ca6dc9f1171e8b705af2913a470,2019-10-30T20:27:28+01:00,tests/console/commands/test_config.py,124,0,0,4
poetry,c64459e6740f5ca6dc9f1171e8b705af2913a470,2019-10-30T20:27:28+01:00,poetry/packages/locker.py,299,0,0,9
poetry,c64459e6740f5ca6dc9f1171e8b705af2913a470,2019-10-30T20:27:28+01:00,poetry/masonry/publishing/uploader.py,314,0,0,10
poetry,c64459e6740f5ca6dc9f1171e8b705af2913a470,2019-10-30T20:27:28+01:00,poetry/masonry/publishing/publisher.py,94,0,0,4
poetry,c64459e6740f5ca6dc9f1171e8b705af2913a470,2019-10-30T20:27:28+01:00,tests/semver/test_main.py,196,0,0,2
poetry,c64459e6740f5ca6dc9f1171e8b705af2913a470,2019-10-30T20:27:28+01:00,poetry/repositories/repository.py,128,3,0,4
poetry,c64459e6740f5ca6dc9f1171e8b705af2913a470,2019-10-30T20:27:28+01:00,tests/masonry/publishing/test_uploader.py,47,0,0,2
poetry,c64459e6740f5ca6dc9f1171e8b705af2913a470,2019-10-30T20:27:28+01:00,poetry/vcs/git.py,102,6,0,145
poetry,c64459e6740f5ca6dc9f1171e8b705af2913a470,2019-10-30T20:27:28+01:00,poetry/console/commands/self/__init__.py,1,0,0,1
poetry,c64459e6740f5ca6dc9f1171e8b705af2913a470,2019-10-30T20:27:28+01:00,poetry/utils/toml_file.py,25,0,0,3
poetry,c64459e6740f5ca6dc9f1171e8b705af2913a470,2019-10-30T20:27:28+01:00,poetry/console/commands/install.py,90,1,0,2
poetry,c64459e6740f5ca6dc9f1171e8b705af2913a470,2019-10-30T20:27:28+01:00,tests/masonry/builders/test_wheel.py,162,0,0,5
poetry,c64459e6740f5ca6dc9f1171e8b705af2913a470,2019-10-30T20:27:28+01:00,tests/masonry/builders/test_complete.py,478,0,0,6
poetry,c64459e6740f5ca6dc9f1171e8b705af2913a470,2019-10-30T20:27:28+01:00,tests/packages/test_file_dependency.py,16,0,0,1
poetry,c64459e6740f5ca6dc9f1171e8b705af2913a470,2019-10-30T20:27:28+01:00,tests/puzzle/conftest.py,36,0,0,8
poetry,c64459e6740f5ca6dc9f1171e8b705af2913a470,2019-10-30T20:27:28+01:00,poetry/masonry/builders/wheel.py,322,2,0,8
poetry,c64459e6740f5ca6dc9f1171e8b705af2913a470,2019-10-30T20:27:28+01:00,tests/masonry/builders/test_sdist.py,464,0,0,7
poetry,c64459e6740f5ca6dc9f1171e8b705af2913a470,2019-10-30T20:27:28+01:00,poetry/console/commands/version.py,104,0,0,2
poetry,c64459e6740f5ca6dc9f1171e8b705af2913a470,2019-10-30T20:27:28+01:00,poetry/packages/utils/link.py,166,0,0,10
poetry,c64459e6740f5ca6dc9f1171e8b705af2913a470,2019-10-30T20:27:28+01:00,poetry/semver/version_union.py,252,5,0,6
poetry,c64459e6740f5ca6dc9f1171e8b705af2913a470,2019-10-30T20:27:28+01:00,poetry/masonry/utils/module.py,100,0,0,2
poetry,c64459e6740f5ca6dc9f1171e8b705af2913a470,2019-10-30T20:27:28+01:00,poetry/packages/package.py,422,4,0,41
poetry,c64459e6740f5ca6dc9f1171e8b705af2913a470,2019-10-30T20:27:28+01:00,tests/installation/test_installer.py,1559,0,0,5
poetry,c64459e6740f5ca6dc9f1171e8b705af2913a470,2019-10-30T20:27:28+01:00,tests/conftest.py,168,0,0,25
poetry,c64459e6740f5ca6dc9f1171e8b705af2913a470,2019-10-30T20:27:28+01:00,poetry/console/commands/env/__init__.py,1,0,0,1
poetry,c64459e6740f5ca6dc9f1171e8b705af2913a470,2019-10-30T20:27:28+01:00,poetry/repositories/legacy_repository.py,426,6,0,48
poetry,c64459e6740f5ca6dc9f1171e8b705af2913a470,2019-10-30T20:27:28+01:00,poetry/utils/helpers.py,171,2,0,18
poetry,c64459e6740f5ca6dc9f1171e8b705af2913a470,2019-10-30T20:27:28+01:00,poetry/utils/appdirs.py,251,1,0,1
poetry,c64459e6740f5ca6dc9f1171e8b705af2913a470,2019-10-30T20:27:28+01:00,poetry/puzzle/provider.py,803,8,0,32
poetry,c64459e6740f5ca6dc9f1171e8b705af2913a470,2019-10-30T20:27:28+01:00,tests/repositories/test_installed_repository.py,37,0,0,61
poetry,c64459e6740f5ca6dc9f1171e8b705af2913a470,2019-10-30T20:27:28+01:00,tests/utils/test_env.py,660,0,0,11
poetry,c64459e6740f5ca6dc9f1171e8b705af2913a470,2019-10-30T20:27:28+01:00,poetry/repositories/base_repository.py,25,0,0,6
poetry,c64459e6740f5ca6dc9f1171e8b705af2913a470,2019-10-30T20:27:28+01:00,tests/utils/test_extras.py,50,0,0,2
poetry,c64459e6740f5ca6dc9f1171e8b705af2913a470,2019-10-30T20:27:28+01:00,poetry/puzzle/operations/update.py,41,2,0,0
poetry,c64459e6740f5ca6dc9f1171e8b705af2913a470,2019-10-30T20:27:28+01:00,poetry/mixology/failure.py,274,2,0,0
poetry,c64459e6740f5ca6dc9f1171e8b705af2913a470,2019-10-30T20:27:28+01:00,tests/masonry/builders/fixtures/src_extended/build.py,8,0,0,1
poetry,c64459e6740f5ca6dc9f1171e8b705af2913a470,2019-10-30T20:27:28+01:00,tests/console/commands/test_version.py,46,0,0,1
poetry,c64459e6740f5ca6dc9f1171e8b705af2913a470,2019-10-30T20:27:28+01:00,poetry/poetry.py,71,0,0,2
poetry,c64459e6740f5ca6dc9f1171e8b705af2913a470,2019-10-30T20:27:28+01:00,tests/repositories/test_pypi_repository.py,187,0,0,25
poetry,c64459e6740f5ca6dc9f1171e8b705af2913a470,2019-10-30T20:27:28+01:00,poetry/console/commands/new.py,81,1,0,0
poetry,c64459e6740f5ca6dc9f1171e8b705af2913a470,2019-10-30T20:27:28+01:00,poetry/repositories/pool.py,164,2,0,6
poetry,c64459e6740f5ca6dc9f1171e8b705af2913a470,2019-10-30T20:27:28+01:00,tests/console/commands/test_add.py,768,0,0,40
poetry,c64459e6740f5ca6dc9f1171e8b705af2913a470,2019-10-30T20:27:28+01:00,tests/mixology/version_solver/conftest.py,31,0,0,4
poetry,c64459e6740f5ca6dc9f1171e8b705af2913a470,2019-10-30T20:27:28+01:00,tests/test_factory.py,208,0,0,1
poetry,c64459e6740f5ca6dc9f1171e8b705af2913a470,2019-10-30T20:27:28+01:00,poetry/layouts/src.py,18,0,0,1
poetry,c64459e6740f5ca6dc9f1171e8b705af2913a470,2019-10-30T20:27:28+01:00,tests/masonry/builders/fixtures/extended/build.py,8,0,0,1
poetry,c64459e6740f5ca6dc9f1171e8b705af2913a470,2019-10-30T20:27:28+01:00,tests/mixology/helpers.py,47,0,0,4
poetry,c64459e6740f5ca6dc9f1171e8b705af2913a470,2019-10-30T20:27:28+01:00,tests/vcs/test_git.py,0,0,0,68
poetry,c64459e6740f5ca6dc9f1171e8b705af2913a470,2019-10-30T20:27:28+01:00,poetry/console/config/application_config.py,176,0,0,24
poetry,c64459e6740f5ca6dc9f1171e8b705af2913a470,2019-10-30T20:27:28+01:00,poetry/utils/_compat.py,273,2,0,1
poetry,c64459e6740f5ca6dc9f1171e8b705af2913a470,2019-10-30T20:27:28+01:00,poetry/mixology/partial_solution.py,220,0,0,2
poetry,c64459e6740f5ca6dc9f1171e8b705af2913a470,2019-10-30T20:27:28+01:00,poetry/installation/installer.py,489,8,0,3
poetry,c64459e6740f5ca6dc9f1171e8b705af2913a470,2019-10-30T20:27:28+01:00,tests/masonry/builders/test_editable.py,54,0,0,1
poetry,c64459e6740f5ca6dc9f1171e8b705af2913a470,2019-10-30T20:27:28+01:00,poetry/semver/version_constraint.py,24,0,0,2
poetry,c64459e6740f5ca6dc9f1171e8b705af2913a470,2019-10-30T20:27:28+01:00,tests/repositories/test_legacy_repository.py,271,0,0,12
poetry,c64459e6740f5ca6dc9f1171e8b705af2913a470,2019-10-30T20:27:28+01:00,tests/config/test_config.py,18,0,0,2
poetry,c64459e6740f5ca6dc9f1171e8b705af2913a470,2019-10-30T20:27:28+01:00,poetry/console/commands/search.py,33,0,0,8
poetry,c64459e6740f5ca6dc9f1171e8b705af2913a470,2019-10-30T20:27:28+01:00,get-poetry.py,880,12,0,6
poetry,c64459e6740f5ca6dc9f1171e8b705af2913a470,2019-10-30T20:27:28+01:00,poetry/version/version_selector.py,77,0,0,9
poetry,c64459e6740f5ca6dc9f1171e8b705af2913a470,2019-10-30T20:27:28+01:00,poetry/repositories/pypi_repository.py,504,11,0,68
poetry,c64459e6740f5ca6dc9f1171e8b705af2913a470,2019-10-30T20:27:28+01:00,poetry/utils/setup_reader.py,376,5,0,13
poetry,c64459e6740f5ca6dc9f1171e8b705af2913a470,2019-10-30T20:27:28+01:00,poetry/console/commands/env/env.py,17,0,0,1
poetry,c64459e6740f5ca6dc9f1171e8b705af2913a470,2019-10-30T20:27:28+01:00,tests/repositories/test_pool.py,71,0,0,2
poetry,c64459e6740f5ca6dc9f1171e8b705af2913a470,2019-10-30T20:27:28+01:00,poetry/mixology/incompatibility.py,452,2,0,1
poetry,ad40e5bc80f8d7c76b098ff85743acb15e171c1c,2019-11-13T20:32:30+01:00,poetry/console/commands/lock.py,26,1,0,0
poetry,ad40e5bc80f8d7c76b098ff85743acb15e171c1c,2019-11-13T20:32:30+01:00,poetry/console/commands/update.py,49,1,0,0
poetry,ad40e5bc80f8d7c76b098ff85743acb15e171c1c,2019-11-13T20:32:30+01:00,poetry/utils/inspector.py,238,7,0,0
poetry,ad40e5bc80f8d7c76b098ff85743acb15e171c1c,2019-11-13T20:32:30+01:00,tests/utils/fixtures/setups/pendulum/setup.py,52,0,0,3
poetry,ad40e5bc80f8d7c76b098ff85743acb15e171c1c,2019-11-13T20:32:30+01:00,tests/puzzle/test_solver.py,1889,0,0,31
poetry,ad40e5bc80f8d7c76b098ff85743acb15e171c1c,2019-11-13T20:32:30+01:00,poetry/semver/version_range.py,450,3,0,0
poetry,ad40e5bc80f8d7c76b098ff85743acb15e171c1c,2019-11-13T20:32:30+01:00,poetry/console/commands/remove.py,91,5,0,0
poetry,ad40e5bc80f8d7c76b098ff85743acb15e171c1c,2019-11-13T20:32:30+01:00,poetry/semver/__init__.py,164,5,0,0
poetry,ad40e5bc80f8d7c76b098ff85743acb15e171c1c,2019-11-13T20:32:30+01:00,poetry/repositories/installed_repository.py,60,0,0,13
poetry,ad40e5bc80f8d7c76b098ff85743acb15e171c1c,2019-11-13T20:32:30+01:00,tests/utils/fixtures/setups/with-setup-cfg/setup.py,4,0,0,1
poetry,ad40e5bc80f8d7c76b098ff85743acb15e171c1c,2019-11-13T20:32:30+01:00,poetry/packages/locker.py,300,0,0,13
poetry,ad40e5bc80f8d7c76b098ff85743acb15e171c1c,2019-11-13T20:32:30+01:00,poetry/version/specifiers.py,795,6,0,0
poetry,ad40e5bc80f8d7c76b098ff85743acb15e171c1c,2019-11-13T20:32:30+01:00,poetry/utils/shell.py,98,0,0,4
poetry,ad40e5bc80f8d7c76b098ff85743acb15e171c1c,2019-11-13T20:32:30+01:00,tests/utils/test_exporter.py,801,0,0,94
poetry,ad40e5bc80f8d7c76b098ff85743acb15e171c1c,2019-11-13T20:32:30+01:00,poetry/mixology/term.py,170,4,0,0
poetry,ad40e5bc80f8d7c76b098ff85743acb15e171c1c,2019-11-13T20:32:30+01:00,poetry/version/requirements.py,255,0,0,2
poetry,ad40e5bc80f8d7c76b098ff85743acb15e171c1c,2019-11-13T20:32:30+01:00,poetry/repositories/repository.py,128,3,0,0
poetry,ad40e5bc80f8d7c76b098ff85743acb15e171c1c,2019-11-13T20:32:30+01:00,poetry/console/commands/config.py,358,2,0,0
poetry,ad40e5bc80f8d7c76b098ff85743acb15e171c1c,2019-11-13T20:32:30+01:00,poetry/vcs/git.py,241,6,0,9
poetry,ad40e5bc80f8d7c76b098ff85743acb15e171c1c,2019-11-13T20:32:30+01:00,poetry/packages/utils/utils.py,238,1,0,0
poetry,ad40e5bc80f8d7c76b098ff85743acb15e171c1c,2019-11-13T20:32:30+01:00,poetry/packages/dependency.py,349,2,0,0
poetry,ad40e5bc80f8d7c76b098ff85743acb15e171c1c,2019-11-13T20:32:30+01:00,poetry/packages/file_dependency.py,61,1,0,0
poetry,ad40e5bc80f8d7c76b098ff85743acb15e171c1c,2019-11-13T20:32:30+01:00,poetry/console/commands/install.py,90,1,0,0
poetry,ad40e5bc80f8d7c76b098ff85743acb15e171c1c,2019-11-13T20:32:30+01:00,tests/masonry/builders/test_wheel.py,128,0,0,35
poetry,ad40e5bc80f8d7c76b098ff85743acb15e171c1c,2019-11-13T20:32:30+01:00,poetry/packages/constraints/multi_constraint.py,92,5,0,0
poetry,ad40e5bc80f8d7c76b098ff85743acb15e171c1c,2019-11-13T20:32:30+01:00,poetry/console/commands/debug/resolve.py,123,1,0,33
poetry,ad40e5bc80f8d7c76b098ff85743acb15e171c1c,2019-11-13T20:32:30+01:00,poetry/masonry/builders/complete.py,73,1,0,0
poetry,ad40e5bc80f8d7c76b098ff85743acb15e171c1c,2019-11-13T20:32:30+01:00,poetry/packages/constraints/__init__.py,57,5,0,0
poetry,ad40e5bc80f8d7c76b098ff85743acb15e171c1c,2019-11-13T20:32:30+01:00,tests/packages/test_locker.py,183,0,0,65
poetry,ad40e5bc80f8d7c76b098ff85743acb15e171c1c,2019-11-13T20:32:30+01:00,poetry/masonry/builders/editable.py,120,0,0,6
poetry,ad40e5bc80f8d7c76b098ff85743acb15e171c1c,2019-11-13T20:32:30+01:00,poetry/console/commands/show.py,365,0,0,10
poetry,ad40e5bc80f8d7c76b098ff85743acb15e171c1c,2019-11-13T20:32:30+01:00,poetry/masonry/builders/wheel.py,327,2,0,15
poetry,ad40e5bc80f8d7c76b098ff85743acb15e171c1c,2019-11-13T20:32:30+01:00,tests/masonry/builders/test_sdist.py,432,0,0,32
poetry,ad40e5bc80f8d7c76b098ff85743acb15e171c1c,2019-11-13T20:32:30+01:00,poetry/console/commands/version.py,104,0,0,2
poetry,ad40e5bc80f8d7c76b098ff85743acb15e171c1c,2019-11-13T20:32:30+01:00,tests/masonry/builders/fixtures/exclude_nested_data_toml/my_package/__init__.py,0,0,0,0
poetry,ad40e5bc80f8d7c76b098ff85743acb15e171c1c,2019-11-13T20:32:30+01:00,poetry/packages/vcs_dependency.py,80,1,0,0
poetry,ad40e5bc80f8d7c76b098ff85743acb15e171c1c,2019-11-13T20:32:30+01:00,poetry/semver/version_union.py,254,5,0,0
poetry,ad40e5bc80f8d7c76b098ff85743acb15e171c1c,2019-11-13T20:32:30+01:00,poetry/packages/url_dependency.py,40,1,0,0
poetry,ad40e5bc80f8d7c76b098ff85743acb15e171c1c,2019-11-13T20:32:30+01:00,tests/console/commands/test_show.py,1078,0,0,40
poetry,ad40e5bc80f8d7c76b098ff85743acb15e171c1c,2019-11-13T20:32:30+01:00,poetry/packages/package.py,438,4,0,0
poetry,ad40e5bc80f8d7c76b098ff85743acb15e171c1c,2019-11-13T20:32:30+01:00,tests/packages/test_main.py,171,0,0,22
poetry,ad40e5bc80f8d7c76b098ff85743acb15e171c1c,2019-11-13T20:32:30+01:00,poetry/repositories/legacy_repository.py,426,5,0,0
poetry,ad40e5bc80f8d7c76b098ff85743acb15e171c1c,2019-11-13T20:32:30+01:00,poetry/utils/helpers.py,175,2,0,0
poetry,ad40e5bc80f8d7c76b098ff85743acb15e171c1c,2019-11-13T20:32:30+01:00,tests/masonry/builders/fixtures/default_with_excluded_data_toml/my_package/__init__.py,0,0,0,0
poetry,ad40e5bc80f8d7c76b098ff85743acb15e171c1c,2019-11-13T20:32:30+01:00,poetry/utils/appdirs.py,252,1,0,0
poetry,ad40e5bc80f8d7c76b098ff85743acb15e171c1c,2019-11-13T20:32:30+01:00,poetry/puzzle/provider.py,801,8,0,9
poetry,ad40e5bc80f8d7c76b098ff85743acb15e171c1c,2019-11-13T20:32:30+01:00,poetry/puzzle/solver.py,348,0,0,3
poetry,ad40e5bc80f8d7c76b098ff85743acb15e171c1c,2019-11-13T20:32:30+01:00,tests/repositories/test_installed_repository.py,56,0,0,27
poetry,ad40e5bc80f8d7c76b098ff85743acb15e171c1c,2019-11-13T20:32:30+01:00,tests/utils/test_extras.py,0,0,0,50
poetry,ad40e5bc80f8d7c76b098ff85743acb15e171c1c,2019-11-13T20:32:30+01:00,poetry/puzzle/operations/update.py,41,2,0,0
poetry,ad40e5bc80f8d7c76b098ff85743acb15e171c1c,2019-11-13T20:32:30+01:00,poetry/mixology/failure.py,274,2,0,0
poetry,ad40e5bc80f8d7c76b098ff85743acb15e171c1c,2019-11-13T20:32:30+01:00,tests/console/commands/test_version.py,47,0,0,2
poetry,ad40e5bc80f8d7c76b098ff85743acb15e171c1c,2019-11-13T20:32:30+01:00,poetry/console/commands/new.py,81,1,0,4
poetry,ad40e5bc80f8d7c76b098ff85743acb15e171c1c,2019-11-13T20:32:30+01:00,poetry/packages/directory_dependency.py,81,1,0,0
poetry,ad40e5bc80f8d7c76b098ff85743acb15e171c1c,2019-11-13T20:32:30+01:00,poetry/version/version.py,229,2,0,0
poetry,ad40e5bc80f8d7c76b098ff85743acb15e171c1c,2019-11-13T20:32:30+01:00,poetry/repositories/pool.py,164,2,0,0
poetry,ad40e5bc80f8d7c76b098ff85743acb15e171c1c,2019-11-13T20:32:30+01:00,poetry/installation/pip_installer.py,246,0,0,2
poetry,ad40e5bc80f8d7c76b098ff85743acb15e171c1c,2019-11-13T20:32:30+01:00,poetry/console/commands/init.py,517,1,0,0
poetry,ad40e5bc80f8d7c76b098ff85743acb15e171c1c,2019-11-13T20:32:30+01:00,poetry/version/markers.py,683,6,0,0
poetry,ad40e5bc80f8d7c76b098ff85743acb15e171c1c,2019-11-13T20:32:30+01:00,poetry/console/config/application_config.py,181,0,0,8
poetry,ad40e5bc80f8d7c76b098ff85743acb15e171c1c,2019-11-13T20:32:30+01:00,poetry/utils/_compat.py,274,2,0,7
poetry,ad40e5bc80f8d7c76b098ff85743acb15e171c1c,2019-11-13T20:32:30+01:00,poetry/utils/extras.py,0,0,0,51
poetry,ad40e5bc80f8d7c76b098ff85743acb15e171c1c,2019-11-13T20:32:30+01:00,poetry/utils/env.py,1105,21,0,38
poetry,ad40e5bc80f8d7c76b098ff85743acb15e171c1c,2019-11-13T20:32:30+01:00,poetry/masonry/builders/builder.py,280,4,0,38
poetry,ad40e5bc80f8d7c76b098ff85743acb15e171c1c,2019-11-13T20:32:30+01:00,poetry/installation/installer.py,507,8,0,33
poetry,ad40e5bc80f8d7c76b098ff85743acb15e171c1c,2019-11-13T20:32:30+01:00,tests/masonry/builders/test_editable.py,55,0,0,6
poetry,ad40e5bc80f8d7c76b098ff85743acb15e171c1c,2019-11-13T20:32:30+01:00,poetry/console/commands/self/update.py,233,7,0,0
poetry,ad40e5bc80f8d7c76b098ff85743acb15e171c1c,2019-11-13T20:32:30+01:00,poetry/__version__.py,1,0,0,8
poetry,ad40e5bc80f8d7c76b098ff85743acb15e171c1c,2019-11-13T20:32:30+01:00,get-poetry.py,882,12,0,89
poetry,ad40e5bc80f8d7c76b098ff85743acb15e171c1c,2019-11-13T20:32:30+01:00,poetry/console/commands/add.py,166,6,0,0
poetry,ad40e5bc80f8d7c76b098ff85743acb15e171c1c,2019-11-13T20:32:30+01:00,poetry/packages/constraints/union_constraint.py,112,8,0,0
poetry,ad40e5bc80f8d7c76b098ff85743acb15e171c1c,2019-11-13T20:32:30+01:00,poetry/repositories/pypi_repository.py,514,11,0,0
poetry,ad40e5bc80f8d7c76b098ff85743acb15e171c1c,2019-11-13T20:32:30+01:00,poetry/utils/setup_reader.py,377,5,0,0
poetry,ad40e5bc80f8d7c76b098ff85743acb15e171c1c,2019-11-13T20:32:30+01:00,poetry/packages/__init__.py,157,0,0,13
poetry,ad40e5bc80f8d7c76b098ff85743acb15e171c1c,2019-11-13T20:32:30+01:00,poetry/utils/exporter.py,179,0,0,32
poetry,ad40e5bc80f8d7c76b098ff85743acb15e171c1c,2019-11-13T20:32:30+01:00,poetry/mixology/incompatibility.py,453,2,0,0
poetry,ee7e7aec34d2a05cef06bb709e333b2a1860c156,2019-11-18T22:03:45+01:00,poetry/console/commands/lock.py,26,1,0,0
poetry,ee7e7aec34d2a05cef06bb709e333b2a1860c156,2019-11-18T22:03:45+01:00,poetry/puzzle/operations/update.py,41,2,0,0
poetry,ee7e7aec34d2a05cef06bb709e333b2a1860c156,2019-11-18T22:03:45+01:00,poetry/console/commands/update.py,49,1,0,0
poetry,ee7e7aec34d2a05cef06bb709e333b2a1860c156,2019-11-18T22:03:45+01:00,poetry/mixology/failure.py,274,2,0,0
poetry,ee7e7aec34d2a05cef06bb709e333b2a1860c156,2019-11-18T22:03:45+01:00,poetry/utils/inspector.py,238,7,0,0
poetry,ee7e7aec34d2a05cef06bb709e333b2a1860c156,2019-11-18T22:03:45+01:00,poetry/semver/version_range.py,450,3,0,0
poetry,ee7e7aec34d2a05cef06bb709e333b2a1860c156,2019-11-18T22:03:45+01:00,tests/console/commands/test_version.py,47,0,0,2
poetry,ee7e7aec34d2a05cef06bb709e333b2a1860c156,2019-11-18T22:03:45+01:00,poetry/console/commands/remove.py,91,5,0,0
poetry,ee7e7aec34d2a05cef06bb709e333b2a1860c156,2019-11-18T22:03:45+01:00,poetry/console/commands/new.py,81,1,0,4
poetry,ee7e7aec34d2a05cef06bb709e333b2a1860c156,2019-11-18T22:03:45+01:00,poetry/packages/directory_dependency.py,81,1,0,0
poetry,ee7e7aec34d2a05cef06bb709e333b2a1860c156,2019-11-18T22:03:45+01:00,poetry/semver/__init__.py,164,5,0,0
poetry,ee7e7aec34d2a05cef06bb709e333b2a1860c156,2019-11-18T22:03:45+01:00,poetry/repositories/installed_repository.py,60,0,0,11
poetry,ee7e7aec34d2a05cef06bb709e333b2a1860c156,2019-11-18T22:03:45+01:00,poetry/version/version.py,229,2,0,0
poetry,ee7e7aec34d2a05cef06bb709e333b2a1860c156,2019-11-18T22:03:45+01:00,poetry/repositories/pool.py,164,2,0,0
poetry,ee7e7aec34d2a05cef06bb709e333b2a1860c156,2019-11-18T22:03:45+01:00,poetry/packages/locker.py,304,0,0,7
poetry,ee7e7aec34d2a05cef06bb709e333b2a1860c156,2019-11-18T22:03:45+01:00,poetry/version/specifiers.py,795,6,0,0
poetry,ee7e7aec34d2a05cef06bb709e333b2a1860c156,2019-11-18T22:03:45+01:00,poetry/utils/shell.py,98,0,0,4
poetry,ee7e7aec34d2a05cef06bb709e333b2a1860c156,2019-11-18T22:03:45+01:00,tests/utils/test_exporter.py,811,0,0,80
poetry,ee7e7aec34d2a05cef06bb709e333b2a1860c156,2019-11-18T22:03:45+01:00,poetry/installation/pip_installer.py,246,0,0,2
poetry,ee7e7aec34d2a05cef06bb709e333b2a1860c156,2019-11-18T22:03:45+01:00,poetry/mixology/term.py,170,4,0,0
poetry,ee7e7aec34d2a05cef06bb709e333b2a1860c156,2019-11-18T22:03:45+01:00,poetry/version/requirements.py,255,0,0,2
poetry,ee7e7aec34d2a05cef06bb709e333b2a1860c156,2019-11-18T22:03:45+01:00,poetry/repositories/repository.py,128,3,0,0
poetry,ee7e7aec34d2a05cef06bb709e333b2a1860c156,2019-11-18T22:03:45+01:00,poetry/console/commands/config.py,358,2,0,0
poetry,ee7e7aec34d2a05cef06bb709e333b2a1860c156,2019-11-18T22:03:45+01:00,poetry/utils/exporter.py,176,0,0,9
poetry,ee7e7aec34d2a05cef06bb709e333b2a1860c156,2019-11-18T22:03:45+01:00,poetry/vcs/git.py,241,6,0,9
poetry,ee7e7aec34d2a05cef06bb709e333b2a1860c156,2019-11-18T22:03:45+01:00,poetry/console/commands/init.py,517,1,0,0
poetry,ee7e7aec34d2a05cef06bb709e333b2a1860c156,2019-11-18T22:03:45+01:00,poetry/version/markers.py,683,6,0,0
poetry,ee7e7aec34d2a05cef06bb709e333b2a1860c156,2019-11-18T22:03:45+01:00,poetry/packages/utils/utils.py,238,1,0,0
poetry,ee7e7aec34d2a05cef06bb709e333b2a1860c156,2019-11-18T22:03:45+01:00,poetry/packages/dependency.py,349,2,0,0
poetry,ee7e7aec34d2a05cef06bb709e333b2a1860c156,2019-11-18T22:03:45+01:00,poetry/packages/file_dependency.py,61,1,0,0
poetry,ee7e7aec34d2a05cef06bb709e333b2a1860c156,2019-11-18T22:03:45+01:00,poetry/console/commands/install.py,90,1,0,0
poetry,ee7e7aec34d2a05cef06bb709e333b2a1860c156,2019-11-18T22:03:45+01:00,poetry/console/config/application_config.py,181,0,0,8
poetry,ee7e7aec34d2a05cef06bb709e333b2a1860c156,2019-11-18T22:03:45+01:00,poetry/packages/constraints/multi_constraint.py,92,5,0,0
poetry,ee7e7aec34d2a05cef06bb709e333b2a1860c156,2019-11-18T22:03:45+01:00,poetry/utils/_compat.py,274,2,0,7
poetry,ee7e7aec34d2a05cef06bb709e333b2a1860c156,2019-11-18T22:03:45+01:00,poetry/console/commands/debug/resolve.py,134,1,0,0
poetry,ee7e7aec34d2a05cef06bb709e333b2a1860c156,2019-11-18T22:03:45+01:00,poetry/utils/appdirs.py,252,1,0,0
poetry,ee7e7aec34d2a05cef06bb709e333b2a1860c156,2019-11-18T22:03:45+01:00,poetry/utils/env.py,1105,21,0,38
poetry,ee7e7aec34d2a05cef06bb709e333b2a1860c156,2019-11-18T22:03:45+01:00,poetry/masonry/builders/builder.py,288,4,0,24
poetry,ee7e7aec34d2a05cef06bb709e333b2a1860c156,2019-11-18T22:03:45+01:00,poetry/masonry/builders/complete.py,73,1,0,0
poetry,ee7e7aec34d2a05cef06bb709e333b2a1860c156,2019-11-18T22:03:45+01:00,poetry/packages/constraints/__init__.py,57,5,0,0
poetry,ee7e7aec34d2a05cef06bb709e333b2a1860c156,2019-11-18T22:03:45+01:00,poetry/installation/installer.py,488,8,0,2
poetry,ee7e7aec34d2a05cef06bb709e333b2a1860c156,2019-11-18T22:03:45+01:00,tests/masonry/builders/test_editable.py,55,0,0,6
poetry,ee7e7aec34d2a05cef06bb709e333b2a1860c156,2019-11-18T22:03:45+01:00,poetry/console/commands/self/update.py,233,7,0,0
poetry,ee7e7aec34d2a05cef06bb709e333b2a1860c156,2019-11-18T22:03:45+01:00,tests/packages/test_locker.py,214,0,0,34
poetry,ee7e7aec34d2a05cef06bb709e333b2a1860c156,2019-11-18T22:03:45+01:00,poetry/masonry/builders/editable.py,120,0,0,6
poetry,ee7e7aec34d2a05cef06bb709e333b2a1860c156,2019-11-18T22:03:45+01:00,poetry/console/commands/show.py,365,0,0,10
poetry,ee7e7aec34d2a05cef06bb709e333b2a1860c156,2019-11-18T22:03:45+01:00,poetry/masonry/builders/wheel.py,322,2,0,8
poetry,ee7e7aec34d2a05cef06bb709e333b2a1860c156,2019-11-18T22:03:45+01:00,poetry/console/commands/version.py,104,0,0,2
poetry,ee7e7aec34d2a05cef06bb709e333b2a1860c156,2019-11-18T22:03:45+01:00,poetry/__version__.py,1,0,0,6
poetry,ee7e7aec34d2a05cef06bb709e333b2a1860c156,2019-11-18T22:03:45+01:00,get-poetry.py,959,14,0,0
poetry,ee7e7aec34d2a05cef06bb709e333b2a1860c156,2019-11-18T22:03:45+01:00,poetry/packages/vcs_dependency.py,80,1,0,0
poetry,ee7e7aec34d2a05cef06bb709e333b2a1860c156,2019-11-18T22:03:45+01:00,poetry/semver/version_union.py,254,5,0,0
poetry,ee7e7aec34d2a05cef06bb709e333b2a1860c156,2019-11-18T22:03:45+01:00,poetry/packages/url_dependency.py,40,1,0,0
poetry,ee7e7aec34d2a05cef06bb709e333b2a1860c156,2019-11-18T22:03:45+01:00,poetry/console/commands/add.py,166,6,0,0
poetry,ee7e7aec34d2a05cef06bb709e333b2a1860c156,2019-11-18T22:03:45+01:00,poetry/packages/constraints/union_constraint.py,112,8,0,0
poetry,ee7e7aec34d2a05cef06bb709e333b2a1860c156,2019-11-18T22:03:45+01:00,poetry/repositories/pypi_repository.py,514,11,0,0
poetry,ee7e7aec34d2a05cef06bb709e333b2a1860c156,2019-11-18T22:03:45+01:00,poetry/utils/setup_reader.py,377,5,0,0
poetry,ee7e7aec34d2a05cef06bb709e333b2a1860c156,2019-11-18T22:03:45+01:00,poetry/packages/__init__.py,157,0,0,13
poetry,ee7e7aec34d2a05cef06bb709e333b2a1860c156,2019-11-18T22:03:45+01:00,poetry/packages/package.py,438,4,0,0
poetry,ee7e7aec34d2a05cef06bb709e333b2a1860c156,2019-11-18T22:03:45+01:00,tests/console/commands/test_show.py,1078,0,0,40
poetry,ee7e7aec34d2a05cef06bb709e333b2a1860c156,2019-11-18T22:03:45+01:00,tests/packages/test_main.py,171,0,0,22
poetry,ee7e7aec34d2a05cef06bb709e333b2a1860c156,2019-11-18T22:03:45+01:00,poetry/repositories/legacy_repository.py,426,5,0,0
poetry,ee7e7aec34d2a05cef06bb709e333b2a1860c156,2019-11-18T22:03:45+01:00,poetry/utils/helpers.py,175,2,0,0
poetry,ee7e7aec34d2a05cef06bb709e333b2a1860c156,2019-11-18T22:03:45+01:00,poetry/puzzle/provider.py,801,8,0,9
poetry,ee7e7aec34d2a05cef06bb709e333b2a1860c156,2019-11-18T22:03:45+01:00,poetry/mixology/incompatibility.py,453,2,0,0
poetry,ee7e7aec34d2a05cef06bb709e333b2a1860c156,2019-11-18T22:03:45+01:00,tests/repositories/test_installed_repository.py,63,0,0,16
poetry,bf6ad0844af85f778af8036ece399f7e2a7da32c,2019-11-18T22:08:03+01:00,poetry/console/commands/lock.py,26,1,0,0
poetry,bf6ad0844af85f778af8036ece399f7e2a7da32c,2019-11-18T22:08:03+01:00,poetry/puzzle/operations/update.py,41,2,0,0
poetry,bf6ad0844af85f778af8036ece399f7e2a7da32c,2019-11-18T22:08:03+01:00,poetry/console/commands/update.py,49,1,0,0
poetry,bf6ad0844af85f778af8036ece399f7e2a7da32c,2019-11-18T22:08:03+01:00,poetry/mixology/failure.py,274,2,0,0
poetry,bf6ad0844af85f778af8036ece399f7e2a7da32c,2019-11-18T22:08:03+01:00,poetry/utils/inspector.py,238,7,0,0
poetry,bf6ad0844af85f778af8036ece399f7e2a7da32c,2019-11-18T22:08:03+01:00,poetry/semver/version_range.py,450,3,0,0
poetry,bf6ad0844af85f778af8036ece399f7e2a7da32c,2019-11-18T22:08:03+01:00,poetry/console/commands/remove.py,91,5,0,0
poetry,bf6ad0844af85f778af8036ece399f7e2a7da32c,2019-11-18T22:08:03+01:00,poetry/console/commands/new.py,81,1,0,4
poetry,bf6ad0844af85f778af8036ece399f7e2a7da32c,2019-11-18T22:08:03+01:00,poetry/packages/directory_dependency.py,81,1,0,0
poetry,bf6ad0844af85f778af8036ece399f7e2a7da32c,2019-11-18T22:08:03+01:00,poetry/semver/__init__.py,164,5,0,0
poetry,bf6ad0844af85f778af8036ece399f7e2a7da32c,2019-11-18T22:08:03+01:00,poetry/repositories/installed_repository.py,60,0,0,11
poetry,bf6ad0844af85f778af8036ece399f7e2a7da32c,2019-11-18T22:08:03+01:00,poetry/version/version.py,229,2,0,0
poetry,bf6ad0844af85f778af8036ece399f7e2a7da32c,2019-11-18T22:08:03+01:00,poetry/repositories/pool.py,164,2,0,0
poetry,bf6ad0844af85f778af8036ece399f7e2a7da32c,2019-11-18T22:08:03+01:00,poetry/packages/locker.py,304,0,0,7
poetry,bf6ad0844af85f778af8036ece399f7e2a7da32c,2019-11-18T22:08:03+01:00,poetry/version/specifiers.py,795,6,0,0
poetry,bf6ad0844af85f778af8036ece399f7e2a7da32c,2019-11-18T22:08:03+01:00,poetry/utils/shell.py,98,0,0,4
poetry,bf6ad0844af85f778af8036ece399f7e2a7da32c,2019-11-18T22:08:03+01:00,tests/utils/test_exporter.py,811,0,0,80
poetry,bf6ad0844af85f778af8036ece399f7e2a7da32c,2019-11-18T22:08:03+01:00,poetry/installation/pip_installer.py,246,0,0,2
poetry,bf6ad0844af85f778af8036ece399f7e2a7da32c,2019-11-18T22:08:03+01:00,poetry/mixology/term.py,170,4,0,0
poetry,bf6ad0844af85f778af8036ece399f7e2a7da32c,2019-11-18T22:08:03+01:00,poetry/version/requirements.py,255,0,0,2
poetry,bf6ad0844af85f778af8036ece399f7e2a7da32c,2019-11-18T22:08:03+01:00,poetry/repositories/repository.py,128,3,0,0
poetry,bf6ad0844af85f778af8036ece399f7e2a7da32c,2019-11-18T22:08:03+01:00,poetry/console/commands/config.py,358,2,0,0
poetry,bf6ad0844af85f778af8036ece399f7e2a7da32c,2019-11-18T22:08:03+01:00,poetry/utils/exporter.py,176,0,0,9
poetry,bf6ad0844af85f778af8036ece399f7e2a7da32c,2019-11-18T22:08:03+01:00,poetry/vcs/git.py,241,6,0,9
poetry,bf6ad0844af85f778af8036ece399f7e2a7da32c,2019-11-18T22:08:03+01:00,poetry/console/commands/init.py,517,1,0,0
poetry,bf6ad0844af85f778af8036ece399f7e2a7da32c,2019-11-18T22:08:03+01:00,poetry/version/markers.py,683,6,0,0
poetry,bf6ad0844af85f778af8036ece399f7e2a7da32c,2019-11-18T22:08:03+01:00,poetry/packages/utils/utils.py,238,1,0,0
poetry,bf6ad0844af85f778af8036ece399f7e2a7da32c,2019-11-18T22:08:03+01:00,poetry/packages/dependency.py,349,2,0,0
poetry,bf6ad0844af85f778af8036ece399f7e2a7da32c,2019-11-18T22:08:03+01:00,poetry/packages/file_dependency.py,61,1,0,0
poetry,bf6ad0844af85f778af8036ece399f7e2a7da32c,2019-11-18T22:08:03+01:00,poetry/console/commands/install.py,90,1,0,0
poetry,bf6ad0844af85f778af8036ece399f7e2a7da32c,2019-11-18T22:08:03+01:00,poetry/console/config/application_config.py,181,0,0,8
poetry,bf6ad0844af85f778af8036ece399f7e2a7da32c,2019-11-18T22:08:03+01:00,poetry/packages/constraints/multi_constraint.py,92,5,0,0
poetry,bf6ad0844af85f778af8036ece399f7e2a7da32c,2019-11-18T22:08:03+01:00,poetry/utils/_compat.py,274,2,0,7
poetry,bf6ad0844af85f778af8036ece399f7e2a7da32c,2019-11-18T22:08:03+01:00,poetry/console/commands/debug/resolve.py,134,1,0,0
poetry,bf6ad0844af85f778af8036ece399f7e2a7da32c,2019-11-18T22:08:03+01:00,poetry/utils/appdirs.py,252,1,0,0
poetry,bf6ad0844af85f778af8036ece399f7e2a7da32c,2019-11-18T22:08:03+01:00,poetry/utils/env.py,1105,21,0,38
poetry,bf6ad0844af85f778af8036ece399f7e2a7da32c,2019-11-18T22:08:03+01:00,poetry/masonry/builders/builder.py,288,4,0,24
poetry,bf6ad0844af85f778af8036ece399f7e2a7da32c,2019-11-18T22:08:03+01:00,poetry/masonry/builders/complete.py,73,1,0,0
poetry,bf6ad0844af85f778af8036ece399f7e2a7da32c,2019-11-18T22:08:03+01:00,poetry/packages/constraints/__init__.py,57,5,0,0
poetry,bf6ad0844af85f778af8036ece399f7e2a7da32c,2019-11-18T22:08:03+01:00,poetry/installation/installer.py,488,8,0,2
poetry,bf6ad0844af85f778af8036ece399f7e2a7da32c,2019-11-18T22:08:03+01:00,tests/masonry/builders/test_editable.py,55,0,0,6
poetry,bf6ad0844af85f778af8036ece399f7e2a7da32c,2019-11-18T22:08:03+01:00,poetry/console/commands/self/update.py,233,7,0,0
poetry,bf6ad0844af85f778af8036ece399f7e2a7da32c,2019-11-18T22:08:03+01:00,tests/packages/test_locker.py,214,0,0,34
poetry,bf6ad0844af85f778af8036ece399f7e2a7da32c,2019-11-18T22:08:03+01:00,poetry/masonry/builders/editable.py,120,0,0,6
poetry,bf6ad0844af85f778af8036ece399f7e2a7da32c,2019-11-18T22:08:03+01:00,poetry/console/commands/show.py,365,0,0,10
poetry,bf6ad0844af85f778af8036ece399f7e2a7da32c,2019-11-18T22:08:03+01:00,poetry/masonry/builders/wheel.py,322,2,0,8
poetry,bf6ad0844af85f778af8036ece399f7e2a7da32c,2019-11-18T22:08:03+01:00,poetry/__version__.py,1,0,0,6
poetry,bf6ad0844af85f778af8036ece399f7e2a7da32c,2019-11-18T22:08:03+01:00,get-poetry.py,959,14,0,0
poetry,bf6ad0844af85f778af8036ece399f7e2a7da32c,2019-11-18T22:08:03+01:00,poetry/packages/vcs_dependency.py,80,1,0,0
poetry,bf6ad0844af85f778af8036ece399f7e2a7da32c,2019-11-18T22:08:03+01:00,poetry/semver/version_union.py,254,5,0,0
poetry,bf6ad0844af85f778af8036ece399f7e2a7da32c,2019-11-18T22:08:03+01:00,poetry/packages/url_dependency.py,40,1,0,0
poetry,bf6ad0844af85f778af8036ece399f7e2a7da32c,2019-11-18T22:08:03+01:00,poetry/console/commands/add.py,166,6,0,0
poetry,bf6ad0844af85f778af8036ece399f7e2a7da32c,2019-11-18T22:08:03+01:00,poetry/packages/constraints/union_constraint.py,112,8,0,0
poetry,bf6ad0844af85f778af8036ece399f7e2a7da32c,2019-11-18T22:08:03+01:00,poetry/repositories/pypi_repository.py,514,11,0,0
poetry,bf6ad0844af85f778af8036ece399f7e2a7da32c,2019-11-18T22:08:03+01:00,poetry/utils/setup_reader.py,377,5,0,0
poetry,bf6ad0844af85f778af8036ece399f7e2a7da32c,2019-11-18T22:08:03+01:00,poetry/packages/__init__.py,157,0,0,13
poetry,bf6ad0844af85f778af8036ece399f7e2a7da32c,2019-11-18T22:08:03+01:00,poetry/packages/package.py,438,4,0,0
poetry,bf6ad0844af85f778af8036ece399f7e2a7da32c,2019-11-18T22:08:03+01:00,tests/console/commands/test_show.py,1078,0,0,40
poetry,bf6ad0844af85f778af8036ece399f7e2a7da32c,2019-11-18T22:08:03+01:00,tests/packages/test_main.py,171,0,0,22
poetry,bf6ad0844af85f778af8036ece399f7e2a7da32c,2019-11-18T22:08:03+01:00,poetry/repositories/legacy_repository.py,426,5,0,0
poetry,bf6ad0844af85f778af8036ece399f7e2a7da32c,2019-11-18T22:08:03+01:00,poetry/utils/helpers.py,175,2,0,0
poetry,bf6ad0844af85f778af8036ece399f7e2a7da32c,2019-11-18T22:08:03+01:00,poetry/puzzle/provider.py,801,8,0,9
poetry,bf6ad0844af85f778af8036ece399f7e2a7da32c,2019-11-18T22:08:03+01:00,poetry/mixology/incompatibility.py,453,2,0,0
poetry,bf6ad0844af85f778af8036ece399f7e2a7da32c,2019-11-18T22:08:03+01:00,tests/repositories/test_installed_repository.py,63,0,0,16
poetry,6987aaa83e127a4cf62942da0a630cad14585298,2019-12-14T23:06:19+01:00,poetry/console/commands/lock.py,28,1,0,0
poetry,6987aaa83e127a4cf62942da0a630cad14585298,2019-12-14T23:06:19+01:00,poetry/console/commands/update.py,49,1,0,0
poetry,6987aaa83e127a4cf62942da0a630cad14585298,2019-12-14T23:06:19+01:00,poetry/utils/inspector.py,238,7,0,0
poetry,6987aaa83e127a4cf62942da0a630cad14585298,2019-12-14T23:06:19+01:00,tests/puzzle/test_solver.py,1889,0,0,16
poetry,6987aaa83e127a4cf62942da0a630cad14585298,2019-12-14T23:06:19+01:00,poetry/semver/version_range.py,450,3,0,0
poetry,6987aaa83e127a4cf62942da0a630cad14585298,2019-12-14T23:06:19+01:00,poetry/console/commands/remove.py,91,5,0,0
poetry,6987aaa83e127a4cf62942da0a630cad14585298,2019-12-14T23:06:19+01:00,poetry/semver/__init__.py,164,5,0,0
poetry,6987aaa83e127a4cf62942da0a630cad14585298,2019-12-14T23:06:19+01:00,tests/console/conftest.py,229,0,0,51
poetry,6987aaa83e127a4cf62942da0a630cad14585298,2019-12-14T23:06:19+01:00,tests/helpers.py,29,0,0,61
poetry,6987aaa83e127a4cf62942da0a630cad14585298,2019-12-14T23:06:19+01:00,tests/utils/test_helpers.py,84,0,0,17
poetry,6987aaa83e127a4cf62942da0a630cad14585298,2019-12-14T23:06:19+01:00,poetry/version/specifiers.py,795,6,0,0
poetry,6987aaa83e127a4cf62942da0a630cad14585298,2019-12-14T23:06:19+01:00,poetry/utils/shell.py,100,0,0,2
poetry,6987aaa83e127a4cf62942da0a630cad14585298,2019-12-14T23:06:19+01:00,tests/utils/test_setup_reader.py,168,0,0,11
poetry,6987aaa83e127a4cf62942da0a630cad14585298,2019-12-14T23:06:19+01:00,poetry/mixology/term.py,170,4,0,0
poetry,6987aaa83e127a4cf62942da0a630cad14585298,2019-12-14T23:06:19+01:00,poetry/masonry/publishing/publisher.py,96,0,0,11
poetry,6987aaa83e127a4cf62942da0a630cad14585298,2019-12-14T23:06:19+01:00,poetry/repositories/repository.py,128,3,0,0
poetry,6987aaa83e127a4cf62942da0a630cad14585298,2019-12-14T23:06:19+01:00,poetry/console/commands/config.py,358,2,0,27
poetry,6987aaa83e127a4cf62942da0a630cad14585298,2019-12-14T23:06:19+01:00,poetry/vcs/git.py,244,6,0,27
poetry,6987aaa83e127a4cf62942da0a630cad14585298,2019-12-14T23:06:19+01:00,poetry/packages/utils/utils.py,238,1,0,0
poetry,6987aaa83e127a4cf62942da0a630cad14585298,2019-12-14T23:06:19+01:00,poetry/packages/dependency.py,349,2,0,0
poetry,6987aaa83e127a4cf62942da0a630cad14585298,2019-12-14T23:06:19+01:00,poetry/packages/file_dependency.py,61,1,0,0
poetry,6987aaa83e127a4cf62942da0a630cad14585298,2019-12-14T23:06:19+01:00,poetry/console/commands/install.py,90,1,0,0
poetry,6987aaa83e127a4cf62942da0a630cad14585298,2019-12-14T23:06:19+01:00,tests/masonry/builders/test_wheel.py,163,0,0,1
poetry,6987aaa83e127a4cf62942da0a630cad14585298,2019-12-14T23:06:19+01:00,poetry/packages/constraints/multi_constraint.py,92,5,0,0
poetry,6987aaa83e127a4cf62942da0a630cad14585298,2019-12-14T23:06:19+01:00,poetry/console/commands/debug/resolve.py,134,1,0,0
poetry,6987aaa83e127a4cf62942da0a630cad14585298,2019-12-14T23:06:19+01:00,poetry/masonry/builders/complete.py,73,1,0,0
poetry,6987aaa83e127a4cf62942da0a630cad14585298,2019-12-14T23:06:19+01:00,poetry/packages/constraints/__init__.py,57,5,0,0
poetry,6987aaa83e127a4cf62942da0a630cad14585298,2019-12-14T23:06:19+01:00,poetry/masonry/builders/wheel.py,322,2,0,4
poetry,6987aaa83e127a4cf62942da0a630cad14585298,2019-12-14T23:06:19+01:00,tests/masonry/builders/test_sdist.py,467,0,0,1
poetry,6987aaa83e127a4cf62942da0a630cad14585298,2019-12-14T23:06:19+01:00,poetry/console/commands/version.py,104,0,0,2
poetry,6987aaa83e127a4cf62942da0a630cad14585298,2019-12-14T23:06:19+01:00,tests/utils/test_password_manager.py,0,0,0,210
poetry,6987aaa83e127a4cf62942da0a630cad14585298,2019-12-14T23:06:19+01:00,poetry/packages/vcs_dependency.py,80,1,0,12
poetry,6987aaa83e127a4cf62942da0a630cad14585298,2019-12-14T23:06:19+01:00,poetry/semver/version_union.py,254,5,0,0
poetry,6987aaa83e127a4cf62942da0a630cad14585298,2019-12-14T23:06:19+01:00,poetry/packages/url_dependency.py,40,1,0,0
poetry,6987aaa83e127a4cf62942da0a630cad14585298,2019-12-14T23:06:19+01:00,poetry/packages/package.py,438,4,0,1
poetry,6987aaa83e127a4cf62942da0a630cad14585298,2019-12-14T23:06:19+01:00,tests/conftest.py,161,0,0,56
poetry,6987aaa83e127a4cf62942da0a630cad14585298,2019-12-14T23:06:19+01:00,poetry/repositories/legacy_repository.py,426,5,0,0
poetry,6987aaa83e127a4cf62942da0a630cad14585298,2019-12-14T23:06:19+01:00,poetry/utils/helpers.py,175,2,0,58
poetry,6987aaa83e127a4cf62942da0a630cad14585298,2019-12-14T23:06:19+01:00,poetry/utils/appdirs.py,252,1,0,0
poetry,6987aaa83e127a4cf62942da0a630cad14585298,2019-12-14T23:06:19+01:00,poetry/puzzle/provider.py,802,8,0,14
poetry,6987aaa83e127a4cf62942da0a630cad14585298,2019-12-14T23:06:19+01:00,tests/utils/test_env.py,800,0,0,39
poetry,6987aaa83e127a4cf62942da0a630cad14585298,2019-12-14T23:06:19+01:00,poetry/puzzle/operations/update.py,41,2,0,0
poetry,6987aaa83e127a4cf62942da0a630cad14585298,2019-12-14T23:06:19+01:00,poetry/mixology/failure.py,283,2,0,0
poetry,6987aaa83e127a4cf62942da0a630cad14585298,2019-12-14T23:06:19+01:00,poetry/console/commands/new.py,83,1,0,0
poetry,6987aaa83e127a4cf62942da0a630cad14585298,2019-12-14T23:06:19+01:00,poetry/packages/directory_dependency.py,81,1,0,0
poetry,6987aaa83e127a4cf62942da0a630cad14585298,2019-12-14T23:06:19+01:00,tests/utils/fixtures/setups/setuptools_setup/setup.py,0,0,0,11
poetry,6987aaa83e127a4cf62942da0a630cad14585298,2019-12-14T23:06:19+01:00,poetry/version/version.py,229,2,0,0
poetry,6987aaa83e127a4cf62942da0a630cad14585298,2019-12-14T23:06:19+01:00,poetry/repositories/pool.py,164,2,0,0
poetry,6987aaa83e127a4cf62942da0a630cad14585298,2019-12-14T23:06:19+01:00,poetry/console/commands/init.py,517,1,0,0
poetry,6987aaa83e127a4cf62942da0a630cad14585298,2019-12-14T23:06:19+01:00,poetry/version/markers.py,691,6,0,0
poetry,6987aaa83e127a4cf62942da0a630cad14585298,2019-12-14T23:06:19+01:00,tests/packages/test_vcs_dependency.py,51,0,0,13
poetry,6987aaa83e127a4cf62942da0a630cad14585298,2019-12-14T23:06:19+01:00,tests/vcs/test_git.py,68,0,0,8
poetry,6987aaa83e127a4cf62942da0a630cad14585298,2019-12-14T23:06:19+01:00,tests/utils/test_helpers_keyring.py,125,0,0,125
poetry,6987aaa83e127a4cf62942da0a630cad14585298,2019-12-14T23:06:19+01:00,poetry/console/config/application_config.py,181,0,0,2
poetry,6987aaa83e127a4cf62942da0a630cad14585298,2019-12-14T23:06:19+01:00,poetry/utils/_compat.py,281,2,0,0
poetry,6987aaa83e127a4cf62942da0a630cad14585298,2019-12-14T23:06:19+01:00,poetry/utils/password_manager.py,0,0,0,184
poetry,6987aaa83e127a4cf62942da0a630cad14585298,2019-12-14T23:06:19+01:00,tests/packages/test_package.py,16,0,0,23
poetry,6987aaa83e127a4cf62942da0a630cad14585298,2019-12-14T23:06:19+01:00,poetry/utils/env.py,1149,26,0,19
poetry,6987aaa83e127a4cf62942da0a630cad14585298,2019-12-14T23:06:19+01:00,poetry/masonry/builders/builder.py,286,4,0,2
poetry,6987aaa83e127a4cf62942da0a630cad14585298,2019-12-14T23:06:19+01:00,poetry/installation/installer.py,488,8,0,0
poetry,6987aaa83e127a4cf62942da0a630cad14585298,2019-12-14T23:06:19+01:00,poetry/console/commands/self/update.py,233,7,0,0
poetry,6987aaa83e127a4cf62942da0a630cad14585298,2019-12-14T23:06:19+01:00,poetry/factory.py,338,0,0,8
poetry,6987aaa83e127a4cf62942da0a630cad14585298,2019-12-14T23:06:19+01:00,get-poetry.py,959,14,0,0
poetry,6987aaa83e127a4cf62942da0a630cad14585298,2019-12-14T23:06:19+01:00,poetry/console/commands/add.py,166,6,0,0
poetry,6987aaa83e127a4cf62942da0a630cad14585298,2019-12-14T23:06:19+01:00,poetry/packages/constraints/union_constraint.py,112,8,0,0
poetry,6987aaa83e127a4cf62942da0a630cad14585298,2019-12-14T23:06:19+01:00,poetry/repositories/pypi_repository.py,514,11,0,0
poetry,6987aaa83e127a4cf62942da0a630cad14585298,2019-12-14T23:06:19+01:00,poetry/utils/setup_reader.py,377,5,0,9
poetry,6987aaa83e127a4cf62942da0a630cad14585298,2019-12-14T23:06:19+01:00,poetry/mixology/incompatibility.py,453,2,0,0
poetry,299a885e880afce613f76927165dce3b1f55591c,2019-12-26T17:36:04+01:00,poetry/console/commands/lock.py,28,1,0,0
poetry,299a885e880afce613f76927165dce3b1f55591c,2019-12-26T17:36:04+01:00,poetry/console/commands/update.py,49,1,0,0
poetry,299a885e880afce613f76927165dce3b1f55591c,2019-12-26T17:36:04+01:00,poetry/utils/inspector.py,238,7,0,0
poetry,299a885e880afce613f76927165dce3b1f55591c,2019-12-26T17:36:04+01:00,tests/puzzle/test_solver.py,1889,0,0,16
poetry,299a885e880afce613f76927165dce3b1f55591c,2019-12-26T17:36:04+01:00,poetry/semver/version_range.py,450,3,0,0
poetry,299a885e880afce613f76927165dce3b1f55591c,2019-12-26T17:36:04+01:00,poetry/console/commands/remove.py,91,5,0,0
poetry,299a885e880afce613f76927165dce3b1f55591c,2019-12-26T17:36:04+01:00,poetry/semver/__init__.py,164,5,0,4
poetry,299a885e880afce613f76927165dce3b1f55591c,2019-12-26T17:36:04+01:00,poetry/repositories/installed_repository.py,59,0,0,85
poetry,299a885e880afce613f76927165dce3b1f55591c,2019-12-26T17:36:04+01:00,tests/utils/test_helpers.py,67,0,0,17
poetry,299a885e880afce613f76927165dce3b1f55591c,2019-12-26T17:36:04+01:00,tests/masonry/utils/__init__.py,0,0,0,0
poetry,299a885e880afce613f76927165dce3b1f55591c,2019-12-26T17:36:04+01:00,poetry/version/specifiers.py,795,6,0,0
poetry,299a885e880afce613f76927165dce3b1f55591c,2019-12-26T17:36:04+01:00,tests/utils/test_exporter.py,891,0,0,4
poetry,299a885e880afce613f76927165dce3b1f55591c,2019-12-26T17:36:04+01:00,poetry/mixology/term.py,170,4,0,0
poetry,299a885e880afce613f76927165dce3b1f55591c,2019-12-26T17:36:04+01:00,tests/semver/test_main.py,196,0,0,4
poetry,299a885e880afce613f76927165dce3b1f55591c,2019-12-26T17:36:04+01:00,poetry/repositories/repository.py,128,3,0,0
poetry,299a885e880afce613f76927165dce3b1f55591c,2019-12-26T17:36:04+01:00,poetry/console/commands/config.py,349,2,0,27
poetry,299a885e880afce613f76927165dce3b1f55591c,2019-12-26T17:36:04+01:00,poetry/masonry/publishing/publisher.py,97,0,0,11
poetry,299a885e880afce613f76927165dce3b1f55591c,2019-12-26T17:36:04+01:00,tests/masonry/builders/fixtures/complete/my_package/sub_pkg3/foo.py,0,0,0,0
poetry,299a885e880afce613f76927165dce3b1f55591c,2019-12-26T17:36:04+01:00,poetry/vcs/git.py,245,6,0,2
poetry,299a885e880afce613f76927165dce3b1f55591c,2019-12-26T17:36:04+01:00,poetry/packages/utils/utils.py,238,1,0,0
poetry,299a885e880afce613f76927165dce3b1f55591c,2019-12-26T17:36:04+01:00,poetry/packages/dependency.py,349,2,0,0
poetry,299a885e880afce613f76927165dce3b1f55591c,2019-12-26T17:36:04+01:00,poetry/packages/file_dependency.py,61,1,0,0
poetry,299a885e880afce613f76927165dce3b1f55591c,2019-12-26T17:36:04+01:00,poetry/console/commands/install.py,90,1,0,0
poetry,299a885e880afce613f76927165dce3b1f55591c,2019-12-26T17:36:04+01:00,poetry/packages/constraints/multi_constraint.py,92,5,0,0
poetry,299a885e880afce613f76927165dce3b1f55591c,2019-12-26T17:36:04+01:00,poetry/console/commands/debug/resolve.py,134,1,0,0
poetry,299a885e880afce613f76927165dce3b1f55591c,2019-12-26T17:36:04+01:00,poetry/masonry/builders/complete.py,73,1,0,0
poetry,299a885e880afce613f76927165dce3b1f55591c,2019-12-26T17:36:04+01:00,poetry/packages/constraints/__init__.py,57,5,0,0
poetry,299a885e880afce613f76927165dce3b1f55591c,2019-12-26T17:36:04+01:00,tests/masonry/builders/test_complete.py,480,0,0,1
poetry,299a885e880afce613f76927165dce3b1f55591c,2019-12-26T17:36:04+01:00,poetry/masonry/builders/wheel.py,324,2,0,0
poetry,299a885e880afce613f76927165dce3b1f55591c,2019-12-26T17:36:04+01:00,tests/masonry/builders/test_sdist.py,468,0,0,9
poetry,299a885e880afce613f76927165dce3b1f55591c,2019-12-26T17:36:04+01:00,poetry/masonry/builders/sdist.py,346,0,0,2
poetry,299a885e880afce613f76927165dce3b1f55591c,2019-12-26T17:36:04+01:00,tests/utils/test_password_manager.py,210,0,0,210
poetry,299a885e880afce613f76927165dce3b1f55591c,2019-12-26T17:36:04+01:00,poetry/packages/vcs_dependency.py,88,1,0,10
poetry,299a885e880afce613f76927165dce3b1f55591c,2019-12-26T17:36:04+01:00,poetry/semver/version_union.py,254,5,0,0
poetry,299a885e880afce613f76927165dce3b1f55591c,2019-12-26T17:36:04+01:00,poetry/packages/url_dependency.py,40,1,0,0
poetry,299a885e880afce613f76927165dce3b1f55591c,2019-12-26T17:36:04+01:00,poetry/packages/package.py,439,4,0,0
poetry,299a885e880afce613f76927165dce3b1f55591c,2019-12-26T17:36:04+01:00,tests/conftest.py,119,0,0,5
poetry,299a885e880afce613f76927165dce3b1f55591c,2019-12-26T17:36:04+01:00,poetry/repositories/legacy_repository.py,426,5,0,0
poetry,299a885e880afce613f76927165dce3b1f55591c,2019-12-26T17:36:04+01:00,poetry/utils/helpers.py,129,2,0,52
poetry,299a885e880afce613f76927165dce3b1f55591c,2019-12-26T17:36:04+01:00,tests/masonry/utils/fixtures/with_includes/extra_package/some_dir/foo.py,0,0,0,0
poetry,299a885e880afce613f76927165dce3b1f55591c,2019-12-26T17:36:04+01:00,poetry/utils/appdirs.py,252,1,0,0
poetry,299a885e880afce613f76927165dce3b1f55591c,2019-12-26T17:36:04+01:00,poetry/puzzle/provider.py,801,8,0,14
poetry,299a885e880afce613f76927165dce3b1f55591c,2019-12-26T17:36:04+01:00,tests/utils/test_env.py,800,0,0,49
poetry,299a885e880afce613f76927165dce3b1f55591c,2019-12-26T17:36:04+01:00,tests/masonry/utils/fixtures/with_includes/__init__.py,0,0,0,0
poetry,299a885e880afce613f76927165dce3b1f55591c,2019-12-26T17:36:04+01:00,poetry/puzzle/operations/update.py,41,2,0,0
poetry,299a885e880afce613f76927165dce3b1f55591c,2019-12-26T17:36:04+01:00,poetry/mixology/failure.py,283,2,0,0
poetry,299a885e880afce613f76927165dce3b1f55591c,2019-12-26T17:36:04+01:00,poetry/console/commands/new.py,83,1,0,0
poetry,299a885e880afce613f76927165dce3b1f55591c,2019-12-26T17:36:04+01:00,poetry/packages/directory_dependency.py,81,1,0,0
poetry,299a885e880afce613f76927165dce3b1f55591c,2019-12-26T17:36:04+01:00,tests/masonry/utils/fixtures/with_includes/extra_package/some_dir/quux.py,0,0,0,0
poetry,299a885e880afce613f76927165dce3b1f55591c,2019-12-26T17:36:04+01:00,poetry/version/version.py,229,2,0,0
poetry,299a885e880afce613f76927165dce3b1f55591c,2019-12-26T17:36:04+01:00,poetry/repositories/pool.py,164,2,0,0
poetry,299a885e880afce613f76927165dce3b1f55591c,2019-12-26T17:36:04+01:00,tests/masonry/utils/fixtures/with_includes/bar/baz.py,0,0,0,0
poetry,299a885e880afce613f76927165dce3b1f55591c,2019-12-26T17:36:04+01:00,poetry/installation/pip_installer.py,246,0,0,7
poetry,299a885e880afce613f76927165dce3b1f55591c,2019-12-26T17:36:04+01:00,poetry/console/commands/init.py,517,1,0,0
poetry,299a885e880afce613f76927165dce3b1f55591c,2019-12-26T17:36:04+01:00,poetry/version/markers.py,691,6,0,0
poetry,299a885e880afce613f76927165dce3b1f55591c,2019-12-26T17:36:04+01:00,tests/packages/test_vcs_dependency.py,64,0,0,8
poetry,299a885e880afce613f76927165dce3b1f55591c,2019-12-26T17:36:04+01:00,tests/utils/test_helpers_keyring.py,0,0,0,125
poetry,299a885e880afce613f76927165dce3b1f55591c,2019-12-26T17:36:04+01:00,poetry/console/config/application_config.py,183,0,0,2
poetry,299a885e880afce613f76927165dce3b1f55591c,2019-12-26T17:36:04+01:00,poetry/utils/_compat.py,281,2,0,0
poetry,299a885e880afce613f76927165dce3b1f55591c,2019-12-26T17:36:04+01:00,poetry/utils/password_manager.py,184,3,0,184
poetry,299a885e880afce613f76927165dce3b1f55591c,2019-12-26T17:36:04+01:00,poetry/utils/env.py,1151,26,0,53
poetry,299a885e880afce613f76927165dce3b1f55591c,2019-12-26T17:36:04+01:00,poetry/masonry/builders/builder.py,286,4,0,0
poetry,299a885e880afce613f76927165dce3b1f55591c,2019-12-26T17:36:04+01:00,tests/masonry/utils/test_package_include.py,0,0,0,43
poetry,299a885e880afce613f76927165dce3b1f55591c,2019-12-26T17:36:04+01:00,poetry/installation/installer.py,488,8,0,0
poetry,299a885e880afce613f76927165dce3b1f55591c,2019-12-26T17:36:04+01:00,tests/masonry/builders/test_editable.py,57,0,0,6
poetry,299a885e880afce613f76927165dce3b1f55591c,2019-12-26T17:36:04+01:00,poetry/console/commands/self/update.py,233,7,0,0
poetry,299a885e880afce613f76927165dce3b1f55591c,2019-12-26T17:36:04+01:00,poetry/factory.py,340,0,0,8
poetry,299a885e880afce613f76927165dce3b1f55591c,2019-12-26T17:36:04+01:00,get-poetry.py,959,14,0,3
poetry,299a885e880afce613f76927165dce3b1f55591c,2019-12-26T17:36:04+01:00,poetry/console/commands/add.py,166,6,0,0
poetry,299a885e880afce613f76927165dce3b1f55591c,2019-12-26T17:36:04+01:00,poetry/packages/constraints/union_constraint.py,112,8,0,0
poetry,299a885e880afce613f76927165dce3b1f55591c,2019-12-26T17:36:04+01:00,poetry/repositories/pypi_repository.py,514,11,0,0
poetry,299a885e880afce613f76927165dce3b1f55591c,2019-12-26T17:36:04+01:00,poetry/utils/setup_reader.py,378,5,0,0
poetry,299a885e880afce613f76927165dce3b1f55591c,2019-12-26T17:36:04+01:00,poetry/masonry/utils/package_include.py,63,0,0,23
poetry,299a885e880afce613f76927165dce3b1f55591c,2019-12-26T17:36:04+01:00,poetry/utils/exporter.py,175,0,0,2
poetry,299a885e880afce613f76927165dce3b1f55591c,2019-12-26T17:36:04+01:00,poetry/mixology/incompatibility.py,453,2,0,0
poetry,5384da7a4b6a9c9f47ae099588a6a3d6d59c2562,2020-06-05T15:27:35+02:00,tests/console/commands/test_init.py,439,0,0,38
poetry,5384da7a4b6a9c9f47ae099588a6a3d6d59c2562,2020-06-05T15:27:35+02:00,poetry/console/commands/lock.py,28,1,0,0
poetry,5384da7a4b6a9c9f47ae099588a6a3d6d59c2562,2020-06-05T15:27:35+02:00,poetry/puzzle/operations/update.py,41,2,0,0
poetry,5384da7a4b6a9c9f47ae099588a6a3d6d59c2562,2020-06-05T15:27:35+02:00,poetry/console/commands/update.py,49,1,0,0
poetry,5384da7a4b6a9c9f47ae099588a6a3d6d59c2562,2020-06-05T15:27:35+02:00,poetry/mixology/failure.py,283,2,0,0
poetry,5384da7a4b6a9c9f47ae099588a6a3d6d59c2562,2020-06-05T15:27:35+02:00,poetry/utils/inspector.py,230,7,0,0
poetry,5384da7a4b6a9c9f47ae099588a6a3d6d59c2562,2020-06-05T15:27:35+02:00,tests/puzzle/test_solver.py,2041,0,0,19
poetry,5384da7a4b6a9c9f47ae099588a6a3d6d59c2562,2020-06-05T15:27:35+02:00,poetry/semver/version_range.py,450,3,0,0
poetry,5384da7a4b6a9c9f47ae099588a6a3d6d59c2562,2020-06-05T15:27:35+02:00,poetry/console/commands/remove.py,91,5,0,0
poetry,5384da7a4b6a9c9f47ae099588a6a3d6d59c2562,2020-06-05T15:27:35+02:00,poetry/console/commands/new.py,83,1,0,0
poetry,5384da7a4b6a9c9f47ae099588a6a3d6d59c2562,2020-06-05T15:27:35+02:00,poetry/packages/directory_dependency.py,92,2,0,0
poetry,5384da7a4b6a9c9f47ae099588a6a3d6d59c2562,2020-06-05T15:27:35+02:00,poetry/semver/__init__.py,162,7,0,0
poetry,5384da7a4b6a9c9f47ae099588a6a3d6d59c2562,2020-06-05T15:27:35+02:00,poetry/version/version.py,229,2,0,0
poetry,5384da7a4b6a9c9f47ae099588a6a3d6d59c2562,2020-06-05T15:27:35+02:00,poetry/repositories/pool.py,164,2,0,0
poetry,5384da7a4b6a9c9f47ae099588a6a3d6d59c2562,2020-06-05T15:27:35+02:00,poetry/version/specifiers.py,795,6,0,0
poetry,5384da7a4b6a9c9f47ae099588a6a3d6d59c2562,2020-06-05T15:27:35+02:00,tests/packages/test_dependency.py,110,0,0,22
poetry,5384da7a4b6a9c9f47ae099588a6a3d6d59c2562,2020-06-05T15:27:35+02:00,poetry/installation/pip_installer.py,256,0,0,3
poetry,5384da7a4b6a9c9f47ae099588a6a3d6d59c2562,2020-06-05T15:27:35+02:00,poetry/mixology/term.py,170,4,0,0
poetry,5384da7a4b6a9c9f47ae099588a6a3d6d59c2562,2020-06-05T15:27:35+02:00,poetry/repositories/repository.py,128,3,0,0
poetry,5384da7a4b6a9c9f47ae099588a6a3d6d59c2562,2020-06-05T15:27:35+02:00,poetry/console/commands/config.py,349,2,0,0
poetry,5384da7a4b6a9c9f47ae099588a6a3d6d59c2562,2020-06-05T15:27:35+02:00,poetry/vcs/git.py,285,6,0,0
poetry,5384da7a4b6a9c9f47ae099588a6a3d6d59c2562,2020-06-05T15:27:35+02:00,poetry/console/commands/init.py,516,1,0,25
poetry,5384da7a4b6a9c9f47ae099588a6a3d6d59c2562,2020-06-05T15:27:35+02:00,poetry/version/markers.py,763,12,0,6
poetry,5384da7a4b6a9c9f47ae099588a6a3d6d59c2562,2020-06-05T15:27:35+02:00,poetry/packages/utils/utils.py,305,1,0,0
poetry,5384da7a4b6a9c9f47ae099588a6a3d6d59c2562,2020-06-05T15:27:35+02:00,poetry/packages/dependency.py,361,2,0,21
poetry,5384da7a4b6a9c9f47ae099588a6a3d6d59c2562,2020-06-05T15:27:35+02:00,poetry/packages/file_dependency.py,76,2,0,0
poetry,5384da7a4b6a9c9f47ae099588a6a3d6d59c2562,2020-06-05T15:27:35+02:00,poetry/console/commands/install.py,96,1,0,0
poetry,5384da7a4b6a9c9f47ae099588a6a3d6d59c2562,2020-06-05T15:27:35+02:00,poetry/packages/constraints/multi_constraint.py,92,5,0,0
poetry,5384da7a4b6a9c9f47ae099588a6a3d6d59c2562,2020-06-05T15:27:35+02:00,poetry/utils/_compat.py,281,2,0,0
poetry,5384da7a4b6a9c9f47ae099588a6a3d6d59c2562,2020-06-05T15:27:35+02:00,poetry/console/commands/debug/resolve.py,134,1,0,0
poetry,5384da7a4b6a9c9f47ae099588a6a3d6d59c2562,2020-06-05T15:27:35+02:00,poetry/utils/appdirs.py,252,1,0,0
poetry,5384da7a4b6a9c9f47ae099588a6a3d6d59c2562,2020-06-05T15:27:35+02:00,poetry/utils/password_manager.py,192,3,0,0
poetry,5384da7a4b6a9c9f47ae099588a6a3d6d59c2562,2020-06-05T15:27:35+02:00,poetry/utils/env.py,1205,26,0,0
poetry,5384da7a4b6a9c9f47ae099588a6a3d6d59c2562,2020-06-05T15:27:35+02:00,poetry/masonry/builders/builder.py,287,4,0,0
poetry,5384da7a4b6a9c9f47ae099588a6a3d6d59c2562,2020-06-05T15:27:35+02:00,poetry/masonry/builders/complete.py,73,1,0,0
poetry,5384da7a4b6a9c9f47ae099588a6a3d6d59c2562,2020-06-05T15:27:35+02:00,poetry/packages/constraints/__init__.py,57,5,0,0
poetry,5384da7a4b6a9c9f47ae099588a6a3d6d59c2562,2020-06-05T15:27:35+02:00,poetry/installation/installer.py,488,8,0,4
poetry,5384da7a4b6a9c9f47ae099588a6a3d6d59c2562,2020-06-05T15:27:35+02:00,tests/masonry/builders/test_editable.py,55,0,0,4
poetry,5384da7a4b6a9c9f47ae099588a6a3d6d59c2562,2020-06-05T15:27:35+02:00,poetry/console/commands/self/update.py,335,7,0,0
poetry,5384da7a4b6a9c9f47ae099588a6a3d6d59c2562,2020-06-05T15:27:35+02:00,poetry/masonry/builders/editable.py,118,0,0,2
poetry,5384da7a4b6a9c9f47ae099588a6a3d6d59c2562,2020-06-05T15:27:35+02:00,poetry/masonry/builders/wheel.py,324,2,0,0
poetry,5384da7a4b6a9c9f47ae099588a6a3d6d59c2562,2020-06-05T15:27:35+02:00,poetry/__version__.py,1,0,0,8
poetry,5384da7a4b6a9c9f47ae099588a6a3d6d59c2562,2020-06-05T15:27:35+02:00,get-poetry.py,962,12,0,137
poetry,5384da7a4b6a9c9f47ae099588a6a3d6d59c2562,2020-06-05T15:27:35+02:00,poetry/semver/version_union.py,254,5,0,0
poetry,5384da7a4b6a9c9f47ae099588a6a3d6d59c2562,2020-06-05T15:27:35+02:00,poetry/packages/url_dependency.py,46,1,0,0
poetry,5384da7a4b6a9c9f47ae099588a6a3d6d59c2562,2020-06-05T15:27:35+02:00,poetry/console/commands/add.py,166,6,0,17
poetry,5384da7a4b6a9c9f47ae099588a6a3d6d59c2562,2020-06-05T15:27:35+02:00,poetry/packages/constraints/union_constraint.py,112,8,0,0
poetry,5384da7a4b6a9c9f47ae099588a6a3d6d59c2562,2020-06-05T15:27:35+02:00,poetry/repositories/pypi_repository.py,506,11,0,0
poetry,5384da7a4b6a9c9f47ae099588a6a3d6d59c2562,2020-06-05T15:27:35+02:00,poetry/utils/setup_reader.py,379,5,0,0
poetry,5384da7a4b6a9c9f47ae099588a6a3d6d59c2562,2020-06-05T15:27:35+02:00,poetry/packages/package.py,443,4,0,0
poetry,5384da7a4b6a9c9f47ae099588a6a3d6d59c2562,2020-06-05T15:27:35+02:00,tests/installation/test_installer.py,1565,0,0,3
poetry,5384da7a4b6a9c9f47ae099588a6a3d6d59c2562,2020-06-05T15:27:35+02:00,tests/packages/test_main.py,220,0,0,18
poetry,5384da7a4b6a9c9f47ae099588a6a3d6d59c2562,2020-06-05T15:27:35+02:00,poetry/repositories/legacy_repository.py,429,5,0,0
poetry,5384da7a4b6a9c9f47ae099588a6a3d6d59c2562,2020-06-05T15:27:35+02:00,poetry/puzzle/solver.py,348,0,0,2
poetry,5384da7a4b6a9c9f47ae099588a6a3d6d59c2562,2020-06-05T15:27:35+02:00,poetry/puzzle/provider.py,873,14,0,3
poetry,5384da7a4b6a9c9f47ae099588a6a3d6d59c2562,2020-06-05T15:27:35+02:00,poetry/mixology/incompatibility.py,453,2,0,24
poetry,ce134cef2cfbd040487a5c9876db589c38374a44,2020-06-09T20:52:44+02:00,poetry/mixology/solutions/solutions/python_requirement_solution.py,0,0,0,52
poetry,ce134cef2cfbd040487a5c9876db589c38374a44,2020-06-09T20:52:44+02:00,tests/mixology/solutions/providers/__init__.py,0,0,0,0
poetry,ce134cef2cfbd040487a5c9876db589c38374a44,2020-06-09T20:52:44+02:00,tests/console/commands/test_init.py,439,0,0,38
poetry,ce134cef2cfbd040487a5c9876db589c38374a44,2020-06-09T20:52:44+02:00,poetry/console/commands/lock.py,28,1,0,0
poetry,ce134cef2cfbd040487a5c9876db589c38374a44,2020-06-09T20:52:44+02:00,poetry/puzzle/operations/update.py,41,2,0,0
poetry,ce134cef2cfbd040487a5c9876db589c38374a44,2020-06-09T20:52:44+02:00,poetry/console/commands/update.py,49,1,0,0
poetry,ce134cef2cfbd040487a5c9876db589c38374a44,2020-06-09T20:52:44+02:00,poetry/mixology/failure.py,283,2,0,9
poetry,ce134cef2cfbd040487a5c9876db589c38374a44,2020-06-09T20:52:44+02:00,poetry/utils/inspector.py,230,7,0,0
poetry,ce134cef2cfbd040487a5c9876db589c38374a44,2020-06-09T20:52:44+02:00,poetry/mixology/solutions/__init__.py,0,0,0,0
poetry,ce134cef2cfbd040487a5c9876db589c38374a44,2020-06-09T20:52:44+02:00,poetry/semver/version_range.py,450,3,0,0
poetry,ce134cef2cfbd040487a5c9876db589c38374a44,2020-06-09T20:52:44+02:00,tests/mixology/solutions/solutions/__init__.py,0,0,0,0
poetry,ce134cef2cfbd040487a5c9876db589c38374a44,2020-06-09T20:52:44+02:00,poetry/console/commands/remove.py,91,5,0,0
poetry,ce134cef2cfbd040487a5c9876db589c38374a44,2020-06-09T20:52:44+02:00,poetry/console/commands/new.py,83,1,0,0
poetry,ce134cef2cfbd040487a5c9876db589c38374a44,2020-06-09T20:52:44+02:00,poetry/packages/directory_dependency.py,92,2,0,0
poetry,ce134cef2cfbd040487a5c9876db589c38374a44,2020-06-09T20:52:44+02:00,poetry/semver/__init__.py,162,7,0,0
poetry,ce134cef2cfbd040487a5c9876db589c38374a44,2020-06-09T20:52:44+02:00,poetry/mixology/solutions/solutions/__init__.py,0,0,0,1
poetry,ce134cef2cfbd040487a5c9876db589c38374a44,2020-06-09T20:52:44+02:00,poetry/version/version.py,229,2,0,0
poetry,ce134cef2cfbd040487a5c9876db589c38374a44,2020-06-09T20:52:44+02:00,poetry/mixology/solutions/providers/__init__.py,0,0,0,1
poetry,ce134cef2cfbd040487a5c9876db589c38374a44,2020-06-09T20:52:44+02:00,poetry/repositories/pool.py,164,2,0,0
poetry,ce134cef2cfbd040487a5c9876db589c38374a44,2020-06-09T20:52:44+02:00,tests/mixology/version_solver/test_python_constraint.py,19,0,0,2
poetry,ce134cef2cfbd040487a5c9876db589c38374a44,2020-06-09T20:52:44+02:00,poetry/mixology/version_solver.py,456,0,0,6
poetry,ce134cef2cfbd040487a5c9876db589c38374a44,2020-06-09T20:52:44+02:00,tests/mixology/solutions/solutions/test_python_requirement_solution.py,0,0,0,41
poetry,ce134cef2cfbd040487a5c9876db589c38374a44,2020-06-09T20:52:44+02:00,poetry/version/specifiers.py,795,6,0,0
poetry,ce134cef2cfbd040487a5c9876db589c38374a44,2020-06-09T20:52:44+02:00,tests/packages/test_dependency.py,110,0,0,22
poetry,ce134cef2cfbd040487a5c9876db589c38374a44,2020-06-09T20:52:44+02:00,poetry/utils/shell.py,111,0,0,4
poetry,ce134cef2cfbd040487a5c9876db589c38374a44,2020-06-09T20:52:44+02:00,poetry/mixology/term.py,170,4,0,0
poetry,ce134cef2cfbd040487a5c9876db589c38374a44,2020-06-09T20:52:44+02:00,poetry/repositories/repository.py,128,3,0,0
poetry,ce134cef2cfbd040487a5c9876db589c38374a44,2020-06-09T20:52:44+02:00,poetry/console/commands/config.py,349,2,0,0
poetry,ce134cef2cfbd040487a5c9876db589c38374a44,2020-06-09T20:52:44+02:00,poetry/vcs/git.py,285,6,0,0
poetry,ce134cef2cfbd040487a5c9876db589c38374a44,2020-06-09T20:52:44+02:00,poetry/console/commands/init.py,516,1,0,27
poetry,ce134cef2cfbd040487a5c9876db589c38374a44,2020-06-09T20:52:44+02:00,poetry/version/markers.py,763,12,0,6
poetry,ce134cef2cfbd040487a5c9876db589c38374a44,2020-06-09T20:52:44+02:00,tests/spdx/test_main.py,43,0,0,35
poetry,ce134cef2cfbd040487a5c9876db589c38374a44,2020-06-09T20:52:44+02:00,poetry/packages/utils/utils.py,305,1,0,0
poetry,ce134cef2cfbd040487a5c9876db589c38374a44,2020-06-09T20:52:44+02:00,poetry/packages/dependency.py,361,2,0,21
poetry,ce134cef2cfbd040487a5c9876db589c38374a44,2020-06-09T20:52:44+02:00,poetry/packages/file_dependency.py,76,2,0,0
poetry,ce134cef2cfbd040487a5c9876db589c38374a44,2020-06-09T20:52:44+02:00,poetry/console/commands/install.py,96,1,0,0
poetry,ce134cef2cfbd040487a5c9876db589c38374a44,2020-06-09T20:52:44+02:00,poetry/console/config/application_config.py,193,0,0,10
poetry,ce134cef2cfbd040487a5c9876db589c38374a44,2020-06-09T20:52:44+02:00,poetry/packages/constraints/multi_constraint.py,92,5,0,0
poetry,ce134cef2cfbd040487a5c9876db589c38374a44,2020-06-09T20:52:44+02:00,poetry/utils/_compat.py,281,2,0,0
poetry,ce134cef2cfbd040487a5c9876db589c38374a44,2020-06-09T20:52:44+02:00,poetry/mixology/solutions/providers/python_requirement_solution_provider.py,0,0,0,30
poetry,ce134cef2cfbd040487a5c9876db589c38374a44,2020-06-09T20:52:44+02:00,poetry/console/commands/debug/resolve.py,134,1,0,0
poetry,ce134cef2cfbd040487a5c9876db589c38374a44,2020-06-09T20:52:44+02:00,poetry/utils/appdirs.py,252,1,0,0
poetry,ce134cef2cfbd040487a5c9876db589c38374a44,2020-06-09T20:52:44+02:00,poetry/utils/password_manager.py,192,3,0,0
poetry,ce134cef2cfbd040487a5c9876db589c38374a44,2020-06-09T20:52:44+02:00,poetry/utils/env.py,1205,26,0,0
poetry,ce134cef2cfbd040487a5c9876db589c38374a44,2020-06-09T20:52:44+02:00,poetry/masonry/builders/builder.py,287,4,0,0
poetry,ce134cef2cfbd040487a5c9876db589c38374a44,2020-06-09T20:52:44+02:00,poetry/masonry/builders/complete.py,73,1,0,0
poetry,ce134cef2cfbd040487a5c9876db589c38374a44,2020-06-09T20:52:44+02:00,poetry/packages/constraints/__init__.py,57,5,0,0
poetry,ce134cef2cfbd040487a5c9876db589c38374a44,2020-06-09T20:52:44+02:00,poetry/installation/installer.py,488,8,0,4
poetry,ce134cef2cfbd040487a5c9876db589c38374a44,2020-06-09T20:52:44+02:00,poetry/spdx/__init__.py,53,0,0,31
poetry,ce134cef2cfbd040487a5c9876db589c38374a44,2020-06-09T20:52:44+02:00,poetry/console/commands/self/update.py,335,7,0,0
poetry,ce134cef2cfbd040487a5c9876db589c38374a44,2020-06-09T20:52:44+02:00,tests/mixology/solutions/providers/test_python_requirement_solution_provider.py,0,0,0,42
poetry,ce134cef2cfbd040487a5c9876db589c38374a44,2020-06-09T20:52:44+02:00,poetry/masonry/builders/wheel.py,324,2,0,0
poetry,ce134cef2cfbd040487a5c9876db589c38374a44,2020-06-09T20:52:44+02:00,poetry/__version__.py,1,0,0,2
poetry,ce134cef2cfbd040487a5c9876db589c38374a44,2020-06-09T20:52:44+02:00,get-poetry.py,962,12,0,137
poetry,ce134cef2cfbd040487a5c9876db589c38374a44,2020-06-09T20:52:44+02:00,tests/mixology/solutions/__init__.py,0,0,0,0
poetry,ce134cef2cfbd040487a5c9876db589c38374a44,2020-06-09T20:52:44+02:00,poetry/semver/version_union.py,254,5,0,0
poetry,ce134cef2cfbd040487a5c9876db589c38374a44,2020-06-09T20:52:44+02:00,poetry/packages/url_dependency.py,46,1,0,0
poetry,ce134cef2cfbd040487a5c9876db589c38374a44,2020-06-09T20:52:44+02:00,poetry/console/commands/add.py,166,6,0,19
poetry,ce134cef2cfbd040487a5c9876db589c38374a44,2020-06-09T20:52:44+02:00,poetry/packages/constraints/union_constraint.py,112,8,0,0
poetry,ce134cef2cfbd040487a5c9876db589c38374a44,2020-06-09T20:52:44+02:00,poetry/repositories/pypi_repository.py,506,11,0,0
poetry,ce134cef2cfbd040487a5c9876db589c38374a44,2020-06-09T20:52:44+02:00,poetry/utils/setup_reader.py,379,5,0,0
poetry,ce134cef2cfbd040487a5c9876db589c38374a44,2020-06-09T20:52:44+02:00,poetry/packages/package.py,443,4,0,0
poetry,ce134cef2cfbd040487a5c9876db589c38374a44,2020-06-09T20:52:44+02:00,tests/installation/test_installer.py,1565,0,0,3
poetry,ce134cef2cfbd040487a5c9876db589c38374a44,2020-06-09T20:52:44+02:00,tests/packages/test_main.py,220,0,0,18
poetry,ce134cef2cfbd040487a5c9876db589c38374a44,2020-06-09T20:52:44+02:00,poetry/repositories/legacy_repository.py,429,5,0,0
poetry,ce134cef2cfbd040487a5c9876db589c38374a44,2020-06-09T20:52:44+02:00,poetry/puzzle/provider.py,874,14,0,0
poetry,ce134cef2cfbd040487a5c9876db589c38374a44,2020-06-09T20:52:44+02:00,poetry/mixology/incompatibility.py,453,2,0,0
poetry,b3980622f395ce0834068790751fed8ac1ef7ba1,2020-06-12T10:39:14+02:00,poetry/mixology/solutions/solutions/python_requirement_solution.py,0,0,0,52
poetry,b3980622f395ce0834068790751fed8ac1ef7ba1,2020-06-12T10:39:14+02:00,tests/mixology/solutions/providers/__init__.py,0,0,0,0
poetry,b3980622f395ce0834068790751fed8ac1ef7ba1,2020-06-12T10:39:14+02:00,tests/console/commands/test_init.py,447,0,0,38
poetry,b3980622f395ce0834068790751fed8ac1ef7ba1,2020-06-12T10:39:14+02:00,poetry/console/commands/lock.py,28,1,0,0
poetry,b3980622f395ce0834068790751fed8ac1ef7ba1,2020-06-12T10:39:14+02:00,poetry/puzzle/operations/update.py,41,2,0,0
poetry,b3980622f395ce0834068790751fed8ac1ef7ba1,2020-06-12T10:39:14+02:00,poetry/console/commands/update.py,49,1,0,0
poetry,b3980622f395ce0834068790751fed8ac1ef7ba1,2020-06-12T10:39:14+02:00,poetry/mixology/failure.py,283,2,0,9
poetry,b3980622f395ce0834068790751fed8ac1ef7ba1,2020-06-12T10:39:14+02:00,poetry/mixology/solutions/__init__.py,0,0,0,0
poetry,b3980622f395ce0834068790751fed8ac1ef7ba1,2020-06-12T10:39:14+02:00,tests/mixology/solutions/solutions/__init__.py,0,0,0,0
poetry,b3980622f395ce0834068790751fed8ac1ef7ba1,2020-06-12T10:39:14+02:00,poetry/console/commands/remove.py,91,5,0,0
poetry,b3980622f395ce0834068790751fed8ac1ef7ba1,2020-06-12T10:39:14+02:00,poetry/console/commands/new.py,83,1,0,0
poetry,b3980622f395ce0834068790751fed8ac1ef7ba1,2020-06-12T10:39:14+02:00,poetry/mixology/solutions/solutions/__init__.py,0,0,0,1
poetry,b3980622f395ce0834068790751fed8ac1ef7ba1,2020-06-12T10:39:14+02:00,poetry/mixology/solutions/providers/__init__.py,0,0,0,1
poetry,b3980622f395ce0834068790751fed8ac1ef7ba1,2020-06-12T10:39:14+02:00,poetry/repositories/pool.py,164,2,0,0
poetry,b3980622f395ce0834068790751fed8ac1ef7ba1,2020-06-12T10:39:14+02:00,tests/mixology/version_solver/test_python_constraint.py,19,0,0,2
poetry,b3980622f395ce0834068790751fed8ac1ef7ba1,2020-06-12T10:39:14+02:00,poetry/mixology/version_solver.py,463,0,0,6
poetry,b3980622f395ce0834068790751fed8ac1ef7ba1,2020-06-12T10:39:14+02:00,tests/mixology/solutions/solutions/test_python_requirement_solution.py,0,0,0,41
poetry,b3980622f395ce0834068790751fed8ac1ef7ba1,2020-06-12T10:39:14+02:00,poetry/utils/shell.py,111,0,0,4
poetry,b3980622f395ce0834068790751fed8ac1ef7ba1,2020-06-12T10:39:14+02:00,poetry/mixology/term.py,170,4,0,0
poetry,b3980622f395ce0834068790751fed8ac1ef7ba1,2020-06-12T10:39:14+02:00,poetry/repositories/repository.py,128,3,0,0
poetry,b3980622f395ce0834068790751fed8ac1ef7ba1,2020-06-12T10:39:14+02:00,poetry/console/commands/config.py,349,2,0,0
poetry,b3980622f395ce0834068790751fed8ac1ef7ba1,2020-06-12T10:39:14+02:00,poetry/console/commands/init.py,519,1,0,27
poetry,b3980622f395ce0834068790751fed8ac1ef7ba1,2020-06-12T10:39:14+02:00,tests/spdx/test_main.py,0,0,0,35
poetry,b3980622f395ce0834068790751fed8ac1ef7ba1,2020-06-12T10:39:14+02:00,poetry/console/commands/install.py,99,1,0,0
poetry,b3980622f395ce0834068790751fed8ac1ef7ba1,2020-06-12T10:39:14+02:00,poetry/console/config/application_config.py,194,0,0,10
poetry,b3980622f395ce0834068790751fed8ac1ef7ba1,2020-06-12T10:39:14+02:00,poetry/utils/_compat.py,281,2,0,0
poetry,b3980622f395ce0834068790751fed8ac1ef7ba1,2020-06-12T10:39:14+02:00,poetry/mixology/solutions/providers/python_requirement_solution_provider.py,0,0,0,30
poetry,b3980622f395ce0834068790751fed8ac1ef7ba1,2020-06-12T10:39:14+02:00,poetry/console/commands/debug/resolve.py,136,1,0,0
poetry,b3980622f395ce0834068790751fed8ac1ef7ba1,2020-06-12T10:39:14+02:00,poetry/utils/password_manager.py,192,3,0,0
poetry,b3980622f395ce0834068790751fed8ac1ef7ba1,2020-06-12T10:39:14+02:00,poetry/utils/appdirs.py,252,1,0,0
poetry,b3980622f395ce0834068790751fed8ac1ef7ba1,2020-06-12T10:39:14+02:00,poetry/utils/env.py,1255,26,0,0
poetry,b3980622f395ce0834068790751fed8ac1ef7ba1,2020-06-12T10:39:14+02:00,poetry/spdx/__init__.py,0,0,0,31
poetry,b3980622f395ce0834068790751fed8ac1ef7ba1,2020-06-12T10:39:14+02:00,poetry/installation/installer.py,490,8,0,4
poetry,b3980622f395ce0834068790751fed8ac1ef7ba1,2020-06-12T10:39:14+02:00,poetry/console/commands/self/update.py,329,10,0,0
poetry,b3980622f395ce0834068790751fed8ac1ef7ba1,2020-06-12T10:39:14+02:00,tests/mixology/solutions/providers/test_python_requirement_solution_provider.py,0,0,0,42
poetry,b3980622f395ce0834068790751fed8ac1ef7ba1,2020-06-12T10:39:14+02:00,get-poetry.py,1064,15,0,0
poetry,b3980622f395ce0834068790751fed8ac1ef7ba1,2020-06-12T10:39:14+02:00,tests/mixology/solutions/__init__.py,0,0,0,0
poetry,b3980622f395ce0834068790751fed8ac1ef7ba1,2020-06-12T10:39:14+02:00,poetry/console/commands/add.py,180,6,0,19
poetry,b3980622f395ce0834068790751fed8ac1ef7ba1,2020-06-12T10:39:14+02:00,poetry/repositories/pypi_repository.py,445,10,0,0
poetry,b3980622f395ce0834068790751fed8ac1ef7ba1,2020-06-12T10:39:14+02:00,poetry/utils/setup_reader.py,379,5,0,0
poetry,b3980622f395ce0834068790751fed8ac1ef7ba1,2020-06-12T10:39:14+02:00,tests/installation/test_installer.py,1667,0,0,3
poetry,b3980622f395ce0834068790751fed8ac1ef7ba1,2020-06-12T10:39:14+02:00,poetry/repositories/legacy_repository.py,361,5,0,0
poetry,b3980622f395ce0834068790751fed8ac1ef7ba1,2020-06-12T10:39:14+02:00,poetry/puzzle/provider.py,798,20,0,0
poetry,b3980622f395ce0834068790751fed8ac1ef7ba1,2020-06-12T10:39:14+02:00,poetry/mixology/incompatibility.py,453,2,0,0
poetry,a2f04c3875e7958f2d35739d71308a1375ea9856,2020-07-21T22:40:16+02:00,poetry/console/application.py,94,0,0,20
poetry,a2f04c3875e7958f2d35739d71308a1375ea9856,2020-07-21T22:40:16+02:00,poetry/console/commands/lock.py,28,1,0,0
poetry,a2f04c3875e7958f2d35739d71308a1375ea9856,2020-07-21T22:40:16+02:00,poetry/console/commands/update.py,49,1,0,0
poetry,a2f04c3875e7958f2d35739d71308a1375ea9856,2020-07-21T22:40:16+02:00,poetry/utils/inspector.py,230,7,0,0
poetry,a2f04c3875e7958f2d35739d71308a1375ea9856,2020-07-21T22:40:16+02:00,poetry/inspection/info.py,0,0,0,174
poetry,a2f04c3875e7958f2d35739d71308a1375ea9856,2020-07-21T22:40:16+02:00,poetry/semver/version_range.py,450,3,0,0
poetry,a2f04c3875e7958f2d35739d71308a1375ea9856,2020-07-21T22:40:16+02:00,tests/puzzle/test_solver.py,2060,0,0,16
poetry,a2f04c3875e7958f2d35739d71308a1375ea9856,2020-07-21T22:40:16+02:00,poetry/console/commands/remove.py,91,5,0,3
poetry,a2f04c3875e7958f2d35739d71308a1375ea9856,2020-07-21T22:40:16+02:00,poetry/semver/__init__.py,162,7,0,0
poetry,a2f04c3875e7958f2d35739d71308a1375ea9856,2020-07-21T22:40:16+02:00,poetry/repositories/installed_repository.py,74,0,0,114
poetry,a2f04c3875e7958f2d35739d71308a1375ea9856,2020-07-21T22:40:16+02:00,tests/console/conftest.py,191,0,0,6
poetry,a2f04c3875e7958f2d35739d71308a1375ea9856,2020-07-21T22:40:16+02:00,tests/fixtures/inspection/demo_only_setup/setup.py,0,0,0,23
poetry,a2f04c3875e7958f2d35739d71308a1375ea9856,2020-07-21T22:40:16+02:00,poetry/packages/locker.py,340,0,0,6
poetry,a2f04c3875e7958f2d35739d71308a1375ea9856,2020-07-21T22:40:16+02:00,poetry/version/specifiers.py,795,6,0,0
poetry,a2f04c3875e7958f2d35739d71308a1375ea9856,2020-07-21T22:40:16+02:00,poetry/mixology/term.py,170,4,0,0
poetry,a2f04c3875e7958f2d35739d71308a1375ea9856,2020-07-21T22:40:16+02:00,poetry/repositories/repository.py,128,3,0,0
poetry,a2f04c3875e7958f2d35739d71308a1375ea9856,2020-07-21T22:40:16+02:00,poetry/console/commands/config.py,349,2,0,0
poetry,a2f04c3875e7958f2d35739d71308a1375ea9856,2020-07-21T22:40:16+02:00,poetry/vcs/git.py,285,6,0,0
poetry,a2f04c3875e7958f2d35739d71308a1375ea9856,2020-07-21T22:40:16+02:00,poetry/console/logging/formatters/builder_formatter.py,0,0,0,16
poetry,a2f04c3875e7958f2d35739d71308a1375ea9856,2020-07-21T22:40:16+02:00,poetry/packages/utils/utils.py,305,1,0,0
poetry,a2f04c3875e7958f2d35739d71308a1375ea9856,2020-07-21T22:40:16+02:00,tests/installation/test_chef.py,0,0,0,10
poetry,a2f04c3875e7958f2d35739d71308a1375ea9856,2020-07-21T22:40:16+02:00,poetry/packages/dependency.py,378,2,0,0
poetry,a2f04c3875e7958f2d35739d71308a1375ea9856,2020-07-21T22:40:16+02:00,poetry/packages/file_dependency.py,76,2,0,0
poetry,a2f04c3875e7958f2d35739d71308a1375ea9856,2020-07-21T22:40:16+02:00,poetry/console/commands/install.py,96,1,0,2
poetry,a2f04c3875e7958f2d35739d71308a1375ea9856,2020-07-21T22:40:16+02:00,tests/fixtures/extended_project_without_setup/build.py,0,0,0,0
poetry,a2f04c3875e7958f2d35739d71308a1375ea9856,2020-07-21T22:40:16+02:00,poetry/packages/constraints/multi_constraint.py,92,5,0,0
poetry,a2f04c3875e7958f2d35739d71308a1375ea9856,2020-07-21T22:40:16+02:00,poetry/console/commands/debug/resolve.py,134,1,0,2
poetry,a2f04c3875e7958f2d35739d71308a1375ea9856,2020-07-21T22:40:16+02:00,poetry/masonry/builders/complete.py,73,1,0,0
poetry,a2f04c3875e7958f2d35739d71308a1375ea9856,2020-07-21T22:40:16+02:00,poetry/packages/constraints/__init__.py,57,5,0,0
poetry,a2f04c3875e7958f2d35739d71308a1375ea9856,2020-07-21T22:40:16+02:00,tests/masonry/builders/test_editable_builder.py,0,0,0,23
poetry,a2f04c3875e7958f2d35739d71308a1375ea9856,2020-07-21T22:40:16+02:00,tests/packages/test_locker.py,304,0,0,47
poetry,a2f04c3875e7958f2d35739d71308a1375ea9856,2020-07-21T22:40:16+02:00,tests/inspection/test_info.py,0,0,0,159
poetry,a2f04c3875e7958f2d35739d71308a1375ea9856,2020-07-21T22:40:16+02:00,poetry/masonry/builders/editable.py,118,0,0,16
poetry,a2f04c3875e7958f2d35739d71308a1375ea9856,2020-07-21T22:40:16+02:00,poetry/masonry/builders/wheel.py,324,2,0,0
poetry,a2f04c3875e7958f2d35739d71308a1375ea9856,2020-07-21T22:40:16+02:00,poetry/semver/version_union.py,254,5,0,0
poetry,a2f04c3875e7958f2d35739d71308a1375ea9856,2020-07-21T22:40:16+02:00,poetry/console/logging/io_handler.py,26,0,0,8
poetry,a2f04c3875e7958f2d35739d71308a1375ea9856,2020-07-21T22:40:16+02:00,poetry/packages/url_dependency.py,46,1,0,0
poetry,a2f04c3875e7958f2d35739d71308a1375ea9856,2020-07-21T22:40:16+02:00,poetry/packages/package.py,455,4,0,0
poetry,a2f04c3875e7958f2d35739d71308a1375ea9856,2020-07-21T22:40:16+02:00,tests/installation/test_installer.py,1565,0,0,2
poetry,a2f04c3875e7958f2d35739d71308a1375ea9856,2020-07-21T22:40:16+02:00,tests/conftest.py,138,0,0,8
poetry,a2f04c3875e7958f2d35739d71308a1375ea9856,2020-07-21T22:40:16+02:00,poetry/repositories/legacy_repository.py,429,5,0,0
poetry,a2f04c3875e7958f2d35739d71308a1375ea9856,2020-07-21T22:40:16+02:00,poetry/utils/appdirs.py,252,1,0,0
poetry,a2f04c3875e7958f2d35739d71308a1375ea9856,2020-07-21T22:40:16+02:00,poetry/puzzle/provider.py,874,14,0,4
poetry,a2f04c3875e7958f2d35739d71308a1375ea9856,2020-07-21T22:40:16+02:00,tests/repositories/test_installed_repository.py,73,0,0,78
poetry,a2f04c3875e7958f2d35739d71308a1375ea9856,2020-07-21T22:40:16+02:00,tests/utils/test_env.py,872,0,0,4
poetry,a2f04c3875e7958f2d35739d71308a1375ea9856,2020-07-21T22:40:16+02:00,tests/fixtures/extended_project_without_setup/extended_project/__init__.py,0,0,0,0
poetry,a2f04c3875e7958f2d35739d71308a1375ea9856,2020-07-21T22:40:16+02:00,poetry/puzzle/operations/update.py,41,2,0,0
poetry,a2f04c3875e7958f2d35739d71308a1375ea9856,2020-07-21T22:40:16+02:00,poetry/mixology/failure.py,283,2,0,0
poetry,a2f04c3875e7958f2d35739d71308a1375ea9856,2020-07-21T22:40:16+02:00,poetry/console/commands/new.py,83,1,0,0
poetry,a2f04c3875e7958f2d35739d71308a1375ea9856,2020-07-21T22:40:16+02:00,poetry/packages/directory_dependency.py,92,2,0,0
poetry,a2f04c3875e7958f2d35739d71308a1375ea9856,2020-07-21T22:40:16+02:00,tests/puzzle/test_provider.py,413,0,0,9
poetry,a2f04c3875e7958f2d35739d71308a1375ea9856,2020-07-21T22:40:16+02:00,poetry/version/version.py,229,2,0,0
poetry,a2f04c3875e7958f2d35739d71308a1375ea9856,2020-07-21T22:40:16+02:00,poetry/console/logging/formatters/__init__.py,0,0,0,1
poetry,a2f04c3875e7958f2d35739d71308a1375ea9856,2020-07-21T22:40:16+02:00,poetry/repositories/pool.py,164,2,0,0
poetry,a2f04c3875e7958f2d35739d71308a1375ea9856,2020-07-21T22:40:16+02:00,poetry/installation/chef.py,0,0,0,2
poetry,a2f04c3875e7958f2d35739d71308a1375ea9856,2020-07-21T22:40:16+02:00,tests/console/commands/test_add.py,804,0,0,10
poetry,a2f04c3875e7958f2d35739d71308a1375ea9856,2020-07-21T22:40:16+02:00,tests/test_factory.py,207,0,0,1
poetry,a2f04c3875e7958f2d35739d71308a1375ea9856,2020-07-21T22:40:16+02:00,poetry/console/commands/init.py,516,2,0,0
poetry,a2f04c3875e7958f2d35739d71308a1375ea9856,2020-07-21T22:40:16+02:00,poetry/version/markers.py,767,12,0,0
poetry,a2f04c3875e7958f2d35739d71308a1375ea9856,2020-07-21T22:40:16+02:00,poetry/console/commands/installer_command.py,0,0,0,9
poetry,a2f04c3875e7958f2d35739d71308a1375ea9856,2020-07-21T22:40:16+02:00,poetry/console/config/application_config.py,196,0,0,5
poetry,a2f04c3875e7958f2d35739d71308a1375ea9856,2020-07-21T22:40:16+02:00,poetry/utils/_compat.py,281,2,0,0
poetry,a2f04c3875e7958f2d35739d71308a1375ea9856,2020-07-21T22:40:16+02:00,poetry/utils/password_manager.py,192,3,0,0
poetry,a2f04c3875e7958f2d35739d71308a1375ea9856,2020-07-21T22:40:16+02:00,poetry/installation/executor.py,0,0,0,13
poetry,a2f04c3875e7958f2d35739d71308a1375ea9856,2020-07-21T22:40:16+02:00,poetry/utils/env.py,1228,26,0,31
poetry,a2f04c3875e7958f2d35739d71308a1375ea9856,2020-07-21T22:40:16+02:00,tests/installation/test_executor.py,0,0,0,39
poetry,a2f04c3875e7958f2d35739d71308a1375ea9856,2020-07-21T22:40:16+02:00,poetry/masonry/builders/builder.py,287,4,0,0
poetry,a2f04c3875e7958f2d35739d71308a1375ea9856,2020-07-21T22:40:16+02:00,poetry/installation/installer.py,488,8,0,5
poetry,a2f04c3875e7958f2d35739d71308a1375ea9856,2020-07-21T22:40:16+02:00,poetry/console/commands/self/update.py,335,11,0,0
poetry,a2f04c3875e7958f2d35739d71308a1375ea9856,2020-07-21T22:40:16+02:00,poetry/__version__.py,1,0,0,6
poetry,a2f04c3875e7958f2d35739d71308a1375ea9856,2020-07-21T22:40:16+02:00,get-poetry.py,1001,16,0,3
poetry,a2f04c3875e7958f2d35739d71308a1375ea9856,2020-07-21T22:40:16+02:00,poetry/console/commands/add.py,173,6,0,2
poetry,a2f04c3875e7958f2d35739d71308a1375ea9856,2020-07-21T22:40:16+02:00,poetry/packages/constraints/union_constraint.py,112,8,0,0
poetry,a2f04c3875e7958f2d35739d71308a1375ea9856,2020-07-21T22:40:16+02:00,poetry/repositories/pypi_repository.py,506,11,0,0
poetry,a2f04c3875e7958f2d35739d71308a1375ea9856,2020-07-21T22:40:16+02:00,poetry/utils/setup_reader.py,379,5,0,0
poetry,a2f04c3875e7958f2d35739d71308a1375ea9856,2020-07-21T22:40:16+02:00,tests/installation/test_installer_old.py,0,0,0,2
poetry,a2f04c3875e7958f2d35739d71308a1375ea9856,2020-07-21T22:40:16+02:00,poetry/console/commands/build.py,30,0,0,1
poetry,a2f04c3875e7958f2d35739d71308a1375ea9856,2020-07-21T22:40:16+02:00,poetry/mixology/incompatibility.py,453,2,0,0
poetry,5484122c112183e57cf30a7bfa4e0f96fa586f86,2020-07-24T16:19:20+02:00,tests/utils/test_env.py,830,0,0,4
poetry,5484122c112183e57cf30a7bfa4e0f96fa586f86,2020-07-24T16:19:20+02:00,tests/fixtures/extended_project_without_setup/extended_project/__init__.py,0,0,0,0
poetry,5484122c112183e57cf30a7bfa4e0f96fa586f86,2020-07-24T16:19:20+02:00,poetry/console/commands/update.py,47,1,0,0
poetry,5484122c112183e57cf30a7bfa4e0f96fa586f86,2020-07-24T16:19:20+02:00,poetry/mixology/failure.py,290,2,0,0
poetry,5484122c112183e57cf30a7bfa4e0f96fa586f86,2020-07-24T16:19:20+02:00,poetry/inspection/info.py,517,0,0,174
poetry,5484122c112183e57cf30a7bfa4e0f96fa586f86,2020-07-24T16:19:20+02:00,poetry/console/commands/remove.py,90,4,0,2
poetry,5484122c112183e57cf30a7bfa4e0f96fa586f86,2020-07-24T16:19:20+02:00,poetry/repositories/installed_repository.py,116,0,0,114
poetry,5484122c112183e57cf30a7bfa4e0f96fa586f86,2020-07-24T16:19:20+02:00,tests/puzzle/test_provider.py,413,0,0,9
poetry,5484122c112183e57cf30a7bfa4e0f96fa586f86,2020-07-24T16:19:20+02:00,poetry/console/logging/formatters/__init__.py,8,0,0,1
poetry,5484122c112183e57cf30a7bfa4e0f96fa586f86,2020-07-24T16:19:20+02:00,poetry/repositories/pool.py,182,4,0,0
poetry,5484122c112183e57cf30a7bfa4e0f96fa586f86,2020-07-24T16:19:20+02:00,poetry/installation/chef.py,110,0,0,2
poetry,5484122c112183e57cf30a7bfa4e0f96fa586f86,2020-07-24T16:19:20+02:00,tests/fixtures/inspection/demo_only_setup/setup.py,23,0,0,23
poetry,5484122c112183e57cf30a7bfa4e0f96fa586f86,2020-07-24T16:19:20+02:00,poetry/packages/locker.py,336,0,0,4
poetry,5484122c112183e57cf30a7bfa4e0f96fa586f86,2020-07-24T16:19:20+02:00,tests/console/commands/test_add.py,1611,0,0,8
poetry,5484122c112183e57cf30a7bfa4e0f96fa586f86,2020-07-24T16:19:20+02:00,poetry/installation/pip_installer.py,268,13,0,0
poetry,5484122c112183e57cf30a7bfa4e0f96fa586f86,2020-07-24T16:19:20+02:00,poetry/installation/operations/update.py,41,2,0,0
poetry,5484122c112183e57cf30a7bfa4e0f96fa586f86,2020-07-24T16:19:20+02:00,poetry/mixology/term.py,170,4,0,0
poetry,5484122c112183e57cf30a7bfa4e0f96fa586f86,2020-07-24T16:19:20+02:00,poetry/repositories/repository.py,131,3,0,0
poetry,5484122c112183e57cf30a7bfa4e0f96fa586f86,2020-07-24T16:19:20+02:00,poetry/console/commands/config.py,354,2,0,0
poetry,5484122c112183e57cf30a7bfa4e0f96fa586f86,2020-07-24T16:19:20+02:00,tests/test_factory.py,208,0,0,1
poetry,5484122c112183e57cf30a7bfa4e0f96fa586f86,2020-07-24T16:19:20+02:00,poetry/console/logging/formatters/builder_formatter.py,21,0,0,16
poetry,5484122c112183e57cf30a7bfa4e0f96fa586f86,2020-07-24T16:19:20+02:00,tests/installation/test_chef.py,75,0,0,10
poetry,5484122c112183e57cf30a7bfa4e0f96fa586f86,2020-07-24T16:19:20+02:00,poetry/console/commands/install.py,115,1,0,2
poetry,5484122c112183e57cf30a7bfa4e0f96fa586f86,2020-07-24T16:19:20+02:00,tests/fixtures/extended_project_without_setup/build.py,0,0,0,0
poetry,5484122c112183e57cf30a7bfa4e0f96fa586f86,2020-07-24T16:19:20+02:00,poetry/console/config/application_config.py,249,0,0,5
poetry,5484122c112183e57cf30a7bfa4e0f96fa586f86,2020-07-24T16:19:20+02:00,poetry/utils/_compat.py,294,2,0,0
poetry,5484122c112183e57cf30a7bfa4e0f96fa586f86,2020-07-24T16:19:20+02:00,poetry/console/commands/debug/resolve.py,136,1,0,2
poetry,5484122c112183e57cf30a7bfa4e0f96fa586f86,2020-07-24T16:19:20+02:00,poetry/utils/password_manager.py,192,3,0,0
poetry,5484122c112183e57cf30a7bfa4e0f96fa586f86,2020-07-24T16:19:20+02:00,poetry/installation/executor.py,660,15,0,5
poetry,5484122c112183e57cf30a7bfa4e0f96fa586f86,2020-07-24T16:19:20+02:00,poetry/utils/env.py,1272,26,0,31
poetry,5484122c112183e57cf30a7bfa4e0f96fa586f86,2020-07-24T16:19:20+02:00,poetry/utils/appdirs.py,252,1,0,0
poetry,5484122c112183e57cf30a7bfa4e0f96fa586f86,2020-07-24T16:19:20+02:00,tests/installation/test_executor.py,215,0,0,5
poetry,5484122c112183e57cf30a7bfa4e0f96fa586f86,2020-07-24T16:19:20+02:00,tests/masonry/builders/test_editable_builder.py,195,0,0,23
poetry,5484122c112183e57cf30a7bfa4e0f96fa586f86,2020-07-24T16:19:20+02:00,poetry/installation/installer.py,531,8,0,0
poetry,5484122c112183e57cf30a7bfa4e0f96fa586f86,2020-07-24T16:19:20+02:00,poetry/console/commands/self/update.py,329,10,0,0
poetry,5484122c112183e57cf30a7bfa4e0f96fa586f86,2020-07-24T16:19:20+02:00,tests/packages/test_locker.py,339,0,0,26
poetry,5484122c112183e57cf30a7bfa4e0f96fa586f86,2020-07-24T16:19:20+02:00,tests/inspection/test_info.py,71,0,0,159
poetry,5484122c112183e57cf30a7bfa4e0f96fa586f86,2020-07-24T16:19:20+02:00,poetry/masonry/builders/editable.py,221,0,0,16
poetry,5484122c112183e57cf30a7bfa4e0f96fa586f86,2020-07-24T16:19:20+02:00,poetry/__version__.py,1,0,0,4
poetry,5484122c112183e57cf30a7bfa4e0f96fa586f86,2020-07-24T16:19:20+02:00,get-poetry.py,1086,21,0,0
poetry,5484122c112183e57cf30a7bfa4e0f96fa586f86,2020-07-24T16:19:20+02:00,poetry/console/logging/io_handler.py,20,0,0,8
poetry,5484122c112183e57cf30a7bfa4e0f96fa586f86,2020-07-24T16:19:20+02:00,poetry/console/commands/add.py,185,4,0,2
poetry,5484122c112183e57cf30a7bfa4e0f96fa586f86,2020-07-24T16:19:20+02:00,poetry/repositories/pypi_repository.py,457,10,0,0
poetry,5484122c112183e57cf30a7bfa4e0f96fa586f86,2020-07-24T16:19:20+02:00,poetry/utils/setup_reader.py,379,5,0,0
poetry,5484122c112183e57cf30a7bfa4e0f96fa586f86,2020-07-24T16:19:20+02:00,tests/installation/test_installer_old.py,1681,0,0,2
poetry,5484122c112183e57cf30a7bfa4e0f96fa586f86,2020-07-24T16:19:20+02:00,tests/installation/test_installer.py,1759,0,0,2
poetry,5484122c112183e57cf30a7bfa4e0f96fa586f86,2020-07-24T16:19:20+02:00,poetry/console/commands/build.py,36,0,0,1
poetry,5484122c112183e57cf30a7bfa4e0f96fa586f86,2020-07-24T16:19:20+02:00,tests/conftest.py,157,0,0,8
poetry,5484122c112183e57cf30a7bfa4e0f96fa586f86,2020-07-24T16:19:20+02:00,poetry/repositories/legacy_repository.py,368,5,0,0
poetry,5484122c112183e57cf30a7bfa4e0f96fa586f86,2020-07-24T16:19:20+02:00,poetry/puzzle/provider.py,804,20,0,0
poetry,5484122c112183e57cf30a7bfa4e0f96fa586f86,2020-07-24T16:19:20+02:00,poetry/mixology/incompatibility.py,453,2,0,0
poetry,5484122c112183e57cf30a7bfa4e0f96fa586f86,2020-07-24T16:19:20+02:00,tests/repositories/test_installed_repository.py,115,0,0,78
poetry,4769f72a052743691a5c073777aaf07f72f94e74,2020-07-24T19:47:02+02:00,poetry/console/commands/update.py,47,1,0,0
poetry,4769f72a052743691a5c073777aaf07f72f94e74,2020-07-24T19:47:02+02:00,poetry/mixology/failure.py,290,2,0,0
poetry,4769f72a052743691a5c073777aaf07f72f94e74,2020-07-24T19:47:02+02:00,poetry/inspection/info.py,575,0,0,2
poetry,4769f72a052743691a5c073777aaf07f72f94e74,2020-07-24T19:47:02+02:00,poetry/console/commands/remove.py,90,4,0,2
poetry,4769f72a052743691a5c073777aaf07f72f94e74,2020-07-24T19:47:02+02:00,poetry/repositories/installed_repository.py,116,0,0,114
poetry,4769f72a052743691a5c073777aaf07f72f94e74,2020-07-24T19:47:02+02:00,poetry/repositories/pool.py,182,4,0,0
poetry,4769f72a052743691a5c073777aaf07f72f94e74,2020-07-24T19:47:02+02:00,poetry/installation/chef.py,110,0,0,2
poetry,4769f72a052743691a5c073777aaf07f72f94e74,2020-07-24T19:47:02+02:00,tests/console/commands/test_add.py,1611,0,0,8
poetry,4769f72a052743691a5c073777aaf07f72f94e74,2020-07-24T19:47:02+02:00,poetry/installation/pip_installer.py,268,13,0,0
poetry,4769f72a052743691a5c073777aaf07f72f94e74,2020-07-24T19:47:02+02:00,poetry/installation/operations/update.py,41,2,0,0
poetry,4769f72a052743691a5c073777aaf07f72f94e74,2020-07-24T19:47:02+02:00,poetry/mixology/term.py,170,4,0,0
poetry,4769f72a052743691a5c073777aaf07f72f94e74,2020-07-24T19:47:02+02:00,poetry/repositories/repository.py,131,3,0,0
poetry,4769f72a052743691a5c073777aaf07f72f94e74,2020-07-24T19:47:02+02:00,poetry/console/commands/config.py,354,2,0,0
poetry,4769f72a052743691a5c073777aaf07f72f94e74,2020-07-24T19:47:02+02:00,tests/installation/test_chef.py,75,0,0,10
poetry,4769f72a052743691a5c073777aaf07f72f94e74,2020-07-24T19:47:02+02:00,poetry/console/commands/install.py,115,1,0,2
poetry,4769f72a052743691a5c073777aaf07f72f94e74,2020-07-24T19:47:02+02:00,poetry/utils/_compat.py,294,2,0,0
poetry,4769f72a052743691a5c073777aaf07f72f94e74,2020-07-24T19:47:02+02:00,poetry/console/commands/debug/resolve.py,136,1,0,2
poetry,4769f72a052743691a5c073777aaf07f72f94e74,2020-07-24T19:47:02+02:00,poetry/utils/password_manager.py,192,3,0,0
poetry,4769f72a052743691a5c073777aaf07f72f94e74,2020-07-24T19:47:02+02:00,poetry/installation/executor.py,660,15,0,5
poetry,4769f72a052743691a5c073777aaf07f72f94e74,2020-07-24T19:47:02+02:00,poetry/utils/env.py,1272,26,0,31
poetry,4769f72a052743691a5c073777aaf07f72f94e74,2020-07-24T19:47:02+02:00,poetry/utils/appdirs.py,252,1,0,0
poetry,4769f72a052743691a5c073777aaf07f72f94e74,2020-07-24T19:47:02+02:00,tests/installation/test_executor.py,215,0,0,5
poetry,4769f72a052743691a5c073777aaf07f72f94e74,2020-07-24T19:47:02+02:00,poetry/installation/installer.py,531,8,0,0
poetry,4769f72a052743691a5c073777aaf07f72f94e74,2020-07-24T19:47:02+02:00,poetry/console/commands/self/update.py,329,10,0,0
poetry,4769f72a052743691a5c073777aaf07f72f94e74,2020-07-24T19:47:02+02:00,get-poetry.py,1086,21,0,0
poetry,4769f72a052743691a5c073777aaf07f72f94e74,2020-07-24T19:47:02+02:00,poetry/console/commands/add.py,185,4,0,2
poetry,4769f72a052743691a5c073777aaf07f72f94e74,2020-07-24T19:47:02+02:00,poetry/repositories/pypi_repository.py,457,10,0,0
poetry,4769f72a052743691a5c073777aaf07f72f94e74,2020-07-24T19:47:02+02:00,poetry/utils/setup_reader.py,379,5,0,0
poetry,4769f72a052743691a5c073777aaf07f72f94e74,2020-07-24T19:47:02+02:00,tests/installation/test_installer_old.py,1681,0,0,2
poetry,4769f72a052743691a5c073777aaf07f72f94e74,2020-07-24T19:47:02+02:00,tests/installation/test_installer.py,1759,0,0,2
poetry,4769f72a052743691a5c073777aaf07f72f94e74,2020-07-24T19:47:02+02:00,poetry/repositories/legacy_repository.py,368,5,0,0
poetry,4769f72a052743691a5c073777aaf07f72f94e74,2020-07-24T19:47:02+02:00,poetry/puzzle/provider.py,804,20,0,0
poetry,4769f72a052743691a5c073777aaf07f72f94e74,2020-07-24T19:47:02+02:00,poetry/mixology/incompatibility.py,453,2,0,0
poetry,4769f72a052743691a5c073777aaf07f72f94e74,2020-07-24T19:47:02+02:00,tests/repositories/test_installed_repository.py,115,0,0,78
poetry,66991b1470e26f05606b338c676da4d878bcd058,2020-08-06T23:05:51+02:00,poetry/mixology/solutions/solutions/python_requirement_solution.py,52,0,0,2
poetry,66991b1470e26f05606b338c676da4d878bcd058,2020-08-06T23:05:51+02:00,tests/console/commands/test_init.py,485,0,0,5
poetry,66991b1470e26f05606b338c676da4d878bcd058,2020-08-06T23:05:51+02:00,poetry/console/commands/update.py,47,1,0,0
poetry,66991b1470e26f05606b338c676da4d878bcd058,2020-08-06T23:05:51+02:00,poetry/mixology/failure.py,290,2,0,0
poetry,66991b1470e26f05606b338c676da4d878bcd058,2020-08-06T23:05:51+02:00,poetry/installation/chooser.py,179,0,0,1
poetry,66991b1470e26f05606b338c676da4d878bcd058,2020-08-06T23:05:51+02:00,tests/puzzle/test_solver.py,2091,0,0,107
poetry,66991b1470e26f05606b338c676da4d878bcd058,2020-08-06T23:05:51+02:00,tests/console/commands/test_cache.py,60,0,0,1
poetry,66991b1470e26f05606b338c676da4d878bcd058,2020-08-06T23:05:51+02:00,poetry/console/commands/remove.py,90,4,0,0
poetry,66991b1470e26f05606b338c676da4d878bcd058,2020-08-06T23:05:51+02:00,tests/repositories/test_pypi_repository.py,217,0,0,8
poetry,66991b1470e26f05606b338c676da4d878bcd058,2020-08-06T23:05:51+02:00,poetry/console/commands/new.py,83,0,0,4
poetry,66991b1470e26f05606b338c676da4d878bcd058,2020-08-06T23:05:51+02:00,poetry/repositories/pool.py,182,4,0,7
poetry,66991b1470e26f05606b338c676da4d878bcd058,2020-08-06T23:05:51+02:00,poetry/installation/pip_installer.py,268,13,0,0
poetry,66991b1470e26f05606b338c676da4d878bcd058,2020-08-06T23:05:51+02:00,poetry/installation/operations/update.py,41,2,0,0
poetry,66991b1470e26f05606b338c676da4d878bcd058,2020-08-06T23:05:51+02:00,poetry/mixology/term.py,170,4,0,0
poetry,66991b1470e26f05606b338c676da4d878bcd058,2020-08-06T23:05:51+02:00,poetry/repositories/repository.py,131,3,0,0
poetry,66991b1470e26f05606b338c676da4d878bcd058,2020-08-06T23:05:51+02:00,poetry/console/commands/config.py,354,2,0,0
poetry,66991b1470e26f05606b338c676da4d878bcd058,2020-08-06T23:05:51+02:00,poetry/console/commands/init.py,522,0,0,6
poetry,66991b1470e26f05606b338c676da4d878bcd058,2020-08-06T23:05:51+02:00,tests/installation/test_chef.py,77,0,0,1
poetry,66991b1470e26f05606b338c676da4d878bcd058,2020-08-06T23:05:51+02:00,poetry/console/commands/install.py,115,1,0,2
poetry,66991b1470e26f05606b338c676da4d878bcd058,2020-08-06T23:05:51+02:00,poetry/utils/_compat.py,294,2,0,5
poetry,66991b1470e26f05606b338c676da4d878bcd058,2020-08-06T23:05:51+02:00,poetry/console/commands/debug/resolve.py,136,1,0,0
poetry,66991b1470e26f05606b338c676da4d878bcd058,2020-08-06T23:05:51+02:00,poetry/utils/password_manager.py,192,3,0,0
poetry,66991b1470e26f05606b338c676da4d878bcd058,2020-08-06T23:05:51+02:00,poetry/installation/executor.py,657,15,0,0
poetry,66991b1470e26f05606b338c676da4d878bcd058,2020-08-06T23:05:51+02:00,poetry/utils/env.py,1301,26,0,9
poetry,66991b1470e26f05606b338c676da4d878bcd058,2020-08-06T23:05:51+02:00,poetry/utils/appdirs.py,252,1,0,0
poetry,66991b1470e26f05606b338c676da4d878bcd058,2020-08-06T23:05:51+02:00,tests/installation/test_chooser.py,174,0,0,1
poetry,66991b1470e26f05606b338c676da4d878bcd058,2020-08-06T23:05:51+02:00,poetry/installation/installer.py,531,8,0,0
poetry,66991b1470e26f05606b338c676da4d878bcd058,2020-08-06T23:05:51+02:00,poetry/console/commands/cache/clear.py,83,0,0,1
poetry,66991b1470e26f05606b338c676da4d878bcd058,2020-08-06T23:05:51+02:00,poetry/console/commands/self/update.py,329,10,0,2
poetry,66991b1470e26f05606b338c676da4d878bcd058,2020-08-06T23:05:51+02:00,tests/repositories/test_legacy_repository.py,280,0,0,34
poetry,66991b1470e26f05606b338c676da4d878bcd058,2020-08-06T23:05:51+02:00,poetry/console/commands/show.py,369,0,0,4
poetry,66991b1470e26f05606b338c676da4d878bcd058,2020-08-06T23:05:51+02:00,poetry/factory.py,154,0,0,3
poetry,66991b1470e26f05606b338c676da4d878bcd058,2020-08-06T23:05:51+02:00,get-poetry.py,1086,21,0,0
poetry,66991b1470e26f05606b338c676da4d878bcd058,2020-08-06T23:05:51+02:00,tests/utils/test_password_manager.py,226,0,0,2
poetry,66991b1470e26f05606b338c676da4d878bcd058,2020-08-06T23:05:51+02:00,poetry/console/commands/add.py,185,4,0,3
poetry,66991b1470e26f05606b338c676da4d878bcd058,2020-08-06T23:05:51+02:00,poetry/repositories/pypi_repository.py,457,10,0,2
poetry,66991b1470e26f05606b338c676da4d878bcd058,2020-08-06T23:05:51+02:00,poetry/utils/setup_reader.py,379,5,0,0
poetry,66991b1470e26f05606b338c676da4d878bcd058,2020-08-06T23:05:51+02:00,tests/console/commands/test_show.py,1118,0,0,2
poetry,66991b1470e26f05606b338c676da4d878bcd058,2020-08-06T23:05:51+02:00,tests/conftest.py,161,0,0,1
poetry,66991b1470e26f05606b338c676da4d878bcd058,2020-08-06T23:05:51+02:00,poetry/repositories/legacy_repository.py,368,5,0,11
poetry,66991b1470e26f05606b338c676da4d878bcd058,2020-08-06T23:05:51+02:00,poetry/puzzle/provider.py,804,20,0,2
poetry,66991b1470e26f05606b338c676da4d878bcd058,2020-08-06T23:05:51+02:00,poetry/mixology/incompatibility.py,453,2,0,0
poetry,66991b1470e26f05606b338c676da4d878bcd058,2020-08-06T23:05:51+02:00,tests/repositories/test_installed_repository.py,159,0,0,3
poetry,8b8b97a652178788bf5751ad8a372ceb161965be,2020-08-28T06:22:49+02:00,poetry/console/commands/install.py,115,1,0,0
poetry,8b8b97a652178788bf5751ad8a372ceb161965be,2020-08-28T06:22:49+02:00,poetry/installation/authenticator.py,133,0,0,57
poetry,8b8b97a652178788bf5751ad8a372ceb161965be,2020-08-28T06:22:49+02:00,poetry/utils/_compat.py,297,2,0,0
poetry,8b8b97a652178788bf5751ad8a372ceb161965be,2020-08-28T06:22:49+02:00,poetry/utils/extras.py,59,0,0,12
poetry,8b8b97a652178788bf5751ad8a372ceb161965be,2020-08-28T06:22:49+02:00,poetry/console/commands/debug/resolve.py,136,1,0,0
poetry,8b8b97a652178788bf5751ad8a372ceb161965be,2020-08-28T06:22:49+02:00,poetry/utils/password_manager.py,192,3,0,0
poetry,8b8b97a652178788bf5751ad8a372ceb161965be,2020-08-28T06:22:49+02:00,poetry/console/commands/update.py,47,1,0,0
poetry,8b8b97a652178788bf5751ad8a372ceb161965be,2020-08-28T06:22:49+02:00,poetry/mixology/failure.py,290,2,0,0
poetry,8b8b97a652178788bf5751ad8a372ceb161965be,2020-08-28T06:22:49+02:00,poetry/installation/executor.py,649,15,0,4
poetry,8b8b97a652178788bf5751ad8a372ceb161965be,2020-08-28T06:22:49+02:00,poetry/utils/env.py,1300,26,0,0
poetry,8b8b97a652178788bf5751ad8a372ceb161965be,2020-08-28T06:22:49+02:00,poetry/puzzle/provider.py,804,20,0,0
poetry,8b8b97a652178788bf5751ad8a372ceb161965be,2020-08-28T06:22:49+02:00,tests/utils/test_extras.py,62,0,0,12
poetry,8b8b97a652178788bf5751ad8a372ceb161965be,2020-08-28T06:22:49+02:00,poetry/installation/installer.py,531,8,0,0
poetry,8b8b97a652178788bf5751ad8a372ceb161965be,2020-08-28T06:22:49+02:00,tests/installation/test_authenticator.py,115,0,0,67
poetry,8b8b97a652178788bf5751ad8a372ceb161965be,2020-08-28T06:22:49+02:00,poetry/console/commands/self/update.py,329,10,0,0
poetry,8b8b97a652178788bf5751ad8a372ceb161965be,2020-08-28T06:22:49+02:00,poetry/console/commands/remove.py,90,4,0,0
poetry,8b8b97a652178788bf5751ad8a372ceb161965be,2020-08-28T06:22:49+02:00,poetry/repositories/pool.py,187,4,0,0
poetry,8b8b97a652178788bf5751ad8a372ceb161965be,2020-08-28T06:22:49+02:00,get-poetry.py,1086,21,0,0
poetry,8b8b97a652178788bf5751ad8a372ceb161965be,2020-08-28T06:22:49+02:00,poetry/console/commands/add.py,186,4,0,0
poetry,8b8b97a652178788bf5751ad8a372ceb161965be,2020-08-28T06:22:49+02:00,poetry/installation/pip_installer.py,268,13,0,0
poetry,8b8b97a652178788bf5751ad8a372ceb161965be,2020-08-28T06:22:49+02:00,poetry/repositories/pypi_repository.py,461,10,0,0
poetry,8b8b97a652178788bf5751ad8a372ceb161965be,2020-08-28T06:22:49+02:00,poetry/installation/operations/update.py,41,2,0,0
poetry,8b8b97a652178788bf5751ad8a372ceb161965be,2020-08-28T06:22:49+02:00,poetry/mixology/term.py,170,4,0,0
poetry,8b8b97a652178788bf5751ad8a372ceb161965be,2020-08-28T06:22:49+02:00,poetry/repositories/repository.py,136,3,0,0
poetry,8b8b97a652178788bf5751ad8a372ceb161965be,2020-08-28T06:22:49+02:00,poetry/console/commands/config.py,354,2,0,0
poetry,8b8b97a652178788bf5751ad8a372ceb161965be,2020-08-28T06:22:49+02:00,poetry/utils/setup_reader.py,379,5,0,0
poetry,8b8b97a652178788bf5751ad8a372ceb161965be,2020-08-28T06:22:49+02:00,poetry/repositories/legacy_repository.py,385,5,0,0
poetry,8b8b97a652178788bf5751ad8a372ceb161965be,2020-08-28T06:22:49+02:00,poetry/utils/appdirs.py,252,1,0,0
poetry,8b8b97a652178788bf5751ad8a372ceb161965be,2020-08-28T06:22:49+02:00,poetry/mixology/incompatibility.py,453,2,0,0
poetry,dfbe55a858452bc250fe394710a4abf0b0b3ee0d,2020-09-24T00:19:48+02:00,poetry/installation/authenticator.py,159,0,0,34
poetry,dfbe55a858452bc250fe394710a4abf0b0b3ee0d,2020-09-24T00:19:48+02:00,poetry/console/commands/lock.py,26,0,0,10
poetry,dfbe55a858452bc250fe394710a4abf0b0b3ee0d,2020-09-24T00:19:48+02:00,poetry/console/commands/update.py,47,1,0,0
poetry,dfbe55a858452bc250fe394710a4abf0b0b3ee0d,2020-09-24T00:19:48+02:00,tests/puzzle/test_solver.py,2465,0,0,280
poetry,dfbe55a858452bc250fe394710a4abf0b0b3ee0d,2020-09-24T00:19:48+02:00,poetry/inspection/info.py,588,0,0,72
poetry,dfbe55a858452bc250fe394710a4abf0b0b3ee0d,2020-09-24T00:19:48+02:00,tests/console/commands/test_cache.py,61,0,0,15
poetry,dfbe55a858452bc250fe394710a4abf0b0b3ee0d,2020-09-24T00:19:48+02:00,poetry/console/commands/remove.py,90,4,0,0
poetry,dfbe55a858452bc250fe394710a4abf0b0b3ee0d,2020-09-24T00:19:48+02:00,tests/console/conftest.py,256,0,0,153
poetry,dfbe55a858452bc250fe394710a4abf0b0b3ee0d,2020-09-24T00:19:48+02:00,tests/helpers.py,90,0,0,121
poetry,dfbe55a858452bc250fe394710a4abf0b0b3ee0d,2020-09-24T00:19:48+02:00,tests/fixtures/project_with_setup/setup.py,19,0,0,2
poetry,dfbe55a858452bc250fe394710a4abf0b0b3ee0d,2020-09-24T00:19:48+02:00,tests/console/commands/test_check.py,47,0,0,15
poetry,dfbe55a858452bc250fe394710a4abf0b0b3ee0d,2020-09-24T00:19:48+02:00,poetry/mixology/version_solver.py,467,0,0,29
poetry,dfbe55a858452bc250fe394710a4abf0b0b3ee0d,2020-09-24T00:19:48+02:00,tests/console/commands/env/conftest.py,0,0,0,51
poetry,dfbe55a858452bc250fe394710a4abf0b0b3ee0d,2020-09-24T00:19:48+02:00,tests/console/commands/test_config.py,127,0,0,51
poetry,dfbe55a858452bc250fe394710a4abf0b0b3ee0d,2020-09-24T00:19:48+02:00,poetry/packages/locker.py,380,0,0,98
poetry,dfbe55a858452bc250fe394710a4abf0b0b3ee0d,2020-09-24T00:19:48+02:00,tests/utils/test_exporter.py,893,0,0,206
poetry,dfbe55a858452bc250fe394710a4abf0b0b3ee0d,2020-09-24T00:19:48+02:00,tests/utils/test_setup_reader.py,179,0,0,6
poetry,dfbe55a858452bc250fe394710a4abf0b0b3ee0d,2020-09-24T00:19:48+02:00,poetry/mixology/term.py,167,4,0,0
poetry,dfbe55a858452bc250fe394710a4abf0b0b3ee0d,2020-09-24T00:19:48+02:00,tests/repositories/test_auth.py,46,0,0,46
poetry,dfbe55a858452bc250fe394710a4abf0b0b3ee0d,2020-09-24T00:19:48+02:00,poetry/repositories/repository.py,113,2,0,14
poetry,dfbe55a858452bc250fe394710a4abf0b0b3ee0d,2020-09-24T00:19:48+02:00,poetry/console/commands/config.py,354,2,0,8
poetry,dfbe55a858452bc250fe394710a4abf0b0b3ee0d,2020-09-24T00:19:48+02:00,tests/console/commands/env/test_list.py,78,0,0,84
poetry,dfbe55a858452bc250fe394710a4abf0b0b3ee0d,2020-09-24T00:19:48+02:00,poetry/utils/toml_file.py,26,0,0,26
poetry,dfbe55a858452bc250fe394710a4abf0b0b3ee0d,2020-09-24T00:19:48+02:00,poetry/console/commands/install.py,115,1,0,0
poetry,dfbe55a858452bc250fe394710a4abf0b0b3ee0d,2020-09-24T00:19:48+02:00,poetry/console/commands/debug/resolve.py,137,1,0,0
poetry,dfbe55a858452bc250fe394710a4abf0b0b3ee0d,2020-09-24T00:19:48+02:00,poetry/layouts/layout.py,151,0,0,25
poetry,dfbe55a858452bc250fe394710a4abf0b0b3ee0d,2020-09-24T00:19:48+02:00,tests/installation/test_authenticator.py,182,0,0,19
poetry,dfbe55a858452bc250fe394710a4abf0b0b3ee0d,2020-09-24T00:19:48+02:00,tests/console/commands/self/test_update.py,87,0,0,12
poetry,dfbe55a858452bc250fe394710a4abf0b0b3ee0d,2020-09-24T00:19:48+02:00,tests/console/commands/test_run.py,12,0,0,14
poetry,dfbe55a858452bc250fe394710a4abf0b0b3ee0d,2020-09-24T00:19:48+02:00,tests/inspection/test_info.py,220,0,0,24
poetry,dfbe55a858452bc250fe394710a4abf0b0b3ee0d,2020-09-24T00:19:48+02:00,poetry/masonry/builders/editable.py,229,0,0,38
poetry,dfbe55a858452bc250fe394710a4abf0b0b3ee0d,2020-09-24T00:19:48+02:00,poetry/console/commands/show.py,398,0,0,41
poetry,dfbe55a858452bc250fe394710a4abf0b0b3ee0d,2020-09-24T00:19:48+02:00,tests/console/commands/debug/test_resolve.py,75,0,0,20
poetry,dfbe55a858452bc250fe394710a4abf0b0b3ee0d,2020-09-24T00:19:48+02:00,tests/console/commands/test_show.py,1119,0,0,199
poetry,dfbe55a858452bc250fe394710a4abf0b0b3ee0d,2020-09-24T00:19:48+02:00,tests/installation/test_installer.py,1836,0,0,121
poetry,dfbe55a858452bc250fe394710a4abf0b0b3ee0d,2020-09-24T00:19:48+02:00,tests/conftest.py,170,0,0,150
poetry,dfbe55a858452bc250fe394710a4abf0b0b3ee0d,2020-09-24T00:19:48+02:00,poetry/repositories/legacy_repository.py,385,4,0,39
poetry,dfbe55a858452bc250fe394710a4abf0b0b3ee0d,2020-09-24T00:19:48+02:00,poetry/puzzle/solver.py,439,0,0,8
poetry,dfbe55a858452bc250fe394710a4abf0b0b3ee0d,2020-09-24T00:19:48+02:00,poetry/puzzle/provider.py,790,16,0,55
poetry,dfbe55a858452bc250fe394710a4abf0b0b3ee0d,2020-09-24T00:19:48+02:00,poetry/utils/appdirs.py,252,1,0,0
poetry,dfbe55a858452bc250fe394710a4abf0b0b3ee0d,2020-09-24T00:19:48+02:00,tests/utils/test_env.py,839,0,0,54
poetry,dfbe55a858452bc250fe394710a4abf0b0b3ee0d,2020-09-24T00:19:48+02:00,tests/console/commands/env/helpers.py,0,0,0,21
poetry,dfbe55a858452bc250fe394710a4abf0b0b3ee0d,2020-09-24T00:19:48+02:00,tests/console/commands/test_init.py,486,0,0,531
poetry,dfbe55a858452bc250fe394710a4abf0b0b3ee0d,2020-09-24T00:19:48+02:00,poetry/mixology/failure.py,290,2,0,0
poetry,dfbe55a858452bc250fe394710a4abf0b0b3ee0d,2020-09-24T00:19:48+02:00,poetry/config/file_config_source.py,80,0,0,11
poetry,dfbe55a858452bc250fe394710a4abf0b0b3ee0d,2020-09-24T00:19:48+02:00,poetry/installation/chooser.py,180,0,0,2
poetry,dfbe55a858452bc250fe394710a4abf0b0b3ee0d,2020-09-24T00:19:48+02:00,tests/console/commands/test_version.py,54,0,0,15
poetry,dfbe55a858452bc250fe394710a4abf0b0b3ee0d,2020-09-24T00:19:48+02:00,poetry/console/commands/check.py,29,0,0,4
poetry,dfbe55a858452bc250fe394710a4abf0b0b3ee0d,2020-09-24T00:19:48+02:00,tests/console/commands/test_about.py,17,0,0,11
poetry,dfbe55a858452bc250fe394710a4abf0b0b3ee0d,2020-09-24T00:19:48+02:00,poetry/repositories/pool.py,179,4,0,0
poetry,dfbe55a858452bc250fe394710a4abf0b0b3ee0d,2020-09-24T00:19:48+02:00,tests/console/commands/test_add.py,1652,0,0,24
poetry,dfbe55a858452bc250fe394710a4abf0b0b3ee0d,2020-09-24T00:19:48+02:00,poetry/installation/pip_installer.py,268,13,0,31
poetry,dfbe55a858452bc250fe394710a4abf0b0b3ee0d,2020-09-24T00:19:48+02:00,poetry/installation/operations/update.py,41,2,0,0
poetry,dfbe55a858452bc250fe394710a4abf0b0b3ee0d,2020-09-24T00:19:48+02:00,tests/console/commands/test_lock.py,0,0,0,57
poetry,dfbe55a858452bc250fe394710a4abf0b0b3ee0d,2020-09-24T00:19:48+02:00,tests/test_factory.py,209,0,0,6
poetry,dfbe55a858452bc250fe394710a4abf0b0b3ee0d,2020-09-24T00:19:48+02:00,poetry/console/commands/init.py,526,0,0,44
poetry,dfbe55a858452bc250fe394710a4abf0b0b3ee0d,2020-09-24T00:19:48+02:00,tests/console/commands/env/test_use.py,175,0,0,131
poetry,dfbe55a858452bc250fe394710a4abf0b0b3ee0d,2020-09-24T00:19:48+02:00,tests/utils/fixtures/setups/with-setup-cfg-attr/setup.py,0,0,0,3
poetry,dfbe55a858452bc250fe394710a4abf0b0b3ee0d,2020-09-24T00:19:48+02:00,poetry/utils/_compat.py,297,2,0,25
poetry,dfbe55a858452bc250fe394710a4abf0b0b3ee0d,2020-09-24T00:19:48+02:00,poetry/utils/password_manager.py,192,3,0,0
poetry,dfbe55a858452bc250fe394710a4abf0b0b3ee0d,2020-09-24T00:19:48+02:00,poetry/installation/executor.py,653,15,0,45
poetry,dfbe55a858452bc250fe394710a4abf0b0b3ee0d,2020-09-24T00:19:48+02:00,poetry/utils/env.py,1301,26,0,23
poetry,dfbe55a858452bc250fe394710a4abf0b0b3ee0d,2020-09-24T00:19:48+02:00,poetry/mixology/partial_solution.py,218,0,0,0
poetry,dfbe55a858452bc250fe394710a4abf0b0b3ee0d,2020-09-24T00:19:48+02:00,poetry/installation/installer.py,531,8,0,40
poetry,dfbe55a858452bc250fe394710a4abf0b0b3ee0d,2020-09-24T00:19:48+02:00,poetry/console/commands/self/update.py,331,10,0,0
poetry,dfbe55a858452bc250fe394710a4abf0b0b3ee0d,2020-09-24T00:19:48+02:00,tests/publishing/test_publisher.py,145,0,0,24
poetry,dfbe55a858452bc250fe394710a4abf0b0b3ee0d,2020-09-24T00:19:48+02:00,tests/utils/test_toml_file.py,58,0,0,58
poetry,dfbe55a858452bc250fe394710a4abf0b0b3ee0d,2020-09-24T00:19:48+02:00,poetry/repositories/auth.py,27,0,0,27
poetry,dfbe55a858452bc250fe394710a4abf0b0b3ee0d,2020-09-24T00:19:48+02:00,tests/repositories/test_legacy_repository.py,342,0,0,14
poetry,dfbe55a858452bc250fe394710a4abf0b0b3ee0d,2020-09-24T00:19:48+02:00,poetry/factory.py,155,0,0,32
poetry,dfbe55a858452bc250fe394710a4abf0b0b3ee0d,2020-09-24T00:19:48+02:00,tests/console/commands/test_search.py,85,0,0,17
poetry,dfbe55a858452bc250fe394710a4abf0b0b3ee0d,2020-09-24T00:19:48+02:00,poetry/__version__.py,1,0,0,4
poetry,dfbe55a858452bc250fe394710a4abf0b0b3ee0d,2020-09-24T00:19:48+02:00,get-poetry.py,1086,21,0,8
poetry,dfbe55a858452bc250fe394710a4abf0b0b3ee0d,2020-09-24T00:19:48+02:00,tests/console/commands/env/test_info.py,51,0,0,17
poetry,dfbe55a858452bc250fe394710a4abf0b0b3ee0d,2020-09-24T00:19:48+02:00,tests/console/commands/test_export.py,213,0,0,142
poetry,dfbe55a858452bc250fe394710a4abf0b0b3ee0d,2020-09-24T00:19:48+02:00,poetry/console/commands/add.py,216,4,0,0
poetry,dfbe55a858452bc250fe394710a4abf0b0b3ee0d,2020-09-24T00:19:48+02:00,poetry/repositories/pypi_repository.py,457,8,0,0
poetry,dfbe55a858452bc250fe394710a4abf0b0b3ee0d,2020-09-24T00:19:48+02:00,poetry/utils/setup_reader.py,379,5,0,4
poetry,dfbe55a858452bc250fe394710a4abf0b0b3ee0d,2020-09-24T00:19:48+02:00,tests/installation/test_installer_old.py,1756,0,0,43
poetry,dfbe55a858452bc250fe394710a4abf0b0b3ee0d,2020-09-24T00:19:48+02:00,poetry/console/commands/build.py,36,0,0,2
poetry,dfbe55a858452bc250fe394710a4abf0b0b3ee0d,2020-09-24T00:19:48+02:00,tests/console/commands/env/test_remove.py,57,0,0,50
poetry,dfbe55a858452bc250fe394710a4abf0b0b3ee0d,2020-09-24T00:19:48+02:00,poetry/utils/exporter.py,196,2,0,113
poetry,dfbe55a858452bc250fe394710a4abf0b0b3ee0d,2020-09-24T00:19:48+02:00,poetry/mixology/incompatibility.py,453,2,0,0
poetry,0a9fc770ae5fbdbc97d62a210d80fbad695032b4,2020-09-25T15:54:37+02:00,poetry/installation/authenticator.py,159,0,0,34
poetry,0a9fc770ae5fbdbc97d62a210d80fbad695032b4,2020-09-25T15:54:37+02:00,poetry/console/application.py,114,0,0,2
poetry,0a9fc770ae5fbdbc97d62a210d80fbad695032b4,2020-09-25T15:54:37+02:00,poetry/console/commands/lock.py,26,0,0,10
poetry,0a9fc770ae5fbdbc97d62a210d80fbad695032b4,2020-09-25T15:54:37+02:00,poetry/console/commands/update.py,47,1,0,0
poetry,0a9fc770ae5fbdbc97d62a210d80fbad695032b4,2020-09-25T15:54:37+02:00,poetry/inspection/info.py,588,0,0,72
poetry,0a9fc770ae5fbdbc97d62a210d80fbad695032b4,2020-09-25T15:54:37+02:00,tests/puzzle/test_solver.py,2465,0,0,280
poetry,0a9fc770ae5fbdbc97d62a210d80fbad695032b4,2020-09-25T15:54:37+02:00,tests/console/commands/test_cache.py,61,0,0,15
poetry,0a9fc770ae5fbdbc97d62a210d80fbad695032b4,2020-09-25T15:54:37+02:00,poetry/console/commands/remove.py,90,4,0,0
poetry,0a9fc770ae5fbdbc97d62a210d80fbad695032b4,2020-09-25T15:54:37+02:00,tests/console/conftest.py,256,0,0,153
poetry,0a9fc770ae5fbdbc97d62a210d80fbad695032b4,2020-09-25T15:54:37+02:00,tests/helpers.py,90,0,0,121
poetry,0a9fc770ae5fbdbc97d62a210d80fbad695032b4,2020-09-25T15:54:37+02:00,tests/console/commands/test_check.py,47,0,0,15
poetry,0a9fc770ae5fbdbc97d62a210d80fbad695032b4,2020-09-25T15:54:37+02:00,poetry/mixology/version_solver.py,472,0,0,0
poetry,0a9fc770ae5fbdbc97d62a210d80fbad695032b4,2020-09-25T15:54:37+02:00,tests/console/commands/env/conftest.py,0,0,0,51
poetry,0a9fc770ae5fbdbc97d62a210d80fbad695032b4,2020-09-25T15:54:37+02:00,tests/console/commands/test_config.py,127,0,0,51
poetry,0a9fc770ae5fbdbc97d62a210d80fbad695032b4,2020-09-25T15:54:37+02:00,poetry/packages/locker.py,380,0,0,98
poetry,0a9fc770ae5fbdbc97d62a210d80fbad695032b4,2020-09-25T15:54:37+02:00,tests/utils/test_exporter.py,893,0,0,206
poetry,0a9fc770ae5fbdbc97d62a210d80fbad695032b4,2020-09-25T15:54:37+02:00,tests/utils/test_setup_reader.py,179,0,0,6
poetry,0a9fc770ae5fbdbc97d62a210d80fbad695032b4,2020-09-25T15:54:37+02:00,poetry/mixology/term.py,167,4,0,0
poetry,0a9fc770ae5fbdbc97d62a210d80fbad695032b4,2020-09-25T15:54:37+02:00,tests/repositories/test_auth.py,46,0,0,46
poetry,0a9fc770ae5fbdbc97d62a210d80fbad695032b4,2020-09-25T15:54:37+02:00,poetry/repositories/repository.py,116,3,0,7
poetry,0a9fc770ae5fbdbc97d62a210d80fbad695032b4,2020-09-25T15:54:37+02:00,poetry/console/commands/config.py,354,2,0,8
poetry,0a9fc770ae5fbdbc97d62a210d80fbad695032b4,2020-09-25T15:54:37+02:00,tests/console/commands/env/test_list.py,78,0,0,84
poetry,0a9fc770ae5fbdbc97d62a210d80fbad695032b4,2020-09-25T15:54:37+02:00,poetry/utils/toml_file.py,26,0,0,26
poetry,0a9fc770ae5fbdbc97d62a210d80fbad695032b4,2020-09-25T15:54:37+02:00,poetry/console/commands/install.py,115,1,0,0
poetry,0a9fc770ae5fbdbc97d62a210d80fbad695032b4,2020-09-25T15:54:37+02:00,poetry/console/commands/debug/resolve.py,137,1,0,0
poetry,0a9fc770ae5fbdbc97d62a210d80fbad695032b4,2020-09-25T15:54:37+02:00,poetry/layouts/layout.py,151,0,0,25
poetry,0a9fc770ae5fbdbc97d62a210d80fbad695032b4,2020-09-25T15:54:37+02:00,tests/installation/test_authenticator.py,182,0,0,19
poetry,0a9fc770ae5fbdbc97d62a210d80fbad695032b4,2020-09-25T15:54:37+02:00,tests/console/commands/self/test_update.py,87,0,0,12
poetry,0a9fc770ae5fbdbc97d62a210d80fbad695032b4,2020-09-25T15:54:37+02:00,tests/console/commands/test_run.py,12,0,0,14
poetry,0a9fc770ae5fbdbc97d62a210d80fbad695032b4,2020-09-25T15:54:37+02:00,tests/inspection/test_info.py,220,0,0,24
poetry,0a9fc770ae5fbdbc97d62a210d80fbad695032b4,2020-09-25T15:54:37+02:00,poetry/masonry/builders/editable.py,229,0,0,38
poetry,0a9fc770ae5fbdbc97d62a210d80fbad695032b4,2020-09-25T15:54:37+02:00,tests/console/commands/debug/test_resolve.py,75,0,0,20
poetry,0a9fc770ae5fbdbc97d62a210d80fbad695032b4,2020-09-25T15:54:37+02:00,tests/console/commands/test_show.py,1196,0,0,94
poetry,0a9fc770ae5fbdbc97d62a210d80fbad695032b4,2020-09-25T15:54:37+02:00,tests/installation/test_installer.py,1836,0,0,119
poetry,0a9fc770ae5fbdbc97d62a210d80fbad695032b4,2020-09-25T15:54:37+02:00,tests/conftest.py,170,0,0,150
poetry,0a9fc770ae5fbdbc97d62a210d80fbad695032b4,2020-09-25T15:54:37+02:00,poetry/repositories/legacy_repository.py,391,4,0,33
poetry,0a9fc770ae5fbdbc97d62a210d80fbad695032b4,2020-09-25T15:54:37+02:00,poetry/puzzle/provider.py,795,16,0,30
poetry,0a9fc770ae5fbdbc97d62a210d80fbad695032b4,2020-09-25T15:54:37+02:00,poetry/utils/appdirs.py,252,1,0,0
poetry,0a9fc770ae5fbdbc97d62a210d80fbad695032b4,2020-09-25T15:54:37+02:00,tests/utils/test_env.py,839,0,0,54
poetry,0a9fc770ae5fbdbc97d62a210d80fbad695032b4,2020-09-25T15:54:37+02:00,tests/console/commands/env/helpers.py,0,0,0,21
poetry,0a9fc770ae5fbdbc97d62a210d80fbad695032b4,2020-09-25T15:54:37+02:00,tests/console/commands/test_init.py,668,0,0,349
poetry,0a9fc770ae5fbdbc97d62a210d80fbad695032b4,2020-09-25T15:54:37+02:00,poetry/mixology/failure.py,290,2,0,0
poetry,0a9fc770ae5fbdbc97d62a210d80fbad695032b4,2020-09-25T15:54:37+02:00,poetry/config/file_config_source.py,80,0,0,11
poetry,0a9fc770ae5fbdbc97d62a210d80fbad695032b4,2020-09-25T15:54:37+02:00,poetry/installation/chooser.py,180,0,0,2
poetry,0a9fc770ae5fbdbc97d62a210d80fbad695032b4,2020-09-25T15:54:37+02:00,tests/console/commands/test_version.py,54,0,0,15
poetry,0a9fc770ae5fbdbc97d62a210d80fbad695032b4,2020-09-25T15:54:37+02:00,poetry/console/commands/check.py,29,0,0,4
poetry,0a9fc770ae5fbdbc97d62a210d80fbad695032b4,2020-09-25T15:54:37+02:00,tests/console/commands/test_about.py,17,0,0,11
poetry,0a9fc770ae5fbdbc97d62a210d80fbad695032b4,2020-09-25T15:54:37+02:00,poetry/repositories/pool.py,179,4,0,0
poetry,0a9fc770ae5fbdbc97d62a210d80fbad695032b4,2020-09-25T15:54:37+02:00,tests/console/commands/test_add.py,1652,0,0,24
poetry,0a9fc770ae5fbdbc97d62a210d80fbad695032b4,2020-09-25T15:54:37+02:00,poetry/installation/pip_installer.py,268,13,0,31
poetry,0a9fc770ae5fbdbc97d62a210d80fbad695032b4,2020-09-25T15:54:37+02:00,poetry/installation/operations/update.py,41,2,0,0
poetry,0a9fc770ae5fbdbc97d62a210d80fbad695032b4,2020-09-25T15:54:37+02:00,tests/console/commands/test_lock.py,0,0,0,57
poetry,0a9fc770ae5fbdbc97d62a210d80fbad695032b4,2020-09-25T15:54:37+02:00,tests/test_factory.py,209,0,0,6
poetry,0a9fc770ae5fbdbc97d62a210d80fbad695032b4,2020-09-25T15:54:37+02:00,poetry/console/commands/init.py,534,0,0,28
poetry,0a9fc770ae5fbdbc97d62a210d80fbad695032b4,2020-09-25T15:54:37+02:00,tests/console/commands/env/test_use.py,175,0,0,131
poetry,0a9fc770ae5fbdbc97d62a210d80fbad695032b4,2020-09-25T15:54:37+02:00,tests/utils/fixtures/setups/with-setup-cfg-attr/setup.py,0,0,0,3
poetry,0a9fc770ae5fbdbc97d62a210d80fbad695032b4,2020-09-25T15:54:37+02:00,poetry/utils/_compat.py,297,2,0,25
poetry,0a9fc770ae5fbdbc97d62a210d80fbad695032b4,2020-09-25T15:54:37+02:00,poetry/utils/password_manager.py,192,3,0,0
poetry,0a9fc770ae5fbdbc97d62a210d80fbad695032b4,2020-09-25T15:54:37+02:00,poetry/installation/executor.py,653,15,0,45
poetry,0a9fc770ae5fbdbc97d62a210d80fbad695032b4,2020-09-25T15:54:37+02:00,poetry/utils/env.py,1301,26,0,25
poetry,0a9fc770ae5fbdbc97d62a210d80fbad695032b4,2020-09-25T15:54:37+02:00,poetry/mixology/partial_solution.py,218,0,0,0
poetry,0a9fc770ae5fbdbc97d62a210d80fbad695032b4,2020-09-25T15:54:37+02:00,poetry/installation/installer.py,531,8,0,40
poetry,0a9fc770ae5fbdbc97d62a210d80fbad695032b4,2020-09-25T15:54:37+02:00,poetry/console/commands/self/update.py,331,10,0,0
poetry,0a9fc770ae5fbdbc97d62a210d80fbad695032b4,2020-09-25T15:54:37+02:00,tests/publishing/test_publisher.py,145,0,0,24
poetry,0a9fc770ae5fbdbc97d62a210d80fbad695032b4,2020-09-25T15:54:37+02:00,tests/utils/test_toml_file.py,58,0,0,58
poetry,0a9fc770ae5fbdbc97d62a210d80fbad695032b4,2020-09-25T15:54:37+02:00,poetry/repositories/auth.py,27,0,0,27
poetry,0a9fc770ae5fbdbc97d62a210d80fbad695032b4,2020-09-25T15:54:37+02:00,tests/repositories/test_legacy_repository.py,342,0,0,14
poetry,0a9fc770ae5fbdbc97d62a210d80fbad695032b4,2020-09-25T15:54:37+02:00,poetry/factory.py,155,0,0,32
poetry,0a9fc770ae5fbdbc97d62a210d80fbad695032b4,2020-09-25T15:54:37+02:00,tests/console/commands/test_search.py,85,0,0,17
poetry,0a9fc770ae5fbdbc97d62a210d80fbad695032b4,2020-09-25T15:54:37+02:00,poetry/__version__.py,1,0,0,4
poetry,0a9fc770ae5fbdbc97d62a210d80fbad695032b4,2020-09-25T15:54:37+02:00,get-poetry.py,1086,21,0,8
poetry,0a9fc770ae5fbdbc97d62a210d80fbad695032b4,2020-09-25T15:54:37+02:00,tests/console/commands/env/test_info.py,51,0,0,17
poetry,0a9fc770ae5fbdbc97d62a210d80fbad695032b4,2020-09-25T15:54:37+02:00,tests/console/commands/test_export.py,213,0,0,142
poetry,0a9fc770ae5fbdbc97d62a210d80fbad695032b4,2020-09-25T15:54:37+02:00,poetry/console/commands/add.py,216,4,0,0
poetry,0a9fc770ae5fbdbc97d62a210d80fbad695032b4,2020-09-25T15:54:37+02:00,poetry/repositories/pypi_repository.py,457,8,0,0
poetry,0a9fc770ae5fbdbc97d62a210d80fbad695032b4,2020-09-25T15:54:37+02:00,poetry/utils/setup_reader.py,379,5,0,4
poetry,0a9fc770ae5fbdbc97d62a210d80fbad695032b4,2020-09-25T15:54:37+02:00,tests/installation/test_installer_old.py,1756,0,0,41
poetry,0a9fc770ae5fbdbc97d62a210d80fbad695032b4,2020-09-25T15:54:37+02:00,poetry/console/commands/build.py,36,0,0,2
poetry,0a9fc770ae5fbdbc97d62a210d80fbad695032b4,2020-09-25T15:54:37+02:00,tests/console/commands/env/test_remove.py,57,0,0,50
poetry,0a9fc770ae5fbdbc97d62a210d80fbad695032b4,2020-09-25T15:54:37+02:00,poetry/utils/exporter.py,196,2,0,113
poetry,0a9fc770ae5fbdbc97d62a210d80fbad695032b4,2020-09-25T15:54:37+02:00,poetry/mixology/incompatibility.py,453,2,0,0
poetry,3c9ced2e12618f9a9946a76c0430b8c80c0d0374,2021-03-25T20:03:45+01:00,poetry/console/events/console_events.py,0,0,0,0
poetry,3c9ced2e12618f9a9946a76c0430b8c80c0d0374,2021-03-25T20:03:45+01:00,poetry/installation/authenticator.py,164,0,0,10
poetry,3c9ced2e12618f9a9946a76c0430b8c80c0d0374,2021-03-25T20:03:45+01:00,poetry/console/application.py,281,0,0,112
poetry,3c9ced2e12618f9a9946a76c0430b8c80c0d0374,2021-03-25T20:03:45+01:00,tests/console/commands/plugin/test_add.py,0,0,0,413
poetry,3c9ced2e12618f9a9946a76c0430b8c80c0d0374,2021-03-25T20:03:45+01:00,poetry/locations.py,10,0,0,2
poetry,3c9ced2e12618f9a9946a76c0430b8c80c0d0374,2021-03-25T20:03:45+01:00,poetry/console/commands/update.py,47,1,0,0
poetry,3c9ced2e12618f9a9946a76c0430b8c80c0d0374,2021-03-25T20:03:45+01:00,poetry/inspection/info.py,594,0,0,24
poetry,3c9ced2e12618f9a9946a76c0430b8c80c0d0374,2021-03-25T20:03:45+01:00,tests/puzzle/test_solver.py,2749,0,0,28
poetry,3c9ced2e12618f9a9946a76c0430b8c80c0d0374,2021-03-25T20:03:45+01:00,tests/console/commands/plugin/test_show.py,0,0,0,203
poetry,3c9ced2e12618f9a9946a76c0430b8c80c0d0374,2021-03-25T20:03:45+01:00,poetry/console/commands/remove.py,90,3,0,26
poetry,3c9ced2e12618f9a9946a76c0430b8c80c0d0374,2021-03-25T20:03:45+01:00,poetry/repositories/installed_repository.py,166,0,0,201
poetry,3c9ced2e12618f9a9946a76c0430b8c80c0d0374,2021-03-25T20:03:45+01:00,poetry/console/commands/command.py,22,0,0,11
poetry,3c9ced2e12618f9a9946a76c0430b8c80c0d0374,2021-03-25T20:03:45+01:00,poetry/plugins/base_plugin.py,0,0,0,8
poetry,3c9ced2e12618f9a9946a76c0430b8c80c0d0374,2021-03-25T20:03:45+01:00,poetry/mixology/version_solver.py,462,0,0,12
poetry,3c9ced2e12618f9a9946a76c0430b8c80c0d0374,2021-03-25T20:03:45+01:00,tests/console/commands/source/test_remove.py,0,0,0,28
poetry,3c9ced2e12618f9a9946a76c0430b8c80c0d0374,2021-03-25T20:03:45+01:00,poetry/packages/locker.py,597,4,0,6
poetry,3c9ced2e12618f9a9946a76c0430b8c80c0d0374,2021-03-25T20:03:45+01:00,poetry/console/commands/source/add.py,0,0,0,108
poetry,3c9ced2e12618f9a9946a76c0430b8c80c0d0374,2021-03-25T20:03:45+01:00,poetry/utils/shell.py,121,0,0,2
poetry,3c9ced2e12618f9a9946a76c0430b8c80c0d0374,2021-03-25T20:03:45+01:00,tests/utils/test_setup_reader.py,177,0,0,4
poetry,3c9ced2e12618f9a9946a76c0430b8c80c0d0374,2021-03-25T20:03:45+01:00,poetry/mixology/term.py,173,4,0,10
poetry,3c9ced2e12618f9a9946a76c0430b8c80c0d0374,2021-03-25T20:03:45+01:00,poetry/repositories/repository.py,123,3,0,8
poetry,3c9ced2e12618f9a9946a76c0430b8c80c0d0374,2021-03-25T20:03:45+01:00,poetry/console/commands/config.py,375,2,0,0
poetry,3c9ced2e12618f9a9946a76c0430b8c80c0d0374,2021-03-25T20:03:45+01:00,poetry/json/__init__.py,41,0,0,5
poetry,3c9ced2e12618f9a9946a76c0430b8c80c0d0374,2021-03-25T20:03:45+01:00,install-poetry.py,0,0,0,1000
poetry,3c9ced2e12618f9a9946a76c0430b8c80c0d0374,2021-03-25T20:03:45+01:00,tests/fixtures/git/github.com/demo/poetry-plugin/poetry_plugin/__init__.py,0,0,0,0
poetry,3c9ced2e12618f9a9946a76c0430b8c80c0d0374,2021-03-25T20:03:45+01:00,poetry/console/commands/install.py,119,1,0,0
poetry,3c9ced2e12618f9a9946a76c0430b8c80c0d0374,2021-03-25T20:03:45+01:00,poetry/console/commands/source/show.py,0,0,0,59
poetry,3c9ced2e12618f9a9946a76c0430b8c80c0d0374,2021-03-25T20:03:45+01:00,poetry/console/commands/debug/resolve.py,145,1,0,0
poetry,3c9ced2e12618f9a9946a76c0430b8c80c0d0374,2021-03-25T20:03:45+01:00,poetry/console/commands/source/update.py,0,0,0,0
poetry,3c9ced2e12618f9a9946a76c0430b8c80c0d0374,2021-03-25T20:03:45+01:00,poetry/console/commands/plugin/__init__.py,0,0,0,0
poetry,3c9ced2e12618f9a9946a76c0430b8c80c0d0374,2021-03-25T20:03:45+01:00,poetry/layouts/layout.py,167,0,0,6
poetry,3c9ced2e12618f9a9946a76c0430b8c80c0d0374,2021-03-25T20:03:45+01:00,tests/masonry/builders/test_editable_builder.py,228,0,0,1
poetry,3c9ced2e12618f9a9946a76c0430b8c80c0d0374,2021-03-25T20:03:45+01:00,poetry/plugins/application_plugin.py,0,0,0,12
poetry,3c9ced2e12618f9a9946a76c0430b8c80c0d0374,2021-03-25T20:03:45+01:00,tests/console/commands/self/test_update.py,92,0,0,2
poetry,3c9ced2e12618f9a9946a76c0430b8c80c0d0374,2021-03-25T20:03:45+01:00,poetry/plugins/plugin_manager.py,0,0,0,68
poetry,3c9ced2e12618f9a9946a76c0430b8c80c0d0374,2021-03-25T20:03:45+01:00,poetry/console/commands/plugin/remove.py,0,0,0,73
poetry,3c9ced2e12618f9a9946a76c0430b8c80c0d0374,2021-03-25T20:03:45+01:00,poetry/puzzle/exceptions.py,22,0,0,2
poetry,3c9ced2e12618f9a9946a76c0430b8c80c0d0374,2021-03-25T20:03:45+01:00,tests/console/commands/plugin/conftest.py,0,0,0,35
poetry,3c9ced2e12618f9a9946a76c0430b8c80c0d0374,2021-03-25T20:03:45+01:00,poetry/config/config_source.py,9,0,0,2
poetry,3c9ced2e12618f9a9946a76c0430b8c80c0d0374,2021-03-25T20:03:45+01:00,tests/packages/test_locker.py,531,0,0,4
poetry,3c9ced2e12618f9a9946a76c0430b8c80c0d0374,2021-03-25T20:03:45+01:00,poetry/publishing/publisher.py,107,0,0,8
poetry,3c9ced2e12618f9a9946a76c0430b8c80c0d0374,2021-03-25T20:03:45+01:00,poetry/masonry/builders/editable.py,265,0,0,2
poetry,3c9ced2e12618f9a9946a76c0430b8c80c0d0374,2021-03-25T20:03:45+01:00,poetry/console/commands/source/__init__.py,0,0,0,0
poetry,3c9ced2e12618f9a9946a76c0430b8c80c0d0374,2021-03-25T20:03:45+01:00,tests/plugins/test_plugin_manager.py,0,0,0,112
poetry,3c9ced2e12618f9a9946a76c0430b8c80c0d0374,2021-03-25T20:03:45+01:00,poetry/repositories/remote_repository.py,16,0,0,2
poetry,3c9ced2e12618f9a9946a76c0430b8c80c0d0374,2021-03-25T20:03:45+01:00,poetry/console/commands/version.py,118,0,0,27
poetry,3c9ced2e12618f9a9946a76c0430b8c80c0d0374,2021-03-25T20:03:45+01:00,poetry/console/commands/plugin/show.py,0,0,0,95
poetry,3c9ced2e12618f9a9946a76c0430b8c80c0d0374,2021-03-25T20:03:45+01:00,tests/mixology/version_solver/test_backtracking.py,152,0,0,2
poetry,3c9ced2e12618f9a9946a76c0430b8c80c0d0374,2021-03-25T20:03:45+01:00,tests/installation/test_installer.py,1926,0,0,64
poetry,3c9ced2e12618f9a9946a76c0430b8c80c0d0374,2021-03-25T20:03:45+01:00,poetry/repositories/legacy_repository.py,449,4,0,27
poetry,3c9ced2e12618f9a9946a76c0430b8c80c0d0374,2021-03-25T20:03:45+01:00,poetry/puzzle/solver.py,491,0,0,24
poetry,3c9ced2e12618f9a9946a76c0430b8c80c0d0374,2021-03-25T20:03:45+01:00,poetry/utils/helpers.py,142,0,0,11
poetry,3c9ced2e12618f9a9946a76c0430b8c80c0d0374,2021-03-25T20:03:45+01:00,poetry/puzzle/provider.py,807,16,0,9
poetry,3c9ced2e12618f9a9946a76c0430b8c80c0d0374,2021-03-25T20:03:45+01:00,poetry/utils/appdirs.py,260,1,0,0
poetry,3c9ced2e12618f9a9946a76c0430b8c80c0d0374,2021-03-25T20:03:45+01:00,tests/repositories/test_installed_repository.py,167,0,0,64
poetry,3c9ced2e12618f9a9946a76c0430b8c80c0d0374,2021-03-25T20:03:45+01:00,tests/utils/test_env.py,891,0,0,2
poetry,3c9ced2e12618f9a9946a76c0430b8c80c0d0374,2021-03-25T20:03:45+01:00,poetry/config/config.py,151,0,0,4
poetry,3c9ced2e12618f9a9946a76c0430b8c80c0d0374,2021-03-25T20:03:45+01:00,poetry/repositories/base_repository.py,31,0,0,2
poetry,3c9ced2e12618f9a9946a76c0430b8c80c0d0374,2021-03-25T20:03:45+01:00,poetry/layouts/standard.py,23,0,0,4
poetry,3c9ced2e12618f9a9946a76c0430b8c80c0d0374,2021-03-25T20:03:45+01:00,poetry/mixology/failure.py,294,2,0,8
poetry,3c9ced2e12618f9a9946a76c0430b8c80c0d0374,2021-03-25T20:03:45+01:00,poetry/packages/dependency_package.py,53,0,0,4
poetry,3c9ced2e12618f9a9946a76c0430b8c80c0d0374,2021-03-25T20:03:45+01:00,poetry/installation/chooser.py,179,0,0,12
poetry,3c9ced2e12618f9a9946a76c0430b8c80c0d0374,2021-03-25T20:03:45+01:00,tests/console/commands/source/test_show.py,0,0,0,75
poetry,3c9ced2e12618f9a9946a76c0430b8c80c0d0374,2021-03-25T20:03:45+01:00,tests/console/commands/source/test_add.py,0,0,0,71
poetry,3c9ced2e12618f9a9946a76c0430b8c80c0d0374,2021-03-25T20:03:45+01:00,poetry/plugins/__init__.py,0,0,0,5
poetry,3c9ced2e12618f9a9946a76c0430b8c80c0d0374,2021-03-25T20:03:45+01:00,poetry/poetry.py,62,0,0,18
poetry,3c9ced2e12618f9a9946a76c0430b8c80c0d0374,2021-03-25T20:03:45+01:00,tests/console/commands/plugin/__init__.py,0,0,0,0
poetry,3c9ced2e12618f9a9946a76c0430b8c80c0d0374,2021-03-25T20:03:45+01:00,poetry/repositories/pool.py,180,4,0,10
poetry,3c9ced2e12618f9a9946a76c0430b8c80c0d0374,2021-03-25T20:03:45+01:00,poetry/console/commands/plugin/add.py,0,0,0,203
poetry,3c9ced2e12618f9a9946a76c0430b8c80c0d0374,2021-03-25T20:03:45+01:00,poetry/installation/chef.py,110,0,0,2
poetry,3c9ced2e12618f9a9946a76c0430b8c80c0d0374,2021-03-25T20:03:45+01:00,poetry/packages/project_package.py,0,0,0,23
poetry,3c9ced2e12618f9a9946a76c0430b8c80c0d0374,2021-03-25T20:03:45+01:00,poetry/console/commands/env_command.py,21,0,0,6
poetry,3c9ced2e12618f9a9946a76c0430b8c80c0d0374,2021-03-25T20:03:45+01:00,poetry/console/command_loader.py,0,0,0,12
poetry,3c9ced2e12618f9a9946a76c0430b8c80c0d0374,2021-03-25T20:03:45+01:00,poetry/installation/pip_installer.py,264,10,0,19
poetry,3c9ced2e12618f9a9946a76c0430b8c80c0d0374,2021-03-25T20:03:45+01:00,poetry/installation/operations/update.py,54,2,0,0
poetry,3c9ced2e12618f9a9946a76c0430b8c80c0d0374,2021-03-25T20:03:45+01:00,tests/test_factory.py,226,0,0,21
poetry,3c9ced2e12618f9a9946a76c0430b8c80c0d0374,2021-03-25T20:03:45+01:00,poetry/layouts/src.py,24,0,0,4
poetry,3c9ced2e12618f9a9946a76c0430b8c80c0d0374,2021-03-25T20:03:45+01:00,poetry/packages/package_collection.py,35,0,0,4
poetry,3c9ced2e12618f9a9946a76c0430b8c80c0d0374,2021-03-25T20:03:45+01:00,poetry/console/commands/init.py,551,0,0,24
poetry,3c9ced2e12618f9a9946a76c0430b8c80c0d0374,2021-03-25T20:03:45+01:00,tests/console/commands/env/test_use.py,135,0,0,2
poetry,3c9ced2e12618f9a9946a76c0430b8c80c0d0374,2021-03-25T20:03:45+01:00,poetry/config/source.py,0,0,0,15
poetry,3c9ced2e12618f9a9946a76c0430b8c80c0d0374,2021-03-25T20:03:45+01:00,poetry/utils/_compat.py,51,2,0,2
poetry,3c9ced2e12618f9a9946a76c0430b8c80c0d0374,2021-03-25T20:03:45+01:00,poetry/console/commands/source/remove.py,0,0,0,55
poetry,3c9ced2e12618f9a9946a76c0430b8c80c0d0374,2021-03-25T20:03:45+01:00,poetry/utils/password_manager.py,197,3,0,26
poetry,3c9ced2e12618f9a9946a76c0430b8c80c0d0374,2021-03-25T20:03:45+01:00,poetry/installation/executor.py,695,18,0,160
poetry,3c9ced2e12618f9a9946a76c0430b8c80c0d0374,2021-03-25T20:03:45+01:00,poetry/utils/env.py,1536,26,0,150
poetry,3c9ced2e12618f9a9946a76c0430b8c80c0d0374,2021-03-25T20:03:45+01:00,tests/installation/test_executor.py,263,0,0,143
poetry,3c9ced2e12618f9a9946a76c0430b8c80c0d0374,2021-03-25T20:03:45+01:00,poetry/utils/pip.py,50,0,0,38
poetry,3c9ced2e12618f9a9946a76c0430b8c80c0d0374,2021-03-25T20:03:45+01:00,poetry/mixology/partial_solution.py,220,0,0,2
poetry,3c9ced2e12618f9a9946a76c0430b8c80c0d0374,2021-03-25T20:03:45+01:00,poetry/installation/installer.py,581,8,0,23
poetry,3c9ced2e12618f9a9946a76c0430b8c80c0d0374,2021-03-25T20:03:45+01:00,poetry/console/events/__init__.py,0,0,0,0
poetry,3c9ced2e12618f9a9946a76c0430b8c80c0d0374,2021-03-25T20:03:45+01:00,poetry/plugins/plugin.py,0,0,0,14
poetry,3c9ced2e12618f9a9946a76c0430b8c80c0d0374,2021-03-25T20:03:45+01:00,poetry/console/commands/self/update.py,326,10,0,0
poetry,3c9ced2e12618f9a9946a76c0430b8c80c0d0374,2021-03-25T20:03:45+01:00,poetry/publishing/uploader.py,362,0,0,39
poetry,3c9ced2e12618f9a9946a76c0430b8c80c0d0374,2021-03-25T20:03:45+01:00,poetry/mixology/assignment.py,64,0,0,2
poetry,3c9ced2e12618f9a9946a76c0430b8c80c0d0374,2021-03-25T20:03:45+01:00,tests/repositories/test_legacy_repository.py,366,0,0,15
poetry,3c9ced2e12618f9a9946a76c0430b8c80c0d0374,2021-03-25T20:03:45+01:00,poetry/factory.py,166,0,0,125
poetry,3c9ced2e12618f9a9946a76c0430b8c80c0d0374,2021-03-25T20:03:45+01:00,get-poetry.py,1086,21,0,2
poetry,3c9ced2e12618f9a9946a76c0430b8c80c0d0374,2021-03-25T20:03:45+01:00,poetry/version/version_selector.py,83,0,0,12
poetry,3c9ced2e12618f9a9946a76c0430b8c80c0d0374,2021-03-25T20:03:45+01:00,poetry/console/commands/add.py,215,3,0,0
poetry,3c9ced2e12618f9a9946a76c0430b8c80c0d0374,2021-03-25T20:03:45+01:00,poetry/repositories/pypi_repository.py,472,10,0,40
poetry,3c9ced2e12618f9a9946a76c0430b8c80c0d0374,2021-03-25T20:03:45+01:00,poetry/utils/setup_reader.py,358,5,0,2
poetry,3c9ced2e12618f9a9946a76c0430b8c80c0d0374,2021-03-25T20:03:45+01:00,tests/console/commands/plugin/test_remove.py,0,0,0,265
poetry,3c9ced2e12618f9a9946a76c0430b8c80c0d0374,2021-03-25T20:03:45+01:00,tests/console/commands/source/conftest.py,0,0,0,63
poetry,3c9ced2e12618f9a9946a76c0430b8c80c0d0374,2021-03-25T20:03:45+01:00,tests/console/commands/source/__init__.py,0,0,0,0
poetry,3c9ced2e12618f9a9946a76c0430b8c80c0d0374,2021-03-25T20:03:45+01:00,poetry/utils/exporter.py,168,0,0,18
poetry,3c9ced2e12618f9a9946a76c0430b8c80c0d0374,2021-03-25T20:03:45+01:00,poetry/mixology/incompatibility.py,478,2,0,36
poetry,3c9ced2e12618f9a9946a76c0430b8c80c0d0374,2021-03-25T20:03:45+01:00,tests/console/test_application.py,0,0,0,101
poetry,4fe39a33b0bc462b1ebfd2e060dc943a3afdadea,2021-03-27T11:59:04+01:00,poetry/console/events/console_events.py,0,0,0,0
poetry,4fe39a33b0bc462b1ebfd2e060dc943a3afdadea,2021-03-27T11:59:04+01:00,poetry/installation/authenticator.py,164,0,0,10
poetry,4fe39a33b0bc462b1ebfd2e060dc943a3afdadea,2021-03-27T11:59:04+01:00,poetry/console/application.py,348,0,0,112
poetry,4fe39a33b0bc462b1ebfd2e060dc943a3afdadea,2021-03-27T11:59:04+01:00,tests/console/commands/plugin/test_add.py,297,0,0,413
poetry,4fe39a33b0bc462b1ebfd2e060dc943a3afdadea,2021-03-27T11:59:04+01:00,poetry/inspection/info.py,594,0,0,24
poetry,4fe39a33b0bc462b1ebfd2e060dc943a3afdadea,2021-03-27T11:59:04+01:00,tests/console/commands/plugin/test_show.py,172,0,0,203
poetry,4fe39a33b0bc462b1ebfd2e060dc943a3afdadea,2021-03-27T11:59:04+01:00,poetry/console/commands/remove.py,88,0,0,36
poetry,4fe39a33b0bc462b1ebfd2e060dc943a3afdadea,2021-03-27T11:59:04+01:00,poetry/repositories/installed_repository.py,173,0,0,201
poetry,4fe39a33b0bc462b1ebfd2e060dc943a3afdadea,2021-03-27T11:59:04+01:00,poetry/console/commands/command.py,31,0,0,11
poetry,4fe39a33b0bc462b1ebfd2e060dc943a3afdadea,2021-03-27T11:59:04+01:00,poetry/plugins/base_plugin.py,6,0,0,8
poetry,4fe39a33b0bc462b1ebfd2e060dc943a3afdadea,2021-03-27T11:59:04+01:00,poetry/mixology/version_solver.py,462,0,0,12
poetry,4fe39a33b0bc462b1ebfd2e060dc943a3afdadea,2021-03-27T11:59:04+01:00,poetry/console/commands/source/add.py,0,0,0,108
poetry,4fe39a33b0bc462b1ebfd2e060dc943a3afdadea,2021-03-27T11:59:04+01:00,poetry/utils/shell.py,121,0,0,2
poetry,4fe39a33b0bc462b1ebfd2e060dc943a3afdadea,2021-03-27T11:59:04+01:00,tests/utils/test_setup_reader.py,177,0,0,4
poetry,4fe39a33b0bc462b1ebfd2e060dc943a3afdadea,2021-03-27T11:59:04+01:00,poetry/mixology/term.py,173,4,0,10
poetry,4fe39a33b0bc462b1ebfd2e060dc943a3afdadea,2021-03-27T11:59:04+01:00,poetry/json/__init__.py,41,0,0,5
poetry,4fe39a33b0bc462b1ebfd2e060dc943a3afdadea,2021-03-27T11:59:04+01:00,poetry/console/commands/config.py,375,2,0,0
poetry,4fe39a33b0bc462b1ebfd2e060dc943a3afdadea,2021-03-27T11:59:04+01:00,install-poetry.py,0,0,0,1000
poetry,4fe39a33b0bc462b1ebfd2e060dc943a3afdadea,2021-03-27T11:59:04+01:00,poetry/console/commands/source/show.py,0,0,0,59
poetry,4fe39a33b0bc462b1ebfd2e060dc943a3afdadea,2021-03-27T11:59:04+01:00,poetry/console/commands/debug/resolve.py,145,1,0,0
poetry,4fe39a33b0bc462b1ebfd2e060dc943a3afdadea,2021-03-27T11:59:04+01:00,poetry/console/commands/source/update.py,0,0,0,0
poetry,4fe39a33b0bc462b1ebfd2e060dc943a3afdadea,2021-03-27T11:59:04+01:00,poetry/plugins/application_plugin.py,12,0,0,12
poetry,4fe39a33b0bc462b1ebfd2e060dc943a3afdadea,2021-03-27T11:59:04+01:00,tests/console/commands/self/test_update.py,92,0,0,2
poetry,4fe39a33b0bc462b1ebfd2e060dc943a3afdadea,2021-03-27T11:59:04+01:00,poetry/plugins/plugin_manager.py,60,0,0,68
poetry,4fe39a33b0bc462b1ebfd2e060dc943a3afdadea,2021-03-27T11:59:04+01:00,poetry/config/config_source.py,9,0,0,2
poetry,4fe39a33b0bc462b1ebfd2e060dc943a3afdadea,2021-03-27T11:59:04+01:00,tests/packages/test_locker.py,531,0,0,4
poetry,4fe39a33b0bc462b1ebfd2e060dc943a3afdadea,2021-03-27T11:59:04+01:00,poetry/publishing/publisher.py,107,0,0,8
poetry,4fe39a33b0bc462b1ebfd2e060dc943a3afdadea,2021-03-27T11:59:04+01:00,poetry/masonry/builders/editable.py,265,0,0,2
poetry,4fe39a33b0bc462b1ebfd2e060dc943a3afdadea,2021-03-27T11:59:04+01:00,poetry/console/commands/source/__init__.py,0,0,0,0
poetry,4fe39a33b0bc462b1ebfd2e060dc943a3afdadea,2021-03-27T11:59:04+01:00,tests/plugins/test_plugin_manager.py,112,0,0,112
poetry,4fe39a33b0bc462b1ebfd2e060dc943a3afdadea,2021-03-27T11:59:04+01:00,poetry/puzzle/solver.py,491,0,0,12
poetry,4fe39a33b0bc462b1ebfd2e060dc943a3afdadea,2021-03-27T11:59:04+01:00,poetry/config/config.py,151,0,0,4
poetry,4fe39a33b0bc462b1ebfd2e060dc943a3afdadea,2021-03-27T11:59:04+01:00,poetry/layouts/standard.py,23,0,0,4
poetry,4fe39a33b0bc462b1ebfd2e060dc943a3afdadea,2021-03-27T11:59:04+01:00,poetry/packages/dependency_package.py,53,0,0,4
poetry,4fe39a33b0bc462b1ebfd2e060dc943a3afdadea,2021-03-27T11:59:04+01:00,tests/console/commands/plugin/__init__.py,0,0,0,0
poetry,4fe39a33b0bc462b1ebfd2e060dc943a3afdadea,2021-03-27T11:59:04+01:00,poetry/console/commands/plugin/add.py,203,3,0,203
poetry,4fe39a33b0bc462b1ebfd2e060dc943a3afdadea,2021-03-27T11:59:04+01:00,poetry/console/commands/env_command.py,21,0,0,6
poetry,4fe39a33b0bc462b1ebfd2e060dc943a3afdadea,2021-03-27T11:59:04+01:00,poetry/console/command_loader.py,12,0,0,12
poetry,4fe39a33b0bc462b1ebfd2e060dc943a3afdadea,2021-03-27T11:59:04+01:00,poetry/installation/pip_installer.py,264,10,0,24
poetry,4fe39a33b0bc462b1ebfd2e060dc943a3afdadea,2021-03-27T11:59:04+01:00,poetry/installation/operations/update.py,54,2,0,0
poetry,4fe39a33b0bc462b1ebfd2e060dc943a3afdadea,2021-03-27T11:59:04+01:00,poetry/console/commands/init.py,563,0,0,24
poetry,4fe39a33b0bc462b1ebfd2e060dc943a3afdadea,2021-03-27T11:59:04+01:00,tests/console/commands/env/test_use.py,135,0,0,2
poetry,4fe39a33b0bc462b1ebfd2e060dc943a3afdadea,2021-03-27T11:59:04+01:00,poetry/console/commands/source/remove.py,0,0,0,55
poetry,4fe39a33b0bc462b1ebfd2e060dc943a3afdadea,2021-03-27T11:59:04+01:00,poetry/installation/executor.py,695,18,0,205
poetry,4fe39a33b0bc462b1ebfd2e060dc943a3afdadea,2021-03-27T11:59:04+01:00,poetry/utils/env.py,1541,26,0,219
poetry,4fe39a33b0bc462b1ebfd2e060dc943a3afdadea,2021-03-27T11:59:04+01:00,tests/installation/test_executor.py,263,0,0,166
poetry,4fe39a33b0bc462b1ebfd2e060dc943a3afdadea,2021-03-27T11:59:04+01:00,poetry/console/events/__init__.py,0,0,0,0
poetry,4fe39a33b0bc462b1ebfd2e060dc943a3afdadea,2021-03-27T11:59:04+01:00,poetry/plugins/plugin.py,14,0,0,14
poetry,4fe39a33b0bc462b1ebfd2e060dc943a3afdadea,2021-03-27T11:59:04+01:00,poetry/console/commands/self/update.py,326,10,0,0
poetry,4fe39a33b0bc462b1ebfd2e060dc943a3afdadea,2021-03-27T11:59:04+01:00,poetry/factory.py,235,0,0,125
poetry,4fe39a33b0bc462b1ebfd2e060dc943a3afdadea,2021-03-27T11:59:04+01:00,poetry/console/commands/add.py,215,3,0,0
poetry,4fe39a33b0bc462b1ebfd2e060dc943a3afdadea,2021-03-27T11:59:04+01:00,poetry/utils/exporter.py,168,0,0,18
poetry,4fe39a33b0bc462b1ebfd2e060dc943a3afdadea,2021-03-27T11:59:04+01:00,tests/console/test_application.py,101,0,0,101
poetry,4fe39a33b0bc462b1ebfd2e060dc943a3afdadea,2021-03-27T11:59:04+01:00,poetry/locations.py,12,0,0,2
poetry,4fe39a33b0bc462b1ebfd2e060dc943a3afdadea,2021-03-27T11:59:04+01:00,poetry/console/commands/update.py,47,1,0,0
poetry,4fe39a33b0bc462b1ebfd2e060dc943a3afdadea,2021-03-27T11:59:04+01:00,tests/puzzle/test_solver.py,2749,0,0,44
poetry,4fe39a33b0bc462b1ebfd2e060dc943a3afdadea,2021-03-27T11:59:04+01:00,tests/console/commands/source/test_remove.py,0,0,0,28
poetry,4fe39a33b0bc462b1ebfd2e060dc943a3afdadea,2021-03-27T11:59:04+01:00,poetry/packages/locker.py,597,4,0,6
poetry,4fe39a33b0bc462b1ebfd2e060dc943a3afdadea,2021-03-27T11:59:04+01:00,poetry/repositories/repository.py,123,3,0,8
poetry,4fe39a33b0bc462b1ebfd2e060dc943a3afdadea,2021-03-27T11:59:04+01:00,tests/fixtures/git/github.com/demo/poetry-plugin/poetry_plugin/__init__.py,0,0,0,0
poetry,4fe39a33b0bc462b1ebfd2e060dc943a3afdadea,2021-03-27T11:59:04+01:00,poetry/console/commands/install.py,119,1,0,0
poetry,4fe39a33b0bc462b1ebfd2e060dc943a3afdadea,2021-03-27T11:59:04+01:00,poetry/console/commands/plugin/__init__.py,0,0,0,0
poetry,4fe39a33b0bc462b1ebfd2e060dc943a3afdadea,2021-03-27T11:59:04+01:00,tests/masonry/builders/test_editable_builder.py,228,0,0,25
poetry,4fe39a33b0bc462b1ebfd2e060dc943a3afdadea,2021-03-27T11:59:04+01:00,poetry/layouts/layout.py,167,0,0,6
poetry,4fe39a33b0bc462b1ebfd2e060dc943a3afdadea,2021-03-27T11:59:04+01:00,poetry/console/commands/plugin/remove.py,73,1,0,73
poetry,4fe39a33b0bc462b1ebfd2e060dc943a3afdadea,2021-03-27T11:59:04+01:00,poetry/puzzle/exceptions.py,22,0,0,2
poetry,4fe39a33b0bc462b1ebfd2e060dc943a3afdadea,2021-03-27T11:59:04+01:00,tests/console/commands/plugin/conftest.py,0,0,0,35
poetry,4fe39a33b0bc462b1ebfd2e060dc943a3afdadea,2021-03-27T11:59:04+01:00,poetry/repositories/remote_repository.py,16,0,0,2
poetry,4fe39a33b0bc462b1ebfd2e060dc943a3afdadea,2021-03-27T11:59:04+01:00,poetry/console/commands/version.py,118,0,0,27
poetry,4fe39a33b0bc462b1ebfd2e060dc943a3afdadea,2021-03-27T11:59:04+01:00,poetry/console/commands/plugin/show.py,95,0,0,95
poetry,4fe39a33b0bc462b1ebfd2e060dc943a3afdadea,2021-03-27T11:59:04+01:00,tests/installation/test_pip_installer.py,220,0,0,11
poetry,4fe39a33b0bc462b1ebfd2e060dc943a3afdadea,2021-03-27T11:59:04+01:00,tests/mixology/version_solver/test_backtracking.py,152,0,0,2
poetry,4fe39a33b0bc462b1ebfd2e060dc943a3afdadea,2021-03-27T11:59:04+01:00,tests/console/commands/test_remove.py,0,0,0,24
poetry,4fe39a33b0bc462b1ebfd2e060dc943a3afdadea,2021-03-27T11:59:04+01:00,tests/installation/test_installer.py,1926,0,0,64
poetry,4fe39a33b0bc462b1ebfd2e060dc943a3afdadea,2021-03-27T11:59:04+01:00,poetry/repositories/legacy_repository.py,449,4,0,14
poetry,4fe39a33b0bc462b1ebfd2e060dc943a3afdadea,2021-03-27T11:59:04+01:00,poetry/utils/helpers.py,142,0,0,11
poetry,4fe39a33b0bc462b1ebfd2e060dc943a3afdadea,2021-03-27T11:59:04+01:00,poetry/puzzle/provider.py,806,16,0,9
poetry,4fe39a33b0bc462b1ebfd2e060dc943a3afdadea,2021-03-27T11:59:04+01:00,poetry/utils/appdirs.py,260,1,0,0
poetry,4fe39a33b0bc462b1ebfd2e060dc943a3afdadea,2021-03-27T11:59:04+01:00,tests/repositories/test_installed_repository.py,167,0,0,64
poetry,4fe39a33b0bc462b1ebfd2e060dc943a3afdadea,2021-03-27T11:59:04+01:00,tests/utils/test_env.py,891,0,0,2
poetry,4fe39a33b0bc462b1ebfd2e060dc943a3afdadea,2021-03-27T11:59:04+01:00,poetry/repositories/base_repository.py,31,0,0,2
poetry,4fe39a33b0bc462b1ebfd2e060dc943a3afdadea,2021-03-27T11:59:04+01:00,poetry/mixology/failure.py,294,2,0,8
poetry,4fe39a33b0bc462b1ebfd2e060dc943a3afdadea,2021-03-27T11:59:04+01:00,poetry/installation/chooser.py,179,0,0,12
poetry,4fe39a33b0bc462b1ebfd2e060dc943a3afdadea,2021-03-27T11:59:04+01:00,tests/console/commands/source/test_show.py,0,0,0,75
poetry,4fe39a33b0bc462b1ebfd2e060dc943a3afdadea,2021-03-27T11:59:04+01:00,tests/console/commands/source/test_add.py,0,0,0,71
poetry,4fe39a33b0bc462b1ebfd2e060dc943a3afdadea,2021-03-27T11:59:04+01:00,poetry/plugins/__init__.py,5,0,0,5
poetry,4fe39a33b0bc462b1ebfd2e060dc943a3afdadea,2021-03-27T11:59:04+01:00,poetry/poetry.py,69,0,0,18
poetry,4fe39a33b0bc462b1ebfd2e060dc943a3afdadea,2021-03-27T11:59:04+01:00,poetry/repositories/pool.py,180,4,0,10
poetry,4fe39a33b0bc462b1ebfd2e060dc943a3afdadea,2021-03-27T11:59:04+01:00,poetry/installation/chef.py,110,0,0,2
poetry,4fe39a33b0bc462b1ebfd2e060dc943a3afdadea,2021-03-27T11:59:04+01:00,poetry/packages/project_package.py,23,0,0,23
poetry,4fe39a33b0bc462b1ebfd2e060dc943a3afdadea,2021-03-27T11:59:04+01:00,tests/test_factory.py,246,0,0,21
poetry,4fe39a33b0bc462b1ebfd2e060dc943a3afdadea,2021-03-27T11:59:04+01:00,poetry/layouts/src.py,24,0,0,4
poetry,4fe39a33b0bc462b1ebfd2e060dc943a3afdadea,2021-03-27T11:59:04+01:00,poetry/packages/package_collection.py,35,0,0,4
poetry,4fe39a33b0bc462b1ebfd2e060dc943a3afdadea,2021-03-27T11:59:04+01:00,poetry/config/source.py,0,0,0,15
poetry,4fe39a33b0bc462b1ebfd2e060dc943a3afdadea,2021-03-27T11:59:04+01:00,poetry/utils/_compat.py,51,2,0,2
poetry,4fe39a33b0bc462b1ebfd2e060dc943a3afdadea,2021-03-27T11:59:04+01:00,poetry/utils/password_manager.py,197,3,0,26
poetry,4fe39a33b0bc462b1ebfd2e060dc943a3afdadea,2021-03-27T11:59:04+01:00,poetry/utils/pip.py,63,0,0,7
poetry,4fe39a33b0bc462b1ebfd2e060dc943a3afdadea,2021-03-27T11:59:04+01:00,poetry/mixology/partial_solution.py,220,0,0,2
poetry,4fe39a33b0bc462b1ebfd2e060dc943a3afdadea,2021-03-27T11:59:04+01:00,poetry/installation/installer.py,581,8,0,23
poetry,4fe39a33b0bc462b1ebfd2e060dc943a3afdadea,2021-03-27T11:59:04+01:00,poetry/publishing/uploader.py,362,0,0,39
poetry,4fe39a33b0bc462b1ebfd2e060dc943a3afdadea,2021-03-27T11:59:04+01:00,poetry/mixology/assignment.py,64,0,0,2
poetry,4fe39a33b0bc462b1ebfd2e060dc943a3afdadea,2021-03-27T11:59:04+01:00,get-poetry.py,1086,21,0,2
poetry,4fe39a33b0bc462b1ebfd2e060dc943a3afdadea,2021-03-27T11:59:04+01:00,poetry/version/version_selector.py,83,0,0,12
poetry,4fe39a33b0bc462b1ebfd2e060dc943a3afdadea,2021-03-27T11:59:04+01:00,poetry/repositories/pypi_repository.py,472,10,0,40
poetry,4fe39a33b0bc462b1ebfd2e060dc943a3afdadea,2021-03-27T11:59:04+01:00,poetry/utils/setup_reader.py,358,5,0,2
poetry,4fe39a33b0bc462b1ebfd2e060dc943a3afdadea,2021-03-27T11:59:04+01:00,tests/console/commands/plugin/test_remove.py,189,0,0,265
poetry,4fe39a33b0bc462b1ebfd2e060dc943a3afdadea,2021-03-27T11:59:04+01:00,tests/console/commands/source/conftest.py,0,0,0,63
poetry,4fe39a33b0bc462b1ebfd2e060dc943a3afdadea,2021-03-27T11:59:04+01:00,tests/console/commands/source/__init__.py,0,0,0,0
poetry,4fe39a33b0bc462b1ebfd2e060dc943a3afdadea,2021-03-27T11:59:04+01:00,poetry/mixology/incompatibility.py,478,2,0,36
poetry,9175a538068417fe9c4691c02217bda6049169f3,2021-03-27T20:41:17+01:00,poetry/installation/authenticator.py,164,0,0,10
poetry,9175a538068417fe9c4691c02217bda6049169f3,2021-03-27T20:41:17+01:00,poetry/console/application.py,336,0,0,11
poetry,9175a538068417fe9c4691c02217bda6049169f3,2021-03-27T20:41:17+01:00,tests/console/commands/plugin/test_add.py,297,0,0,116
poetry,9175a538068417fe9c4691c02217bda6049169f3,2021-03-27T20:41:17+01:00,poetry/console/commands/update.py,47,1,0,0
poetry,9175a538068417fe9c4691c02217bda6049169f3,2021-03-27T20:41:17+01:00,poetry/inspection/info.py,594,0,0,24
poetry,9175a538068417fe9c4691c02217bda6049169f3,2021-03-27T20:41:17+01:00,tests/puzzle/test_solver.py,2749,0,0,44
poetry,9175a538068417fe9c4691c02217bda6049169f3,2021-03-27T20:41:17+01:00,tests/console/commands/plugin/test_show.py,172,0,0,31
poetry,9175a538068417fe9c4691c02217bda6049169f3,2021-03-27T20:41:17+01:00,poetry/console/commands/remove.py,88,0,0,10
poetry,9175a538068417fe9c4691c02217bda6049169f3,2021-03-27T20:41:17+01:00,poetry/repositories/installed_repository.py,173,0,0,200
poetry,9175a538068417fe9c4691c02217bda6049169f3,2021-03-27T20:41:17+01:00,poetry/plugins/base_plugin.py,6,0,0,2
poetry,9175a538068417fe9c4691c02217bda6049169f3,2021-03-27T20:41:17+01:00,poetry/mixology/version_solver.py,462,0,0,12
poetry,9175a538068417fe9c4691c02217bda6049169f3,2021-03-27T20:41:17+01:00,tests/console/commands/source/test_remove.py,0,0,0,28
poetry,9175a538068417fe9c4691c02217bda6049169f3,2021-03-27T20:41:17+01:00,poetry/packages/locker.py,597,4,0,6
poetry,9175a538068417fe9c4691c02217bda6049169f3,2021-03-27T20:41:17+01:00,poetry/console/commands/source/add.py,0,0,0,108
poetry,9175a538068417fe9c4691c02217bda6049169f3,2021-03-27T20:41:17+01:00,poetry/utils/shell.py,121,0,0,2
poetry,9175a538068417fe9c4691c02217bda6049169f3,2021-03-27T20:41:17+01:00,tests/utils/test_setup_reader.py,177,0,0,4
poetry,9175a538068417fe9c4691c02217bda6049169f3,2021-03-27T20:41:17+01:00,poetry/mixology/term.py,173,4,0,10
poetry,9175a538068417fe9c4691c02217bda6049169f3,2021-03-27T20:41:17+01:00,poetry/repositories/repository.py,123,3,0,8
poetry,9175a538068417fe9c4691c02217bda6049169f3,2021-03-27T20:41:17+01:00,poetry/console/commands/config.py,375,2,0,0
poetry,9175a538068417fe9c4691c02217bda6049169f3,2021-03-27T20:41:17+01:00,poetry/json/__init__.py,41,0,0,5
poetry,9175a538068417fe9c4691c02217bda6049169f3,2021-03-27T20:41:17+01:00,install-poetry.py,0,0,0,1000
poetry,9175a538068417fe9c4691c02217bda6049169f3,2021-03-27T20:41:17+01:00,poetry/console/commands/install.py,119,1,0,0
poetry,9175a538068417fe9c4691c02217bda6049169f3,2021-03-27T20:41:17+01:00,poetry/console/commands/source/show.py,0,0,0,59
poetry,9175a538068417fe9c4691c02217bda6049169f3,2021-03-27T20:41:17+01:00,poetry/console/commands/debug/resolve.py,145,1,0,0
poetry,9175a538068417fe9c4691c02217bda6049169f3,2021-03-27T20:41:17+01:00,poetry/console/commands/source/update.py,0,0,0,0
poetry,9175a538068417fe9c4691c02217bda6049169f3,2021-03-27T20:41:17+01:00,tests/masonry/builders/test_editable_builder.py,228,0,0,25
poetry,9175a538068417fe9c4691c02217bda6049169f3,2021-03-27T20:41:17+01:00,poetry/layouts/layout.py,167,0,0,6
poetry,9175a538068417fe9c4691c02217bda6049169f3,2021-03-27T20:41:17+01:00,poetry/console/commands/plugin/remove.py,73,1,0,0
poetry,9175a538068417fe9c4691c02217bda6049169f3,2021-03-27T20:41:17+01:00,tests/console/commands/self/test_update.py,92,0,0,2
poetry,9175a538068417fe9c4691c02217bda6049169f3,2021-03-27T20:41:17+01:00,poetry/plugins/plugin_manager.py,60,0,0,6
poetry,9175a538068417fe9c4691c02217bda6049169f3,2021-03-27T20:41:17+01:00,poetry/puzzle/exceptions.py,22,0,0,2
poetry,9175a538068417fe9c4691c02217bda6049169f3,2021-03-27T20:41:17+01:00,tests/console/commands/plugin/conftest.py,0,0,0,35
poetry,9175a538068417fe9c4691c02217bda6049169f3,2021-03-27T20:41:17+01:00,poetry/config/config_source.py,9,0,0,2
poetry,9175a538068417fe9c4691c02217bda6049169f3,2021-03-27T20:41:17+01:00,tests/packages/test_locker.py,533,0,0,4
poetry,9175a538068417fe9c4691c02217bda6049169f3,2021-03-27T20:41:17+01:00,poetry/masonry/builders/editable.py,265,0,0,38
poetry,9175a538068417fe9c4691c02217bda6049169f3,2021-03-27T20:41:17+01:00,poetry/publishing/publisher.py,107,0,0,8
poetry,9175a538068417fe9c4691c02217bda6049169f3,2021-03-27T20:41:17+01:00,poetry/console/commands/source/__init__.py,0,0,0,0
poetry,9175a538068417fe9c4691c02217bda6049169f3,2021-03-27T20:41:17+01:00,poetry/repositories/remote_repository.py,16,0,0,2
poetry,9175a538068417fe9c4691c02217bda6049169f3,2021-03-27T20:41:17+01:00,poetry/console/commands/version.py,109,0,0,27
poetry,9175a538068417fe9c4691c02217bda6049169f3,2021-03-27T20:41:17+01:00,tests/installation/test_pip_installer.py,220,0,0,11
poetry,9175a538068417fe9c4691c02217bda6049169f3,2021-03-27T20:41:17+01:00,tests/mixology/version_solver/test_backtracking.py,152,0,0,2
poetry,9175a538068417fe9c4691c02217bda6049169f3,2021-03-27T20:41:17+01:00,tests/console/commands/test_remove.py,0,0,0,24
poetry,9175a538068417fe9c4691c02217bda6049169f3,2021-03-27T20:41:17+01:00,tests/installation/test_installer.py,1926,0,0,64
poetry,9175a538068417fe9c4691c02217bda6049169f3,2021-03-27T20:41:17+01:00,poetry/repositories/legacy_repository.py,449,4,0,14
poetry,9175a538068417fe9c4691c02217bda6049169f3,2021-03-27T20:41:17+01:00,poetry/puzzle/solver.py,491,0,0,12
poetry,9175a538068417fe9c4691c02217bda6049169f3,2021-03-27T20:41:17+01:00,poetry/utils/helpers.py,137,0,0,11
poetry,9175a538068417fe9c4691c02217bda6049169f3,2021-03-27T20:41:17+01:00,poetry/puzzle/provider.py,806,16,0,8
poetry,9175a538068417fe9c4691c02217bda6049169f3,2021-03-27T20:41:17+01:00,poetry/utils/appdirs.py,260,1,0,0
poetry,9175a538068417fe9c4691c02217bda6049169f3,2021-03-27T20:41:17+01:00,tests/repositories/test_installed_repository.py,167,0,0,64
poetry,9175a538068417fe9c4691c02217bda6049169f3,2021-03-27T20:41:17+01:00,tests/utils/test_env.py,891,0,0,2
poetry,9175a538068417fe9c4691c02217bda6049169f3,2021-03-27T20:41:17+01:00,poetry/config/config.py,151,0,0,4
poetry,9175a538068417fe9c4691c02217bda6049169f3,2021-03-27T20:41:17+01:00,poetry/repositories/base_repository.py,31,0,0,2
poetry,9175a538068417fe9c4691c02217bda6049169f3,2021-03-27T20:41:17+01:00,poetry/layouts/standard.py,23,0,0,4
poetry,9175a538068417fe9c4691c02217bda6049169f3,2021-03-27T20:41:17+01:00,poetry/mixology/failure.py,294,2,0,8
poetry,9175a538068417fe9c4691c02217bda6049169f3,2021-03-27T20:41:17+01:00,poetry/packages/dependency_package.py,53,0,0,4
poetry,9175a538068417fe9c4691c02217bda6049169f3,2021-03-27T20:41:17+01:00,poetry/installation/chooser.py,179,0,0,12
poetry,9175a538068417fe9c4691c02217bda6049169f3,2021-03-27T20:41:17+01:00,tests/console/commands/source/test_show.py,0,0,0,75
poetry,9175a538068417fe9c4691c02217bda6049169f3,2021-03-27T20:41:17+01:00,tests/console/commands/source/test_add.py,0,0,0,71
poetry,9175a538068417fe9c4691c02217bda6049169f3,2021-03-27T20:41:17+01:00,poetry/poetry.py,69,0,0,11
poetry,9175a538068417fe9c4691c02217bda6049169f3,2021-03-27T20:41:17+01:00,poetry/repositories/pool.py,180,4,0,10
poetry,9175a538068417fe9c4691c02217bda6049169f3,2021-03-27T20:41:17+01:00,poetry/console/commands/plugin/add.py,203,3,0,0
poetry,9175a538068417fe9c4691c02217bda6049169f3,2021-03-27T20:41:17+01:00,poetry/installation/chef.py,110,0,0,2
poetry,9175a538068417fe9c4691c02217bda6049169f3,2021-03-27T20:41:17+01:00,poetry/installation/pip_installer.py,264,9,0,28
poetry,9175a538068417fe9c4691c02217bda6049169f3,2021-03-27T20:41:17+01:00,poetry/installation/operations/update.py,54,2,0,0
poetry,9175a538068417fe9c4691c02217bda6049169f3,2021-03-27T20:41:17+01:00,tests/test_factory.py,246,0,0,1
poetry,9175a538068417fe9c4691c02217bda6049169f3,2021-03-27T20:41:17+01:00,poetry/layouts/src.py,24,0,0,4
poetry,9175a538068417fe9c4691c02217bda6049169f3,2021-03-27T20:41:17+01:00,poetry/packages/package_collection.py,35,0,0,4
poetry,9175a538068417fe9c4691c02217bda6049169f3,2021-03-27T20:41:17+01:00,tests/console/commands/env/test_use.py,135,0,0,2
poetry,9175a538068417fe9c4691c02217bda6049169f3,2021-03-27T20:41:17+01:00,poetry/config/source.py,0,0,0,15
poetry,9175a538068417fe9c4691c02217bda6049169f3,2021-03-27T20:41:17+01:00,poetry/utils/_compat.py,51,2,0,2
poetry,9175a538068417fe9c4691c02217bda6049169f3,2021-03-27T20:41:17+01:00,poetry/console/commands/source/remove.py,0,0,0,55
poetry,9175a538068417fe9c4691c02217bda6049169f3,2021-03-27T20:41:17+01:00,poetry/utils/password_manager.py,197,3,0,26
poetry,9175a538068417fe9c4691c02217bda6049169f3,2021-03-27T20:41:17+01:00,poetry/installation/executor.py,696,17,0,237
poetry,9175a538068417fe9c4691c02217bda6049169f3,2021-03-27T20:41:17+01:00,poetry/utils/env.py,1541,26,0,333
poetry,9175a538068417fe9c4691c02217bda6049169f3,2021-03-27T20:41:17+01:00,tests/installation/test_executor.py,263,0,0,276
poetry,9175a538068417fe9c4691c02217bda6049169f3,2021-03-27T20:41:17+01:00,poetry/utils/pip.py,63,0,0,7
poetry,9175a538068417fe9c4691c02217bda6049169f3,2021-03-27T20:41:17+01:00,poetry/mixology/partial_solution.py,220,0,0,2
poetry,9175a538068417fe9c4691c02217bda6049169f3,2021-03-27T20:41:17+01:00,poetry/installation/installer.py,581,8,0,21
poetry,9175a538068417fe9c4691c02217bda6049169f3,2021-03-27T20:41:17+01:00,poetry/console/commands/self/update.py,326,10,0,0
poetry,9175a538068417fe9c4691c02217bda6049169f3,2021-03-27T20:41:17+01:00,poetry/publishing/uploader.py,362,0,0,39
poetry,9175a538068417fe9c4691c02217bda6049169f3,2021-03-27T20:41:17+01:00,poetry/mixology/assignment.py,64,0,0,2
poetry,9175a538068417fe9c4691c02217bda6049169f3,2021-03-27T20:41:17+01:00,get-poetry.py,1086,21,0,2
poetry,9175a538068417fe9c4691c02217bda6049169f3,2021-03-27T20:41:17+01:00,poetry/version/version_selector.py,83,0,0,12
poetry,9175a538068417fe9c4691c02217bda6049169f3,2021-03-27T20:41:17+01:00,poetry/console/commands/add.py,215,3,0,0
poetry,9175a538068417fe9c4691c02217bda6049169f3,2021-03-27T20:41:17+01:00,poetry/repositories/pypi_repository.py,472,10,0,40
poetry,9175a538068417fe9c4691c02217bda6049169f3,2021-03-27T20:41:17+01:00,poetry/utils/setup_reader.py,358,5,0,2
poetry,9175a538068417fe9c4691c02217bda6049169f3,2021-03-27T20:41:17+01:00,tests/console/commands/plugin/test_remove.py,189,0,0,76
poetry,9175a538068417fe9c4691c02217bda6049169f3,2021-03-27T20:41:17+01:00,tests/console/commands/source/conftest.py,0,0,0,63
poetry,9175a538068417fe9c4691c02217bda6049169f3,2021-03-27T20:41:17+01:00,tests/console/commands/source/__init__.py,0,0,0,0
poetry,9175a538068417fe9c4691c02217bda6049169f3,2021-03-27T20:41:17+01:00,poetry/utils/exporter.py,168,0,0,18
poetry,9175a538068417fe9c4691c02217bda6049169f3,2021-03-27T20:41:17+01:00,poetry/mixology/incompatibility.py,478,2,0,36
poetry,c5cee3446424f5ea2108bdbbc0746578256d9095,2021-07-23T14:31:49+02:00,poetry/console/application.py,339,0,0,27
poetry,c5cee3446424f5ea2108bdbbc0746578256d9095,2021-07-23T14:31:49+02:00,poetry/console/commands/update.py,49,1,0,0
poetry,c5cee3446424f5ea2108bdbbc0746578256d9095,2021-07-23T14:31:49+02:00,poetry/mixology/failure.py,292,2,0,0
poetry,c5cee3446424f5ea2108bdbbc0746578256d9095,2021-07-23T14:31:49+02:00,poetry/puzzle/transaction.py,0,0,0,113
poetry,c5cee3446424f5ea2108bdbbc0746578256d9095,2021-07-23T14:31:49+02:00,tests/puzzle/test_solver.py,2843,0,0,383
poetry,c5cee3446424f5ea2108bdbbc0746578256d9095,2021-07-23T14:31:49+02:00,tests/puzzle/test_transaction.py,0,0,0,149
poetry,c5cee3446424f5ea2108bdbbc0746578256d9095,2021-07-23T14:31:49+02:00,tests/console/commands/test_install.py,19,0,0,11
poetry,c5cee3446424f5ea2108bdbbc0746578256d9095,2021-07-23T14:31:49+02:00,poetry/console/commands/remove.py,133,3,0,0
poetry,c5cee3446424f5ea2108bdbbc0746578256d9095,2021-07-23T14:31:49+02:00,poetry/repositories/installed_repository.py,262,2,0,0
poetry,c5cee3446424f5ea2108bdbbc0746578256d9095,2021-07-23T14:31:49+02:00,poetry/repositories/pool.py,185,4,0,0
poetry,c5cee3446424f5ea2108bdbbc0746578256d9095,2021-07-23T14:31:49+02:00,poetry/console/commands/plugin/add.py,203,2,0,0
poetry,c5cee3446424f5ea2108bdbbc0746578256d9095,2021-07-23T14:31:49+02:00,poetry/packages/locker.py,624,4,0,0
poetry,c5cee3446424f5ea2108bdbbc0746578256d9095,2021-07-23T14:31:49+02:00,poetry/console/commands/source/add.py,108,2,0,0
poetry,c5cee3446424f5ea2108bdbbc0746578256d9095,2021-07-23T14:31:49+02:00,poetry/installation/pip_installer.py,266,10,0,0
poetry,c5cee3446424f5ea2108bdbbc0746578256d9095,2021-07-23T14:31:49+02:00,poetry/installation/operations/update.py,54,2,0,0
poetry,c5cee3446424f5ea2108bdbbc0746578256d9095,2021-07-23T14:31:49+02:00,poetry/mixology/term.py,169,2,0,0
poetry,c5cee3446424f5ea2108bdbbc0746578256d9095,2021-07-23T14:31:49+02:00,poetry/repositories/repository.py,123,3,0,0
poetry,c5cee3446424f5ea2108bdbbc0746578256d9095,2021-07-23T14:31:49+02:00,poetry/console/commands/config.py,375,2,0,0
poetry,c5cee3446424f5ea2108bdbbc0746578256d9095,2021-07-23T14:31:49+02:00,install-poetry.py,831,38,0,0
poetry,c5cee3446424f5ea2108bdbbc0746578256d9095,2021-07-23T14:31:49+02:00,poetry/console/commands/init.py,569,2,0,0
poetry,c5cee3446424f5ea2108bdbbc0746578256d9095,2021-07-23T14:31:49+02:00,poetry/console/commands/install.py,192,8,0,16
poetry,c5cee3446424f5ea2108bdbbc0746578256d9095,2021-07-23T14:31:49+02:00,poetry/utils/_compat.py,51,2,0,0
poetry,c5cee3446424f5ea2108bdbbc0746578256d9095,2021-07-23T14:31:49+02:00,poetry/console/commands/source/remove.py,55,2,0,0
poetry,c5cee3446424f5ea2108bdbbc0746578256d9095,2021-07-23T14:31:49+02:00,poetry/console/commands/debug/resolve.py,145,1,0,4
poetry,c5cee3446424f5ea2108bdbbc0746578256d9095,2021-07-23T14:31:49+02:00,poetry/utils/appdirs.py,260,7,0,0
poetry,c5cee3446424f5ea2108bdbbc0746578256d9095,2021-07-23T14:31:49+02:00,poetry/installation/executor.py,857,22,0,0
poetry,c5cee3446424f5ea2108bdbbc0746578256d9095,2021-07-23T14:31:49+02:00,poetry/utils/env.py,1705,24,0,10
poetry,c5cee3446424f5ea2108bdbbc0746578256d9095,2021-07-23T14:31:49+02:00,poetry/utils/password_manager.py,193,3,0,0
poetry,c5cee3446424f5ea2108bdbbc0746578256d9095,2021-07-23T14:31:49+02:00,poetry/installation/installer.py,579,8,0,46
poetry,c5cee3446424f5ea2108bdbbc0746578256d9095,2021-07-23T14:31:49+02:00,poetry/console/commands/plugin/remove.py,73,1,0,0
poetry,c5cee3446424f5ea2108bdbbc0746578256d9095,2021-07-23T14:31:49+02:00,poetry/console/commands/self/update.py,224,2,0,0
poetry,c5cee3446424f5ea2108bdbbc0746578256d9095,2021-07-23T14:31:49+02:00,poetry/console/commands/show.py,492,7,0,2
poetry,c5cee3446424f5ea2108bdbbc0746578256d9095,2021-07-23T14:31:49+02:00,poetry/__version__.py,1,0,0,2
poetry,c5cee3446424f5ea2108bdbbc0746578256d9095,2021-07-23T14:31:49+02:00,get-poetry.py,1113,35,0,0
poetry,c5cee3446424f5ea2108bdbbc0746578256d9095,2021-07-23T14:31:49+02:00,poetry/console/commands/add.py,254,5,0,0
poetry,c5cee3446424f5ea2108bdbbc0746578256d9095,2021-07-23T14:31:49+02:00,poetry/repositories/pypi_repository.py,472,10,0,0
poetry,c5cee3446424f5ea2108bdbbc0746578256d9095,2021-07-23T14:31:49+02:00,poetry/utils/setup_reader.py,358,5,0,0
poetry,c5cee3446424f5ea2108bdbbc0746578256d9095,2021-07-23T14:31:49+02:00,tests/installation/test_installer_old.py,1783,0,0,7
poetry,c5cee3446424f5ea2108bdbbc0746578256d9095,2021-07-23T14:31:49+02:00,tests/installation/test_installer.py,2046,0,0,210
poetry,c5cee3446424f5ea2108bdbbc0746578256d9095,2021-07-23T14:31:49+02:00,poetry/repositories/legacy_repository.py,449,4,0,0
poetry,c5cee3446424f5ea2108bdbbc0746578256d9095,2021-07-23T14:31:49+02:00,poetry/puzzle/solver.py,529,0,0,153
poetry,c5cee3446424f5ea2108bdbbc0746578256d9095,2021-07-23T14:31:49+02:00,poetry/puzzle/provider.py,812,16,0,0
poetry,c5cee3446424f5ea2108bdbbc0746578256d9095,2021-07-23T14:31:49+02:00,poetry/mixology/incompatibility.py,476,2,0,0
poetry,e180aab14bdc1d0c9e76b2717fd0de189d26fddd,2021-08-26T18:13:03+02:00,tests/utils/test_env.py,966,0,0,119
poetry,e180aab14bdc1d0c9e76b2717fd0de189d26fddd,2021-08-26T18:13:03+02:00,poetry/console/commands/update.py,49,1,0,0
poetry,e180aab14bdc1d0c9e76b2717fd0de189d26fddd,2021-08-26T18:13:03+02:00,poetry/mixology/failure.py,292,2,0,0
poetry,e180aab14bdc1d0c9e76b2717fd0de189d26fddd,2021-08-26T18:13:03+02:00,poetry/console/commands/export.py,74,0,0,4
poetry,e180aab14bdc1d0c9e76b2717fd0de189d26fddd,2021-08-26T18:13:03+02:00,poetry/console/commands/remove.py,133,3,0,0
poetry,e180aab14bdc1d0c9e76b2717fd0de189d26fddd,2021-08-26T18:13:03+02:00,poetry/repositories/installed_repository.py,262,2,0,0
poetry,e180aab14bdc1d0c9e76b2717fd0de189d26fddd,2021-08-26T18:13:03+02:00,poetry/repositories/pool.py,185,4,0,0
poetry,e180aab14bdc1d0c9e76b2717fd0de189d26fddd,2021-08-26T18:13:03+02:00,poetry/console/commands/plugin/add.py,203,2,0,0
poetry,e180aab14bdc1d0c9e76b2717fd0de189d26fddd,2021-08-26T18:13:03+02:00,poetry/packages/locker.py,626,4,0,0
poetry,e180aab14bdc1d0c9e76b2717fd0de189d26fddd,2021-08-26T18:13:03+02:00,poetry/console/commands/source/add.py,108,2,0,0
poetry,e180aab14bdc1d0c9e76b2717fd0de189d26fddd,2021-08-26T18:13:03+02:00,poetry/installation/pip_installer.py,266,10,0,0
poetry,e180aab14bdc1d0c9e76b2717fd0de189d26fddd,2021-08-26T18:13:03+02:00,poetry/installation/operations/update.py,54,2,0,0
poetry,e180aab14bdc1d0c9e76b2717fd0de189d26fddd,2021-08-26T18:13:03+02:00,poetry/mixology/term.py,169,2,0,0
poetry,e180aab14bdc1d0c9e76b2717fd0de189d26fddd,2021-08-26T18:13:03+02:00,poetry/repositories/repository.py,123,3,0,0
poetry,e180aab14bdc1d0c9e76b2717fd0de189d26fddd,2021-08-26T18:13:03+02:00,poetry/console/commands/config.py,375,2,0,0
poetry,e180aab14bdc1d0c9e76b2717fd0de189d26fddd,2021-08-26T18:13:03+02:00,install-poetry.py,833,37,0,4
poetry,e180aab14bdc1d0c9e76b2717fd0de189d26fddd,2021-08-26T18:13:03+02:00,poetry/console/commands/init.py,569,2,0,0
poetry,e180aab14bdc1d0c9e76b2717fd0de189d26fddd,2021-08-26T18:13:03+02:00,poetry/console/commands/install.py,206,8,0,0
poetry,e180aab14bdc1d0c9e76b2717fd0de189d26fddd,2021-08-26T18:13:03+02:00,poetry/utils/_compat.py,51,2,0,0
poetry,e180aab14bdc1d0c9e76b2717fd0de189d26fddd,2021-08-26T18:13:03+02:00,poetry/console/commands/source/remove.py,55,2,0,0
poetry,e180aab14bdc1d0c9e76b2717fd0de189d26fddd,2021-08-26T18:13:03+02:00,poetry/console/commands/debug/resolve.py,145,1,0,0
poetry,e180aab14bdc1d0c9e76b2717fd0de189d26fddd,2021-08-26T18:13:03+02:00,poetry/utils/appdirs.py,260,7,0,0
poetry,e180aab14bdc1d0c9e76b2717fd0de189d26fddd,2021-08-26T18:13:03+02:00,poetry/installation/executor.py,857,22,0,0
poetry,e180aab14bdc1d0c9e76b2717fd0de189d26fddd,2021-08-26T18:13:03+02:00,poetry/utils/env.py,1708,24,0,256
poetry,e180aab14bdc1d0c9e76b2717fd0de189d26fddd,2021-08-26T18:13:03+02:00,poetry/utils/password_manager.py,193,3,0,0
poetry,e180aab14bdc1d0c9e76b2717fd0de189d26fddd,2021-08-26T18:13:03+02:00,poetry/installation/installer.py,593,8,0,0
poetry,e180aab14bdc1d0c9e76b2717fd0de189d26fddd,2021-08-26T18:13:03+02:00,poetry/console/commands/plugin/remove.py,73,1,0,0
poetry,e180aab14bdc1d0c9e76b2717fd0de189d26fddd,2021-08-26T18:13:03+02:00,poetry/console/commands/self/update.py,224,2,0,0
poetry,e180aab14bdc1d0c9e76b2717fd0de189d26fddd,2021-08-26T18:13:03+02:00,poetry/console/commands/show.py,492,7,0,0
poetry,e180aab14bdc1d0c9e76b2717fd0de189d26fddd,2021-08-26T18:13:03+02:00,poetry/console/commands/env/info.py,67,0,0,20
poetry,e180aab14bdc1d0c9e76b2717fd0de189d26fddd,2021-08-26T18:13:03+02:00,get-poetry.py,1113,34,0,0
poetry,e180aab14bdc1d0c9e76b2717fd0de189d26fddd,2021-08-26T18:13:03+02:00,tests/console/commands/env/test_info.py,47,0,0,18
poetry,e180aab14bdc1d0c9e76b2717fd0de189d26fddd,2021-08-26T18:13:03+02:00,tests/console/commands/test_export.py,115,0,0,4
poetry,e180aab14bdc1d0c9e76b2717fd0de189d26fddd,2021-08-26T18:13:03+02:00,poetry/console/commands/add.py,254,5,0,0
poetry,e180aab14bdc1d0c9e76b2717fd0de189d26fddd,2021-08-26T18:13:03+02:00,poetry/repositories/pypi_repository.py,472,10,0,0
poetry,e180aab14bdc1d0c9e76b2717fd0de189d26fddd,2021-08-26T18:13:03+02:00,poetry/utils/setup_reader.py,358,5,0,0
poetry,e180aab14bdc1d0c9e76b2717fd0de189d26fddd,2021-08-26T18:13:03+02:00,poetry/utils/authenticator.py,206,2,0,0
poetry,e180aab14bdc1d0c9e76b2717fd0de189d26fddd,2021-08-26T18:13:03+02:00,poetry/repositories/legacy_repository.py,449,4,0,0
poetry,e180aab14bdc1d0c9e76b2717fd0de189d26fddd,2021-08-26T18:13:03+02:00,poetry/puzzle/provider.py,812,16,0,0
poetry,e180aab14bdc1d0c9e76b2717fd0de189d26fddd,2021-08-26T18:13:03+02:00,poetry/mixology/incompatibility.py,476,2,0,0
poetry,2d9b2a93dbfe5d04b5b2cda7e0952462e8984674,2021-10-09T09:22:03+02:00,tests/console/commands/test_init.py,719,0,0,4
poetry,2d9b2a93dbfe5d04b5b2cda7e0952462e8984674,2021-10-09T09:22:03+02:00,poetry/console/commands/update.py,49,1,0,0
poetry,2d9b2a93dbfe5d04b5b2cda7e0952462e8984674,2021-10-09T09:22:03+02:00,poetry/mixology/failure.py,292,2,0,0
poetry,2d9b2a93dbfe5d04b5b2cda7e0952462e8984674,2021-10-09T09:22:03+02:00,tests/console/commands/test_publish.py,80,0,0,2
poetry,2d9b2a93dbfe5d04b5b2cda7e0952462e8984674,2021-10-09T09:22:03+02:00,poetry/console/commands/remove.py,133,3,0,0
poetry,2d9b2a93dbfe5d04b5b2cda7e0952462e8984674,2021-10-09T09:22:03+02:00,poetry/repositories/installed_repository.py,262,2,0,0
poetry,2d9b2a93dbfe5d04b5b2cda7e0952462e8984674,2021-10-09T09:22:03+02:00,tests/console/conftest.py,117,0,0,4
poetry,2d9b2a93dbfe5d04b5b2cda7e0952462e8984674,2021-10-09T09:22:03+02:00,poetry/repositories/pool.py,185,4,0,0
poetry,2d9b2a93dbfe5d04b5b2cda7e0952462e8984674,2021-10-09T09:22:03+02:00,tests/helpers.py,203,0,0,4
poetry,2d9b2a93dbfe5d04b5b2cda7e0952462e8984674,2021-10-09T09:22:03+02:00,poetry/console/commands/plugin/add.py,203,2,0,0
poetry,2d9b2a93dbfe5d04b5b2cda7e0952462e8984674,2021-10-09T09:22:03+02:00,poetry/packages/locker.py,626,4,0,0
poetry,2d9b2a93dbfe5d04b5b2cda7e0952462e8984674,2021-10-09T09:22:03+02:00,poetry/console/commands/source/add.py,108,2,0,0
poetry,2d9b2a93dbfe5d04b5b2cda7e0952462e8984674,2021-10-09T09:22:03+02:00,poetry/installation/pip_installer.py,266,10,0,0
poetry,2d9b2a93dbfe5d04b5b2cda7e0952462e8984674,2021-10-09T09:22:03+02:00,poetry/installation/operations/update.py,54,2,0,0
poetry,2d9b2a93dbfe5d04b5b2cda7e0952462e8984674,2021-10-09T09:22:03+02:00,poetry/mixology/term.py,169,2,0,0
poetry,2d9b2a93dbfe5d04b5b2cda7e0952462e8984674,2021-10-09T09:22:03+02:00,poetry/repositories/repository.py,123,3,0,0
poetry,2d9b2a93dbfe5d04b5b2cda7e0952462e8984674,2021-10-09T09:22:03+02:00,poetry/console/commands/config.py,375,2,0,0
poetry,2d9b2a93dbfe5d04b5b2cda7e0952462e8984674,2021-10-09T09:22:03+02:00,install-poetry.py,837,37,0,0
poetry,2d9b2a93dbfe5d04b5b2cda7e0952462e8984674,2021-10-09T09:22:03+02:00,poetry/console/commands/init.py,569,2,0,0
poetry,2d9b2a93dbfe5d04b5b2cda7e0952462e8984674,2021-10-09T09:22:03+02:00,poetry/console/commands/install.py,206,8,0,0
poetry,2d9b2a93dbfe5d04b5b2cda7e0952462e8984674,2021-10-09T09:22:03+02:00,tests/utils/test_authenticator.py,251,0,0,2
poetry,2d9b2a93dbfe5d04b5b2cda7e0952462e8984674,2021-10-09T09:22:03+02:00,poetry/utils/_compat.py,51,2,0,0
poetry,2d9b2a93dbfe5d04b5b2cda7e0952462e8984674,2021-10-09T09:22:03+02:00,poetry/console/commands/source/remove.py,55,2,0,0
poetry,2d9b2a93dbfe5d04b5b2cda7e0952462e8984674,2021-10-09T09:22:03+02:00,poetry/console/commands/debug/resolve.py,145,1,0,0
poetry,2d9b2a93dbfe5d04b5b2cda7e0952462e8984674,2021-10-09T09:22:03+02:00,poetry/utils/appdirs.py,260,7,0,0
poetry,2d9b2a93dbfe5d04b5b2cda7e0952462e8984674,2021-10-09T09:22:03+02:00,poetry/installation/executor.py,857,22,0,0
poetry,2d9b2a93dbfe5d04b5b2cda7e0952462e8984674,2021-10-09T09:22:03+02:00,poetry/utils/env.py,1882,26,0,0
poetry,2d9b2a93dbfe5d04b5b2cda7e0952462e8984674,2021-10-09T09:22:03+02:00,poetry/utils/password_manager.py,193,3,0,0
poetry,2d9b2a93dbfe5d04b5b2cda7e0952462e8984674,2021-10-09T09:22:03+02:00,poetry/installation/installer.py,593,8,0,0
poetry,2d9b2a93dbfe5d04b5b2cda7e0952462e8984674,2021-10-09T09:22:03+02:00,poetry/console/commands/plugin/remove.py,73,1,0,0
poetry,2d9b2a93dbfe5d04b5b2cda7e0952462e8984674,2021-10-09T09:22:03+02:00,poetry/console/commands/self/update.py,224,2,0,0
poetry,2d9b2a93dbfe5d04b5b2cda7e0952462e8984674,2021-10-09T09:22:03+02:00,poetry/console/commands/show.py,507,7,0,0
poetry,2d9b2a93dbfe5d04b5b2cda7e0952462e8984674,2021-10-09T09:22:03+02:00,get-poetry.py,1113,34,0,0
poetry,2d9b2a93dbfe5d04b5b2cda7e0952462e8984674,2021-10-09T09:22:03+02:00,poetry/console/commands/add.py,254,5,0,0
poetry,2d9b2a93dbfe5d04b5b2cda7e0952462e8984674,2021-10-09T09:22:03+02:00,poetry/repositories/pypi_repository.py,472,10,0,0
poetry,2d9b2a93dbfe5d04b5b2cda7e0952462e8984674,2021-10-09T09:22:03+02:00,poetry/utils/setup_reader.py,358,5,0,0
poetry,2d9b2a93dbfe5d04b5b2cda7e0952462e8984674,2021-10-09T09:22:03+02:00,poetry/utils/authenticator.py,206,2,0,0
poetry,2d9b2a93dbfe5d04b5b2cda7e0952462e8984674,2021-10-09T09:22:03+02:00,poetry/repositories/legacy_repository.py,449,4,0,0
poetry,2d9b2a93dbfe5d04b5b2cda7e0952462e8984674,2021-10-09T09:22:03+02:00,poetry/puzzle/provider.py,821,14,0,0
poetry,2d9b2a93dbfe5d04b5b2cda7e0952462e8984674,2021-10-09T09:22:03+02:00,poetry/mixology/incompatibility.py,476,2,0,0
poetry,c83bb94ccc6337e87fd655e5e26ce1a817bb1231,2022-03-24T20:23:56+01:00,src/poetry/console/application.py,356,0,0,9
poetry,c83bb94ccc6337e87fd655e5e26ce1a817bb1231,2022-03-24T20:23:56+01:00,src/poetry/installation/pip_installer.py,274,10,0,0
poetry,c83bb94ccc6337e87fd655e5e26ce1a817bb1231,2022-03-24T20:23:56+01:00,src/poetry/installation/executor.py,834,16,0,4
poetry,c83bb94ccc6337e87fd655e5e26ce1a817bb1231,2022-03-24T20:23:56+01:00,src/poetry/console/commands/show.py,434,1,0,75
poetry,c83bb94ccc6337e87fd655e5e26ce1a817bb1231,2022-03-24T20:23:56+01:00,src/poetry/utils/password_manager.py,190,3,0,6
poetry,c83bb94ccc6337e87fd655e5e26ce1a817bb1231,2022-03-24T20:23:56+01:00,src/poetry/repositories/installed_repository.py,262,2,0,0
poetry,c83bb94ccc6337e87fd655e5e26ce1a817bb1231,2022-03-24T20:23:56+01:00,src/poetry/repositories/legacy_repository.py,422,4,0,2
poetry,c83bb94ccc6337e87fd655e5e26ce1a817bb1231,2022-03-24T20:23:56+01:00,src/poetry/console/commands/plugin/remove.py,68,1,0,0
poetry,c83bb94ccc6337e87fd655e5e26ce1a817bb1231,2022-03-24T20:23:56+01:00,tests/console/commands/test_publish.py,105,0,0,38
poetry,c83bb94ccc6337e87fd655e5e26ce1a817bb1231,2022-03-24T20:23:56+01:00,tests/puzzle/test_solver.py,3126,0,0,24
poetry,c83bb94ccc6337e87fd655e5e26ce1a817bb1231,2022-03-24T20:23:56+01:00,tests/console/commands/plugin/test_show.py,166,0,0,42
poetry,c83bb94ccc6337e87fd655e5e26ce1a817bb1231,2022-03-24T20:23:56+01:00,src/poetry/puzzle/provider.py,826,14,0,11
poetry,c83bb94ccc6337e87fd655e5e26ce1a817bb1231,2022-03-24T20:23:56+01:00,tests/console/commands/test_install.py,87,0,0,149
poetry,c83bb94ccc6337e87fd655e5e26ce1a817bb1231,2022-03-24T20:23:56+01:00,src/poetry/publishing/publisher.py,101,0,0,2
poetry,c83bb94ccc6337e87fd655e5e26ce1a817bb1231,2022-03-24T20:23:56+01:00,src/poetry/mixology/incompatibility.py,466,2,0,0
poetry,c83bb94ccc6337e87fd655e5e26ce1a817bb1231,2022-03-24T20:23:56+01:00,src/poetry/utils/_compat.py,51,2,0,0
poetry,c83bb94ccc6337e87fd655e5e26ce1a817bb1231,2022-03-24T20:23:56+01:00,src/poetry/repositories/pypi_repository.py,455,6,0,0
poetry,c83bb94ccc6337e87fd655e5e26ce1a817bb1231,2022-03-24T20:23:56+01:00,src/poetry/packages/locker.py,620,4,0,182
poetry,c83bb94ccc6337e87fd655e5e26ce1a817bb1231,2022-03-24T20:23:56+01:00,src/poetry/repositories/repository.py,119,3,0,0
poetry,c83bb94ccc6337e87fd655e5e26ce1a817bb1231,2022-03-24T20:23:56+01:00,src/poetry/mixology/failure.py,274,2,0,0
poetry,c83bb94ccc6337e87fd655e5e26ce1a817bb1231,2022-03-24T20:23:56+01:00,tests/utils/test_exporter.py,1770,0,0,574
poetry,c83bb94ccc6337e87fd655e5e26ce1a817bb1231,2022-03-24T20:23:56+01:00,src/poetry/utils/setup_reader.py,350,5,0,0
poetry,c83bb94ccc6337e87fd655e5e26ce1a817bb1231,2022-03-24T20:23:56+01:00,src/poetry/console/commands/group_command.py,98,0,0,114
poetry,c83bb94ccc6337e87fd655e5e26ce1a817bb1231,2022-03-24T20:23:56+01:00,src/poetry/console/commands/installer_command.py,30,0,0,4
poetry,c83bb94ccc6337e87fd655e5e26ce1a817bb1231,2022-03-24T20:23:56+01:00,install-poetry.py,908,33,0,0
poetry,c83bb94ccc6337e87fd655e5e26ce1a817bb1231,2022-03-24T20:23:56+01:00,src/poetry/console/commands/source/add.py,117,2,0,0
poetry,c83bb94ccc6337e87fd655e5e26ce1a817bb1231,2022-03-24T20:23:56+01:00,src/poetry/console/commands/new.py,89,1,0,0
poetry,c83bb94ccc6337e87fd655e5e26ce1a817bb1231,2022-03-24T20:23:56+01:00,src/poetry/console/commands/remove.py,129,2,0,0
poetry,c83bb94ccc6337e87fd655e5e26ce1a817bb1231,2022-03-24T20:23:56+01:00,src/poetry/utils/appdirs.py,236,6,0,0
poetry,c83bb94ccc6337e87fd655e5e26ce1a817bb1231,2022-03-24T20:23:56+01:00,src/poetry/plugins/plugin_manager.py,60,0,0,6
poetry,c83bb94ccc6337e87fd655e5e26ce1a817bb1231,2022-03-24T20:23:56+01:00,src/poetry/console/commands/update.py,55,1,0,12
poetry,c83bb94ccc6337e87fd655e5e26ce1a817bb1231,2022-03-24T20:23:56+01:00,src/poetry/console/commands/publish.py,87,0,0,6
poetry,c83bb94ccc6337e87fd655e5e26ce1a817bb1231,2022-03-24T20:23:56+01:00,tests/publishing/test_uploader.py,74,0,0,28
poetry,c83bb94ccc6337e87fd655e5e26ce1a817bb1231,2022-03-24T20:23:56+01:00,src/poetry/console/commands/source/remove.py,61,2,0,0
poetry,c83bb94ccc6337e87fd655e5e26ce1a817bb1231,2022-03-24T20:23:56+01:00,src/poetry/plugins/base_plugin.py,9,0,0,12
poetry,c83bb94ccc6337e87fd655e5e26ce1a817bb1231,2022-03-24T20:23:56+01:00,src/poetry/console/commands/plugin/show.py,88,0,0,7
poetry,c83bb94ccc6337e87fd655e5e26ce1a817bb1231,2022-03-24T20:23:56+01:00,tests/installation/test_executor.py,584,0,0,36
poetry,c83bb94ccc6337e87fd655e5e26ce1a817bb1231,2022-03-24T20:23:56+01:00,src/poetry/console/commands/init.py,586,3,0,0
poetry,c83bb94ccc6337e87fd655e5e26ce1a817bb1231,2022-03-24T20:23:56+01:00,src/poetry/repositories/pool.py,186,4,0,0
poetry,c83bb94ccc6337e87fd655e5e26ce1a817bb1231,2022-03-24T20:23:56+01:00,src/poetry/console/commands/install.py,143,1,0,75
poetry,c83bb94ccc6337e87fd655e5e26ce1a817bb1231,2022-03-24T20:23:56+01:00,src/poetry/plugins/plugin.py,24,0,0,6
poetry,c83bb94ccc6337e87fd655e5e26ce1a817bb1231,2022-03-24T20:23:56+01:00,src/poetry/console/logging/formatters/formatter.py,12,0,0,8
poetry,c83bb94ccc6337e87fd655e5e26ce1a817bb1231,2022-03-24T20:23:56+01:00,src/poetry/publishing/uploader.py,336,0,0,40
poetry,c83bb94ccc6337e87fd655e5e26ce1a817bb1231,2022-03-24T20:23:56+01:00,src/poetry/console/commands/debug/resolve.py,147,2,0,0
poetry,c83bb94ccc6337e87fd655e5e26ce1a817bb1231,2022-03-24T20:23:56+01:00,src/poetry/mixology/term.py,170,2,0,0
poetry,c83bb94ccc6337e87fd655e5e26ce1a817bb1231,2022-03-24T20:23:56+01:00,tests/publishing/test_publisher.py,180,0,0,22
poetry,c83bb94ccc6337e87fd655e5e26ce1a817bb1231,2022-03-24T20:23:56+01:00,src/poetry/factory.py,221,0,0,3
poetry,c83bb94ccc6337e87fd655e5e26ce1a817bb1231,2022-03-24T20:23:56+01:00,tests/repositories/test_legacy_repository.py,375,0,0,9
poetry,c83bb94ccc6337e87fd655e5e26ce1a817bb1231,2022-03-24T20:23:56+01:00,src/poetry/plugins/application_plugin.py,20,0,0,12
poetry,c83bb94ccc6337e87fd655e5e26ce1a817bb1231,2022-03-24T20:23:56+01:00,tests/plugins/test_plugin_manager.py,141,0,0,12
poetry,c83bb94ccc6337e87fd655e5e26ce1a817bb1231,2022-03-24T20:23:56+01:00,src/poetry/utils/env.py,1918,23,0,0
poetry,c83bb94ccc6337e87fd655e5e26ce1a817bb1231,2022-03-24T20:23:56+01:00,get-poetry.py,1118,33,0,0
poetry,c83bb94ccc6337e87fd655e5e26ce1a817bb1231,2022-03-24T20:23:56+01:00,src/poetry/console/commands/plugin/add.py,203,2,0,0
poetry,c83bb94ccc6337e87fd655e5e26ce1a817bb1231,2022-03-24T20:23:56+01:00,tests/console/commands/test_export.py,159,0,0,20
poetry,c83bb94ccc6337e87fd655e5e26ce1a817bb1231,2022-03-24T20:23:56+01:00,src/poetry/utils/authenticator.py,195,2,0,0
poetry,c83bb94ccc6337e87fd655e5e26ce1a817bb1231,2022-03-24T20:23:56+01:00,tests/installation/test_installer_old.py,1918,0,0,2
poetry,c83bb94ccc6337e87fd655e5e26ce1a817bb1231,2022-03-24T20:23:56+01:00,tests/console/commands/test_show.py,1599,0,0,168
poetry,c83bb94ccc6337e87fd655e5e26ce1a817bb1231,2022-03-24T20:23:56+01:00,tests/installation/test_installer.py,2420,0,0,104
poetry,c83bb94ccc6337e87fd655e5e26ce1a817bb1231,2022-03-24T20:23:56+01:00,src/poetry/installation/installer.py,548,6,0,32
poetry,c83bb94ccc6337e87fd655e5e26ce1a817bb1231,2022-03-24T20:23:56+01:00,src/poetry/utils/exporter.py,182,0,0,28
poetry,c83bb94ccc6337e87fd655e5e26ce1a817bb1231,2022-03-24T20:23:56+01:00,src/poetry/console/commands/add.py,271,4,0,0
poetry,c83bb94ccc6337e87fd655e5e26ce1a817bb1231,2022-03-24T20:23:56+01:00,tests/console/test_application.py,111,0,0,3
poetry,f33c9db2bbc083f3147dec0fc171df820baa4390,2022-05-15T10:33:23-06:00,src/poetry/layouts/layout.py,206,0,0,25
poetry,f33c9db2bbc083f3147dec0fc171df820baa4390,2022-05-15T10:33:23-06:00,src/poetry/utils/dependency_specification.py,213,0,0,10
poetry,f33c9db2bbc083f3147dec0fc171df820baa4390,2022-05-15T10:33:23-06:00,tests/console/commands/plugin/test_show.py,192,0,0,2
poetry,f33c9db2bbc083f3147dec0fc171df820baa4390,2022-05-15T10:33:23-06:00,src/poetry/puzzle/provider.py,856,6,0,169
poetry,f33c9db2bbc083f3147dec0fc171df820baa4390,2022-05-15T10:33:23-06:00,src/poetry/vcs/git/system.py,64,0,0,2
poetry,f33c9db2bbc083f3147dec0fc171df820baa4390,2022-05-15T10:33:23-06:00,tests/helpers.py,252,0,0,3
poetry,f33c9db2bbc083f3147dec0fc171df820baa4390,2022-05-15T10:33:23-06:00,src/poetry/repositories/repository.py,138,0,0,2
poetry,f33c9db2bbc083f3147dec0fc171df820baa4390,2022-05-15T10:33:23-06:00,src/poetry/mixology/failure.py,268,2,0,0
poetry,f33c9db2bbc083f3147dec0fc171df820baa4390,2022-05-15T10:33:23-06:00,src/poetry/mixology/version_solver.py,509,0,0,43
poetry,f33c9db2bbc083f3147dec0fc171df820baa4390,2022-05-15T10:33:23-06:00,tests/utils/test_setup_reader.py,188,0,0,6
poetry,f33c9db2bbc083f3147dec0fc171df820baa4390,2022-05-15T10:33:23-06:00,install-poetry.py,908,28,0,0
poetry,f33c9db2bbc083f3147dec0fc171df820baa4390,2022-05-15T10:33:23-06:00,src/poetry/console/commands/source/add.py,117,2,0,0
poetry,f33c9db2bbc083f3147dec0fc171df820baa4390,2022-05-15T10:33:23-06:00,src/poetry/console/commands/remove.py,137,2,0,4
poetry,f33c9db2bbc083f3147dec0fc171df820baa4390,2022-05-15T10:33:23-06:00,src/poetry/console/commands/update.py,55,1,0,0
poetry,f33c9db2bbc083f3147dec0fc171df820baa4390,2022-05-15T10:33:23-06:00,src/poetry/utils/extras.py,65,0,0,9
poetry,f33c9db2bbc083f3147dec0fc171df820baa4390,2022-05-15T10:33:23-06:00,tests/plugins/test_plugin_manager.py,139,0,0,18
poetry,f33c9db2bbc083f3147dec0fc171df820baa4390,2022-05-15T10:33:23-06:00,src/poetry/vcs/git/backend.py,437,2,0,28
poetry,f33c9db2bbc083f3147dec0fc171df820baa4390,2022-05-15T10:33:23-06:00,src/poetry/masonry/builders/__init__.py,3,0,0,3
poetry,f33c9db2bbc083f3147dec0fc171df820baa4390,2022-05-15T10:33:23-06:00,tests/utils/test_password_manager.py,233,0,0,22
poetry,f33c9db2bbc083f3147dec0fc171df820baa4390,2022-05-15T10:33:23-06:00,tests/console/commands/test_show.py,1888,0,0,42
poetry,f33c9db2bbc083f3147dec0fc171df820baa4390,2022-05-15T10:33:23-06:00,src/poetry/masonry/builders/editable.py,264,0,0,24
poetry,f33c9db2bbc083f3147dec0fc171df820baa4390,2022-05-15T10:33:23-06:00,src/poetry/inspection/info.py,613,0,0,66
poetry,f33c9db2bbc083f3147dec0fc171df820baa4390,2022-05-15T10:33:23-06:00,src/poetry/installation/chef.py,110,0,0,4
poetry,f33c9db2bbc083f3147dec0fc171df820baa4390,2022-05-15T10:33:23-06:00,src/poetry/repositories/link_sources/html.py,45,0,0,5
poetry,f33c9db2bbc083f3147dec0fc171df820baa4390,2022-05-15T10:33:23-06:00,src/poetry/console/commands/add.py,287,4,0,10
poetry,f33c9db2bbc083f3147dec0fc171df820baa4390,2022-05-15T10:33:23-06:00,tests/console/commands/test_init.py,816,0,0,49
poetry,f33c9db2bbc083f3147dec0fc171df820baa4390,2022-05-15T10:33:23-06:00,src/poetry/installation/operations/__init__.py,10,0,0,2
poetry,f33c9db2bbc083f3147dec0fc171df820baa4390,2022-05-15T10:33:23-06:00,src/poetry/installation/executor.py,823,14,0,90
poetry,f33c9db2bbc083f3147dec0fc171df820baa4390,2022-05-15T10:33:23-06:00,tests/console/commands/test_new.py,172,0,0,2
poetry,f33c9db2bbc083f3147dec0fc171df820baa4390,2022-05-15T10:33:23-06:00,src/poetry/console/commands/config.py,347,0,0,11
poetry,f33c9db2bbc083f3147dec0fc171df820baa4390,2022-05-15T10:33:23-06:00,src/poetry/console/commands/plugin/remove.py,69,1,0,0
poetry,f33c9db2bbc083f3147dec0fc171df820baa4390,2022-05-15T10:33:23-06:00,tests/mixology/version_solver/test_basic_graph.py,88,0,0,3
poetry,f33c9db2bbc083f3147dec0fc171df820baa4390,2022-05-15T10:33:23-06:00,tests/utils/test_dependency_specification.py,109,0,0,5
poetry,f33c9db2bbc083f3147dec0fc171df820baa4390,2022-05-15T10:33:23-06:00,tests/puzzle/test_provider.py,512,0,0,75
poetry,f33c9db2bbc083f3147dec0fc171df820baa4390,2022-05-15T10:33:23-06:00,src/poetry/repositories/pypi_repository.py,244,0,0,45
poetry,f33c9db2bbc083f3147dec0fc171df820baa4390,2022-05-15T10:33:23-06:00,src/poetry/packages/project_package.py,23,0,0,23
poetry,f33c9db2bbc083f3147dec0fc171df820baa4390,2022-05-15T10:33:23-06:00,tests/console/commands/env/test_use.py,156,0,0,1
poetry,f33c9db2bbc083f3147dec0fc171df820baa4390,2022-05-15T10:33:23-06:00,src/poetry/console/commands/source/remove.py,61,2,0,0
poetry,f33c9db2bbc083f3147dec0fc171df820baa4390,2022-05-15T10:33:23-06:00,src/poetry/console/commands/init.py,471,3,0,44
poetry,f33c9db2bbc083f3147dec0fc171df820baa4390,2022-05-15T10:33:23-06:00,src/poetry/console/commands/debug/resolve.py,148,2,0,0
poetry,f33c9db2bbc083f3147dec0fc171df820baa4390,2022-05-15T10:33:23-06:00,tests/mixology/version_solver/test_with_lock.py,170,0,0,3
poetry,f33c9db2bbc083f3147dec0fc171df820baa4390,2022-05-15T10:33:23-06:00,tests/console/commands/test_search.py,104,0,0,3
poetry,f33c9db2bbc083f3147dec0fc171df820baa4390,2022-05-15T10:33:23-06:00,tests/repositories/link_sources/test_base.py,89,0,0,3
poetry,f33c9db2bbc083f3147dec0fc171df820baa4390,2022-05-15T10:33:23-06:00,src/poetry/mixology/solutions/solutions/__init__.py,5,0,0,3
poetry,f33c9db2bbc083f3147dec0fc171df820baa4390,2022-05-15T10:33:23-06:00,src/poetry/installation/installer.py,553,6,0,23
poetry,f33c9db2bbc083f3147dec0fc171df820baa4390,2022-05-15T10:33:23-06:00,src/poetry/mixology/term.py,175,2,0,39
poetry,f33c9db2bbc083f3147dec0fc171df820baa4390,2022-05-15T10:33:23-06:00,src/poetry/config/file_config_source.py,89,0,0,3
poetry,f33c9db2bbc083f3147dec0fc171df820baa4390,2022-05-15T10:33:23-06:00,src/poetry/console/application.py,387,0,0,3
poetry,f33c9db2bbc083f3147dec0fc171df820baa4390,2022-05-15T10:33:23-06:00,src/poetry/puzzle/transaction.py,110,0,0,11
poetry,f33c9db2bbc083f3147dec0fc171df820baa4390,2022-05-15T10:33:23-06:00,src/poetry/console/commands/cache/clear.py,85,0,0,8
poetry,f33c9db2bbc083f3147dec0fc171df820baa4390,2022-05-15T10:33:23-06:00,src/poetry/utils/password_manager.py,221,3,0,33
poetry,f33c9db2bbc083f3147dec0fc171df820baa4390,2022-05-15T10:33:23-06:00,src/poetry/repositories/installed_repository.py,259,2,0,54
poetry,f33c9db2bbc083f3147dec0fc171df820baa4390,2022-05-15T10:33:23-06:00,src/poetry/config/config.py,290,0,0,28
poetry,f33c9db2bbc083f3147dec0fc171df820baa4390,2022-05-15T10:33:23-06:00,src/poetry/console/commands/source/show.py,59,0,0,2
poetry,f33c9db2bbc083f3147dec0fc171df820baa4390,2022-05-15T10:33:23-06:00,src/poetry/utils/helpers.py,148,0,0,50
poetry,f33c9db2bbc083f3147dec0fc171df820baa4390,2022-05-15T10:33:23-06:00,tests/mixology/version_solver/test_unsolvable.py,122,0,0,23
poetry,f33c9db2bbc083f3147dec0fc171df820baa4390,2022-05-15T10:33:23-06:00,tests/utils/fixtures/setups/pendulum/setup.py,55,0,0,2
poetry,f33c9db2bbc083f3147dec0fc171df820baa4390,2022-05-15T10:33:23-06:00,tests/puzzle/test_solver.py,3355,0,0,113
poetry,f33c9db2bbc083f3147dec0fc171df820baa4390,2022-05-15T10:33:23-06:00,src/poetry/console/command_loader.py,21,0,0,3
poetry,f33c9db2bbc083f3147dec0fc171df820baa4390,2022-05-15T10:33:23-06:00,tests/console/commands/test_cache.py,73,0,0,15
poetry,f33c9db2bbc083f3147dec0fc171df820baa4390,2022-05-15T10:33:23-06:00,tests/console/conftest.py,196,0,0,3
poetry,f33c9db2bbc083f3147dec0fc171df820baa4390,2022-05-15T10:33:23-06:00,src/poetry/mixology/incompatibility.py,456,2,0,7
poetry,f33c9db2bbc083f3147dec0fc171df820baa4390,2022-05-15T10:33:23-06:00,src/poetry/repositories/http.py,287,2,0,27
poetry,f33c9db2bbc083f3147dec0fc171df820baa4390,2022-05-15T10:33:23-06:00,tests/console/commands/env/conftest.py,64,0,0,3
poetry,f33c9db2bbc083f3147dec0fc171df820baa4390,2022-05-15T10:33:23-06:00,tests/console/commands/test_config.py,236,0,0,3
poetry,f33c9db2bbc083f3147dec0fc171df820baa4390,2022-05-15T10:33:23-06:00,src/poetry/poetry.py,80,0,0,2
poetry,f33c9db2bbc083f3147dec0fc171df820baa4390,2022-05-15T10:33:23-06:00,tests/mixology/version_solver/test_dependency_cache.py,0,0,0,151
poetry,f33c9db2bbc083f3147dec0fc171df820baa4390,2022-05-15T10:33:23-06:00,tests/masonry/builders/test_editable_builder.py,283,0,0,12
poetry,f33c9db2bbc083f3147dec0fc171df820baa4390,2022-05-15T10:33:23-06:00,src/poetry/installation/chooser.py,211,0,0,15
poetry,f33c9db2bbc083f3147dec0fc171df820baa4390,2022-05-15T10:33:23-06:00,src/poetry/factory.py,313,0,0,16
poetry,f33c9db2bbc083f3147dec0fc171df820baa4390,2022-05-15T10:33:23-06:00,src/poetry/mixology/solutions/providers/__init__.py,5,0,0,3
poetry,f33c9db2bbc083f3147dec0fc171df820baa4390,2022-05-15T10:33:23-06:00,src/poetry/console/commands/plugin/add.py,207,2,0,2
poetry,f33c9db2bbc083f3147dec0fc171df820baa4390,2022-05-15T10:33:23-06:00,tests/mixology/version_solver/test_backtracking.py,175,0,0,3
poetry,f33c9db2bbc083f3147dec0fc171df820baa4390,2022-05-15T10:33:23-06:00,tests/console/commands/test_remove.py,203,0,0,55
poetry,f33c9db2bbc083f3147dec0fc171df820baa4390,2022-05-15T10:33:23-06:00,src/poetry/utils/authenticator.py,412,0,0,17
poetry,f33c9db2bbc083f3147dec0fc171df820baa4390,2022-05-15T10:33:23-06:00,tests/installation/test_installer.py,2412,0,0,41
poetry,f33c9db2bbc083f3147dec0fc171df820baa4390,2022-05-15T10:33:23-06:00,src/poetry/packages/package_collection.py,36,0,0,3
poetry,f33c9db2bbc083f3147dec0fc171df820baa4390,2022-05-15T10:33:23-06:00,tests/conftest.py,442,0,0,5
poetry,f33c9db2bbc083f3147dec0fc171df820baa4390,2022-05-15T10:33:23-06:00,tests/repositories/test_installed_repository.py,255,0,0,46
poetry,f33c9db2bbc083f3147dec0fc171df820baa4390,2022-05-15T10:33:23-06:00,tests/utils/test_env.py,1383,0,0,14
poetry,f33c9db2bbc083f3147dec0fc171df820baa4390,2022-05-15T10:33:23-06:00,tests/console/commands/env/helpers.py,34,0,0,3
poetry,f33c9db2bbc083f3147dec0fc171df820baa4390,2022-05-15T10:33:23-06:00,src/poetry/puzzle/__init__.py,3,0,0,3
poetry,f33c9db2bbc083f3147dec0fc171df820baa4390,2022-05-15T10:33:23-06:00,src/poetry/installation/pip_installer.py,272,8,0,34
poetry,f33c9db2bbc083f3147dec0fc171df820baa4390,2022-05-15T10:33:23-06:00,src/poetry/puzzle/solver.py,371,0,0,9
poetry,f33c9db2bbc083f3147dec0fc171df820baa4390,2022-05-15T10:33:23-06:00,src/poetry/console/commands/show.py,540,1,0,12
poetry,f33c9db2bbc083f3147dec0fc171df820baa4390,2022-05-15T10:33:23-06:00,tests/console/commands/source/test_show.py,91,0,0,21
poetry,f33c9db2bbc083f3147dec0fc171df820baa4390,2022-05-15T10:33:23-06:00,src/poetry/console/commands/about.py,32,0,0,6
poetry,f33c9db2bbc083f3147dec0fc171df820baa4390,2022-05-15T10:33:23-06:00,tests/console/commands/test_version.py,78,0,0,12
poetry,f33c9db2bbc083f3147dec0fc171df820baa4390,2022-05-15T10:33:23-06:00,src/poetry/console/commands/version.py,114,0,0,20
poetry,f33c9db2bbc083f3147dec0fc171df820baa4390,2022-05-15T10:33:23-06:00,src/poetry/locations.py,47,0,0,15
poetry,f33c9db2bbc083f3147dec0fc171df820baa4390,2022-05-15T10:33:23-06:00,src/poetry/utils/_compat.py,54,2,0,0
poetry,f33c9db2bbc083f3147dec0fc171df820baa4390,2022-05-15T10:33:23-06:00,tests/mixology/version_solver/test_python_constraint.py,33,0,0,3
poetry,f33c9db2bbc083f3147dec0fc171df820baa4390,2022-05-15T10:33:23-06:00,src/poetry/packages/locker.py,618,0,0,22
poetry,f33c9db2bbc083f3147dec0fc171df820baa4390,2022-05-15T10:33:23-06:00,src/poetry/repositories/cached.py,79,0,0,8
poetry,f33c9db2bbc083f3147dec0fc171df820baa4390,2022-05-15T10:33:23-06:00,tests/console/commands/test_add.py,2015,0,0,31
poetry,f33c9db2bbc083f3147dec0fc171df820baa4390,2022-05-15T10:33:23-06:00,src/poetry/publishing/__init__.py,3,0,0,3
poetry,f33c9db2bbc083f3147dec0fc171df820baa4390,2022-05-15T10:33:23-06:00,src/poetry/utils/setup_reader.py,367,7,0,0
poetry,f33c9db2bbc083f3147dec0fc171df820baa4390,2022-05-15T10:33:23-06:00,tests/test_factory.py,346,0,0,12
poetry,f33c9db2bbc083f3147dec0fc171df820baa4390,2022-05-15T10:33:23-06:00,src/poetry/console/commands/new.py,89,1,0,0
poetry,f33c9db2bbc083f3147dec0fc171df820baa4390,2022-05-15T10:33:23-06:00,tests/compat.py,22,0,0,14
poetry,f33c9db2bbc083f3147dec0fc171df820baa4390,2022-05-15T10:33:23-06:00,tests/mixology/helpers.py,77,0,0,3
poetry,f33c9db2bbc083f3147dec0fc171df820baa4390,2022-05-15T10:33:23-06:00,src/poetry/console/commands/plugin/show.py,84,0,0,1
poetry,f33c9db2bbc083f3147dec0fc171df820baa4390,2022-05-15T10:33:23-06:00,src/poetry/repositories/pool.py,185,4,0,4
poetry,f33c9db2bbc083f3147dec0fc171df820baa4390,2022-05-15T10:33:23-06:00,src/poetry/console/commands/install.py,143,1,0,0
poetry,f33c9db2bbc083f3147dec0fc171df820baa4390,2022-05-15T10:33:23-06:00,src/poetry/installation/__init__.py,3,0,0,3
poetry,f33c9db2bbc083f3147dec0fc171df820baa4390,2022-05-15T10:33:23-06:00,src/poetry/repositories/link_sources/base.py,111,0,0,3
poetry,f33c9db2bbc083f3147dec0fc171df820baa4390,2022-05-15T10:33:23-06:00,tests/repositories/test_legacy_repository.py,465,0,0,10
poetry,f33c9db2bbc083f3147dec0fc171df820baa4390,2022-05-15T10:33:23-06:00,tests/config/test_config.py,68,0,0,4
poetry,f33c9db2bbc083f3147dec0fc171df820baa4390,2022-05-15T10:33:23-06:00,src/poetry/utils/env.py,1950,23,0,287
poetry,f33c9db2bbc083f3147dec0fc171df820baa4390,2022-05-15T10:33:23-06:00,get-poetry.py,1118,32,0,0
poetry,f33c9db2bbc083f3147dec0fc171df820baa4390,2022-05-15T10:33:23-06:00,tests/installation/test_installer_old.py,1926,0,0,7
poetry,f33c9db2bbc083f3147dec0fc171df820baa4390,2022-05-15T10:33:23-06:00,src/poetry/console/commands/cache/list.py,24,0,0,10
poetry,f33c9db2bbc083f3147dec0fc171df820baa4390,2022-05-15T10:33:23-06:00,src/poetry/json/__init__.py,44,0,0,6
poetry,f33c9db2bbc083f3147dec0fc171df820baa4390,2022-05-15T10:33:23-06:00,src/poetry/__version__.py,12,0,0,6
poetry,e1af707a17b6889e014e5d2aa5a78ce242b6e397,2022-05-21T17:03:18+02:00,src/poetry/layouts/layout.py,215,0,0,8
poetry,e1af707a17b6889e014e5d2aa5a78ce242b6e397,2022-05-21T17:03:18+02:00,src/poetry/utils/dependency_specification.py,221,0,0,10
poetry,e1af707a17b6889e014e5d2aa5a78ce242b6e397,2022-05-21T17:03:18+02:00,src/poetry/console/commands/env/list.py,31,0,0,4
poetry,e1af707a17b6889e014e5d2aa5a78ce242b6e397,2022-05-21T17:03:18+02:00,tests/console/commands/plugin/test_show.py,192,0,0,178
poetry,e1af707a17b6889e014e5d2aa5a78ce242b6e397,2022-05-21T17:03:18+02:00,src/poetry/puzzle/provider.py,913,6,0,153
poetry,e1af707a17b6889e014e5d2aa5a78ce242b6e397,2022-05-21T17:03:18+02:00,src/poetry/publishing/publisher.py,103,0,0,11
poetry,e1af707a17b6889e014e5d2aa5a78ce242b6e397,2022-05-21T17:03:18+02:00,tests/utils/test_helpers.py,102,0,0,23
poetry,e1af707a17b6889e014e5d2aa5a78ce242b6e397,2022-05-21T17:03:18+02:00,src/poetry/mixology/failure.py,268,2,0,0
poetry,e1af707a17b6889e014e5d2aa5a78ce242b6e397,2022-05-21T17:03:18+02:00,tests/console/commands/self/conftest.py,0,0,0,56
poetry,e1af707a17b6889e014e5d2aa5a78ce242b6e397,2022-05-21T17:03:18+02:00,src/poetry/mixology/version_solver.py,517,0,0,27
poetry,e1af707a17b6889e014e5d2aa5a78ce242b6e397,2022-05-21T17:03:18+02:00,install-poetry.py,908,28,0,0
poetry,e1af707a17b6889e014e5d2aa5a78ce242b6e397,2022-05-21T17:03:18+02:00,src/poetry/console/commands/source/add.py,117,2,0,2
poetry,e1af707a17b6889e014e5d2aa5a78ce242b6e397,2022-05-21T17:03:18+02:00,src/poetry/console/commands/remove.py,137,2,0,39
poetry,e1af707a17b6889e014e5d2aa5a78ce242b6e397,2022-05-21T17:03:18+02:00,src/poetry/console/commands/update.py,55,1,0,0
poetry,e1af707a17b6889e014e5d2aa5a78ce242b6e397,2022-05-21T17:03:18+02:00,tests/console/commands/self/test_update.py,126,0,0,140
poetry,e1af707a17b6889e014e5d2aa5a78ce242b6e397,2022-05-21T17:03:18+02:00,tests/console/commands/{plugin => self/deprecated_plugin}/test_show.py,0,0,0,0
poetry,e1af707a17b6889e014e5d2aa5a78ce242b6e397,2022-05-21T17:03:18+02:00,tests/packages/test_locker.py,711,0,0,46
poetry,e1af707a17b6889e014e5d2aa5a78ce242b6e397,2022-05-21T17:03:18+02:00,src/poetry/console/commands/shell.py,41,0,0,6
poetry,e1af707a17b6889e014e5d2aa5a78ce242b6e397,2022-05-21T17:03:18+02:00,src/poetry/vcs/git/backend.py,435,2,0,0
poetry,e1af707a17b6889e014e5d2aa5a78ce242b6e397,2022-05-21T17:03:18+02:00,tests/utils/test_password_manager.py,233,0,0,22
poetry,e1af707a17b6889e014e5d2aa5a78ce242b6e397,2022-05-21T17:03:18+02:00,src/poetry/console/commands/self/add.py,0,0,0,40
poetry,e1af707a17b6889e014e5d2aa5a78ce242b6e397,2022-05-21T17:03:18+02:00,tests/console/commands/test_show.py,1888,0,0,65
poetry,e1af707a17b6889e014e5d2aa5a78ce242b6e397,2022-05-21T17:03:18+02:00,src/poetry/masonry/builders/editable.py,264,0,0,24
poetry,e1af707a17b6889e014e5d2aa5a78ce242b6e397,2022-05-21T17:03:18+02:00,src/poetry/inspection/info.py,625,0,0,20
poetry,e1af707a17b6889e014e5d2aa5a78ce242b6e397,2022-05-21T17:03:18+02:00,src/poetry/installation/chef.py,110,0,0,2
poetry,e1af707a17b6889e014e5d2aa5a78ce242b6e397,2022-05-21T17:03:18+02:00,src/poetry/console/commands/self/update.py,227,0,0,253
poetry,e1af707a17b6889e014e5d2aa5a78ce242b6e397,2022-05-21T17:03:18+02:00,src/poetry/console/commands/self/show/__init__.py,0,0,0,36
poetry,e1af707a17b6889e014e5d2aa5a78ce242b6e397,2022-05-21T17:03:18+02:00,src/poetry/repositories/link_sources/html.py,48,0,0,10
poetry,e1af707a17b6889e014e5d2aa5a78ce242b6e397,2022-05-21T17:03:18+02:00,src/poetry/console/commands/add.py,287,4,0,47
poetry,e1af707a17b6889e014e5d2aa5a78ce242b6e397,2022-05-21T17:03:18+02:00,tests/console/commands/test_init.py,861,0,0,2
poetry,e1af707a17b6889e014e5d2aa5a78ce242b6e397,2022-05-21T17:03:18+02:00,src/poetry/installation/executor.py,811,14,0,30
poetry,e1af707a17b6889e014e5d2aa5a78ce242b6e397,2022-05-21T17:03:18+02:00,tests/console/commands/test_new.py,172,0,0,2
poetry,e1af707a17b6889e014e5d2aa5a78ce242b6e397,2022-05-21T17:03:18+02:00,src/poetry/console/commands/config.py,347,0,0,43
poetry,e1af707a17b6889e014e5d2aa5a78ce242b6e397,2022-05-21T17:03:18+02:00,tests/console/commands/test_publish.py,131,0,0,4
poetry,e1af707a17b6889e014e5d2aa5a78ce242b6e397,2022-05-21T17:03:18+02:00,src/poetry/console/commands/plugin/remove.py,69,1,0,51
poetry,e1af707a17b6889e014e5d2aa5a78ce242b6e397,2022-05-21T17:03:18+02:00,tests/utils/test_dependency_specification.py,109,0,0,5
poetry,e1af707a17b6889e014e5d2aa5a78ce242b6e397,2022-05-21T17:03:18+02:00,tests/puzzle/test_provider.py,512,0,0,94
poetry,e1af707a17b6889e014e5d2aa5a78ce242b6e397,2022-05-21T17:03:18+02:00,src/poetry/repositories/pypi_repository.py,244,0,0,45
poetry,e1af707a17b6889e014e5d2aa5a78ce242b6e397,2022-05-21T17:03:18+02:00,src/poetry/console/commands/self/remove.py,0,0,0,17
poetry,e1af707a17b6889e014e5d2aa5a78ce242b6e397,2022-05-21T17:03:18+02:00,src/poetry/console/commands/search.py,29,0,0,4
poetry,e1af707a17b6889e014e5d2aa5a78ce242b6e397,2022-05-21T17:03:18+02:00,tests/console/commands/env/test_use.py,156,0,0,1
poetry,e1af707a17b6889e014e5d2aa5a78ce242b6e397,2022-05-21T17:03:18+02:00,src/poetry/console/commands/self/show/plugins.py,0,0,0,156
poetry,e1af707a17b6889e014e5d2aa5a78ce242b6e397,2022-05-21T17:03:18+02:00,src/poetry/console/commands/source/remove.py,61,2,0,2
poetry,e1af707a17b6889e014e5d2aa5a78ce242b6e397,2022-05-21T17:03:18+02:00,tests/types.py,54,0,0,6
poetry,e1af707a17b6889e014e5d2aa5a78ce242b6e397,2022-05-21T17:03:18+02:00,tests/utils/test_authenticator.py,601,0,0,50
poetry,e1af707a17b6889e014e5d2aa5a78ce242b6e397,2022-05-21T17:03:18+02:00,tests/console/commands/{plugin => self/deprecated_plugin}/__init__.py,0,0,0,0
poetry,e1af707a17b6889e014e5d2aa5a78ce242b6e397,2022-05-21T17:03:18+02:00,src/poetry/console/commands/init.py,479,3,0,4
poetry,e1af707a17b6889e014e5d2aa5a78ce242b6e397,2022-05-21T17:03:18+02:00,src/poetry/console/commands/debug/resolve.py,148,2,0,2
poetry,e1af707a17b6889e014e5d2aa5a78ce242b6e397,2022-05-21T17:03:18+02:00,tests/publishing/test_publisher.py,190,0,0,10
poetry,e1af707a17b6889e014e5d2aa5a78ce242b6e397,2022-05-21T17:03:18+02:00,tests/console/commands/test_search.py,104,0,0,3
poetry,e1af707a17b6889e014e5d2aa5a78ce242b6e397,2022-05-21T17:03:18+02:00,src/poetry/console/commands/self/install.py,0,0,0,38
poetry,e1af707a17b6889e014e5d2aa5a78ce242b6e397,2022-05-21T17:03:18+02:00,src/poetry/installation/installer.py,554,6,0,44
poetry,e1af707a17b6889e014e5d2aa5a78ce242b6e397,2022-05-21T17:03:18+02:00,src/poetry/mixology/term.py,175,2,0,39
poetry,e1af707a17b6889e014e5d2aa5a78ce242b6e397,2022-05-21T17:03:18+02:00,tests/console/commands/test_update.py,0,0,0,57
poetry,e1af707a17b6889e014e5d2aa5a78ce242b6e397,2022-05-21T17:03:18+02:00,src/poetry/console/application.py,388,0,0,18
poetry,e1af707a17b6889e014e5d2aa5a78ce242b6e397,2022-05-21T17:03:18+02:00,src/poetry/puzzle/transaction.py,110,0,0,11
poetry,e1af707a17b6889e014e5d2aa5a78ce242b6e397,2022-05-21T17:03:18+02:00,src/poetry/console/commands/cache/clear.py,85,0,0,8
poetry,e1af707a17b6889e014e5d2aa5a78ce242b6e397,2022-05-21T17:03:18+02:00,src/poetry/utils/password_manager.py,221,3,0,33
poetry,e1af707a17b6889e014e5d2aa5a78ce242b6e397,2022-05-21T17:03:18+02:00,src/poetry/repositories/installed_repository.py,268,4,0,31
poetry,e1af707a17b6889e014e5d2aa5a78ce242b6e397,2022-05-21T17:03:18+02:00,src/poetry/console/commands/source/show.py,59,0,0,4
poetry,e1af707a17b6889e014e5d2aa5a78ce242b6e397,2022-05-21T17:03:18+02:00,src/poetry/__init__.py,5,0,0,5
poetry,e1af707a17b6889e014e5d2aa5a78ce242b6e397,2022-05-21T17:03:18+02:00,src/poetry/utils/helpers.py,164,0,0,29
poetry,e1af707a17b6889e014e5d2aa5a78ce242b6e397,2022-05-21T17:03:18+02:00,src/poetry/config/config.py,291,0,0,25
poetry,e1af707a17b6889e014e5d2aa5a78ce242b6e397,2022-05-21T17:03:18+02:00,tests/mixology/version_solver/test_unsolvable.py,123,0,0,20
poetry,e1af707a17b6889e014e5d2aa5a78ce242b6e397,2022-05-21T17:03:18+02:00,tests/puzzle/test_solver.py,3417,0,0,108
poetry,e1af707a17b6889e014e5d2aa5a78ce242b6e397,2022-05-21T17:03:18+02:00,tests/console/commands/self/test_remove_plugins.py,0,0,0,108
poetry,e1af707a17b6889e014e5d2aa5a78ce242b6e397,2022-05-21T17:03:18+02:00,tests/console/commands/test_install.py,138,0,0,52
poetry,e1af707a17b6889e014e5d2aa5a78ce242b6e397,2022-05-21T17:03:18+02:00,tests/console/commands/test_cache.py,73,0,0,15
poetry,e1af707a17b6889e014e5d2aa5a78ce242b6e397,2022-05-21T17:03:18+02:00,tests/console/conftest.py,197,0,0,28
poetry,e1af707a17b6889e014e5d2aa5a78ce242b6e397,2022-05-21T17:03:18+02:00,src/poetry/mixology/incompatibility.py,457,2,0,2
poetry,e1af707a17b6889e014e5d2aa5a78ce242b6e397,2022-05-21T17:03:18+02:00,src/poetry/repositories/http.py,296,2,0,17
poetry,e1af707a17b6889e014e5d2aa5a78ce242b6e397,2022-05-21T17:03:18+02:00,tests/console/commands/test_config.py,236,0,0,17
poetry,e1af707a17b6889e014e5d2aa5a78ce242b6e397,2022-05-21T17:03:18+02:00,src/poetry/plugins/plugin_manager.py,64,0,0,20
poetry,e1af707a17b6889e014e5d2aa5a78ce242b6e397,2022-05-21T17:03:18+02:00,src/poetry/console/commands/env/info.py,71,0,0,6
poetry,e1af707a17b6889e014e5d2aa5a78ce242b6e397,2022-05-21T17:03:18+02:00,src/poetry/console/commands/build.py,35,0,0,4
poetry,e1af707a17b6889e014e5d2aa5a78ce242b6e397,2022-05-21T17:03:18+02:00,src/poetry/repositories/lockfile_repository.py,0,0,0,29
poetry,e1af707a17b6889e014e5d2aa5a78ce242b6e397,2022-05-21T17:03:18+02:00,src/poetry/console/commands/env/remove.py,48,0,0,4
poetry,e1af707a17b6889e014e5d2aa5a78ce242b6e397,2022-05-21T17:03:18+02:00,tests/json/__init__.py,0,0,0,0
poetry,e1af707a17b6889e014e5d2aa5a78ce242b6e397,2022-05-21T17:03:18+02:00,src/poetry/poetry.py,80,0,0,2
poetry,e1af707a17b6889e014e5d2aa5a78ce242b6e397,2022-05-21T17:03:18+02:00,tests/mixology/version_solver/test_dependency_cache.py,59,0,0,92
poetry,e1af707a17b6889e014e5d2aa5a78ce242b6e397,2022-05-21T17:03:18+02:00,tests/masonry/builders/test_editable_builder.py,283,0,0,12
poetry,e1af707a17b6889e014e5d2aa5a78ce242b6e397,2022-05-21T17:03:18+02:00,tests/console/commands/self/deprecated_plugin/test_remove.py,0,0,0,56
poetry,e1af707a17b6889e014e5d2aa5a78ce242b6e397,2022-05-21T17:03:18+02:00,src/poetry/installation/chooser.py,217,0,0,3
poetry,e1af707a17b6889e014e5d2aa5a78ce242b6e397,2022-05-21T17:03:18+02:00,tests/console/commands/test_run.py,52,0,0,57
poetry,e1af707a17b6889e014e5d2aa5a78ce242b6e397,2022-05-21T17:03:18+02:00,src/poetry/factory.py,313,0,0,39
poetry,e1af707a17b6889e014e5d2aa5a78ce242b6e397,2022-05-21T17:03:18+02:00,tests/console/commands/plugin/conftest.py,64,0,0,64
poetry,e1af707a17b6889e014e5d2aa5a78ce242b6e397,2022-05-21T17:03:18+02:00,src/poetry/console/commands/self/lock.py,0,0,0,17
poetry,e1af707a17b6889e014e5d2aa5a78ce242b6e397,2022-05-21T17:03:18+02:00,tests/repositories/test_lockfile_repository.py,0,0,0,60
poetry,e1af707a17b6889e014e5d2aa5a78ce242b6e397,2022-05-21T17:03:18+02:00,src/poetry/console/commands/plugin/add.py,207,2,0,184
poetry,e1af707a17b6889e014e5d2aa5a78ce242b6e397,2022-05-21T17:03:18+02:00,tests/installation/test_pip_installer.py,206,0,0,36
poetry,e1af707a17b6889e014e5d2aa5a78ce242b6e397,2022-05-21T17:03:18+02:00,tests/console/commands/self/deprecated_plugin/test_add.py,0,0,0,31
poetry,e1af707a17b6889e014e5d2aa5a78ce242b6e397,2022-05-21T17:03:18+02:00,src/poetry/console/commands/env/use.py,27,0,0,10
poetry,e1af707a17b6889e014e5d2aa5a78ce242b6e397,2022-05-21T17:03:18+02:00,src/poetry/utils/authenticator.py,412,0,0,74
poetry,e1af707a17b6889e014e5d2aa5a78ce242b6e397,2022-05-21T17:03:18+02:00,tests/console/commands/test_remove.py,203,0,0,92
poetry,e1af707a17b6889e014e5d2aa5a78ce242b6e397,2022-05-21T17:03:18+02:00,tests/installation/test_installer.py,2438,0,0,64
poetry,e1af707a17b6889e014e5d2aa5a78ce242b6e397,2022-05-21T17:03:18+02:00,src/poetry/packages/package_collection.py,37,0,0,3
poetry,e1af707a17b6889e014e5d2aa5a78ce242b6e397,2022-05-21T17:03:18+02:00,tests/conftest.py,443,0,0,63
poetry,e1af707a17b6889e014e5d2aa5a78ce242b6e397,2022-05-21T17:03:18+02:00,tests/repositories/test_installed_repository.py,255,0,0,46
poetry,e1af707a17b6889e014e5d2aa5a78ce242b6e397,2022-05-21T17:03:18+02:00,tests/utils/test_env.py,1384,0,0,20
poetry,e1af707a17b6889e014e5d2aa5a78ce242b6e397,2022-05-21T17:03:18+02:00,src/poetry/installation/pip_installer.py,276,8,0,30
poetry,e1af707a17b6889e014e5d2aa5a78ce242b6e397,2022-05-21T17:03:18+02:00,src/poetry/puzzle/solver.py,372,0,0,12
poetry,e1af707a17b6889e014e5d2aa5a78ce242b6e397,2022-05-21T17:03:18+02:00,src/poetry/console/commands/show.py,541,1,0,29
poetry,e1af707a17b6889e014e5d2aa5a78ce242b6e397,2022-05-21T17:03:18+02:00,tests/json/test_schema_sources.py,0,0,0,25
poetry,e1af707a17b6889e014e5d2aa5a78ce242b6e397,2022-05-21T17:03:18+02:00,src/poetry/console/commands/version.py,122,0,0,4
poetry,e1af707a17b6889e014e5d2aa5a78ce242b6e397,2022-05-21T17:03:18+02:00,src/poetry/console/commands/about.py,36,0,0,4
poetry,e1af707a17b6889e014e5d2aa5a78ce242b6e397,2022-05-21T17:03:18+02:00,tests/console/commands/test_version.py,87,0,0,3
poetry,e1af707a17b6889e014e5d2aa5a78ce242b6e397,2022-05-21T17:03:18+02:00,tests/console/commands/source/test_show.py,91,0,0,21
poetry,e1af707a17b6889e014e5d2aa5a78ce242b6e397,2022-05-21T17:03:18+02:00,src/poetry/locations.py,47,0,0,13
poetry,e1af707a17b6889e014e5d2aa5a78ce242b6e397,2022-05-21T17:03:18+02:00,src/poetry/utils/_compat.py,54,2,0,0
poetry,e1af707a17b6889e014e5d2aa5a78ce242b6e397,2022-05-21T17:03:18+02:00,src/poetry/packages/locker.py,619,0,0,28
poetry,e1af707a17b6889e014e5d2aa5a78ce242b6e397,2022-05-21T17:03:18+02:00,src/poetry/repositories/cached.py,79,0,0,8
poetry,e1af707a17b6889e014e5d2aa5a78ce242b6e397,2022-05-21T17:03:18+02:00,tests/console/commands/self/test_show_plugins.py,0,0,0,194
poetry,e1af707a17b6889e014e5d2aa5a78ce242b6e397,2022-05-21T17:03:18+02:00,tests/console/commands/test_add.py,2015,0,0,176
poetry,e1af707a17b6889e014e5d2aa5a78ce242b6e397,2022-05-21T17:03:18+02:00,src/poetry/utils/setup_reader.py,367,7,0,0
poetry,e1af707a17b6889e014e5d2aa5a78ce242b6e397,2022-05-21T17:03:18+02:00,src/poetry/console/commands/group_command.py,121,0,0,9
poetry,e1af707a17b6889e014e5d2aa5a78ce242b6e397,2022-05-21T17:03:18+02:00,src/poetry/console/commands/new.py,89,1,0,4
poetry,e1af707a17b6889e014e5d2aa5a78ce242b6e397,2022-05-21T17:03:18+02:00,tests/compat.py,22,0,0,10
poetry,e1af707a17b6889e014e5d2aa5a78ce242b6e397,2022-05-21T17:03:18+02:00,src/poetry/mixology/assignment.py,63,0,0,3
poetry,e1af707a17b6889e014e5d2aa5a78ce242b6e397,2022-05-21T17:03:18+02:00,src/poetry/console/commands/publish.py,93,0,0,4
poetry,e1af707a17b6889e014e5d2aa5a78ce242b6e397,2022-05-21T17:03:18+02:00,src/poetry/console/commands/run.py,66,0,0,5
poetry,e1af707a17b6889e014e5d2aa5a78ce242b6e397,2022-05-21T17:03:18+02:00,src/poetry/console/commands/plugin/show.py,84,0,0,99
poetry,e1af707a17b6889e014e5d2aa5a78ce242b6e397,2022-05-21T17:03:18+02:00,src/poetry/repositories/pool.py,185,4,0,4
poetry,e1af707a17b6889e014e5d2aa5a78ce242b6e397,2022-05-21T17:03:18+02:00,src/poetry/console/commands/install.py,143,1,0,30
poetry,e1af707a17b6889e014e5d2aa5a78ce242b6e397,2022-05-21T17:03:18+02:00,src/poetry/publishing/uploader.py,369,0,0,8
poetry,e1af707a17b6889e014e5d2aa5a78ce242b6e397,2022-05-21T17:03:18+02:00,tests/console/commands/self/utils.py,0,0,0,33
poetry,e1af707a17b6889e014e5d2aa5a78ce242b6e397,2022-05-21T17:03:18+02:00,src/poetry/utils/env.py,1953,23,0,277
poetry,e1af707a17b6889e014e5d2aa5a78ce242b6e397,2022-05-21T17:03:18+02:00,get-poetry.py,1118,32,0,0
poetry,e1af707a17b6889e014e5d2aa5a78ce242b6e397,2022-05-21T17:03:18+02:00,tests/installation/test_installer_old.py,1926,0,0,7
poetry,e1af707a17b6889e014e5d2aa5a78ce242b6e397,2022-05-21T17:03:18+02:00,src/poetry/console/commands/cache/list.py,24,0,0,14
poetry,e1af707a17b6889e014e5d2aa5a78ce242b6e397,2022-05-21T17:03:18+02:00,src/poetry/console/commands/debug/info.py,29,0,0,2
poetry,e1af707a17b6889e014e5d2aa5a78ce242b6e397,2022-05-21T17:03:18+02:00,src/poetry/console/commands/self/self_command.py,0,0,0,135
poetry,e1af707a17b6889e014e5d2aa5a78ce242b6e397,2022-05-21T17:03:18+02:00,tests/console/commands/plugin/test_remove.py,142,0,0,142
poetry,e1af707a17b6889e014e5d2aa5a78ce242b6e397,2022-05-21T17:03:18+02:00,src/poetry/json/__init__.py,44,0,0,33
poetry,021253db4031be317056ba81b6c0712219e52c0d,2022-05-21T17:03:18+02:00,src/poetry/layouts/layout.py,215,0,0,8
poetry,021253db4031be317056ba81b6c0712219e52c0d,2022-05-21T17:03:18+02:00,src/poetry/utils/dependency_specification.py,221,0,0,10
poetry,021253db4031be317056ba81b6c0712219e52c0d,2022-05-21T17:03:18+02:00,src/poetry/console/commands/env/list.py,31,0,0,4
poetry,021253db4031be317056ba81b6c0712219e52c0d,2022-05-21T17:03:18+02:00,tests/console/commands/plugin/test_show.py,192,0,0,178
poetry,021253db4031be317056ba81b6c0712219e52c0d,2022-05-21T17:03:18+02:00,src/poetry/puzzle/provider.py,913,6,0,153
poetry,021253db4031be317056ba81b6c0712219e52c0d,2022-05-21T17:03:18+02:00,src/poetry/publishing/publisher.py,103,0,0,11
poetry,021253db4031be317056ba81b6c0712219e52c0d,2022-05-21T17:03:18+02:00,tests/utils/test_helpers.py,102,0,0,23
poetry,021253db4031be317056ba81b6c0712219e52c0d,2022-05-21T17:03:18+02:00,src/poetry/mixology/failure.py,268,2,0,0
poetry,021253db4031be317056ba81b6c0712219e52c0d,2022-05-21T17:03:18+02:00,tests/console/commands/self/conftest.py,0,0,0,56
poetry,021253db4031be317056ba81b6c0712219e52c0d,2022-05-21T17:03:18+02:00,src/poetry/mixology/version_solver.py,517,0,0,27
poetry,021253db4031be317056ba81b6c0712219e52c0d,2022-05-21T17:03:18+02:00,install-poetry.py,908,28,0,0
poetry,021253db4031be317056ba81b6c0712219e52c0d,2022-05-21T17:03:18+02:00,src/poetry/console/commands/source/add.py,117,2,0,2
poetry,021253db4031be317056ba81b6c0712219e52c0d,2022-05-21T17:03:18+02:00,src/poetry/console/commands/remove.py,137,2,0,39
poetry,021253db4031be317056ba81b6c0712219e52c0d,2022-05-21T17:03:18+02:00,src/poetry/console/commands/update.py,55,1,0,0
poetry,021253db4031be317056ba81b6c0712219e52c0d,2022-05-21T17:03:18+02:00,tests/console/commands/self/test_update.py,126,0,0,140
poetry,021253db4031be317056ba81b6c0712219e52c0d,2022-05-21T17:03:18+02:00,tests/console/commands/{plugin => self/deprecated_plugin}/test_show.py,0,0,0,0
poetry,021253db4031be317056ba81b6c0712219e52c0d,2022-05-21T17:03:18+02:00,tests/packages/test_locker.py,711,0,0,46
poetry,021253db4031be317056ba81b6c0712219e52c0d,2022-05-21T17:03:18+02:00,src/poetry/console/commands/shell.py,41,0,0,6
poetry,021253db4031be317056ba81b6c0712219e52c0d,2022-05-21T17:03:18+02:00,src/poetry/vcs/git/backend.py,435,2,0,0
poetry,021253db4031be317056ba81b6c0712219e52c0d,2022-05-21T17:03:18+02:00,tests/utils/test_password_manager.py,233,0,0,22
poetry,021253db4031be317056ba81b6c0712219e52c0d,2022-05-21T17:03:18+02:00,src/poetry/console/commands/self/add.py,0,0,0,40
poetry,021253db4031be317056ba81b6c0712219e52c0d,2022-05-21T17:03:18+02:00,tests/console/commands/test_show.py,1888,0,0,65
poetry,021253db4031be317056ba81b6c0712219e52c0d,2022-05-21T17:03:18+02:00,src/poetry/masonry/builders/editable.py,264,0,0,24
poetry,021253db4031be317056ba81b6c0712219e52c0d,2022-05-21T17:03:18+02:00,src/poetry/inspection/info.py,625,0,0,20
poetry,021253db4031be317056ba81b6c0712219e52c0d,2022-05-21T17:03:18+02:00,src/poetry/installation/chef.py,110,0,0,2
poetry,021253db4031be317056ba81b6c0712219e52c0d,2022-05-21T17:03:18+02:00,src/poetry/console/commands/self/update.py,227,0,0,253
poetry,021253db4031be317056ba81b6c0712219e52c0d,2022-05-21T17:03:18+02:00,src/poetry/console/commands/self/show/__init__.py,0,0,0,36
poetry,021253db4031be317056ba81b6c0712219e52c0d,2022-05-21T17:03:18+02:00,src/poetry/repositories/link_sources/html.py,48,0,0,10
poetry,021253db4031be317056ba81b6c0712219e52c0d,2022-05-21T17:03:18+02:00,src/poetry/console/commands/add.py,287,4,0,47
poetry,021253db4031be317056ba81b6c0712219e52c0d,2022-05-21T17:03:18+02:00,tests/console/commands/test_init.py,861,0,0,2
poetry,021253db4031be317056ba81b6c0712219e52c0d,2022-05-21T17:03:18+02:00,src/poetry/installation/executor.py,811,14,0,30
poetry,021253db4031be317056ba81b6c0712219e52c0d,2022-05-21T17:03:18+02:00,tests/console/commands/test_new.py,172,0,0,2
poetry,021253db4031be317056ba81b6c0712219e52c0d,2022-05-21T17:03:18+02:00,src/poetry/console/commands/config.py,347,0,0,43
poetry,021253db4031be317056ba81b6c0712219e52c0d,2022-05-21T17:03:18+02:00,tests/console/commands/test_publish.py,131,0,0,4
poetry,021253db4031be317056ba81b6c0712219e52c0d,2022-05-21T17:03:18+02:00,src/poetry/console/commands/plugin/remove.py,69,1,0,51
poetry,021253db4031be317056ba81b6c0712219e52c0d,2022-05-21T17:03:18+02:00,tests/utils/test_dependency_specification.py,109,0,0,5
poetry,021253db4031be317056ba81b6c0712219e52c0d,2022-05-21T17:03:18+02:00,tests/puzzle/test_provider.py,512,0,0,94
poetry,021253db4031be317056ba81b6c0712219e52c0d,2022-05-21T17:03:18+02:00,src/poetry/repositories/pypi_repository.py,244,0,0,45
poetry,021253db4031be317056ba81b6c0712219e52c0d,2022-05-21T17:03:18+02:00,src/poetry/console/commands/self/remove.py,0,0,0,17
poetry,021253db4031be317056ba81b6c0712219e52c0d,2022-05-21T17:03:18+02:00,src/poetry/console/commands/search.py,29,0,0,4
poetry,021253db4031be317056ba81b6c0712219e52c0d,2022-05-21T17:03:18+02:00,tests/console/commands/env/test_use.py,156,0,0,1
poetry,021253db4031be317056ba81b6c0712219e52c0d,2022-05-21T17:03:18+02:00,src/poetry/console/commands/self/show/plugins.py,0,0,0,156
poetry,021253db4031be317056ba81b6c0712219e52c0d,2022-05-21T17:03:18+02:00,src/poetry/console/commands/source/remove.py,61,2,0,2
poetry,021253db4031be317056ba81b6c0712219e52c0d,2022-05-21T17:03:18+02:00,tests/types.py,54,0,0,6
poetry,021253db4031be317056ba81b6c0712219e52c0d,2022-05-21T17:03:18+02:00,tests/utils/test_authenticator.py,601,0,0,50
poetry,021253db4031be317056ba81b6c0712219e52c0d,2022-05-21T17:03:18+02:00,tests/console/commands/{plugin => self/deprecated_plugin}/__init__.py,0,0,0,0
poetry,021253db4031be317056ba81b6c0712219e52c0d,2022-05-21T17:03:18+02:00,src/poetry/console/commands/init.py,479,3,0,4
poetry,021253db4031be317056ba81b6c0712219e52c0d,2022-05-21T17:03:18+02:00,src/poetry/console/commands/debug/resolve.py,148,2,0,2
poetry,021253db4031be317056ba81b6c0712219e52c0d,2022-05-21T17:03:18+02:00,tests/publishing/test_publisher.py,190,0,0,10
poetry,021253db4031be317056ba81b6c0712219e52c0d,2022-05-21T17:03:18+02:00,tests/console/commands/test_search.py,104,0,0,3
poetry,021253db4031be317056ba81b6c0712219e52c0d,2022-05-21T17:03:18+02:00,src/poetry/console/commands/self/install.py,0,0,0,38
poetry,021253db4031be317056ba81b6c0712219e52c0d,2022-05-21T17:03:18+02:00,src/poetry/installation/installer.py,554,6,0,44
poetry,021253db4031be317056ba81b6c0712219e52c0d,2022-05-21T17:03:18+02:00,src/poetry/mixology/term.py,175,2,0,39
poetry,021253db4031be317056ba81b6c0712219e52c0d,2022-05-21T17:03:18+02:00,tests/console/commands/test_update.py,0,0,0,57
poetry,021253db4031be317056ba81b6c0712219e52c0d,2022-05-21T17:03:18+02:00,src/poetry/console/application.py,388,0,0,18
poetry,021253db4031be317056ba81b6c0712219e52c0d,2022-05-21T17:03:18+02:00,src/poetry/puzzle/transaction.py,110,0,0,11
poetry,021253db4031be317056ba81b6c0712219e52c0d,2022-05-21T17:03:18+02:00,src/poetry/console/commands/cache/clear.py,85,0,0,8
poetry,021253db4031be317056ba81b6c0712219e52c0d,2022-05-21T17:03:18+02:00,src/poetry/utils/password_manager.py,221,3,0,33
poetry,021253db4031be317056ba81b6c0712219e52c0d,2022-05-21T17:03:18+02:00,src/poetry/repositories/installed_repository.py,268,4,0,31
poetry,021253db4031be317056ba81b6c0712219e52c0d,2022-05-21T17:03:18+02:00,src/poetry/console/commands/source/show.py,59,0,0,4
poetry,021253db4031be317056ba81b6c0712219e52c0d,2022-05-21T17:03:18+02:00,src/poetry/__init__.py,5,0,0,5
poetry,021253db4031be317056ba81b6c0712219e52c0d,2022-05-21T17:03:18+02:00,src/poetry/utils/helpers.py,164,0,0,29
poetry,021253db4031be317056ba81b6c0712219e52c0d,2022-05-21T17:03:18+02:00,src/poetry/config/config.py,291,0,0,25
poetry,021253db4031be317056ba81b6c0712219e52c0d,2022-05-21T17:03:18+02:00,tests/mixology/version_solver/test_unsolvable.py,123,0,0,20
poetry,021253db4031be317056ba81b6c0712219e52c0d,2022-05-21T17:03:18+02:00,tests/puzzle/test_solver.py,3417,0,0,108
poetry,021253db4031be317056ba81b6c0712219e52c0d,2022-05-21T17:03:18+02:00,tests/console/commands/self/test_remove_plugins.py,0,0,0,108
poetry,021253db4031be317056ba81b6c0712219e52c0d,2022-05-21T17:03:18+02:00,tests/console/commands/test_install.py,138,0,0,52
poetry,021253db4031be317056ba81b6c0712219e52c0d,2022-05-21T17:03:18+02:00,tests/console/commands/test_cache.py,73,0,0,15
poetry,021253db4031be317056ba81b6c0712219e52c0d,2022-05-21T17:03:18+02:00,tests/console/conftest.py,197,0,0,28
poetry,021253db4031be317056ba81b6c0712219e52c0d,2022-05-21T17:03:18+02:00,src/poetry/mixology/incompatibility.py,457,2,0,2
poetry,021253db4031be317056ba81b6c0712219e52c0d,2022-05-21T17:03:18+02:00,src/poetry/repositories/http.py,296,2,0,17
poetry,021253db4031be317056ba81b6c0712219e52c0d,2022-05-21T17:03:18+02:00,tests/console/commands/test_config.py,236,0,0,17
poetry,021253db4031be317056ba81b6c0712219e52c0d,2022-05-21T17:03:18+02:00,src/poetry/plugins/plugin_manager.py,64,0,0,20
poetry,021253db4031be317056ba81b6c0712219e52c0d,2022-05-21T17:03:18+02:00,src/poetry/console/commands/env/info.py,71,0,0,6
poetry,021253db4031be317056ba81b6c0712219e52c0d,2022-05-21T17:03:18+02:00,src/poetry/console/commands/build.py,35,0,0,4
poetry,021253db4031be317056ba81b6c0712219e52c0d,2022-05-21T17:03:18+02:00,src/poetry/repositories/lockfile_repository.py,0,0,0,29
poetry,021253db4031be317056ba81b6c0712219e52c0d,2022-05-21T17:03:18+02:00,src/poetry/console/commands/env/remove.py,48,0,0,4
poetry,021253db4031be317056ba81b6c0712219e52c0d,2022-05-21T17:03:18+02:00,tests/json/__init__.py,0,0,0,0
poetry,021253db4031be317056ba81b6c0712219e52c0d,2022-05-21T17:03:18+02:00,src/poetry/poetry.py,80,0,0,2
poetry,021253db4031be317056ba81b6c0712219e52c0d,2022-05-21T17:03:18+02:00,tests/mixology/version_solver/test_dependency_cache.py,59,0,0,92
poetry,021253db4031be317056ba81b6c0712219e52c0d,2022-05-21T17:03:18+02:00,tests/masonry/builders/test_editable_builder.py,283,0,0,12
poetry,021253db4031be317056ba81b6c0712219e52c0d,2022-05-21T17:03:18+02:00,tests/console/commands/self/deprecated_plugin/test_remove.py,0,0,0,56
poetry,021253db4031be317056ba81b6c0712219e52c0d,2022-05-21T17:03:18+02:00,src/poetry/installation/chooser.py,217,0,0,3
poetry,021253db4031be317056ba81b6c0712219e52c0d,2022-05-21T17:03:18+02:00,tests/console/commands/test_run.py,52,0,0,57
poetry,021253db4031be317056ba81b6c0712219e52c0d,2022-05-21T17:03:18+02:00,src/poetry/factory.py,313,0,0,39
poetry,021253db4031be317056ba81b6c0712219e52c0d,2022-05-21T17:03:18+02:00,tests/console/commands/plugin/conftest.py,64,0,0,64
poetry,021253db4031be317056ba81b6c0712219e52c0d,2022-05-21T17:03:18+02:00,src/poetry/console/commands/self/lock.py,0,0,0,17
poetry,021253db4031be317056ba81b6c0712219e52c0d,2022-05-21T17:03:18+02:00,tests/repositories/test_lockfile_repository.py,0,0,0,60
poetry,021253db4031be317056ba81b6c0712219e52c0d,2022-05-21T17:03:18+02:00,src/poetry/console/commands/plugin/add.py,207,2,0,184
poetry,021253db4031be317056ba81b6c0712219e52c0d,2022-05-21T17:03:18+02:00,tests/installation/test_pip_installer.py,206,0,0,36
poetry,021253db4031be317056ba81b6c0712219e52c0d,2022-05-21T17:03:18+02:00,tests/console/commands/self/deprecated_plugin/test_add.py,0,0,0,31
poetry,021253db4031be317056ba81b6c0712219e52c0d,2022-05-21T17:03:18+02:00,src/poetry/console/commands/env/use.py,27,0,0,10
poetry,021253db4031be317056ba81b6c0712219e52c0d,2022-05-21T17:03:18+02:00,src/poetry/utils/authenticator.py,412,0,0,74
poetry,021253db4031be317056ba81b6c0712219e52c0d,2022-05-21T17:03:18+02:00,tests/console/commands/test_remove.py,203,0,0,92
poetry,021253db4031be317056ba81b6c0712219e52c0d,2022-05-21T17:03:18+02:00,tests/installation/test_installer.py,2438,0,0,64
poetry,021253db4031be317056ba81b6c0712219e52c0d,2022-05-21T17:03:18+02:00,src/poetry/packages/package_collection.py,37,0,0,3
poetry,021253db4031be317056ba81b6c0712219e52c0d,2022-05-21T17:03:18+02:00,tests/conftest.py,443,0,0,63
poetry,021253db4031be317056ba81b6c0712219e52c0d,2022-05-21T17:03:18+02:00,tests/repositories/test_installed_repository.py,255,0,0,46
poetry,021253db4031be317056ba81b6c0712219e52c0d,2022-05-21T17:03:18+02:00,tests/utils/test_env.py,1384,0,0,20
poetry,021253db4031be317056ba81b6c0712219e52c0d,2022-05-21T17:03:18+02:00,src/poetry/installation/pip_installer.py,276,8,0,30
poetry,021253db4031be317056ba81b6c0712219e52c0d,2022-05-21T17:03:18+02:00,src/poetry/puzzle/solver.py,372,0,0,12
poetry,021253db4031be317056ba81b6c0712219e52c0d,2022-05-21T17:03:18+02:00,src/poetry/console/commands/show.py,541,1,0,29
poetry,021253db4031be317056ba81b6c0712219e52c0d,2022-05-21T17:03:18+02:00,tests/json/test_schema_sources.py,0,0,0,25
poetry,021253db4031be317056ba81b6c0712219e52c0d,2022-05-21T17:03:18+02:00,src/poetry/console/commands/version.py,122,0,0,4
poetry,021253db4031be317056ba81b6c0712219e52c0d,2022-05-21T17:03:18+02:00,src/poetry/console/commands/about.py,36,0,0,4
poetry,021253db4031be317056ba81b6c0712219e52c0d,2022-05-21T17:03:18+02:00,tests/console/commands/test_version.py,87,0,0,3
poetry,021253db4031be317056ba81b6c0712219e52c0d,2022-05-21T17:03:18+02:00,tests/console/commands/source/test_show.py,91,0,0,21
poetry,021253db4031be317056ba81b6c0712219e52c0d,2022-05-21T17:03:18+02:00,src/poetry/locations.py,47,0,0,13
poetry,021253db4031be317056ba81b6c0712219e52c0d,2022-05-21T17:03:18+02:00,src/poetry/utils/_compat.py,54,2,0,0
poetry,021253db4031be317056ba81b6c0712219e52c0d,2022-05-21T17:03:18+02:00,src/poetry/packages/locker.py,619,0,0,28
poetry,021253db4031be317056ba81b6c0712219e52c0d,2022-05-21T17:03:18+02:00,src/poetry/repositories/cached.py,79,0,0,8
poetry,021253db4031be317056ba81b6c0712219e52c0d,2022-05-21T17:03:18+02:00,tests/console/commands/self/test_show_plugins.py,0,0,0,194
poetry,021253db4031be317056ba81b6c0712219e52c0d,2022-05-21T17:03:18+02:00,tests/console/commands/test_add.py,2015,0,0,176
poetry,021253db4031be317056ba81b6c0712219e52c0d,2022-05-21T17:03:18+02:00,src/poetry/utils/setup_reader.py,367,7,0,0
poetry,021253db4031be317056ba81b6c0712219e52c0d,2022-05-21T17:03:18+02:00,src/poetry/console/commands/group_command.py,121,0,0,9
poetry,021253db4031be317056ba81b6c0712219e52c0d,2022-05-21T17:03:18+02:00,src/poetry/console/commands/new.py,89,1,0,4
poetry,021253db4031be317056ba81b6c0712219e52c0d,2022-05-21T17:03:18+02:00,tests/compat.py,22,0,0,10
poetry,021253db4031be317056ba81b6c0712219e52c0d,2022-05-21T17:03:18+02:00,src/poetry/mixology/assignment.py,63,0,0,3
poetry,021253db4031be317056ba81b6c0712219e52c0d,2022-05-21T17:03:18+02:00,src/poetry/console/commands/publish.py,93,0,0,4
poetry,021253db4031be317056ba81b6c0712219e52c0d,2022-05-21T17:03:18+02:00,src/poetry/console/commands/run.py,66,0,0,5
poetry,021253db4031be317056ba81b6c0712219e52c0d,2022-05-21T17:03:18+02:00,src/poetry/console/commands/plugin/show.py,84,0,0,99
poetry,021253db4031be317056ba81b6c0712219e52c0d,2022-05-21T17:03:18+02:00,src/poetry/repositories/pool.py,185,4,0,4
poetry,021253db4031be317056ba81b6c0712219e52c0d,2022-05-21T17:03:18+02:00,src/poetry/console/commands/install.py,143,1,0,30
poetry,021253db4031be317056ba81b6c0712219e52c0d,2022-05-21T17:03:18+02:00,src/poetry/publishing/uploader.py,369,0,0,8
poetry,021253db4031be317056ba81b6c0712219e52c0d,2022-05-21T17:03:18+02:00,tests/console/commands/self/utils.py,0,0,0,33
poetry,021253db4031be317056ba81b6c0712219e52c0d,2022-05-21T17:03:18+02:00,src/poetry/utils/env.py,1953,23,0,277
poetry,021253db4031be317056ba81b6c0712219e52c0d,2022-05-21T17:03:18+02:00,get-poetry.py,1118,32,0,0
poetry,021253db4031be317056ba81b6c0712219e52c0d,2022-05-21T17:03:18+02:00,tests/installation/test_installer_old.py,1926,0,0,7
poetry,021253db4031be317056ba81b6c0712219e52c0d,2022-05-21T17:03:18+02:00,src/poetry/console/commands/cache/list.py,24,0,0,14
poetry,021253db4031be317056ba81b6c0712219e52c0d,2022-05-21T17:03:18+02:00,src/poetry/console/commands/debug/info.py,29,0,0,2
poetry,021253db4031be317056ba81b6c0712219e52c0d,2022-05-21T17:03:18+02:00,src/poetry/console/commands/self/self_command.py,0,0,0,135
poetry,021253db4031be317056ba81b6c0712219e52c0d,2022-05-21T17:03:18+02:00,tests/console/commands/plugin/test_remove.py,142,0,0,142
poetry,021253db4031be317056ba81b6c0712219e52c0d,2022-05-21T17:03:18+02:00,src/poetry/json/__init__.py,44,0,0,33
poetry,d133696110a42939b107d167d0ffd403acc96a6c,2022-05-23T02:05:42-06:00,src/poetry/layouts/layout.py,215,0,0,8
poetry,d133696110a42939b107d167d0ffd403acc96a6c,2022-05-23T02:05:42-06:00,src/poetry/console/commands/env/list.py,31,0,0,4
poetry,d133696110a42939b107d167d0ffd403acc96a6c,2022-05-23T02:05:42-06:00,tests/console/commands/plugin/test_show.py,192,0,0,178
poetry,d133696110a42939b107d167d0ffd403acc96a6c,2022-05-23T02:05:42-06:00,src/poetry/puzzle/provider.py,915,6,0,124
poetry,d133696110a42939b107d167d0ffd403acc96a6c,2022-05-23T02:05:42-06:00,src/poetry/publishing/publisher.py,103,0,0,11
poetry,d133696110a42939b107d167d0ffd403acc96a6c,2022-05-23T02:05:42-06:00,tests/utils/test_helpers.py,102,0,0,23
poetry,d133696110a42939b107d167d0ffd403acc96a6c,2022-05-23T02:05:42-06:00,tests/console/commands/cache/test_clear.py,0,0,0,81
poetry,d133696110a42939b107d167d0ffd403acc96a6c,2022-05-23T02:05:42-06:00,src/poetry/mixology/failure.py,268,2,0,0
poetry,d133696110a42939b107d167d0ffd403acc96a6c,2022-05-23T02:05:42-06:00,tests/console/commands/self/conftest.py,0,0,0,56
poetry,d133696110a42939b107d167d0ffd403acc96a6c,2022-05-23T02:05:42-06:00,src/poetry/mixology/version_solver.py,527,0,0,9
poetry,d133696110a42939b107d167d0ffd403acc96a6c,2022-05-23T02:05:42-06:00,install-poetry.py,908,28,0,0
poetry,d133696110a42939b107d167d0ffd403acc96a6c,2022-05-23T02:05:42-06:00,src/poetry/console/commands/source/add.py,117,2,0,2
poetry,d133696110a42939b107d167d0ffd403acc96a6c,2022-05-23T02:05:42-06:00,src/poetry/console/commands/remove.py,137,2,0,39
poetry,d133696110a42939b107d167d0ffd403acc96a6c,2022-05-23T02:05:42-06:00,src/poetry/console/commands/update.py,55,1,0,0
poetry,d133696110a42939b107d167d0ffd403acc96a6c,2022-05-23T02:05:42-06:00,tests/console/commands/self/test_update.py,126,0,0,140
poetry,d133696110a42939b107d167d0ffd403acc96a6c,2022-05-23T02:05:42-06:00,tests/console/commands/{plugin => self/deprecated_plugin}/test_show.py,0,0,0,0
poetry,d133696110a42939b107d167d0ffd403acc96a6c,2022-05-23T02:05:42-06:00,tests/packages/test_locker.py,711,0,0,46
poetry,d133696110a42939b107d167d0ffd403acc96a6c,2022-05-23T02:05:42-06:00,src/poetry/console/commands/shell.py,41,0,0,6
poetry,d133696110a42939b107d167d0ffd403acc96a6c,2022-05-23T02:05:42-06:00,src/poetry/vcs/git/backend.py,435,2,0,0
poetry,d133696110a42939b107d167d0ffd403acc96a6c,2022-05-23T02:05:42-06:00,tests/utils/test_password_manager.py,233,0,0,22
poetry,d133696110a42939b107d167d0ffd403acc96a6c,2022-05-23T02:05:42-06:00,src/poetry/console/commands/self/add.py,0,0,0,40
poetry,d133696110a42939b107d167d0ffd403acc96a6c,2022-05-23T02:05:42-06:00,tests/console/commands/test_show.py,1888,0,0,65
poetry,d133696110a42939b107d167d0ffd403acc96a6c,2022-05-23T02:05:42-06:00,src/poetry/masonry/builders/editable.py,264,0,0,24
poetry,d133696110a42939b107d167d0ffd403acc96a6c,2022-05-23T02:05:42-06:00,src/poetry/inspection/info.py,621,0,0,14
poetry,d133696110a42939b107d167d0ffd403acc96a6c,2022-05-23T02:05:42-06:00,src/poetry/installation/chef.py,110,0,0,2
poetry,d133696110a42939b107d167d0ffd403acc96a6c,2022-05-23T02:05:42-06:00,tests/console/commands/cache/conftest.py,0,0,0,65
poetry,d133696110a42939b107d167d0ffd403acc96a6c,2022-05-23T02:05:42-06:00,src/poetry/console/commands/self/update.py,227,0,0,253
poetry,d133696110a42939b107d167d0ffd403acc96a6c,2022-05-23T02:05:42-06:00,src/poetry/console/commands/self/show/__init__.py,0,0,0,36
poetry,d133696110a42939b107d167d0ffd403acc96a6c,2022-05-23T02:05:42-06:00,src/poetry/repositories/link_sources/html.py,48,0,0,10
poetry,d133696110a42939b107d167d0ffd403acc96a6c,2022-05-23T02:05:42-06:00,src/poetry/console/commands/add.py,287,4,0,47
poetry,d133696110a42939b107d167d0ffd403acc96a6c,2022-05-23T02:05:42-06:00,tests/console/commands/test_init.py,861,0,0,2
poetry,d133696110a42939b107d167d0ffd403acc96a6c,2022-05-23T02:05:42-06:00,src/poetry/installation/executor.py,811,14,0,30
poetry,d133696110a42939b107d167d0ffd403acc96a6c,2022-05-23T02:05:42-06:00,tests/console/commands/test_new.py,172,0,0,2
poetry,d133696110a42939b107d167d0ffd403acc96a6c,2022-05-23T02:05:42-06:00,src/poetry/console/commands/config.py,347,0,0,43
poetry,d133696110a42939b107d167d0ffd403acc96a6c,2022-05-23T02:05:42-06:00,tests/console/commands/test_publish.py,131,0,0,4
poetry,d133696110a42939b107d167d0ffd403acc96a6c,2022-05-23T02:05:42-06:00,src/poetry/console/commands/plugin/remove.py,69,1,0,51
poetry,d133696110a42939b107d167d0ffd403acc96a6c,2022-05-23T02:05:42-06:00,tests/utils/test_dependency_specification.py,109,0,0,5
poetry,d133696110a42939b107d167d0ffd403acc96a6c,2022-05-23T02:05:42-06:00,tests/puzzle/test_provider.py,587,0,0,19
poetry,d133696110a42939b107d167d0ffd403acc96a6c,2022-05-23T02:05:42-06:00,src/poetry/repositories/pypi_repository.py,257,0,0,12
poetry,d133696110a42939b107d167d0ffd403acc96a6c,2022-05-23T02:05:42-06:00,src/poetry/console/commands/self/remove.py,0,0,0,17
poetry,d133696110a42939b107d167d0ffd403acc96a6c,2022-05-23T02:05:42-06:00,src/poetry/console/commands/search.py,29,0,0,4
poetry,d133696110a42939b107d167d0ffd403acc96a6c,2022-05-23T02:05:42-06:00,tests/console/commands/env/test_use.py,156,0,0,1
poetry,d133696110a42939b107d167d0ffd403acc96a6c,2022-05-23T02:05:42-06:00,src/poetry/console/commands/self/show/plugins.py,0,0,0,156
poetry,d133696110a42939b107d167d0ffd403acc96a6c,2022-05-23T02:05:42-06:00,src/poetry/console/commands/source/remove.py,61,2,0,2
poetry,d133696110a42939b107d167d0ffd403acc96a6c,2022-05-23T02:05:42-06:00,tests/types.py,54,0,0,6
poetry,d133696110a42939b107d167d0ffd403acc96a6c,2022-05-23T02:05:42-06:00,tests/utils/test_authenticator.py,601,0,0,50
poetry,d133696110a42939b107d167d0ffd403acc96a6c,2022-05-23T02:05:42-06:00,tests/console/commands/{plugin => self/deprecated_plugin}/__init__.py,0,0,0,0
poetry,d133696110a42939b107d167d0ffd403acc96a6c,2022-05-23T02:05:42-06:00,src/poetry/console/commands/init.py,479,3,0,2
poetry,d133696110a42939b107d167d0ffd403acc96a6c,2022-05-23T02:05:42-06:00,src/poetry/console/commands/debug/resolve.py,148,2,0,2
poetry,d133696110a42939b107d167d0ffd403acc96a6c,2022-05-23T02:05:42-06:00,tests/publishing/test_publisher.py,190,0,0,10
poetry,d133696110a42939b107d167d0ffd403acc96a6c,2022-05-23T02:05:42-06:00,tests/console/commands/test_search.py,104,0,0,3
poetry,d133696110a42939b107d167d0ffd403acc96a6c,2022-05-23T02:05:42-06:00,src/poetry/console/commands/self/install.py,0,0,0,38
poetry,d133696110a42939b107d167d0ffd403acc96a6c,2022-05-23T02:05:42-06:00,src/poetry/installation/installer.py,554,6,0,44
poetry,d133696110a42939b107d167d0ffd403acc96a6c,2022-05-23T02:05:42-06:00,src/poetry/mixology/term.py,192,2,0,11
poetry,d133696110a42939b107d167d0ffd403acc96a6c,2022-05-23T02:05:42-06:00,tests/console/commands/test_update.py,0,0,0,57
poetry,d133696110a42939b107d167d0ffd403acc96a6c,2022-05-23T02:05:42-06:00,src/poetry/console/application.py,388,0,0,18
poetry,d133696110a42939b107d167d0ffd403acc96a6c,2022-05-23T02:05:42-06:00,src/poetry/puzzle/transaction.py,110,0,0,11
poetry,d133696110a42939b107d167d0ffd403acc96a6c,2022-05-23T02:05:42-06:00,src/poetry/console/commands/cache/clear.py,85,0,0,8
poetry,d133696110a42939b107d167d0ffd403acc96a6c,2022-05-23T02:05:42-06:00,src/poetry/utils/password_manager.py,221,3,0,33
poetry,d133696110a42939b107d167d0ffd403acc96a6c,2022-05-23T02:05:42-06:00,src/poetry/repositories/installed_repository.py,293,4,0,0
poetry,d133696110a42939b107d167d0ffd403acc96a6c,2022-05-23T02:05:42-06:00,src/poetry/console/commands/source/show.py,59,0,0,2
poetry,d133696110a42939b107d167d0ffd403acc96a6c,2022-05-23T02:05:42-06:00,src/poetry/__init__.py,5,0,0,5
poetry,d133696110a42939b107d167d0ffd403acc96a6c,2022-05-23T02:05:42-06:00,src/poetry/utils/helpers.py,164,0,0,29
poetry,d133696110a42939b107d167d0ffd403acc96a6c,2022-05-23T02:05:42-06:00,src/poetry/config/config.py,291,0,0,25
poetry,d133696110a42939b107d167d0ffd403acc96a6c,2022-05-23T02:05:42-06:00,tests/puzzle/test_solver.py,3421,0,0,134
poetry,d133696110a42939b107d167d0ffd403acc96a6c,2022-05-23T02:05:42-06:00,tests/console/commands/self/test_remove_plugins.py,0,0,0,108
poetry,d133696110a42939b107d167d0ffd403acc96a6c,2022-05-23T02:05:42-06:00,tests/console/commands/test_install.py,138,0,0,53
poetry,d133696110a42939b107d167d0ffd403acc96a6c,2022-05-23T02:05:42-06:00,tests/console/commands/test_cache.py,73,0,0,15
poetry,d133696110a42939b107d167d0ffd403acc96a6c,2022-05-23T02:05:42-06:00,tests/console/conftest.py,197,0,0,28
poetry,d133696110a42939b107d167d0ffd403acc96a6c,2022-05-23T02:05:42-06:00,src/poetry/mixology/incompatibility.py,459,2,0,0
poetry,d133696110a42939b107d167d0ffd403acc96a6c,2022-05-23T02:05:42-06:00,src/poetry/repositories/http.py,296,2,0,17
poetry,d133696110a42939b107d167d0ffd403acc96a6c,2022-05-23T02:05:42-06:00,tests/console/commands/test_config.py,236,0,0,17
poetry,d133696110a42939b107d167d0ffd403acc96a6c,2022-05-23T02:05:42-06:00,src/poetry/plugins/plugin_manager.py,64,0,0,20
poetry,d133696110a42939b107d167d0ffd403acc96a6c,2022-05-23T02:05:42-06:00,src/poetry/console/commands/env/info.py,71,0,0,6
poetry,d133696110a42939b107d167d0ffd403acc96a6c,2022-05-23T02:05:42-06:00,src/poetry/console/commands/build.py,35,0,0,4
poetry,d133696110a42939b107d167d0ffd403acc96a6c,2022-05-23T02:05:42-06:00,src/poetry/repositories/lockfile_repository.py,0,0,0,29
poetry,d133696110a42939b107d167d0ffd403acc96a6c,2022-05-23T02:05:42-06:00,src/poetry/console/commands/env/remove.py,48,0,0,4
poetry,d133696110a42939b107d167d0ffd403acc96a6c,2022-05-23T02:05:42-06:00,tests/json/__init__.py,0,0,0,0
poetry,d133696110a42939b107d167d0ffd403acc96a6c,2022-05-23T02:05:42-06:00,src/poetry/poetry.py,80,0,0,2
poetry,d133696110a42939b107d167d0ffd403acc96a6c,2022-05-23T02:05:42-06:00,tests/mixology/version_solver/test_dependency_cache.py,123,0,0,24
poetry,d133696110a42939b107d167d0ffd403acc96a6c,2022-05-23T02:05:42-06:00,tests/masonry/builders/test_editable_builder.py,283,0,0,12
poetry,d133696110a42939b107d167d0ffd403acc96a6c,2022-05-23T02:05:42-06:00,tests/console/commands/self/deprecated_plugin/test_remove.py,0,0,0,56
poetry,d133696110a42939b107d167d0ffd403acc96a6c,2022-05-23T02:05:42-06:00,src/poetry/installation/chooser.py,217,0,0,3
poetry,d133696110a42939b107d167d0ffd403acc96a6c,2022-05-23T02:05:42-06:00,tests/console/commands/test_run.py,52,0,0,57
poetry,d133696110a42939b107d167d0ffd403acc96a6c,2022-05-23T02:05:42-06:00,src/poetry/factory.py,313,0,0,39
poetry,d133696110a42939b107d167d0ffd403acc96a6c,2022-05-23T02:05:42-06:00,tests/console/commands/plugin/conftest.py,64,0,0,64
poetry,d133696110a42939b107d167d0ffd403acc96a6c,2022-05-23T02:05:42-06:00,src/poetry/console/commands/self/lock.py,0,0,0,17
poetry,d133696110a42939b107d167d0ffd403acc96a6c,2022-05-23T02:05:42-06:00,tests/repositories/test_lockfile_repository.py,0,0,0,60
poetry,d133696110a42939b107d167d0ffd403acc96a6c,2022-05-23T02:05:42-06:00,src/poetry/console/commands/plugin/add.py,207,2,0,184
poetry,d133696110a42939b107d167d0ffd403acc96a6c,2022-05-23T02:05:42-06:00,tests/installation/test_pip_installer.py,206,0,0,36
poetry,d133696110a42939b107d167d0ffd403acc96a6c,2022-05-23T02:05:42-06:00,tests/console/commands/self/deprecated_plugin/test_add.py,0,0,0,31
poetry,d133696110a42939b107d167d0ffd403acc96a6c,2022-05-23T02:05:42-06:00,src/poetry/console/commands/env/use.py,27,0,0,10
poetry,d133696110a42939b107d167d0ffd403acc96a6c,2022-05-23T02:05:42-06:00,src/poetry/utils/authenticator.py,414,0,0,64
poetry,d133696110a42939b107d167d0ffd403acc96a6c,2022-05-23T02:05:42-06:00,tests/console/commands/test_remove.py,203,0,0,92
poetry,d133696110a42939b107d167d0ffd403acc96a6c,2022-05-23T02:05:42-06:00,tests/installation/test_installer.py,2438,0,0,64
poetry,d133696110a42939b107d167d0ffd403acc96a6c,2022-05-23T02:05:42-06:00,src/poetry/packages/package_collection.py,37,0,0,3
poetry,d133696110a42939b107d167d0ffd403acc96a6c,2022-05-23T02:05:42-06:00,tests/conftest.py,443,0,0,61
poetry,d133696110a42939b107d167d0ffd403acc96a6c,2022-05-23T02:05:42-06:00,tests/utils/test_env.py,1384,0,0,41
poetry,d133696110a42939b107d167d0ffd403acc96a6c,2022-05-23T02:05:42-06:00,src/poetry/installation/pip_installer.py,276,8,0,30
poetry,d133696110a42939b107d167d0ffd403acc96a6c,2022-05-23T02:05:42-06:00,src/poetry/puzzle/solver.py,372,0,0,27
poetry,d133696110a42939b107d167d0ffd403acc96a6c,2022-05-23T02:05:42-06:00,src/poetry/console/commands/show.py,541,1,0,29
poetry,d133696110a42939b107d167d0ffd403acc96a6c,2022-05-23T02:05:42-06:00,tests/json/test_schema_sources.py,0,0,0,25
poetry,d133696110a42939b107d167d0ffd403acc96a6c,2022-05-23T02:05:42-06:00,src/poetry/console/commands/version.py,122,0,0,4
poetry,d133696110a42939b107d167d0ffd403acc96a6c,2022-05-23T02:05:42-06:00,src/poetry/console/commands/about.py,36,0,0,4
poetry,d133696110a42939b107d167d0ffd403acc96a6c,2022-05-23T02:05:42-06:00,tests/console/commands/test_version.py,87,0,0,3
poetry,d133696110a42939b107d167d0ffd403acc96a6c,2022-05-23T02:05:42-06:00,src/poetry/locations.py,47,0,0,13
poetry,d133696110a42939b107d167d0ffd403acc96a6c,2022-05-23T02:05:42-06:00,tests/console/commands/cache/__init__.py,0,0,0,0
poetry,d133696110a42939b107d167d0ffd403acc96a6c,2022-05-23T02:05:42-06:00,src/poetry/utils/_compat.py,54,2,0,6
poetry,d133696110a42939b107d167d0ffd403acc96a6c,2022-05-23T02:05:42-06:00,src/poetry/packages/locker.py,619,0,0,28
poetry,d133696110a42939b107d167d0ffd403acc96a6c,2022-05-23T02:05:42-06:00,src/poetry/repositories/cached.py,79,0,0,8
poetry,d133696110a42939b107d167d0ffd403acc96a6c,2022-05-23T02:05:42-06:00,tests/console/commands/self/test_show_plugins.py,0,0,0,194
poetry,d133696110a42939b107d167d0ffd403acc96a6c,2022-05-23T02:05:42-06:00,tests/console/commands/test_add.py,2015,0,0,176
poetry,d133696110a42939b107d167d0ffd403acc96a6c,2022-05-23T02:05:42-06:00,src/poetry/utils/setup_reader.py,367,7,0,0
poetry,d133696110a42939b107d167d0ffd403acc96a6c,2022-05-23T02:05:42-06:00,src/poetry/console/commands/group_command.py,121,0,0,10
poetry,d133696110a42939b107d167d0ffd403acc96a6c,2022-05-23T02:05:42-06:00,src/poetry/console/commands/new.py,89,1,0,4
poetry,d133696110a42939b107d167d0ffd403acc96a6c,2022-05-23T02:05:42-06:00,tests/compat.py,22,0,0,10
poetry,d133696110a42939b107d167d0ffd403acc96a6c,2022-05-23T02:05:42-06:00,src/poetry/mixology/assignment.py,63,0,0,3
poetry,d133696110a42939b107d167d0ffd403acc96a6c,2022-05-23T02:05:42-06:00,src/poetry/console/commands/publish.py,93,0,0,4
poetry,d133696110a42939b107d167d0ffd403acc96a6c,2022-05-23T02:05:42-06:00,src/poetry/console/commands/run.py,66,0,0,5
poetry,d133696110a42939b107d167d0ffd403acc96a6c,2022-05-23T02:05:42-06:00,src/poetry/console/commands/plugin/show.py,85,0,0,98
poetry,d133696110a42939b107d167d0ffd403acc96a6c,2022-05-23T02:05:42-06:00,src/poetry/repositories/pool.py,183,4,0,0
poetry,d133696110a42939b107d167d0ffd403acc96a6c,2022-05-23T02:05:42-06:00,src/poetry/console/commands/install.py,143,1,0,36
poetry,d133696110a42939b107d167d0ffd403acc96a6c,2022-05-23T02:05:42-06:00,src/poetry/publishing/uploader.py,369,0,0,8
poetry,d133696110a42939b107d167d0ffd403acc96a6c,2022-05-23T02:05:42-06:00,tests/console/commands/self/utils.py,0,0,0,33
poetry,d133696110a42939b107d167d0ffd403acc96a6c,2022-05-23T02:05:42-06:00,src/poetry/utils/env.py,2005,25,0,55
poetry,d133696110a42939b107d167d0ffd403acc96a6c,2022-05-23T02:05:42-06:00,get-poetry.py,1118,32,0,0
poetry,d133696110a42939b107d167d0ffd403acc96a6c,2022-05-23T02:05:42-06:00,tests/installation/test_installer_old.py,1926,0,0,7
poetry,d133696110a42939b107d167d0ffd403acc96a6c,2022-05-23T02:05:42-06:00,src/poetry/console/commands/cache/list.py,24,0,0,14
poetry,d133696110a42939b107d167d0ffd403acc96a6c,2022-05-23T02:05:42-06:00,src/poetry/console/commands/debug/info.py,29,0,0,2
poetry,d133696110a42939b107d167d0ffd403acc96a6c,2022-05-23T02:05:42-06:00,src/poetry/console/commands/self/self_command.py,0,0,0,135
poetry,d133696110a42939b107d167d0ffd403acc96a6c,2022-05-23T02:05:42-06:00,tests/console/commands/plugin/test_remove.py,142,0,0,142
poetry,d133696110a42939b107d167d0ffd403acc96a6c,2022-05-23T02:05:42-06:00,src/poetry/json/__init__.py,44,0,0,27
poetry,8cb3aab3d0eaf5a25b3cf57e0cfc633231774524,2022-05-29T16:47:04-06:00,src/poetry/console/application.py,388,0,0,18
poetry,8cb3aab3d0eaf5a25b3cf57e0cfc633231774524,2022-05-29T16:47:04-06:00,src/poetry/utils/password_manager.py,228,3,0,0
poetry,8cb3aab3d0eaf5a25b3cf57e0cfc633231774524,2022-05-29T16:47:04-06:00,src/poetry/repositories/installed_repository.py,293,4,0,0
poetry,8cb3aab3d0eaf5a25b3cf57e0cfc633231774524,2022-05-29T16:47:04-06:00,src/poetry/console/commands/source/show.py,59,0,0,2
poetry,8cb3aab3d0eaf5a25b3cf57e0cfc633231774524,2022-05-29T16:47:04-06:00,tests/mixology/version_solver/test_unsolvable.py,143,0,0,12
poetry,8cb3aab3d0eaf5a25b3cf57e0cfc633231774524,2022-05-29T16:47:04-06:00,src/poetry/utils/helpers.py,147,0,0,41
poetry,8cb3aab3d0eaf5a25b3cf57e0cfc633231774524,2022-05-29T16:47:04-06:00,src/poetry/__init__.py,5,0,0,5
poetry,8cb3aab3d0eaf5a25b3cf57e0cfc633231774524,2022-05-29T16:47:04-06:00,src/poetry/console/commands/env/list.py,31,0,0,4
poetry,8cb3aab3d0eaf5a25b3cf57e0cfc633231774524,2022-05-29T16:47:04-06:00,tests/puzzle/test_solver.py,3452,0,0,91
poetry,8cb3aab3d0eaf5a25b3cf57e0cfc633231774524,2022-05-29T16:47:04-06:00,tests/console/commands/self/test_remove_plugins.py,0,0,0,108
poetry,8cb3aab3d0eaf5a25b3cf57e0cfc633231774524,2022-05-29T16:47:04-06:00,tests/console/commands/plugin/test_show.py,192,0,0,176
poetry,8cb3aab3d0eaf5a25b3cf57e0cfc633231774524,2022-05-29T16:47:04-06:00,src/poetry/puzzle/provider.py,957,6,0,50
poetry,8cb3aab3d0eaf5a25b3cf57e0cfc633231774524,2022-05-29T16:47:04-06:00,tests/console/commands/test_install.py,138,0,0,53
poetry,8cb3aab3d0eaf5a25b3cf57e0cfc633231774524,2022-05-29T16:47:04-06:00,tests/console/conftest.py,197,0,0,28
poetry,8cb3aab3d0eaf5a25b3cf57e0cfc633231774524,2022-05-29T16:47:04-06:00,src/poetry/publishing/publisher.py,102,0,0,11
poetry,8cb3aab3d0eaf5a25b3cf57e0cfc633231774524,2022-05-29T16:47:04-06:00,src/poetry/mixology/incompatibility.py,459,2,0,0
poetry,8cb3aab3d0eaf5a25b3cf57e0cfc633231774524,2022-05-29T16:47:04-06:00,src/poetry/repositories/http.py,287,2,0,15
poetry,8cb3aab3d0eaf5a25b3cf57e0cfc633231774524,2022-05-29T16:47:04-06:00,tests/utils/test_helpers.py,79,0,0,31
poetry,8cb3aab3d0eaf5a25b3cf57e0cfc633231774524,2022-05-29T16:47:04-06:00,tests/console/commands/cache/test_clear.py,0,0,0,81
poetry,8cb3aab3d0eaf5a25b3cf57e0cfc633231774524,2022-05-29T16:47:04-06:00,src/poetry/mixology/failure.py,268,2,0,0
poetry,8cb3aab3d0eaf5a25b3cf57e0cfc633231774524,2022-05-29T16:47:04-06:00,tests/console/commands/self/conftest.py,0,0,0,56
poetry,8cb3aab3d0eaf5a25b3cf57e0cfc633231774524,2022-05-29T16:47:04-06:00,tests/console/commands/test_config.py,249,0,0,14
poetry,8cb3aab3d0eaf5a25b3cf57e0cfc633231774524,2022-05-29T16:47:04-06:00,install-poetry.py,908,28,0,0
poetry,8cb3aab3d0eaf5a25b3cf57e0cfc633231774524,2022-05-29T16:47:04-06:00,src/poetry/console/commands/source/add.py,117,2,0,2
poetry,8cb3aab3d0eaf5a25b3cf57e0cfc633231774524,2022-05-29T16:47:04-06:00,src/poetry/console/commands/remove.py,139,2,0,35
poetry,8cb3aab3d0eaf5a25b3cf57e0cfc633231774524,2022-05-29T16:47:04-06:00,src/poetry/plugins/plugin_manager.py,64,0,0,20
poetry,8cb3aab3d0eaf5a25b3cf57e0cfc633231774524,2022-05-29T16:47:04-06:00,src/poetry/console/commands/update.py,55,1,0,0
poetry,8cb3aab3d0eaf5a25b3cf57e0cfc633231774524,2022-05-29T16:47:04-06:00,src/poetry/console/commands/env/info.py,71,0,0,6
poetry,8cb3aab3d0eaf5a25b3cf57e0cfc633231774524,2022-05-29T16:47:04-06:00,src/poetry/console/commands/build.py,35,0,0,4
poetry,8cb3aab3d0eaf5a25b3cf57e0cfc633231774524,2022-05-29T16:47:04-06:00,src/poetry/repositories/lockfile_repository.py,0,0,0,29
poetry,8cb3aab3d0eaf5a25b3cf57e0cfc633231774524,2022-05-29T16:47:04-06:00,src/poetry/console/commands/env/remove.py,48,0,0,4
poetry,8cb3aab3d0eaf5a25b3cf57e0cfc633231774524,2022-05-29T16:47:04-06:00,tests/json/__init__.py,0,0,0,0
poetry,8cb3aab3d0eaf5a25b3cf57e0cfc633231774524,2022-05-29T16:47:04-06:00,src/poetry/console/commands/self/self_command.py,0,0,0,135
poetry,8cb3aab3d0eaf5a25b3cf57e0cfc633231774524,2022-05-29T16:47:04-06:00,tests/console/commands/self/test_update.py,126,0,0,140
poetry,8cb3aab3d0eaf5a25b3cf57e0cfc633231774524,2022-05-29T16:47:04-06:00,tests/console/commands/self/deprecated_plugin/test_remove.py,0,0,0,56
poetry,8cb3aab3d0eaf5a25b3cf57e0cfc633231774524,2022-05-29T16:47:04-06:00,tests/console/commands/{plugin => self/deprecated_plugin}/test_show.py,0,0,0,0
poetry,8cb3aab3d0eaf5a25b3cf57e0cfc633231774524,2022-05-29T16:47:04-06:00,tests/console/commands/test_run.py,52,0,0,57
poetry,8cb3aab3d0eaf5a25b3cf57e0cfc633231774524,2022-05-29T16:47:04-06:00,src/poetry/factory.py,307,0,0,25
poetry,8cb3aab3d0eaf5a25b3cf57e0cfc633231774524,2022-05-29T16:47:04-06:00,tests/console/commands/plugin/conftest.py,64,0,0,64
poetry,8cb3aab3d0eaf5a25b3cf57e0cfc633231774524,2022-05-29T16:47:04-06:00,tests/packages/test_locker.py,711,0,0,46
poetry,8cb3aab3d0eaf5a25b3cf57e0cfc633231774524,2022-05-29T16:47:04-06:00,src/poetry/console/commands/shell.py,41,0,0,6
poetry,8cb3aab3d0eaf5a25b3cf57e0cfc633231774524,2022-05-29T16:47:04-06:00,src/poetry/console/commands/self/lock.py,0,0,0,17
poetry,8cb3aab3d0eaf5a25b3cf57e0cfc633231774524,2022-05-29T16:47:04-06:00,tests/repositories/test_lockfile_repository.py,0,0,0,60
poetry,8cb3aab3d0eaf5a25b3cf57e0cfc633231774524,2022-05-29T16:47:04-06:00,src/poetry/vcs/git/backend.py,435,2,0,0
poetry,8cb3aab3d0eaf5a25b3cf57e0cfc633231774524,2022-05-29T16:47:04-06:00,src/poetry/console/commands/plugin/add.py,207,2,0,184
poetry,8cb3aab3d0eaf5a25b3cf57e0cfc633231774524,2022-05-29T16:47:04-06:00,tests/installation/test_pip_installer.py,236,0,0,36
poetry,8cb3aab3d0eaf5a25b3cf57e0cfc633231774524,2022-05-29T16:47:04-06:00,tests/console/commands/self/deprecated_plugin/test_add.py,0,0,0,31
poetry,8cb3aab3d0eaf5a25b3cf57e0cfc633231774524,2022-05-29T16:47:04-06:00,src/poetry/console/commands/self/add.py,0,0,0,40
poetry,8cb3aab3d0eaf5a25b3cf57e0cfc633231774524,2022-05-29T16:47:04-06:00,tests/console/commands/test_show.py,1930,0,0,23
poetry,8cb3aab3d0eaf5a25b3cf57e0cfc633231774524,2022-05-29T16:47:04-06:00,src/poetry/console/commands/env/use.py,27,0,0,10
poetry,8cb3aab3d0eaf5a25b3cf57e0cfc633231774524,2022-05-29T16:47:04-06:00,src/poetry/utils/authenticator.py,440,0,0,57
poetry,8cb3aab3d0eaf5a25b3cf57e0cfc633231774524,2022-05-29T16:47:04-06:00,tests/installation/test_installer.py,2431,0,0,61
poetry,8cb3aab3d0eaf5a25b3cf57e0cfc633231774524,2022-05-29T16:47:04-06:00,src/poetry/packages/package_collection.py,37,0,0,3
poetry,8cb3aab3d0eaf5a25b3cf57e0cfc633231774524,2022-05-29T16:47:04-06:00,tests/console/commands/cache/conftest.py,0,0,0,65
poetry,8cb3aab3d0eaf5a25b3cf57e0cfc633231774524,2022-05-29T16:47:04-06:00,tests/conftest.py,443,0,0,61
poetry,8cb3aab3d0eaf5a25b3cf57e0cfc633231774524,2022-05-29T16:47:04-06:00,src/poetry/console/commands/self/update.py,227,0,0,253
poetry,8cb3aab3d0eaf5a25b3cf57e0cfc633231774524,2022-05-29T16:47:04-06:00,src/poetry/console/commands/self/show/__init__.py,0,0,0,36
poetry,8cb3aab3d0eaf5a25b3cf57e0cfc633231774524,2022-05-29T16:47:04-06:00,src/poetry/repositories/link_sources/html.py,48,0,0,10
poetry,8cb3aab3d0eaf5a25b3cf57e0cfc633231774524,2022-05-29T16:47:04-06:00,src/poetry/console/commands/add.py,289,4,0,37
poetry,8cb3aab3d0eaf5a25b3cf57e0cfc633231774524,2022-05-29T16:47:04-06:00,tests/utils/test_env.py,1393,0,0,32
poetry,8cb3aab3d0eaf5a25b3cf57e0cfc633231774524,2022-05-29T16:47:04-06:00,src/poetry/installation/pip_installer.py,286,8,0,14
poetry,8cb3aab3d0eaf5a25b3cf57e0cfc633231774524,2022-05-29T16:47:04-06:00,src/poetry/puzzle/solver.py,374,0,0,21
poetry,8cb3aab3d0eaf5a25b3cf57e0cfc633231774524,2022-05-29T16:47:04-06:00,src/poetry/installation/executor.py,813,14,0,0
poetry,8cb3aab3d0eaf5a25b3cf57e0cfc633231774524,2022-05-29T16:47:04-06:00,src/poetry/console/commands/show.py,542,1,0,20
poetry,8cb3aab3d0eaf5a25b3cf57e0cfc633231774524,2022-05-29T16:47:04-06:00,src/poetry/console/commands/config.py,356,0,0,37
poetry,8cb3aab3d0eaf5a25b3cf57e0cfc633231774524,2022-05-29T16:47:04-06:00,tests/console/commands/test_publish.py,131,0,0,4
poetry,8cb3aab3d0eaf5a25b3cf57e0cfc633231774524,2022-05-29T16:47:04-06:00,src/poetry/console/commands/plugin/remove.py,69,1,0,51
poetry,8cb3aab3d0eaf5a25b3cf57e0cfc633231774524,2022-05-29T16:47:04-06:00,src/poetry/console/commands/version.py,122,0,0,4
poetry,8cb3aab3d0eaf5a25b3cf57e0cfc633231774524,2022-05-29T16:47:04-06:00,src/poetry/console/commands/about.py,36,0,0,4
poetry,8cb3aab3d0eaf5a25b3cf57e0cfc633231774524,2022-05-29T16:47:04-06:00,tests/json/test_schema_sources.py,0,0,0,25
poetry,8cb3aab3d0eaf5a25b3cf57e0cfc633231774524,2022-05-29T16:47:04-06:00,tests/utils/test_dependency_specification.py,106,0,0,7
poetry,8cb3aab3d0eaf5a25b3cf57e0cfc633231774524,2022-05-29T16:47:04-06:00,tests/puzzle/test_provider.py,587,0,0,19
poetry,8cb3aab3d0eaf5a25b3cf57e0cfc633231774524,2022-05-29T16:47:04-06:00,tests/console/commands/cache/__init__.py,0,0,0,0
poetry,8cb3aab3d0eaf5a25b3cf57e0cfc633231774524,2022-05-29T16:47:04-06:00,src/poetry/utils/_compat.py,54,2,0,6
poetry,8cb3aab3d0eaf5a25b3cf57e0cfc633231774524,2022-05-29T16:47:04-06:00,src/poetry/console/commands/self/remove.py,0,0,0,17
poetry,8cb3aab3d0eaf5a25b3cf57e0cfc633231774524,2022-05-29T16:47:04-06:00,src/poetry/packages/locker.py,620,0,0,13
poetry,8cb3aab3d0eaf5a25b3cf57e0cfc633231774524,2022-05-29T16:47:04-06:00,tests/console/commands/self/test_show_plugins.py,0,0,0,194
poetry,8cb3aab3d0eaf5a25b3cf57e0cfc633231774524,2022-05-29T16:47:04-06:00,tests/console/commands/test_add.py,2067,0,0,136
poetry,8cb3aab3d0eaf5a25b3cf57e0cfc633231774524,2022-05-29T16:47:04-06:00,src/poetry/utils/setup_reader.py,367,7,0,0
poetry,8cb3aab3d0eaf5a25b3cf57e0cfc633231774524,2022-05-29T16:47:04-06:00,src/poetry/console/commands/group_command.py,121,0,0,10
poetry,8cb3aab3d0eaf5a25b3cf57e0cfc633231774524,2022-05-29T16:47:04-06:00,src/poetry/console/commands/new.py,89,1,0,4
poetry,8cb3aab3d0eaf5a25b3cf57e0cfc633231774524,2022-05-29T16:47:04-06:00,src/poetry/mixology/assignment.py,63,0,0,3
poetry,8cb3aab3d0eaf5a25b3cf57e0cfc633231774524,2022-05-29T16:47:04-06:00,src/poetry/console/commands/search.py,29,0,0,4
poetry,8cb3aab3d0eaf5a25b3cf57e0cfc633231774524,2022-05-29T16:47:04-06:00,src/poetry/console/commands/publish.py,93,0,0,4
poetry,8cb3aab3d0eaf5a25b3cf57e0cfc633231774524,2022-05-29T16:47:04-06:00,src/poetry/console/commands/self/show/plugins.py,0,0,0,156
poetry,8cb3aab3d0eaf5a25b3cf57e0cfc633231774524,2022-05-29T16:47:04-06:00,src/poetry/console/commands/run.py,66,0,0,5
poetry,8cb3aab3d0eaf5a25b3cf57e0cfc633231774524,2022-05-29T16:47:04-06:00,src/poetry/console/commands/source/remove.py,61,2,0,2
poetry,8cb3aab3d0eaf5a25b3cf57e0cfc633231774524,2022-05-29T16:47:04-06:00,tests/types.py,54,0,0,6
poetry,8cb3aab3d0eaf5a25b3cf57e0cfc633231774524,2022-05-29T16:47:04-06:00,tests/utils/test_authenticator.py,651,0,0,50
poetry,8cb3aab3d0eaf5a25b3cf57e0cfc633231774524,2022-05-29T16:47:04-06:00,tests/console/commands/{plugin => self/deprecated_plugin}/__init__.py,0,0,0,0
poetry,8cb3aab3d0eaf5a25b3cf57e0cfc633231774524,2022-05-29T16:47:04-06:00,src/poetry/console/commands/plugin/show.py,85,0,0,98
poetry,8cb3aab3d0eaf5a25b3cf57e0cfc633231774524,2022-05-29T16:47:04-06:00,src/poetry/console/commands/init.py,479,3,0,0
poetry,8cb3aab3d0eaf5a25b3cf57e0cfc633231774524,2022-05-29T16:47:04-06:00,src/poetry/repositories/pool.py,183,4,0,0
poetry,8cb3aab3d0eaf5a25b3cf57e0cfc633231774524,2022-05-29T16:47:04-06:00,src/poetry/console/commands/install.py,143,1,0,36
poetry,8cb3aab3d0eaf5a25b3cf57e0cfc633231774524,2022-05-29T16:47:04-06:00,src/poetry/publishing/uploader.py,367,0,0,8
poetry,8cb3aab3d0eaf5a25b3cf57e0cfc633231774524,2022-05-29T16:47:04-06:00,src/poetry/console/commands/debug/resolve.py,148,2,0,2
poetry,8cb3aab3d0eaf5a25b3cf57e0cfc633231774524,2022-05-29T16:47:04-06:00,src/poetry/mixology/term.py,192,2,0,11
poetry,8cb3aab3d0eaf5a25b3cf57e0cfc633231774524,2022-05-29T16:47:04-06:00,tests/publishing/test_publisher.py,190,0,0,10
poetry,8cb3aab3d0eaf5a25b3cf57e0cfc633231774524,2022-05-29T16:47:04-06:00,tests/console/commands/self/utils.py,0,0,0,33
poetry,8cb3aab3d0eaf5a25b3cf57e0cfc633231774524,2022-05-29T16:47:04-06:00,src/poetry/utils/env.py,2015,25,0,27
poetry,8cb3aab3d0eaf5a25b3cf57e0cfc633231774524,2022-05-29T16:47:04-06:00,src/poetry/console/commands/self/install.py,0,0,0,38
poetry,8cb3aab3d0eaf5a25b3cf57e0cfc633231774524,2022-05-29T16:47:04-06:00,get-poetry.py,1118,32,0,0
poetry,8cb3aab3d0eaf5a25b3cf57e0cfc633231774524,2022-05-29T16:47:04-06:00,src/poetry/console/commands/cache/list.py,22,0,0,4
poetry,8cb3aab3d0eaf5a25b3cf57e0cfc633231774524,2022-05-29T16:47:04-06:00,src/poetry/console/commands/debug/info.py,29,0,0,2
poetry,8cb3aab3d0eaf5a25b3cf57e0cfc633231774524,2022-05-29T16:47:04-06:00,src/poetry/installation/installer.py,554,6,0,36
poetry,8cb3aab3d0eaf5a25b3cf57e0cfc633231774524,2022-05-29T16:47:04-06:00,tests/console/commands/plugin/test_remove.py,140,0,0,140
poetry,8cb3aab3d0eaf5a25b3cf57e0cfc633231774524,2022-05-29T16:47:04-06:00,src/poetry/json/__init__.py,44,0,0,27
poetry,993519fd89813213e123c5c3ed8c23869715bcab,2022-06-14T23:15:27-04:00,src/poetry/console/application.py,396,0,0,10
poetry,993519fd89813213e123c5c3ed8c23869715bcab,2022-06-14T23:15:27-04:00,tests/console/commands/test_init.py,863,0,0,122
poetry,993519fd89813213e123c5c3ed8c23869715bcab,2022-06-14T23:15:27-04:00,src/poetry/installation/pip_installer.py,286,8,0,0
poetry,993519fd89813213e123c5c3ed8c23869715bcab,2022-06-14T23:15:27-04:00,src/poetry/puzzle/solver.py,369,0,0,22
poetry,993519fd89813213e123c5c3ed8c23869715bcab,2022-06-14T23:15:27-04:00,src/poetry/installation/executor.py,813,14,0,7
poetry,993519fd89813213e123c5c3ed8c23869715bcab,2022-06-14T23:15:27-04:00,src/poetry/console/commands/show.py,540,1,0,15
poetry,993519fd89813213e123c5c3ed8c23869715bcab,2022-06-14T23:15:27-04:00,src/poetry/utils/password_manager.py,228,3,0,0
poetry,993519fd89813213e123c5c3ed8c23869715bcab,2022-06-14T23:15:27-04:00,src/poetry/repositories/installed_repository.py,293,4,0,0
poetry,993519fd89813213e123c5c3ed8c23869715bcab,2022-06-14T23:15:27-04:00,src/poetry/utils/dependency_specification.py,221,0,0,17
poetry,993519fd89813213e123c5c3ed8c23869715bcab,2022-06-14T23:15:27-04:00,src/poetry/config/config.py,302,0,0,7
poetry,993519fd89813213e123c5c3ed8c23869715bcab,2022-06-14T23:15:27-04:00,src/poetry/utils/helpers.py,171,0,0,4
poetry,993519fd89813213e123c5c3ed8c23869715bcab,2022-06-14T23:15:27-04:00,tests/utils/fixtures/setups/pyyaml/setup.py,356,0,0,10
poetry,993519fd89813213e123c5c3ed8c23869715bcab,2022-06-14T23:15:27-04:00,src/poetry/console/commands/plugin/remove.py,62,2,0,14
poetry,993519fd89813213e123c5c3ed8c23869715bcab,2022-06-14T23:15:27-04:00,tests/console/commands/test_install.py,179,0,0,9
poetry,993519fd89813213e123c5c3ed8c23869715bcab,2022-06-14T23:15:27-04:00,src/poetry/puzzle/provider.py,953,6,0,147
poetry,993519fd89813213e123c5c3ed8c23869715bcab,2022-06-14T23:15:27-04:00,src/poetry/publishing/publisher.py,102,0,0,9
poetry,993519fd89813213e123c5c3ed8c23869715bcab,2022-06-14T23:15:27-04:00,src/poetry/mixology/incompatibility.py,459,2,0,0
poetry,993519fd89813213e123c5c3ed8c23869715bcab,2022-06-14T23:15:27-04:00,tests/puzzle/test_provider.py,582,0,0,36
poetry,993519fd89813213e123c5c3ed8c23869715bcab,2022-06-14T23:15:27-04:00,src/poetry/repositories/http.py,287,2,0,5
poetry,993519fd89813213e123c5c3ed8c23869715bcab,2022-06-14T23:15:27-04:00,src/poetry/utils/_compat.py,56,2,0,0
poetry,993519fd89813213e123c5c3ed8c23869715bcab,2022-06-14T23:15:27-04:00,src/poetry/vcs/git/system.py,64,0,0,9
poetry,993519fd89813213e123c5c3ed8c23869715bcab,2022-06-14T23:15:27-04:00,src/poetry/repositories/pypi_repository.py,261,0,0,13
poetry,993519fd89813213e123c5c3ed8c23869715bcab,2022-06-14T23:15:27-04:00,src/poetry/repositories/repository.py,138,1,0,0
poetry,993519fd89813213e123c5c3ed8c23869715bcab,2022-06-14T23:15:27-04:00,src/poetry/packages/locker.py,631,0,0,20
poetry,993519fd89813213e123c5c3ed8c23869715bcab,2022-06-14T23:15:27-04:00,src/poetry/mixology/failure.py,268,2,0,0
poetry,993519fd89813213e123c5c3ed8c23869715bcab,2022-06-14T23:15:27-04:00,src/poetry/utils/setup_reader.py,367,7,0,0
poetry,993519fd89813213e123c5c3ed8c23869715bcab,2022-06-14T23:15:27-04:00,install-poetry.py,908,28,0,0
poetry,993519fd89813213e123c5c3ed8c23869715bcab,2022-06-14T23:15:27-04:00,src/poetry/console/commands/source/add.py,102,1,0,21
poetry,993519fd89813213e123c5c3ed8c23869715bcab,2022-06-14T23:15:27-04:00,src/poetry/console/commands/new.py,91,1,0,0
poetry,993519fd89813213e123c5c3ed8c23869715bcab,2022-06-14T23:15:27-04:00,src/poetry/console/commands/remove.py,134,2,0,0
poetry,993519fd89813213e123c5c3ed8c23869715bcab,2022-06-14T23:15:27-04:00,src/poetry/console/commands/update.py,55,1,0,0
poetry,993519fd89813213e123c5c3ed8c23869715bcab,2022-06-14T23:15:27-04:00,src/poetry/console/commands/source/remove.py,45,1,0,22
poetry,993519fd89813213e123c5c3ed8c23869715bcab,2022-06-14T23:15:27-04:00,tests/utils/test_authenticator.py,651,0,0,81
poetry,993519fd89813213e123c5c3ed8c23869715bcab,2022-06-14T23:15:27-04:00,src/poetry/utils/source.py,20,0,0,20
poetry,993519fd89813213e123c5c3ed8c23869715bcab,2022-06-14T23:15:27-04:00,src/poetry/console/commands/plugin/show.py,39,1,0,14
poetry,993519fd89813213e123c5c3ed8c23869715bcab,2022-06-14T23:15:27-04:00,src/poetry/repositories/lockfile_repository.py,29,1,0,0
poetry,993519fd89813213e123c5c3ed8c23869715bcab,2022-06-14T23:15:27-04:00,tests/utils/fixtures/setups/ansible/setup.py,326,0,0,10
poetry,993519fd89813213e123c5c3ed8c23869715bcab,2022-06-14T23:15:27-04:00,src/poetry/console/commands/init.py,479,3,0,39
poetry,993519fd89813213e123c5c3ed8c23869715bcab,2022-06-14T23:15:27-04:00,src/poetry/repositories/pool.py,183,4,0,0
poetry,993519fd89813213e123c5c3ed8c23869715bcab,2022-06-14T23:15:27-04:00,src/poetry/console/commands/self/self_command.py,127,0,0,10
poetry,993519fd89813213e123c5c3ed8c23869715bcab,2022-06-14T23:15:27-04:00,src/poetry/console/commands/install.py,149,1,0,33
poetry,993519fd89813213e123c5c3ed8c23869715bcab,2022-06-14T23:15:27-04:00,src/poetry/publishing/uploader.py,367,0,0,3
poetry,993519fd89813213e123c5c3ed8c23869715bcab,2022-06-14T23:15:27-04:00,src/poetry/console/commands/debug/resolve.py,148,2,0,0
poetry,993519fd89813213e123c5c3ed8c23869715bcab,2022-06-14T23:15:27-04:00,src/poetry/mixology/term.py,187,2,0,0
poetry,993519fd89813213e123c5c3ed8c23869715bcab,2022-06-14T23:15:27-04:00,src/poetry/factory.py,314,0,0,4
poetry,993519fd89813213e123c5c3ed8c23869715bcab,2022-06-14T23:15:27-04:00,tests/repositories/test_legacy_repository.py,475,0,0,4
poetry,993519fd89813213e123c5c3ed8c23869715bcab,2022-06-14T23:15:27-04:00,src/poetry/utils/constants.py,0,0,0,5
poetry,993519fd89813213e123c5c3ed8c23869715bcab,2022-06-14T23:15:27-04:00,tests/config/test_config.py,68,0,0,13
poetry,993519fd89813213e123c5c3ed8c23869715bcab,2022-06-14T23:15:27-04:00,src/poetry/utils/env.py,2030,25,0,90
poetry,993519fd89813213e123c5c3ed8c23869715bcab,2022-06-14T23:15:27-04:00,src/poetry/vcs/git/backend.py,435,2,0,2
poetry,993519fd89813213e123c5c3ed8c23869715bcab,2022-06-14T23:15:27-04:00,src/poetry/installation/chef.py,110,0,0,16
poetry,993519fd89813213e123c5c3ed8c23869715bcab,2022-06-14T23:15:27-04:00,get-poetry.py,1118,32,0,0
poetry,993519fd89813213e123c5c3ed8c23869715bcab,2022-06-14T23:15:27-04:00,src/poetry/console/commands/plugin/add.py,67,2,0,7
poetry,993519fd89813213e123c5c3ed8c23869715bcab,2022-06-14T23:15:27-04:00,tests/utils/test_source.py,40,0,0,40
poetry,993519fd89813213e123c5c3ed8c23869715bcab,2022-06-14T23:15:27-04:00,src/poetry/utils/authenticator.py,440,0,0,3
poetry,993519fd89813213e123c5c3ed8c23869715bcab,2022-06-14T23:15:27-04:00,src/poetry/inspection/info.py,619,0,0,34
poetry,993519fd89813213e123c5c3ed8c23869715bcab,2022-06-14T23:15:27-04:00,src/poetry/installation/installer.py,554,6,0,0
poetry,993519fd89813213e123c5c3ed8c23869715bcab,2022-06-14T23:15:27-04:00,src/poetry/console/commands/self/update.py,60,1,0,12
poetry,993519fd89813213e123c5c3ed8c23869715bcab,2022-06-14T23:15:27-04:00,src/poetry/console/commands/add.py,290,3,0,3
poetry,fc0597c7d715613f31b28767669cbdae46be0ebc,2022-07-17T17:48:38+02:00,src/poetry/console/application.py,394,0,0,13
poetry,fc0597c7d715613f31b28767669cbdae46be0ebc,2022-07-17T17:48:38+02:00,tests/console/commands/test_init.py,1007,0,0,2
poetry,fc0597c7d715613f31b28767669cbdae46be0ebc,2022-07-17T17:48:38+02:00,src/poetry/installation/pip_installer.py,286,8,0,0
poetry,fc0597c7d715613f31b28767669cbdae46be0ebc,2022-07-17T17:48:38+02:00,src/poetry/installation/executor.py,799,14,0,1
poetry,fc0597c7d715613f31b28767669cbdae46be0ebc,2022-07-17T17:48:38+02:00,src/poetry/console/commands/show.py,538,1,0,2
poetry,fc0597c7d715613f31b28767669cbdae46be0ebc,2022-07-17T17:48:38+02:00,src/poetry/utils/password_manager.py,226,3,0,0
poetry,fc0597c7d715613f31b28767669cbdae46be0ebc,2022-07-17T17:48:38+02:00,src/poetry/repositories/installed_repository.py,296,4,0,2
poetry,fc0597c7d715613f31b28767669cbdae46be0ebc,2022-07-17T17:48:38+02:00,src/poetry/utils/helpers.py,259,5,0,13
poetry,fc0597c7d715613f31b28767669cbdae46be0ebc,2022-07-17T17:48:38+02:00,src/poetry/mixology/partial_solution.py,233,0,0,28
poetry,fc0597c7d715613f31b28767669cbdae46be0ebc,2022-07-17T17:48:38+02:00,src/poetry/config/config.py,308,0,0,2
poetry,fc0597c7d715613f31b28767669cbdae46be0ebc,2022-07-17T17:48:38+02:00,src/poetry/layouts/layout.py,200,0,0,9
poetry,fc0597c7d715613f31b28767669cbdae46be0ebc,2022-07-17T17:48:38+02:00,tests/utils/test_extras.py,70,0,0,2
poetry,fc0597c7d715613f31b28767669cbdae46be0ebc,2022-07-17T17:48:38+02:00,src/poetry/packages/dependency_package.py,57,0,0,10
poetry,fc0597c7d715613f31b28767669cbdae46be0ebc,2022-07-17T17:48:38+02:00,src/poetry/console/commands/plugin/remove.py,61,2,0,10
poetry,fc0597c7d715613f31b28767669cbdae46be0ebc,2022-07-17T17:48:38+02:00,tests/console/commands/test_publish.py,128,0,0,2
poetry,fc0597c7d715613f31b28767669cbdae46be0ebc,2022-07-17T17:48:38+02:00,src/poetry/repositories/legacy_repository.py,149,0,0,2
poetry,fc0597c7d715613f31b28767669cbdae46be0ebc,2022-07-17T17:48:38+02:00,tests/puzzle/test_solver.py,3598,0,0,56
poetry,fc0597c7d715613f31b28767669cbdae46be0ebc,2022-07-17T17:48:38+02:00,src/poetry/puzzle/provider.py,928,2,0,171
poetry,fc0597c7d715613f31b28767669cbdae46be0ebc,2022-07-17T17:48:38+02:00,src/poetry/publishing/publisher.py,93,0,0,5
poetry,fc0597c7d715613f31b28767669cbdae46be0ebc,2022-07-17T17:48:38+02:00,src/poetry/mixology/incompatibility.py,459,2,0,0
poetry,fc0597c7d715613f31b28767669cbdae46be0ebc,2022-07-17T17:48:38+02:00,tests/puzzle/test_provider.py,582,0,0,108
poetry,fc0597c7d715613f31b28767669cbdae46be0ebc,2022-07-17T17:48:38+02:00,src/poetry/repositories/http.py,290,2,0,0
poetry,fc0597c7d715613f31b28767669cbdae46be0ebc,2022-07-17T17:48:38+02:00,src/poetry/utils/_compat.py,56,2,0,0
poetry,fc0597c7d715613f31b28767669cbdae46be0ebc,2022-07-17T17:48:38+02:00,src/poetry/repositories/pypi_repository.py,268,2,0,0
poetry,fc0597c7d715613f31b28767669cbdae46be0ebc,2022-07-17T17:48:38+02:00,tests/utils/test_helpers.py,87,0,0,19
poetry,fc0597c7d715613f31b28767669cbdae46be0ebc,2022-07-17T17:48:38+02:00,src/poetry/repositories/repository.py,136,1,0,0
poetry,fc0597c7d715613f31b28767669cbdae46be0ebc,2022-07-17T17:48:38+02:00,src/poetry/mixology/failure.py,268,2,0,0
poetry,fc0597c7d715613f31b28767669cbdae46be0ebc,2022-07-17T17:48:38+02:00,src/poetry/mixology/version_solver.py,520,0,0,37
poetry,fc0597c7d715613f31b28767669cbdae46be0ebc,2022-07-17T17:48:38+02:00,src/poetry/utils/setup_reader.py,367,7,0,0
poetry,fc0597c7d715613f31b28767669cbdae46be0ebc,2022-07-17T17:48:38+02:00,install-poetry.py,908,33,0,0
poetry,fc0597c7d715613f31b28767669cbdae46be0ebc,2022-07-17T17:48:38+02:00,src/poetry/console/commands/source/add.py,101,1,0,0
poetry,fc0597c7d715613f31b28767669cbdae46be0ebc,2022-07-17T17:48:38+02:00,src/poetry/console/commands/new.py,90,1,0,0
poetry,fc0597c7d715613f31b28767669cbdae46be0ebc,2022-07-17T17:48:38+02:00,src/poetry/console/commands/remove.py,133,2,0,2
poetry,fc0597c7d715613f31b28767669cbdae46be0ebc,2022-07-17T17:48:38+02:00,tests/compat.py,12,0,0,10
poetry,fc0597c7d715613f31b28767669cbdae46be0ebc,2022-07-17T17:48:38+02:00,src/poetry/console/commands/update.py,54,1,0,0
poetry,fc0597c7d715613f31b28767669cbdae46be0ebc,2022-07-17T17:48:38+02:00,tests/publishing/test_uploader.py,102,0,0,23
poetry,fc0597c7d715613f31b28767669cbdae46be0ebc,2022-07-17T17:48:38+02:00,src/poetry/console/commands/self/show/plugins.py,117,0,0,3
poetry,fc0597c7d715613f31b28767669cbdae46be0ebc,2022-07-17T17:48:38+02:00,src/poetry/utils/extras.py,66,0,0,2
poetry,fc0597c7d715613f31b28767669cbdae46be0ebc,2022-07-17T17:48:38+02:00,src/poetry/console/commands/source/remove.py,44,1,0,0
poetry,fc0597c7d715613f31b28767669cbdae46be0ebc,2022-07-17T17:48:38+02:00,src/poetry/console/commands/plugin/show.py,38,1,0,8
poetry,fc0597c7d715613f31b28767669cbdae46be0ebc,2022-07-17T17:48:38+02:00,src/poetry/repositories/lockfile_repository.py,32,1,0,0
poetry,fc0597c7d715613f31b28767669cbdae46be0ebc,2022-07-17T17:48:38+02:00,src/poetry/console/commands/init.py,475,3,0,2
poetry,fc0597c7d715613f31b28767669cbdae46be0ebc,2022-07-17T17:48:38+02:00,src/poetry/repositories/pool.py,180,4,0,0
poetry,fc0597c7d715613f31b28767669cbdae46be0ebc,2022-07-17T17:48:38+02:00,tests/mixology/version_solver/test_dependency_cache.py,125,0,0,11
poetry,fc0597c7d715613f31b28767669cbdae46be0ebc,2022-07-17T17:48:38+02:00,src/poetry/console/commands/install.py,181,1,0,0
poetry,fc0597c7d715613f31b28767669cbdae46be0ebc,2022-07-17T17:48:38+02:00,src/poetry/publishing/uploader.py,370,0,0,7
poetry,fc0597c7d715613f31b28767669cbdae46be0ebc,2022-07-17T17:48:38+02:00,src/poetry/console/commands/debug/resolve.py,146,2,0,10
poetry,fc0597c7d715613f31b28767669cbdae46be0ebc,2022-07-17T17:48:38+02:00,src/poetry/mixology/term.py,187,2,0,0
poetry,fc0597c7d715613f31b28767669cbdae46be0ebc,2022-07-17T17:48:38+02:00,src/poetry/factory.py,314,0,0,3
poetry,fc0597c7d715613f31b28767669cbdae46be0ebc,2022-07-17T17:48:38+02:00,src/poetry/repositories/link_sources/base.py,112,0,0,6
poetry,fc0597c7d715613f31b28767669cbdae46be0ebc,2022-07-17T17:48:38+02:00,src/poetry/plugins/application_plugin.py,26,0,0,5
poetry,fc0597c7d715613f31b28767669cbdae46be0ebc,2022-07-17T17:48:38+02:00,src/poetry/utils/env.py,2004,20,0,7
poetry,fc0597c7d715613f31b28767669cbdae46be0ebc,2022-07-17T17:48:38+02:00,src/poetry/vcs/git/backend.py,436,2,0,0
poetry,fc0597c7d715613f31b28767669cbdae46be0ebc,2022-07-17T17:48:38+02:00,get-poetry.py,1119,32,0,0
poetry,fc0597c7d715613f31b28767669cbdae46be0ebc,2022-07-17T17:48:38+02:00,src/poetry/console/commands/plugin/add.py,63,2,0,3
poetry,fc0597c7d715613f31b28767669cbdae46be0ebc,2022-07-17T17:48:38+02:00,tests/installation/test_pip_installer.py,236,0,0,2
poetry,fc0597c7d715613f31b28767669cbdae46be0ebc,2022-07-17T17:48:38+02:00,src/poetry/installation/installer.py,558,6,0,2
poetry,fc0597c7d715613f31b28767669cbdae46be0ebc,2022-07-17T17:48:38+02:00,src/poetry/console/commands/self/update.py,62,1,0,10
poetry,fc0597c7d715613f31b28767669cbdae46be0ebc,2022-07-17T17:48:38+02:00,src/poetry/console/commands/add.py,286,3,0,2
poetry,fc0597c7d715613f31b28767669cbdae46be0ebc,2022-07-17T17:48:38+02:00,tests/repositories/test_installed_repository.py,285,0,0,4
poetry,95915f0a8e17903caaff42ef85d9f8d8327bde1d,2022-07-24T12:09:18-06:00,tests/utils/test_env.py,1410,0,0,7
poetry,95915f0a8e17903caaff42ef85d9f8d8327bde1d,2022-07-24T12:09:18-06:00,src/poetry/console/application.py,394,0,0,13
poetry,95915f0a8e17903caaff42ef85d9f8d8327bde1d,2022-07-24T12:09:18-06:00,src/poetry/installation/pip_installer.py,286,8,0,0
poetry,95915f0a8e17903caaff42ef85d9f8d8327bde1d,2022-07-24T12:09:18-06:00,src/poetry/installation/executor.py,799,14,0,1
poetry,95915f0a8e17903caaff42ef85d9f8d8327bde1d,2022-07-24T12:09:18-06:00,src/poetry/console/commands/show.py,538,1,0,0
poetry,95915f0a8e17903caaff42ef85d9f8d8327bde1d,2022-07-24T12:09:18-06:00,src/poetry/utils/password_manager.py,226,3,0,0
poetry,95915f0a8e17903caaff42ef85d9f8d8327bde1d,2022-07-24T12:09:18-06:00,src/poetry/repositories/installed_repository.py,296,4,0,0
poetry,95915f0a8e17903caaff42ef85d9f8d8327bde1d,2022-07-24T12:09:18-06:00,src/poetry/utils/helpers.py,248,5,0,2
poetry,95915f0a8e17903caaff42ef85d9f8d8327bde1d,2022-07-24T12:09:18-06:00,src/poetry/mixology/partial_solution.py,233,0,0,28
poetry,95915f0a8e17903caaff42ef85d9f8d8327bde1d,2022-07-24T12:09:18-06:00,src/poetry/packages/dependency_package.py,57,0,0,10
poetry,95915f0a8e17903caaff42ef85d9f8d8327bde1d,2022-07-24T12:09:18-06:00,tests/console/commands/test_publish.py,128,0,0,2
poetry,95915f0a8e17903caaff42ef85d9f8d8327bde1d,2022-07-24T12:09:18-06:00,src/poetry/console/commands/plugin/remove.py,61,2,0,10
poetry,95915f0a8e17903caaff42ef85d9f8d8327bde1d,2022-07-24T12:09:18-06:00,tests/puzzle/test_solver.py,3598,0,0,56
poetry,95915f0a8e17903caaff42ef85d9f8d8327bde1d,2022-07-24T12:09:18-06:00,src/poetry/puzzle/provider.py,928,2,0,171
poetry,95915f0a8e17903caaff42ef85d9f8d8327bde1d,2022-07-24T12:09:18-06:00,src/poetry/publishing/publisher.py,93,0,0,5
poetry,95915f0a8e17903caaff42ef85d9f8d8327bde1d,2022-07-24T12:09:18-06:00,src/poetry/mixology/incompatibility.py,459,2,0,0
poetry,95915f0a8e17903caaff42ef85d9f8d8327bde1d,2022-07-24T12:09:18-06:00,tests/puzzle/test_provider.py,582,0,0,108
poetry,95915f0a8e17903caaff42ef85d9f8d8327bde1d,2022-07-24T12:09:18-06:00,src/poetry/repositories/http.py,290,2,0,0
poetry,95915f0a8e17903caaff42ef85d9f8d8327bde1d,2022-07-24T12:09:18-06:00,src/poetry/utils/_compat.py,56,2,0,0
poetry,95915f0a8e17903caaff42ef85d9f8d8327bde1d,2022-07-24T12:09:18-06:00,src/poetry/repositories/pypi_repository.py,268,2,0,0
poetry,95915f0a8e17903caaff42ef85d9f8d8327bde1d,2022-07-24T12:09:18-06:00,src/poetry/repositories/repository.py,136,1,0,0
poetry,95915f0a8e17903caaff42ef85d9f8d8327bde1d,2022-07-24T12:09:18-06:00,src/poetry/packages/locker.py,630,0,0,3
poetry,95915f0a8e17903caaff42ef85d9f8d8327bde1d,2022-07-24T12:09:18-06:00,src/poetry/mixology/failure.py,268,2,0,0
poetry,95915f0a8e17903caaff42ef85d9f8d8327bde1d,2022-07-24T12:09:18-06:00,src/poetry/mixology/version_solver.py,520,0,0,37
poetry,95915f0a8e17903caaff42ef85d9f8d8327bde1d,2022-07-24T12:09:18-06:00,src/poetry/utils/setup_reader.py,367,7,0,0
poetry,95915f0a8e17903caaff42ef85d9f8d8327bde1d,2022-07-24T12:09:18-06:00,install-poetry.py,908,33,0,0
poetry,95915f0a8e17903caaff42ef85d9f8d8327bde1d,2022-07-24T12:09:18-06:00,src/poetry/console/commands/source/add.py,101,1,0,0
poetry,95915f0a8e17903caaff42ef85d9f8d8327bde1d,2022-07-24T12:09:18-06:00,src/poetry/console/commands/new.py,90,1,0,0
poetry,95915f0a8e17903caaff42ef85d9f8d8327bde1d,2022-07-24T12:09:18-06:00,src/poetry/console/commands/remove.py,133,2,0,0
poetry,95915f0a8e17903caaff42ef85d9f8d8327bde1d,2022-07-24T12:09:18-06:00,tests/compat.py,12,0,0,10
poetry,95915f0a8e17903caaff42ef85d9f8d8327bde1d,2022-07-24T12:09:18-06:00,src/poetry/console/commands/update.py,54,1,0,0
poetry,95915f0a8e17903caaff42ef85d9f8d8327bde1d,2022-07-24T12:09:18-06:00,src/poetry/utils/shell.py,133,0,0,6
poetry,95915f0a8e17903caaff42ef85d9f8d8327bde1d,2022-07-24T12:09:18-06:00,tests/publishing/test_uploader.py,121,0,0,23
poetry,95915f0a8e17903caaff42ef85d9f8d8327bde1d,2022-07-24T12:09:18-06:00,src/poetry/console/commands/source/remove.py,44,1,0,0
poetry,95915f0a8e17903caaff42ef85d9f8d8327bde1d,2022-07-24T12:09:18-06:00,src/poetry/console/commands/plugin/show.py,38,1,0,8
poetry,95915f0a8e17903caaff42ef85d9f8d8327bde1d,2022-07-24T12:09:18-06:00,src/poetry/repositories/lockfile_repository.py,32,1,0,0
poetry,95915f0a8e17903caaff42ef85d9f8d8327bde1d,2022-07-24T12:09:18-06:00,src/poetry/console/commands/init.py,475,3,0,0
poetry,95915f0a8e17903caaff42ef85d9f8d8327bde1d,2022-07-24T12:09:18-06:00,src/poetry/repositories/pool.py,180,4,0,0
poetry,95915f0a8e17903caaff42ef85d9f8d8327bde1d,2022-07-24T12:09:18-06:00,tests/mixology/version_solver/test_dependency_cache.py,125,0,0,11
poetry,95915f0a8e17903caaff42ef85d9f8d8327bde1d,2022-07-24T12:09:18-06:00,src/poetry/console/commands/install.py,181,1,0,0
poetry,95915f0a8e17903caaff42ef85d9f8d8327bde1d,2022-07-24T12:09:18-06:00,src/poetry/publishing/uploader.py,371,0,0,7
poetry,95915f0a8e17903caaff42ef85d9f8d8327bde1d,2022-07-24T12:09:18-06:00,src/poetry/console/commands/debug/resolve.py,146,2,0,10
poetry,95915f0a8e17903caaff42ef85d9f8d8327bde1d,2022-07-24T12:09:18-06:00,src/poetry/mixology/term.py,187,2,0,0
poetry,95915f0a8e17903caaff42ef85d9f8d8327bde1d,2022-07-24T12:09:18-06:00,src/poetry/factory.py,314,0,0,3
poetry,95915f0a8e17903caaff42ef85d9f8d8327bde1d,2022-07-24T12:09:18-06:00,tests/packages/test_locker.py,755,0,0,90
poetry,95915f0a8e17903caaff42ef85d9f8d8327bde1d,2022-07-24T12:09:18-06:00,src/poetry/plugins/application_plugin.py,26,0,0,5
poetry,95915f0a8e17903caaff42ef85d9f8d8327bde1d,2022-07-24T12:09:18-06:00,src/poetry/utils/env.py,2004,20,0,9
poetry,95915f0a8e17903caaff42ef85d9f8d8327bde1d,2022-07-24T12:09:18-06:00,src/poetry/vcs/git/backend.py,436,2,0,0
poetry,95915f0a8e17903caaff42ef85d9f8d8327bde1d,2022-07-24T12:09:18-06:00,get-poetry.py,1119,32,0,0
poetry,95915f0a8e17903caaff42ef85d9f8d8327bde1d,2022-07-24T12:09:18-06:00,src/poetry/console/commands/plugin/add.py,63,2,0,3
poetry,95915f0a8e17903caaff42ef85d9f8d8327bde1d,2022-07-24T12:09:18-06:00,src/poetry/installation/installer.py,558,6,0,0
poetry,95915f0a8e17903caaff42ef85d9f8d8327bde1d,2022-07-24T12:09:18-06:00,src/poetry/console/commands/self/update.py,62,1,0,10
poetry,95915f0a8e17903caaff42ef85d9f8d8327bde1d,2022-07-24T12:09:18-06:00,src/poetry/console/commands/add.py,286,3,0,0
poetry,95915f0a8e17903caaff42ef85d9f8d8327bde1d,2022-07-24T12:09:18-06:00,tests/repositories/test_installed_repository.py,285,0,0,4
poetry,17c2132517083088449e27c8f41936857739aad8,2022-08-22T20:40:30+02:00,src/poetry/console/application.py,391,0,0,7
poetry,17c2132517083088449e27c8f41936857739aad8,2022-08-22T20:40:30+02:00,src/poetry/console/commands/cache/clear.py,84,0,0,6
poetry,17c2132517083088449e27c8f41936857739aad8,2022-08-22T20:40:30+02:00,src/poetry/utils/password_manager.py,235,3,0,0
poetry,17c2132517083088449e27c8f41936857739aad8,2022-08-22T20:40:30+02:00,src/poetry/repositories/installed_repository.py,301,6,0,0
poetry,17c2132517083088449e27c8f41936857739aad8,2022-08-22T20:40:30+02:00,src/poetry/utils/helpers.py,248,5,0,0
poetry,17c2132517083088449e27c8f41936857739aad8,2022-08-22T20:40:30+02:00,src/poetry/repositories/legacy_repository.py,140,0,0,2
poetry,17c2132517083088449e27c8f41936857739aad8,2022-08-22T20:40:30+02:00,tests/puzzle/test_solver.py,3724,0,0,452
poetry,17c2132517083088449e27c8f41936857739aad8,2022-08-22T20:40:30+02:00,tests/console/commands/self/test_remove_plugins.py,108,0,0,1
poetry,17c2132517083088449e27c8f41936857739aad8,2022-08-22T20:40:30+02:00,src/poetry/console/command_loader.py,22,0,0,2
poetry,17c2132517083088449e27c8f41936857739aad8,2022-08-22T20:40:30+02:00,tests/console/commands/test_install.py,185,0,0,1
poetry,17c2132517083088449e27c8f41936857739aad8,2022-08-22T20:40:30+02:00,src/poetry/puzzle/provider.py,959,2,0,101
poetry,17c2132517083088449e27c8f41936857739aad8,2022-08-22T20:40:30+02:00,src/poetry/mixology/incompatibility.py,459,2,0,0
poetry,17c2132517083088449e27c8f41936857739aad8,2022-08-22T20:40:30+02:00,src/poetry/repositories/http.py,293,2,0,0
poetry,17c2132517083088449e27c8f41936857739aad8,2022-08-22T20:40:30+02:00,src/poetry/console/commands/plugin/__init__.py,0,0,0,0
poetry,17c2132517083088449e27c8f41936857739aad8,2022-08-22T20:40:30+02:00,src/poetry/repositories/repository.py,148,1,0,14
poetry,17c2132517083088449e27c8f41936857739aad8,2022-08-22T20:40:30+02:00,src/poetry/mixology/failure.py,268,2,0,0
poetry,17c2132517083088449e27c8f41936857739aad8,2022-08-22T20:40:30+02:00,src/poetry/mixology/version_solver.py,521,0,0,41
poetry,17c2132517083088449e27c8f41936857739aad8,2022-08-22T20:40:30+02:00,install-poetry.py,908,33,0,0
poetry,17c2132517083088449e27c8f41936857739aad8,2022-08-22T20:40:30+02:00,src/poetry/console/commands/source/add.py,101,1,0,0
poetry,17c2132517083088449e27c8f41936857739aad8,2022-08-22T20:40:30+02:00,src/poetry/installation/installer.py,559,6,0,8
poetry,17c2132517083088449e27c8f41936857739aad8,2022-08-22T20:40:30+02:00,src/poetry/console/commands/remove.py,133,2,0,0
poetry,17c2132517083088449e27c8f41936857739aad8,2022-08-22T20:40:30+02:00,src/poetry/console/commands/update.py,54,1,0,0
poetry,17c2132517083088449e27c8f41936857739aad8,2022-08-22T20:40:30+02:00,src/poetry/utils/extras.py,69,0,0,8
poetry,17c2132517083088449e27c8f41936857739aad8,2022-08-22T20:40:30+02:00,tests/console/commands/self/deprecated_plugin/test_show.py,0,0,0,24
poetry,17c2132517083088449e27c8f41936857739aad8,2022-08-22T20:40:30+02:00,src/poetry/repositories/lockfile_repository.py,32,1,0,0
poetry,17c2132517083088449e27c8f41936857739aad8,2022-08-22T20:40:30+02:00,tests/masonry/builders/test_editable_builder.py,306,0,0,5
poetry,17c2132517083088449e27c8f41936857739aad8,2022-08-22T20:40:30+02:00,tests/console/commands/self/deprecated_plugin/test_remove.py,0,0,0,56
poetry,17c2132517083088449e27c8f41936857739aad8,2022-08-22T20:40:30+02:00,tests/inspection/test_info.py,254,0,0,2
poetry,17c2132517083088449e27c8f41936857739aad8,2022-08-22T20:40:30+02:00,tests/packages/test_locker.py,1000,0,0,114
poetry,17c2132517083088449e27c8f41936857739aad8,2022-08-22T20:40:30+02:00,tests/console/commands/self/deprecated_plugin/__init__.py,0,0,0,0
poetry,17c2132517083088449e27c8f41936857739aad8,2022-08-22T20:40:30+02:00,src/poetry/vcs/git/backend.py,435,2,0,13
poetry,17c2132517083088449e27c8f41936857739aad8,2022-08-22T20:40:30+02:00,tests/installation/test_pip_installer.py,300,0,0,2
poetry,17c2132517083088449e27c8f41936857739aad8,2022-08-22T20:40:30+02:00,src/poetry/console/commands/plugin/add.py,0,0,0,64
poetry,17c2132517083088449e27c8f41936857739aad8,2022-08-22T20:40:30+02:00,tests/console/commands/self/deprecated_plugin/test_add.py,0,0,0,31
poetry,17c2132517083088449e27c8f41936857739aad8,2022-08-22T20:40:30+02:00,tests/console/commands/test_show.py,1926,0,0,76
poetry,17c2132517083088449e27c8f41936857739aad8,2022-08-22T20:40:30+02:00,tests/installation/test_installer.py,2518,0,0,38
poetry,17c2132517083088449e27c8f41936857739aad8,2022-08-22T20:40:30+02:00,src/poetry/packages/package_collection.py,38,0,0,7
poetry,17c2132517083088449e27c8f41936857739aad8,2022-08-22T20:40:30+02:00,src/poetry/console/commands/add.py,286,3,0,5
poetry,17c2132517083088449e27c8f41936857739aad8,2022-08-22T20:40:30+02:00,src/poetry/installation/pip_installer.py,301,10,0,80
poetry,17c2132517083088449e27c8f41936857739aad8,2022-08-22T20:40:30+02:00,src/poetry/puzzle/solver.py,359,0,0,106
poetry,17c2132517083088449e27c8f41936857739aad8,2022-08-22T20:40:30+02:00,src/poetry/installation/executor.py,825,16,0,66
poetry,17c2132517083088449e27c8f41936857739aad8,2022-08-22T20:40:30+02:00,src/poetry/console/commands/show.py,539,1,0,11
poetry,17c2132517083088449e27c8f41936857739aad8,2022-08-22T20:40:30+02:00,src/poetry/console/commands/plugin/remove.py,0,0,0,57
poetry,17c2132517083088449e27c8f41936857739aad8,2022-08-22T20:40:30+02:00,tests/repositories/test_pypi_repository.py,324,0,0,24
poetry,17c2132517083088449e27c8f41936857739aad8,2022-08-22T20:40:30+02:00,src/poetry/utils/_compat.py,56,2,0,0
poetry,17c2132517083088449e27c8f41936857739aad8,2022-08-22T20:40:30+02:00,src/poetry/repositories/pypi_repository.py,266,2,0,0
poetry,17c2132517083088449e27c8f41936857739aad8,2022-08-22T20:40:30+02:00,src/poetry/packages/locker.py,457,0,0,18
poetry,17c2132517083088449e27c8f41936857739aad8,2022-08-22T20:40:30+02:00,src/poetry/repositories/cached.py,85,0,0,7
poetry,17c2132517083088449e27c8f41936857739aad8,2022-08-22T20:40:30+02:00,src/poetry/utils/setup_reader.py,367,7,0,0
poetry,17c2132517083088449e27c8f41936857739aad8,2022-08-22T20:40:30+02:00,src/poetry/console/commands/group_command.py,109,0,0,10
poetry,17c2132517083088449e27c8f41936857739aad8,2022-08-22T20:40:30+02:00,src/poetry/console/commands/installer_command.py,31,0,0,3
poetry,17c2132517083088449e27c8f41936857739aad8,2022-08-22T20:40:30+02:00,src/poetry/console/commands/new.py,90,1,0,0
poetry,17c2132517083088449e27c8f41936857739aad8,2022-08-22T20:40:30+02:00,tests/compat.py,14,0,0,7
poetry,17c2132517083088449e27c8f41936857739aad8,2022-08-22T20:40:30+02:00,src/poetry/utils/shell.py,135,0,0,10
poetry,17c2132517083088449e27c8f41936857739aad8,2022-08-22T20:40:30+02:00,tests/mixology/helpers.py,82,0,0,41
poetry,17c2132517083088449e27c8f41936857739aad8,2022-08-22T20:40:30+02:00,src/poetry/console/commands/source/remove.py,44,1,0,0
poetry,17c2132517083088449e27c8f41936857739aad8,2022-08-22T20:40:30+02:00,tests/repositories/test_repository.py,63,0,0,14
poetry,17c2132517083088449e27c8f41936857739aad8,2022-08-22T20:40:30+02:00,src/poetry/console/commands/plugin/show.py,0,0,0,32
poetry,17c2132517083088449e27c8f41936857739aad8,2022-08-22T20:40:30+02:00,src/poetry/console/commands/init.py,476,3,0,0
poetry,17c2132517083088449e27c8f41936857739aad8,2022-08-22T20:40:30+02:00,src/poetry/repositories/pool.py,182,4,0,17
poetry,17c2132517083088449e27c8f41936857739aad8,2022-08-22T20:40:30+02:00,src/poetry/console/commands/install.py,182,1,0,5
poetry,17c2132517083088449e27c8f41936857739aad8,2022-08-22T20:40:30+02:00,src/poetry/console/commands/debug/resolve.py,142,2,0,5
poetry,17c2132517083088449e27c8f41936857739aad8,2022-08-22T20:40:30+02:00,tests/mixology/version_solver/test_with_lock.py,199,0,0,98
poetry,17c2132517083088449e27c8f41936857739aad8,2022-08-22T20:40:30+02:00,src/poetry/mixology/__init__.py,24,0,0,10
poetry,17c2132517083088449e27c8f41936857739aad8,2022-08-22T20:40:30+02:00,tests/repositories/test_legacy_repository.py,569,0,0,43
poetry,17c2132517083088449e27c8f41936857739aad8,2022-08-22T20:40:30+02:00,src/poetry/plugins/application_plugin.py,29,0,0,4
poetry,17c2132517083088449e27c8f41936857739aad8,2022-08-22T20:40:30+02:00,src/poetry/utils/env.py,2011,20,0,2
poetry,17c2132517083088449e27c8f41936857739aad8,2022-08-22T20:40:30+02:00,get-poetry.py,1119,32,0,212
poetry,17c2132517083088449e27c8f41936857739aad8,2022-08-22T20:40:30+02:00,src/poetry/mixology/term.py,187,2,0,0
poetry,17c2132517083088449e27c8f41936857739aad8,2022-08-22T20:40:30+02:00,tests/repositories/test_pool.py,76,0,0,71
poetry,a49038610c3bb0e954cfd68e0b386c7de5729b7f,2022-08-24T08:24:25+02:00,src/poetry/console/application.py,392,0,0,3
poetry,a49038610c3bb0e954cfd68e0b386c7de5729b7f,2022-08-24T08:24:25+02:00,src/poetry/console/commands/cache/clear.py,84,0,0,6
poetry,a49038610c3bb0e954cfd68e0b386c7de5729b7f,2022-08-24T08:24:25+02:00,src/poetry/utils/password_manager.py,235,3,0,0
poetry,a49038610c3bb0e954cfd68e0b386c7de5729b7f,2022-08-24T08:24:25+02:00,src/poetry/repositories/installed_repository.py,301,6,0,0
poetry,a49038610c3bb0e954cfd68e0b386c7de5729b7f,2022-08-24T08:24:25+02:00,src/poetry/utils/helpers.py,248,5,0,0
poetry,a49038610c3bb0e954cfd68e0b386c7de5729b7f,2022-08-24T08:24:25+02:00,src/poetry/repositories/legacy_repository.py,140,0,0,2
poetry,a49038610c3bb0e954cfd68e0b386c7de5729b7f,2022-08-24T08:24:25+02:00,tests/puzzle/test_solver.py,3724,0,0,452
poetry,a49038610c3bb0e954cfd68e0b386c7de5729b7f,2022-08-24T08:24:25+02:00,src/poetry/console/command_loader.py,22,0,0,2
poetry,a49038610c3bb0e954cfd68e0b386c7de5729b7f,2022-08-24T08:24:25+02:00,src/poetry/puzzle/provider.py,959,2,0,101
poetry,a49038610c3bb0e954cfd68e0b386c7de5729b7f,2022-08-24T08:24:25+02:00,src/poetry/mixology/incompatibility.py,459,2,0,0
poetry,a49038610c3bb0e954cfd68e0b386c7de5729b7f,2022-08-24T08:24:25+02:00,src/poetry/repositories/http.py,293,2,0,0
poetry,a49038610c3bb0e954cfd68e0b386c7de5729b7f,2022-08-24T08:24:25+02:00,src/poetry/repositories/repository.py,148,1,0,14
poetry,a49038610c3bb0e954cfd68e0b386c7de5729b7f,2022-08-24T08:24:25+02:00,src/poetry/mixology/failure.py,268,2,0,0
poetry,a49038610c3bb0e954cfd68e0b386c7de5729b7f,2022-08-24T08:24:25+02:00,src/poetry/mixology/version_solver.py,521,0,0,41
poetry,a49038610c3bb0e954cfd68e0b386c7de5729b7f,2022-08-24T08:24:25+02:00,install-poetry.py,908,33,0,0
poetry,a49038610c3bb0e954cfd68e0b386c7de5729b7f,2022-08-24T08:24:25+02:00,src/poetry/console/commands/source/add.py,101,1,0,0
poetry,a49038610c3bb0e954cfd68e0b386c7de5729b7f,2022-08-24T08:24:25+02:00,src/poetry/installation/installer.py,559,6,0,8
poetry,a49038610c3bb0e954cfd68e0b386c7de5729b7f,2022-08-24T08:24:25+02:00,src/poetry/console/commands/remove.py,133,2,0,0
poetry,a49038610c3bb0e954cfd68e0b386c7de5729b7f,2022-08-24T08:24:25+02:00,src/poetry/console/commands/update.py,54,1,0,0
poetry,a49038610c3bb0e954cfd68e0b386c7de5729b7f,2022-08-24T08:24:25+02:00,src/poetry/console/commands/env/info.py,70,0,0,12
poetry,a49038610c3bb0e954cfd68e0b386c7de5729b7f,2022-08-24T08:24:25+02:00,src/poetry/utils/extras.py,69,0,0,8
poetry,a49038610c3bb0e954cfd68e0b386c7de5729b7f,2022-08-24T08:24:25+02:00,src/poetry/repositories/lockfile_repository.py,32,1,0,0
poetry,a49038610c3bb0e954cfd68e0b386c7de5729b7f,2022-08-24T08:24:25+02:00,tests/masonry/builders/test_editable_builder.py,306,0,0,5
poetry,a49038610c3bb0e954cfd68e0b386c7de5729b7f,2022-08-24T08:24:25+02:00,tests/console/commands/test_run.py,105,0,0,6
poetry,a49038610c3bb0e954cfd68e0b386c7de5729b7f,2022-08-24T08:24:25+02:00,tests/inspection/test_info.py,254,0,0,2
poetry,a49038610c3bb0e954cfd68e0b386c7de5729b7f,2022-08-24T08:24:25+02:00,tests/packages/test_locker.py,1000,0,0,114
poetry,a49038610c3bb0e954cfd68e0b386c7de5729b7f,2022-08-24T08:24:25+02:00,src/poetry/vcs/git/backend.py,435,2,0,13
poetry,a49038610c3bb0e954cfd68e0b386c7de5729b7f,2022-08-24T08:24:25+02:00,tests/installation/test_pip_installer.py,300,0,0,2
poetry,a49038610c3bb0e954cfd68e0b386c7de5729b7f,2022-08-24T08:24:25+02:00,tests/console/commands/test_show.py,1926,0,0,70
poetry,a49038610c3bb0e954cfd68e0b386c7de5729b7f,2022-08-24T08:24:25+02:00,tests/installation/test_installer.py,2518,0,0,38
poetry,a49038610c3bb0e954cfd68e0b386c7de5729b7f,2022-08-24T08:24:25+02:00,src/poetry/packages/package_collection.py,38,0,0,7
poetry,a49038610c3bb0e954cfd68e0b386c7de5729b7f,2022-08-24T08:24:25+02:00,src/poetry/console/commands/add.py,286,3,0,5
poetry,a49038610c3bb0e954cfd68e0b386c7de5729b7f,2022-08-24T08:24:25+02:00,tests/utils/test_env.py,1457,0,0,2
poetry,a49038610c3bb0e954cfd68e0b386c7de5729b7f,2022-08-24T08:24:25+02:00,src/poetry/installation/pip_installer.py,301,10,0,80
poetry,a49038610c3bb0e954cfd68e0b386c7de5729b7f,2022-08-24T08:24:25+02:00,src/poetry/puzzle/solver.py,359,0,0,106
poetry,a49038610c3bb0e954cfd68e0b386c7de5729b7f,2022-08-24T08:24:25+02:00,src/poetry/installation/executor.py,825,16,0,60
poetry,a49038610c3bb0e954cfd68e0b386c7de5729b7f,2022-08-24T08:24:25+02:00,src/poetry/console/commands/show.py,539,1,0,11
poetry,a49038610c3bb0e954cfd68e0b386c7de5729b7f,2022-08-24T08:24:25+02:00,tests/utils/test_dependency_specification.py,118,0,0,6
poetry,a49038610c3bb0e954cfd68e0b386c7de5729b7f,2022-08-24T08:24:25+02:00,tests/repositories/test_pypi_repository.py,324,0,0,24
poetry,a49038610c3bb0e954cfd68e0b386c7de5729b7f,2022-08-24T08:24:25+02:00,src/poetry/utils/_compat.py,56,2,0,0
poetry,a49038610c3bb0e954cfd68e0b386c7de5729b7f,2022-08-24T08:24:25+02:00,src/poetry/repositories/pypi_repository.py,266,2,0,0
poetry,a49038610c3bb0e954cfd68e0b386c7de5729b7f,2022-08-24T08:24:25+02:00,src/poetry/packages/locker.py,457,0,0,18
poetry,a49038610c3bb0e954cfd68e0b386c7de5729b7f,2022-08-24T08:24:25+02:00,src/poetry/repositories/cached.py,85,0,0,7
poetry,a49038610c3bb0e954cfd68e0b386c7de5729b7f,2022-08-24T08:24:25+02:00,src/poetry/utils/setup_reader.py,367,7,0,0
poetry,a49038610c3bb0e954cfd68e0b386c7de5729b7f,2022-08-24T08:24:25+02:00,src/poetry/console/commands/group_command.py,109,0,0,4
poetry,a49038610c3bb0e954cfd68e0b386c7de5729b7f,2022-08-24T08:24:25+02:00,src/poetry/console/commands/installer_command.py,31,0,0,3
poetry,a49038610c3bb0e954cfd68e0b386c7de5729b7f,2022-08-24T08:24:25+02:00,src/poetry/console/commands/new.py,90,1,0,0
poetry,a49038610c3bb0e954cfd68e0b386c7de5729b7f,2022-08-24T08:24:25+02:00,src/poetry/utils/shell.py,135,0,0,19
poetry,a49038610c3bb0e954cfd68e0b386c7de5729b7f,2022-08-24T08:24:25+02:00,tests/console/commands/env/test_use.py,157,0,0,22
poetry,a49038610c3bb0e954cfd68e0b386c7de5729b7f,2022-08-24T08:24:25+02:00,tests/mixology/helpers.py,82,0,0,41
poetry,a49038610c3bb0e954cfd68e0b386c7de5729b7f,2022-08-24T08:24:25+02:00,src/poetry/console/commands/source/remove.py,44,1,0,0
poetry,a49038610c3bb0e954cfd68e0b386c7de5729b7f,2022-08-24T08:24:25+02:00,tests/repositories/test_repository.py,63,0,0,14
poetry,a49038610c3bb0e954cfd68e0b386c7de5729b7f,2022-08-24T08:24:25+02:00,src/poetry/console/commands/init.py,476,3,0,0
poetry,a49038610c3bb0e954cfd68e0b386c7de5729b7f,2022-08-24T08:24:25+02:00,src/poetry/repositories/pool.py,196,4,0,3
poetry,a49038610c3bb0e954cfd68e0b386c7de5729b7f,2022-08-24T08:24:25+02:00,src/poetry/console/commands/install.py,182,1,0,5
poetry,a49038610c3bb0e954cfd68e0b386c7de5729b7f,2022-08-24T08:24:25+02:00,src/poetry/console/commands/debug/resolve.py,142,2,0,5
poetry,a49038610c3bb0e954cfd68e0b386c7de5729b7f,2022-08-24T08:24:25+02:00,tests/mixology/version_solver/test_with_lock.py,199,0,0,98
poetry,a49038610c3bb0e954cfd68e0b386c7de5729b7f,2022-08-24T08:24:25+02:00,src/poetry/mixology/__init__.py,24,0,0,10
poetry,a49038610c3bb0e954cfd68e0b386c7de5729b7f,2022-08-24T08:24:25+02:00,tests/repositories/test_legacy_repository.py,569,0,0,43
poetry,a49038610c3bb0e954cfd68e0b386c7de5729b7f,2022-08-24T08:24:25+02:00,src/poetry/plugins/application_plugin.py,29,0,0,4
poetry,a49038610c3bb0e954cfd68e0b386c7de5729b7f,2022-08-24T08:24:25+02:00,src/poetry/utils/env.py,2011,20,0,56
poetry,a49038610c3bb0e954cfd68e0b386c7de5729b7f,2022-08-24T08:24:25+02:00,get-poetry.py,1119,32,0,212
poetry,a49038610c3bb0e954cfd68e0b386c7de5729b7f,2022-08-24T08:24:25+02:00,src/poetry/mixology/term.py,187,2,0,0
poetry,a49038610c3bb0e954cfd68e0b386c7de5729b7f,2022-08-24T08:24:25+02:00,tests/repositories/test_pool.py,144,0,0,3
poetry,692bdaa91826f0aefab375ff8031e92b26b71803,2022-09-08T14:28:51-06:00,src/poetry/console/application.py,392,0,0,1
poetry,692bdaa91826f0aefab375ff8031e92b26b71803,2022-09-08T14:28:51-06:00,src/poetry/console/commands/cache/clear.py,84,0,0,3
poetry,692bdaa91826f0aefab375ff8031e92b26b71803,2022-09-08T14:28:51-06:00,src/poetry/utils/password_manager.py,235,3,0,6
poetry,692bdaa91826f0aefab375ff8031e92b26b71803,2022-09-08T14:28:51-06:00,src/poetry/repositories/installed_repository.py,301,6,0,0
poetry,692bdaa91826f0aefab375ff8031e92b26b71803,2022-09-08T14:28:51-06:00,src/poetry/utils/helpers.py,248,5,0,19
poetry,692bdaa91826f0aefab375ff8031e92b26b71803,2022-09-08T14:28:51-06:00,tests/puzzle/test_solver.py,3718,0,0,69
poetry,692bdaa91826f0aefab375ff8031e92b26b71803,2022-09-08T14:28:51-06:00,src/poetry/puzzle/provider.py,996,2,0,21
poetry,692bdaa91826f0aefab375ff8031e92b26b71803,2022-09-08T14:28:51-06:00,src/poetry/publishing/publisher.py,92,0,0,4
poetry,692bdaa91826f0aefab375ff8031e92b26b71803,2022-09-08T14:28:51-06:00,src/poetry/mixology/incompatibility.py,459,2,0,0
poetry,692bdaa91826f0aefab375ff8031e92b26b71803,2022-09-08T14:28:51-06:00,src/poetry/repositories/http.py,293,2,0,24
poetry,692bdaa91826f0aefab375ff8031e92b26b71803,2022-09-08T14:28:51-06:00,tests/helpers.py,288,0,0,3
poetry,692bdaa91826f0aefab375ff8031e92b26b71803,2022-09-08T14:28:51-06:00,src/poetry/repositories/repository.py,144,1,0,0
poetry,692bdaa91826f0aefab375ff8031e92b26b71803,2022-09-08T14:28:51-06:00,tests/console/commands/cache/test_clear.py,81,0,0,6
poetry,692bdaa91826f0aefab375ff8031e92b26b71803,2022-09-08T14:28:51-06:00,tests/console/commands/test_check.py,50,0,0,6
poetry,692bdaa91826f0aefab375ff8031e92b26b71803,2022-09-08T14:28:51-06:00,src/poetry/mixology/failure.py,268,2,0,0
poetry,692bdaa91826f0aefab375ff8031e92b26b71803,2022-09-08T14:28:51-06:00,tests/console/commands/env/conftest.py,65,0,0,5
poetry,692bdaa91826f0aefab375ff8031e92b26b71803,2022-09-08T14:28:51-06:00,src/poetry/mixology/version_solver.py,490,0,0,47
poetry,692bdaa91826f0aefab375ff8031e92b26b71803,2022-09-08T14:28:51-06:00,install-poetry.py,908,32,0,0
poetry,692bdaa91826f0aefab375ff8031e92b26b71803,2022-09-08T14:28:51-06:00,src/poetry/console/commands/source/add.py,101,1,0,0
poetry,692bdaa91826f0aefab375ff8031e92b26b71803,2022-09-08T14:28:51-06:00,src/poetry/installation/installer.py,559,6,0,18
poetry,692bdaa91826f0aefab375ff8031e92b26b71803,2022-09-08T14:28:51-06:00,src/poetry/console/commands/remove.py,133,2,0,7
poetry,692bdaa91826f0aefab375ff8031e92b26b71803,2022-09-08T14:28:51-06:00,src/poetry/plugins/plugin_manager.py,83,0,0,2
poetry,692bdaa91826f0aefab375ff8031e92b26b71803,2022-09-08T14:28:51-06:00,src/poetry/console/commands/update.py,54,1,0,0
poetry,692bdaa91826f0aefab375ff8031e92b26b71803,2022-09-08T14:28:51-06:00,tests/publishing/test_uploader.py,121,0,0,11
poetry,692bdaa91826f0aefab375ff8031e92b26b71803,2022-09-08T14:28:51-06:00,src/poetry/utils/extras.py,69,0,0,46
poetry,692bdaa91826f0aefab375ff8031e92b26b71803,2022-09-08T14:28:51-06:00,src/poetry/repositories/lockfile_repository.py,32,1,0,0
poetry,692bdaa91826f0aefab375ff8031e92b26b71803,2022-09-08T14:28:51-06:00,src/poetry/console/logging/io_handler.py,30,0,0,2
poetry,692bdaa91826f0aefab375ff8031e92b26b71803,2022-09-08T14:28:51-06:00,src/poetry/poetry.py,79,0,0,6
poetry,692bdaa91826f0aefab375ff8031e92b26b71803,2022-09-08T14:28:51-06:00,src/poetry/console/commands/self/self_command.py,130,0,0,2
poetry,692bdaa91826f0aefab375ff8031e92b26b71803,2022-09-08T14:28:51-06:00,src/poetry/utils/pip.py,51,0,0,8
poetry,692bdaa91826f0aefab375ff8031e92b26b71803,2022-09-08T14:28:51-06:00,src/poetry/factory.py,315,0,0,19
poetry,692bdaa91826f0aefab375ff8031e92b26b71803,2022-09-08T14:28:51-06:00,tests/packages/test_locker.py,1114,0,0,128
poetry,692bdaa91826f0aefab375ff8031e92b26b71803,2022-09-08T14:28:51-06:00,src/poetry/vcs/git/backend.py,444,2,0,0
poetry,692bdaa91826f0aefab375ff8031e92b26b71803,2022-09-08T14:28:51-06:00,src/poetry/utils/authenticator.py,433,0,0,30
poetry,692bdaa91826f0aefab375ff8031e92b26b71803,2022-09-08T14:28:51-06:00,tests/console/commands/test_show.py,1994,0,0,51
poetry,692bdaa91826f0aefab375ff8031e92b26b71803,2022-09-08T14:28:51-06:00,src/poetry/inspection/info.py,631,0,0,6
poetry,692bdaa91826f0aefab375ff8031e92b26b71803,2022-09-08T14:28:51-06:00,src/poetry/repositories/link_sources/html.py,54,0,0,16
poetry,692bdaa91826f0aefab375ff8031e92b26b71803,2022-09-08T14:28:51-06:00,src/poetry/console/commands/add.py,283,2,0,6
poetry,692bdaa91826f0aefab375ff8031e92b26b71803,2022-09-08T14:28:51-06:00,tests/utils/test_env.py,1457,0,0,192
poetry,692bdaa91826f0aefab375ff8031e92b26b71803,2022-09-08T14:28:51-06:00,tests/console/commands/test_init.py,1007,0,0,51
poetry,692bdaa91826f0aefab375ff8031e92b26b71803,2022-09-08T14:28:51-06:00,src/poetry/installation/pip_installer.py,295,10,0,5
poetry,692bdaa91826f0aefab375ff8031e92b26b71803,2022-09-08T14:28:51-06:00,src/poetry/puzzle/solver.py,329,0,0,11
poetry,692bdaa91826f0aefab375ff8031e92b26b71803,2022-09-08T14:28:51-06:00,src/poetry/installation/executor.py,819,16,0,22
poetry,692bdaa91826f0aefab375ff8031e92b26b71803,2022-09-08T14:28:51-06:00,tests/utils/test_extras.py,70,0,0,18
poetry,692bdaa91826f0aefab375ff8031e92b26b71803,2022-09-08T14:28:51-06:00,src/poetry/console/commands/show.py,557,0,0,199
poetry,692bdaa91826f0aefab375ff8031e92b26b71803,2022-09-08T14:28:51-06:00,tests/repositories/test_pypi_repository.py,354,0,0,7
poetry,692bdaa91826f0aefab375ff8031e92b26b71803,2022-09-08T14:28:51-06:00,tests/puzzle/test_provider.py,690,0,0,28
poetry,692bdaa91826f0aefab375ff8031e92b26b71803,2022-09-08T14:28:51-06:00,src/poetry/utils/_compat.py,56,2,0,16
poetry,692bdaa91826f0aefab375ff8031e92b26b71803,2022-09-08T14:28:51-06:00,src/poetry/repositories/pypi_repository.py,269,2,0,68
poetry,692bdaa91826f0aefab375ff8031e92b26b71803,2022-09-08T14:28:51-06:00,src/poetry/packages/locker.py,461,0,0,7
poetry,692bdaa91826f0aefab375ff8031e92b26b71803,2022-09-08T14:28:51-06:00,src/poetry/utils/setup_reader.py,367,7,0,0
poetry,692bdaa91826f0aefab375ff8031e92b26b71803,2022-09-08T14:28:51-06:00,src/poetry/console/commands/new.py,90,1,0,0
poetry,692bdaa91826f0aefab375ff8031e92b26b71803,2022-09-08T14:28:51-06:00,src/poetry/console/commands/source/remove.py,44,1,0,0
poetry,692bdaa91826f0aefab375ff8031e92b26b71803,2022-09-08T14:28:51-06:00,tests/installation/test_executor.py,762,0,0,24
poetry,692bdaa91826f0aefab375ff8031e92b26b71803,2022-09-08T14:28:51-06:00,src/poetry/console/commands/init.py,476,3,0,0
poetry,692bdaa91826f0aefab375ff8031e92b26b71803,2022-09-08T14:28:51-06:00,src/poetry/repositories/pool.py,195,4,0,0
poetry,692bdaa91826f0aefab375ff8031e92b26b71803,2022-09-08T14:28:51-06:00,src/poetry/console/commands/install.py,179,1,0,0
poetry,692bdaa91826f0aefab375ff8031e92b26b71803,2022-09-08T14:28:51-06:00,src/poetry/publishing/uploader.py,371,0,0,19
poetry,692bdaa91826f0aefab375ff8031e92b26b71803,2022-09-08T14:28:51-06:00,src/poetry/repositories/link_sources/base.py,129,0,0,36
poetry,692bdaa91826f0aefab375ff8031e92b26b71803,2022-09-08T14:28:51-06:00,tests/repositories/test_legacy_repository.py,574,0,0,17
poetry,692bdaa91826f0aefab375ff8031e92b26b71803,2022-09-08T14:28:51-06:00,tests/repositories/link_sources/test_base.py,94,0,0,27
poetry,692bdaa91826f0aefab375ff8031e92b26b71803,2022-09-08T14:28:51-06:00,src/poetry/utils/env.py,1997,20,0,40
poetry,692bdaa91826f0aefab375ff8031e92b26b71803,2022-09-08T14:28:51-06:00,src/poetry/console/commands/check.py,32,0,0,53
poetry,692bdaa91826f0aefab375ff8031e92b26b71803,2022-09-08T14:28:51-06:00,get-poetry.py,1161,31,0,0
poetry,692bdaa91826f0aefab375ff8031e92b26b71803,2022-09-08T14:28:51-06:00,tests/utils/conftest.py,0,0,0,21
poetry,692bdaa91826f0aefab375ff8031e92b26b71803,2022-09-08T14:28:51-06:00,tests/repositories/link_sources/test_html.py,93,0,0,3
poetry,692bdaa91826f0aefab375ff8031e92b26b71803,2022-09-08T14:28:51-06:00,src/poetry/mixology/term.py,187,2,0,0
poetry,692bdaa91826f0aefab375ff8031e92b26b71803,2022-09-08T14:28:51-06:00,src/poetry/repositories/link_sources/json.py,0,0,0,40
poetry,692bdaa91826f0aefab375ff8031e92b26b71803,2022-09-08T14:28:51-06:00,tests/console/test_application.py,101,0,0,24
poetry,1909512d13aa7eec45db8c76fed966391776ccfe,2022-09-21T17:40:01+00:00,src/poetry/installation/pip_installer.py,292,10,0,0
poetry,1909512d13aa7eec45db8c76fed966391776ccfe,2022-09-21T17:40:01+00:00,src/poetry/installation/executor.py,831,16,0,0
poetry,1909512d13aa7eec45db8c76fed966391776ccfe,2022-09-21T17:40:01+00:00,src/poetry/utils/password_manager.py,235,3,0,0
poetry,1909512d13aa7eec45db8c76fed966391776ccfe,2022-09-21T17:40:01+00:00,src/poetry/repositories/installed_repository.py,301,6,0,0
poetry,1909512d13aa7eec45db8c76fed966391776ccfe,2022-09-21T17:40:01+00:00,src/poetry/utils/helpers.py,267,5,0,13
poetry,1909512d13aa7eec45db8c76fed966391776ccfe,2022-09-21T17:40:01+00:00,src/poetry/repositories/legacy_repository.py,140,1,0,0
poetry,1909512d13aa7eec45db8c76fed966391776ccfe,2022-09-21T17:40:01+00:00,tests/puzzle/test_solver.py,3787,0,0,16
poetry,1909512d13aa7eec45db8c76fed966391776ccfe,2022-09-21T17:40:01+00:00,tests/console/commands/self/test_remove_plugins.py,107,0,0,2
poetry,1909512d13aa7eec45db8c76fed966391776ccfe,2022-09-21T17:40:01+00:00,tests/console/commands/test_install.py,185,0,0,16
poetry,1909512d13aa7eec45db8c76fed966391776ccfe,2022-09-21T17:40:01+00:00,src/poetry/puzzle/provider.py,999,2,0,92
poetry,1909512d13aa7eec45db8c76fed966391776ccfe,2022-09-21T17:40:01+00:00,tests/repositories/test_pypi_repository.py,355,0,0,12
poetry,1909512d13aa7eec45db8c76fed966391776ccfe,2022-09-21T17:40:01+00:00,src/poetry/mixology/incompatibility.py,459,2,0,0
poetry,1909512d13aa7eec45db8c76fed966391776ccfe,2022-09-21T17:40:01+00:00,tests/puzzle/test_provider.py,718,0,0,53
poetry,1909512d13aa7eec45db8c76fed966391776ccfe,2022-09-21T17:40:01+00:00,src/poetry/repositories/http.py,299,2,0,0
poetry,1909512d13aa7eec45db8c76fed966391776ccfe,2022-09-21T17:40:01+00:00,src/poetry/utils/_compat.py,70,2,0,0
poetry,1909512d13aa7eec45db8c76fed966391776ccfe,2022-09-21T17:40:01+00:00,src/poetry/repositories/pypi_repository.py,273,3,0,0
poetry,1909512d13aa7eec45db8c76fed966391776ccfe,2022-09-21T17:40:01+00:00,tests/utils/test_helpers.py,68,0,0,9
poetry,1909512d13aa7eec45db8c76fed966391776ccfe,2022-09-21T17:40:01+00:00,src/poetry/repositories/repository.py,144,1,0,0
poetry,1909512d13aa7eec45db8c76fed966391776ccfe,2022-09-21T17:40:01+00:00,src/poetry/packages/locker.py,468,0,0,50
poetry,1909512d13aa7eec45db8c76fed966391776ccfe,2022-09-21T17:40:01+00:00,src/poetry/mixology/failure.py,268,2,0,0
poetry,1909512d13aa7eec45db8c76fed966391776ccfe,2022-09-21T17:40:01+00:00,src/poetry/utils/setup_reader.py,367,7,0,0
poetry,1909512d13aa7eec45db8c76fed966391776ccfe,2022-09-21T17:40:01+00:00,tests/test_factory.py,343,0,0,11
poetry,1909512d13aa7eec45db8c76fed966391776ccfe,2022-09-21T17:40:01+00:00,install-poetry.py,908,32,0,0
poetry,1909512d13aa7eec45db8c76fed966391776ccfe,2022-09-21T17:40:01+00:00,src/poetry/console/commands/source/add.py,101,1,0,0
poetry,1909512d13aa7eec45db8c76fed966391776ccfe,2022-09-21T17:40:01+00:00,src/poetry/console/commands/new.py,90,1,0,0
poetry,1909512d13aa7eec45db8c76fed966391776ccfe,2022-09-21T17:40:01+00:00,src/poetry/installation/installer.py,553,6,0,20
poetry,1909512d13aa7eec45db8c76fed966391776ccfe,2022-09-21T17:40:01+00:00,src/poetry/console/commands/remove.py,138,2,0,0
poetry,1909512d13aa7eec45db8c76fed966391776ccfe,2022-09-21T17:40:01+00:00,tests/console/commands/test_lock.py,152,0,0,2
poetry,1909512d13aa7eec45db8c76fed966391776ccfe,2022-09-21T17:40:01+00:00,src/poetry/console/commands/update.py,54,1,0,0
poetry,1909512d13aa7eec45db8c76fed966391776ccfe,2022-09-21T17:40:01+00:00,src/poetry/utils/extras.py,57,0,0,4
poetry,1909512d13aa7eec45db8c76fed966391776ccfe,2022-09-21T17:40:01+00:00,src/poetry/console/commands/source/remove.py,44,1,0,0
poetry,1909512d13aa7eec45db8c76fed966391776ccfe,2022-09-21T17:40:01+00:00,tests/utils/test_authenticator.py,647,0,0,6
poetry,1909512d13aa7eec45db8c76fed966391776ccfe,2022-09-21T17:40:01+00:00,src/poetry/repositories/lockfile_repository.py,32,1,0,0
poetry,1909512d13aa7eec45db8c76fed966391776ccfe,2022-09-21T17:40:01+00:00,src/poetry/console/commands/init.py,476,3,0,0
poetry,1909512d13aa7eec45db8c76fed966391776ccfe,2022-09-21T17:40:01+00:00,src/poetry/repositories/pool.py,195,4,0,0
poetry,1909512d13aa7eec45db8c76fed966391776ccfe,2022-09-21T17:40:01+00:00,tests/masonry/builders/test_editable_builder.py,303,0,0,1
poetry,1909512d13aa7eec45db8c76fed966391776ccfe,2022-09-21T17:40:01+00:00,src/poetry/console/commands/install.py,179,1,0,1
poetry,1909512d13aa7eec45db8c76fed966391776ccfe,2022-09-21T17:40:01+00:00,src/poetry/repositories/link_sources/base.py,126,0,0,3
poetry,1909512d13aa7eec45db8c76fed966391776ccfe,2022-09-21T17:40:01+00:00,tests/packages/test_locker.py,1152,0,0,132
poetry,1909512d13aa7eec45db8c76fed966391776ccfe,2022-09-21T17:40:01+00:00,src/poetry/utils/env.py,2035,20,0,4
poetry,1909512d13aa7eec45db8c76fed966391776ccfe,2022-09-21T17:40:01+00:00,src/poetry/vcs/git/backend.py,444,2,0,0
poetry,1909512d13aa7eec45db8c76fed966391776ccfe,2022-09-21T17:40:01+00:00,get-poetry.py,1161,31,0,0
poetry,1909512d13aa7eec45db8c76fed966391776ccfe,2022-09-21T17:40:01+00:00,tests/conftest.py,489,0,0,8
poetry,1909512d13aa7eec45db8c76fed966391776ccfe,2022-09-21T17:40:01+00:00,tests/installation/test_installer_old.py,1918,0,0,26
poetry,1909512d13aa7eec45db8c76fed966391776ccfe,2022-09-21T17:40:01+00:00,tests/console/commands/test_show.py,2045,0,0,54
poetry,1909512d13aa7eec45db8c76fed966391776ccfe,2022-09-21T17:40:01+00:00,tests/installation/test_installer.py,2556,0,0,34
poetry,1909512d13aa7eec45db8c76fed966391776ccfe,2022-09-21T17:40:01+00:00,src/poetry/mixology/term.py,187,2,0,0
poetry,1909512d13aa7eec45db8c76fed966391776ccfe,2022-09-21T17:40:01+00:00,src/poetry/console/commands/add.py,287,2,0,0
poetry,8e8aa44ce79ea27cf886afe045615db6cd7ca50d,2022-10-06T15:34:23-06:00,src/poetry/installation/pip_installer.py,292,10,0,0
poetry,8e8aa44ce79ea27cf886afe045615db6cd7ca50d,2022-10-06T15:34:23-06:00,src/poetry/installation/executor.py,831,16,0,0
poetry,8e8aa44ce79ea27cf886afe045615db6cd7ca50d,2022-10-06T15:34:23-06:00,src/poetry/console/commands/cache/clear.py,85,0,0,13
poetry,8e8aa44ce79ea27cf886afe045615db6cd7ca50d,2022-10-06T15:34:23-06:00,src/poetry/utils/password_manager.py,235,3,0,0
poetry,8e8aa44ce79ea27cf886afe045615db6cd7ca50d,2022-10-06T15:34:23-06:00,src/poetry/repositories/installed_repository.py,301,6,0,0
poetry,8e8aa44ce79ea27cf886afe045615db6cd7ca50d,2022-10-06T15:34:23-06:00,src/poetry/utils/helpers.py,254,5,0,0
poetry,8e8aa44ce79ea27cf886afe045615db6cd7ca50d,2022-10-06T15:34:23-06:00,src/poetry/repositories/legacy_repository.py,140,1,0,42
poetry,8e8aa44ce79ea27cf886afe045615db6cd7ca50d,2022-10-06T15:34:23-06:00,src/poetry/puzzle/provider.py,1033,2,0,2
poetry,8e8aa44ce79ea27cf886afe045615db6cd7ca50d,2022-10-06T15:34:23-06:00,src/poetry/mixology/incompatibility.py,459,2,0,0
poetry,8e8aa44ce79ea27cf886afe045615db6cd7ca50d,2022-10-06T15:34:23-06:00,src/poetry/repositories/http.py,299,2,0,3
poetry,8e8aa44ce79ea27cf886afe045615db6cd7ca50d,2022-10-06T15:34:23-06:00,src/poetry/utils/_compat.py,70,2,0,0
poetry,8e8aa44ce79ea27cf886afe045615db6cd7ca50d,2022-10-06T15:34:23-06:00,src/poetry/repositories/pypi_repository.py,273,3,0,22
poetry,8e8aa44ce79ea27cf886afe045615db6cd7ca50d,2022-10-06T15:34:23-06:00,tests/helpers.py,286,0,0,3
poetry,8e8aa44ce79ea27cf886afe045615db6cd7ca50d,2022-10-06T15:34:23-06:00,src/poetry/repositories/repository.py,144,1,0,9
poetry,8e8aa44ce79ea27cf886afe045615db6cd7ca50d,2022-10-06T15:34:23-06:00,src/poetry/packages/locker.py,476,0,0,34
poetry,8e8aa44ce79ea27cf886afe045615db6cd7ca50d,2022-10-06T15:34:23-06:00,tests/console/commands/cache/test_clear.py,85,0,0,5
poetry,8e8aa44ce79ea27cf886afe045615db6cd7ca50d,2022-10-06T15:34:23-06:00,src/poetry/mixology/failure.py,268,2,0,0
poetry,8e8aa44ce79ea27cf886afe045615db6cd7ca50d,2022-10-06T15:34:23-06:00,src/poetry/repositories/cached.py,88,0,0,20
poetry,8e8aa44ce79ea27cf886afe045615db6cd7ca50d,2022-10-06T15:34:23-06:00,tests/console/commands/test_add.py,2134,0,0,41
poetry,8e8aa44ce79ea27cf886afe045615db6cd7ca50d,2022-10-06T15:34:23-06:00,src/poetry/utils/setup_reader.py,367,7,0,0
poetry,8e8aa44ce79ea27cf886afe045615db6cd7ca50d,2022-10-06T15:34:23-06:00,tests/utils/test_cache.py,0,0,0,194
poetry,8e8aa44ce79ea27cf886afe045615db6cd7ca50d,2022-10-06T15:34:23-06:00,tests/integration/test_utils_vcs_git.py,352,0,0,7
poetry,8e8aa44ce79ea27cf886afe045615db6cd7ca50d,2022-10-06T15:34:23-06:00,install-poetry.py,908,32,0,0
poetry,8e8aa44ce79ea27cf886afe045615db6cd7ca50d,2022-10-06T15:34:23-06:00,src/poetry/console/commands/source/add.py,101,1,0,0
poetry,8e8aa44ce79ea27cf886afe045615db6cd7ca50d,2022-10-06T15:34:23-06:00,src/poetry/console/commands/new.py,90,1,0,0
poetry,8e8aa44ce79ea27cf886afe045615db6cd7ca50d,2022-10-06T15:34:23-06:00,src/poetry/installation/installer.py,563,6,0,2
poetry,8e8aa44ce79ea27cf886afe045615db6cd7ca50d,2022-10-06T15:34:23-06:00,src/poetry/console/commands/remove.py,138,2,0,0
poetry,8e8aa44ce79ea27cf886afe045615db6cd7ca50d,2022-10-06T15:34:23-06:00,tests/console/commands/test_lock.py,152,0,0,71
poetry,8e8aa44ce79ea27cf886afe045615db6cd7ca50d,2022-10-06T15:34:23-06:00,src/poetry/console/commands/update.py,54,1,0,0
poetry,8e8aa44ce79ea27cf886afe045615db6cd7ca50d,2022-10-06T15:34:23-06:00,tests/test_factory.py,354,0,0,2
poetry,8e8aa44ce79ea27cf886afe045615db6cd7ca50d,2022-10-06T15:34:23-06:00,src/poetry/utils/shell.py,140,0,0,19
poetry,8e8aa44ce79ea27cf886afe045615db6cd7ca50d,2022-10-06T15:34:23-06:00,src/poetry/repositories/abstract_repository.py,0,0,0,39
poetry,8e8aa44ce79ea27cf886afe045615db6cd7ca50d,2022-10-06T15:34:23-06:00,src/poetry/console/commands/source/remove.py,44,1,0,0
poetry,8e8aa44ce79ea27cf886afe045615db6cd7ca50d,2022-10-06T15:34:23-06:00,tests/repositories/test_repository.py,69,0,0,23
poetry,8e8aa44ce79ea27cf886afe045615db6cd7ca50d,2022-10-06T15:34:23-06:00,src/poetry/repositories/lockfile_repository.py,32,1,0,0
poetry,8e8aa44ce79ea27cf886afe045615db6cd7ca50d,2022-10-06T15:34:23-06:00,src/poetry/console/commands/init.py,476,3,0,0
poetry,8e8aa44ce79ea27cf886afe045615db6cd7ca50d,2022-10-06T15:34:23-06:00,src/poetry/repositories/pool.py,195,4,0,228
poetry,8e8aa44ce79ea27cf886afe045615db6cd7ca50d,2022-10-06T15:34:23-06:00,src/poetry/utils/cache.py,0,0,0,198
poetry,8e8aa44ce79ea27cf886afe045615db6cd7ca50d,2022-10-06T15:34:23-06:00,src/poetry/console/commands/install.py,180,1,0,0
poetry,8e8aa44ce79ea27cf886afe045615db6cd7ca50d,2022-10-06T15:34:23-06:00,src/poetry/utils/pip.py,57,0,0,1
poetry,8e8aa44ce79ea27cf886afe045615db6cd7ca50d,2022-10-06T15:34:23-06:00,src/poetry/publishing/uploader.py,364,0,0,12
poetry,8e8aa44ce79ea27cf886afe045615db6cd7ca50d,2022-10-06T15:34:23-06:00,tests/packages/test_locker.py,1122,0,0,19
poetry,8e8aa44ce79ea27cf886afe045615db6cd7ca50d,2022-10-06T15:34:23-06:00,tests/repositories/test_legacy_repository.py,561,0,0,7
poetry,8e8aa44ce79ea27cf886afe045615db6cd7ca50d,2022-10-06T15:34:23-06:00,src/poetry/utils/env.py,2037,20,0,0
poetry,8e8aa44ce79ea27cf886afe045615db6cd7ca50d,2022-10-06T15:34:23-06:00,src/poetry/vcs/git/backend.py,444,2,0,4
poetry,8e8aa44ce79ea27cf886afe045615db6cd7ca50d,2022-10-06T15:34:23-06:00,get-poetry.py,1161,31,0,0
poetry,8e8aa44ce79ea27cf886afe045615db6cd7ca50d,2022-10-06T15:34:23-06:00,src/poetry/inspection/info.py,633,0,0,2
poetry,8e8aa44ce79ea27cf886afe045615db6cd7ca50d,2022-10-06T15:34:23-06:00,src/poetry/mixology/term.py,187,2,0,0
poetry,8e8aa44ce79ea27cf886afe045615db6cd7ca50d,2022-10-06T15:34:23-06:00,tests/repositories/test_pool.py,143,0,0,165
poetry,8e8aa44ce79ea27cf886afe045615db6cd7ca50d,2022-10-06T15:34:23-06:00,src/poetry/console/commands/add.py,287,2,0,0
poetry,7e46798a3e3fac09c7ea37dfbbbd3d9c1124a359,2022-10-11T04:49:59+00:00,src/poetry/installation/pip_installer.py,292,10,0,0
poetry,7e46798a3e3fac09c7ea37dfbbbd3d9c1124a359,2022-10-11T04:49:59+00:00,src/poetry/installation/executor.py,831,16,0,4
poetry,7e46798a3e3fac09c7ea37dfbbbd3d9c1124a359,2022-10-11T04:49:59+00:00,src/poetry/console/commands/cache/clear.py,85,0,0,13
poetry,7e46798a3e3fac09c7ea37dfbbbd3d9c1124a359,2022-10-11T04:49:59+00:00,src/poetry/utils/password_manager.py,235,3,0,0
poetry,7e46798a3e3fac09c7ea37dfbbbd3d9c1124a359,2022-10-11T04:49:59+00:00,src/poetry/repositories/installed_repository.py,301,6,0,0
poetry,7e46798a3e3fac09c7ea37dfbbbd3d9c1124a359,2022-10-11T04:49:59+00:00,src/poetry/utils/helpers.py,254,5,0,4
poetry,7e46798a3e3fac09c7ea37dfbbbd3d9c1124a359,2022-10-11T04:49:59+00:00,src/poetry/repositories/legacy_repository.py,152,1,0,30
poetry,7e46798a3e3fac09c7ea37dfbbbd3d9c1124a359,2022-10-11T04:49:59+00:00,src/poetry/puzzle/provider.py,1033,2,0,0
poetry,7e46798a3e3fac09c7ea37dfbbbd3d9c1124a359,2022-10-11T04:49:59+00:00,src/poetry/mixology/incompatibility.py,459,2,0,0
poetry,7e46798a3e3fac09c7ea37dfbbbd3d9c1124a359,2022-10-11T04:49:59+00:00,src/poetry/repositories/http.py,298,2,0,0
poetry,7e46798a3e3fac09c7ea37dfbbbd3d9c1124a359,2022-10-11T04:49:59+00:00,src/poetry/utils/_compat.py,70,2,0,0
poetry,7e46798a3e3fac09c7ea37dfbbbd3d9c1124a359,2022-10-11T04:49:59+00:00,src/poetry/repositories/pypi_repository.py,273,3,0,22
poetry,7e46798a3e3fac09c7ea37dfbbbd3d9c1124a359,2022-10-11T04:49:59+00:00,src/poetry/repositories/repository.py,141,1,0,0
poetry,7e46798a3e3fac09c7ea37dfbbbd3d9c1124a359,2022-10-11T04:49:59+00:00,tests/console/commands/cache/test_clear.py,85,0,0,5
poetry,7e46798a3e3fac09c7ea37dfbbbd3d9c1124a359,2022-10-11T04:49:59+00:00,src/poetry/mixology/failure.py,268,2,0,10
poetry,7e46798a3e3fac09c7ea37dfbbbd3d9c1124a359,2022-10-11T04:49:59+00:00,src/poetry/repositories/cached.py,88,0,0,18
poetry,7e46798a3e3fac09c7ea37dfbbbd3d9c1124a359,2022-10-11T04:49:59+00:00,tests/console/commands/test_add.py,2134,0,0,37
poetry,7e46798a3e3fac09c7ea37dfbbbd3d9c1124a359,2022-10-11T04:49:59+00:00,src/poetry/utils/setup_reader.py,367,7,0,0
poetry,7e46798a3e3fac09c7ea37dfbbbd3d9c1124a359,2022-10-11T04:49:59+00:00,tests/utils/test_cache.py,0,0,0,194
poetry,7e46798a3e3fac09c7ea37dfbbbd3d9c1124a359,2022-10-11T04:49:59+00:00,tests/integration/test_utils_vcs_git.py,352,0,0,7
poetry,7e46798a3e3fac09c7ea37dfbbbd3d9c1124a359,2022-10-11T04:49:59+00:00,install-poetry.py,908,32,0,0
poetry,7e46798a3e3fac09c7ea37dfbbbd3d9c1124a359,2022-10-11T04:49:59+00:00,src/poetry/console/commands/source/add.py,101,1,0,0
poetry,7e46798a3e3fac09c7ea37dfbbbd3d9c1124a359,2022-10-11T04:49:59+00:00,src/poetry/console/commands/new.py,90,1,0,0
poetry,7e46798a3e3fac09c7ea37dfbbbd3d9c1124a359,2022-10-11T04:49:59+00:00,src/poetry/installation/installer.py,563,6,0,0
poetry,7e46798a3e3fac09c7ea37dfbbbd3d9c1124a359,2022-10-11T04:49:59+00:00,src/poetry/console/commands/remove.py,138,2,0,0
poetry,7e46798a3e3fac09c7ea37dfbbbd3d9c1124a359,2022-10-11T04:49:59+00:00,src/poetry/console/commands/update.py,54,1,0,0
poetry,7e46798a3e3fac09c7ea37dfbbbd3d9c1124a359,2022-10-11T04:49:59+00:00,src/poetry/console/commands/source/remove.py,44,1,0,0
poetry,7e46798a3e3fac09c7ea37dfbbbd3d9c1124a359,2022-10-11T04:49:59+00:00,src/poetry/repositories/lockfile_repository.py,32,1,0,0
poetry,7e46798a3e3fac09c7ea37dfbbbd3d9c1124a359,2022-10-11T04:49:59+00:00,src/poetry/console/commands/init.py,476,3,0,0
poetry,7e46798a3e3fac09c7ea37dfbbbd3d9c1124a359,2022-10-11T04:49:59+00:00,src/poetry/utils/cache.py,0,0,0,198
poetry,7e46798a3e3fac09c7ea37dfbbbd3d9c1124a359,2022-10-11T04:49:59+00:00,src/poetry/console/commands/install.py,180,1,0,0
poetry,7e46798a3e3fac09c7ea37dfbbbd3d9c1124a359,2022-10-11T04:49:59+00:00,src/poetry/factory.py,300,0,0,3
poetry,7e46798a3e3fac09c7ea37dfbbbd3d9c1124a359,2022-10-11T04:49:59+00:00,src/poetry/utils/env.py,2037,20,0,6
poetry,7e46798a3e3fac09c7ea37dfbbbd3d9c1124a359,2022-10-11T04:49:59+00:00,src/poetry/vcs/git/backend.py,444,2,0,4
poetry,7e46798a3e3fac09c7ea37dfbbbd3d9c1124a359,2022-10-11T04:49:59+00:00,get-poetry.py,1161,31,0,0
poetry,7e46798a3e3fac09c7ea37dfbbbd3d9c1124a359,2022-10-11T04:49:59+00:00,src/poetry/mixology/term.py,187,2,0,0
poetry,7e46798a3e3fac09c7ea37dfbbbd3d9c1124a359,2022-10-11T04:49:59+00:00,src/poetry/console/commands/add.py,287,2,0,0
poetry,80296c2e48682259a9eb823943a1a78828fc6f1a,2022-11-15T12:17:06-07:00,tests/utils/test_env.py,1596,0,0,41
poetry,80296c2e48682259a9eb823943a1a78828fc6f1a,2022-11-15T12:17:06-07:00,src/poetry/console/application.py,410,0,0,50
poetry,80296c2e48682259a9eb823943a1a78828fc6f1a,2022-11-15T12:17:06-07:00,tests/fixtures/scripts/scripts/__init__.py,0,0,0,0
poetry,80296c2e48682259a9eb823943a1a78828fc6f1a,2022-11-15T12:17:06-07:00,tests/fixtures/scripts/scripts/return_code.py,0,0,0,9
poetry,80296c2e48682259a9eb823943a1a78828fc6f1a,2022-11-15T12:17:06-07:00,src/poetry/installation/pip_installer.py,292,10,0,0
poetry,80296c2e48682259a9eb823943a1a78828fc6f1a,2022-11-15T12:17:06-07:00,src/poetry/installation/executor.py,832,16,0,0
poetry,80296c2e48682259a9eb823943a1a78828fc6f1a,2022-11-15T12:17:06-07:00,src/poetry/console/commands/show.py,557,0,0,3
poetry,80296c2e48682259a9eb823943a1a78828fc6f1a,2022-11-15T12:17:06-07:00,src/poetry/utils/password_manager.py,235,3,0,0
poetry,80296c2e48682259a9eb823943a1a78828fc6f1a,2022-11-15T12:17:06-07:00,src/poetry/repositories/installed_repository.py,301,6,0,0
poetry,80296c2e48682259a9eb823943a1a78828fc6f1a,2022-11-15T12:17:06-07:00,src/poetry/utils/helpers.py,254,5,0,0
poetry,80296c2e48682259a9eb823943a1a78828fc6f1a,2022-11-15T12:17:06-07:00,src/poetry/console/commands/source/show.py,59,0,0,8
poetry,80296c2e48682259a9eb823943a1a78828fc6f1a,2022-11-15T12:17:06-07:00,src/poetry/repositories/legacy_repository.py,148,2,0,0
poetry,80296c2e48682259a9eb823943a1a78828fc6f1a,2022-11-15T12:17:06-07:00,src/poetry/console/command_loader.py,22,0,0,6
poetry,80296c2e48682259a9eb823943a1a78828fc6f1a,2022-11-15T12:17:06-07:00,src/poetry/puzzle/provider.py,1033,2,0,14
poetry,80296c2e48682259a9eb823943a1a78828fc6f1a,2022-11-15T12:17:06-07:00,src/poetry/mixology/incompatibility.py,459,2,0,8
poetry,80296c2e48682259a9eb823943a1a78828fc6f1a,2022-11-15T12:17:06-07:00,src/poetry/utils/_compat.py,79,2,0,0
poetry,80296c2e48682259a9eb823943a1a78828fc6f1a,2022-11-15T12:17:06-07:00,src/poetry/repositories/pypi_repository.py,263,4,0,0
poetry,80296c2e48682259a9eb823943a1a78828fc6f1a,2022-11-15T12:17:06-07:00,src/poetry/mixology/incompatibility_cause.py,95,0,0,14
poetry,80296c2e48682259a9eb823943a1a78828fc6f1a,2022-11-15T12:17:06-07:00,src/poetry/repositories/repository.py,141,1,0,0
poetry,80296c2e48682259a9eb823943a1a78828fc6f1a,2022-11-15T12:17:06-07:00,src/poetry/console/io/inputs/run_argv_input.py,86,0,0,2
poetry,80296c2e48682259a9eb823943a1a78828fc6f1a,2022-11-15T12:17:06-07:00,src/poetry/packages/locker.py,471,0,0,5
poetry,80296c2e48682259a9eb823943a1a78828fc6f1a,2022-11-15T12:17:06-07:00,src/poetry/mixology/failure.py,270,2,0,0
poetry,80296c2e48682259a9eb823943a1a78828fc6f1a,2022-11-15T12:17:06-07:00,src/poetry/mixology/version_solver.py,509,0,0,32
poetry,80296c2e48682259a9eb823943a1a78828fc6f1a,2022-11-15T12:17:06-07:00,tests/fixtures/scripts/scripts/exit_code.py,0,0,0,9
poetry,80296c2e48682259a9eb823943a1a78828fc6f1a,2022-11-15T12:17:06-07:00,src/poetry/utils/setup_reader.py,367,7,0,0
poetry,80296c2e48682259a9eb823943a1a78828fc6f1a,2022-11-15T12:17:06-07:00,tests/integration/test_utils_vcs_git.py,359,0,0,6
poetry,80296c2e48682259a9eb823943a1a78828fc6f1a,2022-11-15T12:17:06-07:00,install-poetry.py,908,32,0,0
poetry,80296c2e48682259a9eb823943a1a78828fc6f1a,2022-11-15T12:17:06-07:00,src/poetry/repositories/http_repository.py,300,2,0,0
poetry,80296c2e48682259a9eb823943a1a78828fc6f1a,2022-11-15T12:17:06-07:00,src/poetry/console/commands/new.py,96,1,0,6
poetry,80296c2e48682259a9eb823943a1a78828fc6f1a,2022-11-15T12:17:06-07:00,src/poetry/installation/installer.py,569,6,0,0
poetry,80296c2e48682259a9eb823943a1a78828fc6f1a,2022-11-15T12:17:06-07:00,src/poetry/console/commands/remove.py,138,2,0,0
poetry,80296c2e48682259a9eb823943a1a78828fc6f1a,2022-11-15T12:17:06-07:00,src/poetry/console/commands/source/add.py,101,1,0,0
poetry,80296c2e48682259a9eb823943a1a78828fc6f1a,2022-11-15T12:17:06-07:00,src/poetry/console/commands/update.py,54,1,0,0
poetry,80296c2e48682259a9eb823943a1a78828fc6f1a,2022-11-15T12:17:06-07:00,src/poetry/mixology/solutions/providers/python_requirement_solution_provider.py,36,0,0,11
poetry,80296c2e48682259a9eb823943a1a78828fc6f1a,2022-11-15T12:17:06-07:00,src/poetry/console/commands/run.py,64,0,0,2
poetry,80296c2e48682259a9eb823943a1a78828fc6f1a,2022-11-15T12:17:06-07:00,src/poetry/console/commands/source/remove.py,44,1,0,0
poetry,80296c2e48682259a9eb823943a1a78828fc6f1a,2022-11-15T12:17:06-07:00,src/poetry/repositories/lockfile_repository.py,32,1,0,0
poetry,80296c2e48682259a9eb823943a1a78828fc6f1a,2022-11-15T12:17:06-07:00,src/poetry/console/commands/command.py,41,0,0,11
poetry,80296c2e48682259a9eb823943a1a78828fc6f1a,2022-11-15T12:17:06-07:00,src/poetry/console/exceptions.py,7,0,0,4
poetry,80296c2e48682259a9eb823943a1a78828fc6f1a,2022-11-15T12:17:06-07:00,src/poetry/console/commands/init.py,486,3,0,24
poetry,80296c2e48682259a9eb823943a1a78828fc6f1a,2022-11-15T12:17:06-07:00,src/poetry/utils/cache.py,198,2,0,0
poetry,80296c2e48682259a9eb823943a1a78828fc6f1a,2022-11-15T12:17:06-07:00,src/poetry/console/commands/install.py,180,1,0,0
poetry,80296c2e48682259a9eb823943a1a78828fc6f1a,2022-11-15T12:17:06-07:00,src/poetry/console/commands/debug/resolve.py,139,0,0,10
poetry,80296c2e48682259a9eb823943a1a78828fc6f1a,2022-11-15T12:17:06-07:00,tests/console/commands/test_run.py,107,0,0,41
poetry,80296c2e48682259a9eb823943a1a78828fc6f1a,2022-11-15T12:17:06-07:00,src/poetry/utils/env.py,2032,21,0,74
poetry,80296c2e48682259a9eb823943a1a78828fc6f1a,2022-11-15T12:17:06-07:00,src/poetry/vcs/git/backend.py,444,2,0,12
poetry,80296c2e48682259a9eb823943a1a78828fc6f1a,2022-11-15T12:17:06-07:00,get-poetry.py,1161,31,0,0
poetry,80296c2e48682259a9eb823943a1a78828fc6f1a,2022-11-15T12:17:06-07:00,src/poetry/console/commands/env/use.py,28,0,0,6
poetry,80296c2e48682259a9eb823943a1a78828fc6f1a,2022-11-15T12:17:06-07:00,tests/installation/test_installer.py,2557,0,0,104
poetry,80296c2e48682259a9eb823943a1a78828fc6f1a,2022-11-15T12:17:06-07:00,src/poetry/inspection/info.py,634,1,0,0
poetry,80296c2e48682259a9eb823943a1a78828fc6f1a,2022-11-15T12:17:06-07:00,src/poetry/mixology/term.py,187,2,0,0
poetry,80296c2e48682259a9eb823943a1a78828fc6f1a,2022-11-15T12:17:06-07:00,src/poetry/console/commands/debug/info.py,28,0,0,2
poetry,80296c2e48682259a9eb823943a1a78828fc6f1a,2022-11-15T12:17:06-07:00,src/poetry/mixology/solutions/solutions/python_requirement_solution.py,63,0,0,2
poetry,80296c2e48682259a9eb823943a1a78828fc6f1a,2022-11-15T12:17:06-07:00,src/poetry/console/commands/add.py,295,2,0,0
poetry,4e04830882e6a8761418f8481249a47e87c54d71,2023-01-15T11:12:25-07:00,tests/utils/test_env.py,1593,0,0,38
poetry,4e04830882e6a8761418f8481249a47e87c54d71,2023-01-15T11:12:25-07:00,src/poetry/installation/pip_installer.py,292,10,0,0
poetry,4e04830882e6a8761418f8481249a47e87c54d71,2023-01-15T11:12:25-07:00,src/poetry/installation/executor.py,833,16,0,0
poetry,4e04830882e6a8761418f8481249a47e87c54d71,2023-01-15T11:12:25-07:00,src/poetry/puzzle/transaction.py,121,0,0,14
poetry,4e04830882e6a8761418f8481249a47e87c54d71,2023-01-15T11:12:25-07:00,src/poetry/utils/password_manager.py,235,3,0,0
poetry,4e04830882e6a8761418f8481249a47e87c54d71,2023-01-15T11:12:25-07:00,src/poetry/repositories/installed_repository.py,303,6,0,16
poetry,4e04830882e6a8761418f8481249a47e87c54d71,2023-01-15T11:12:25-07:00,src/poetry/utils/helpers.py,265,5,0,0
poetry,4e04830882e6a8761418f8481249a47e87c54d71,2023-01-15T11:12:25-07:00,src/poetry/repositories/legacy_repository.py,138,1,0,0
poetry,4e04830882e6a8761418f8481249a47e87c54d71,2023-01-15T11:12:25-07:00,tests/test_helpers.py,0,0,0,23
poetry,4e04830882e6a8761418f8481249a47e87c54d71,2023-01-15T11:12:25-07:00,tests/puzzle/test_transaction.py,159,0,0,25
poetry,4e04830882e6a8761418f8481249a47e87c54d71,2023-01-15T11:12:25-07:00,src/poetry/puzzle/provider.py,1059,2,0,0
poetry,4e04830882e6a8761418f8481249a47e87c54d71,2023-01-15T11:12:25-07:00,src/poetry/locations.py,52,0,0,9
poetry,4e04830882e6a8761418f8481249a47e87c54d71,2023-01-15T11:12:25-07:00,src/poetry/mixology/incompatibility.py,451,2,0,0
poetry,4e04830882e6a8761418f8481249a47e87c54d71,2023-01-15T11:12:25-07:00,src/poetry/utils/_compat.py,79,2,0,0
poetry,4e04830882e6a8761418f8481249a47e87c54d71,2023-01-15T11:12:25-07:00,src/poetry/repositories/pypi_repository.py,250,3,0,0
poetry,4e04830882e6a8761418f8481249a47e87c54d71,2023-01-15T11:12:25-07:00,tests/helpers.py,286,0,0,33
poetry,4e04830882e6a8761418f8481249a47e87c54d71,2023-01-15T11:12:25-07:00,src/poetry/repositories/repository.py,120,1,0,0
poetry,4e04830882e6a8761418f8481249a47e87c54d71,2023-01-15T11:12:25-07:00,src/poetry/packages/locker.py,466,0,0,12
poetry,4e04830882e6a8761418f8481249a47e87c54d71,2023-01-15T11:12:25-07:00,tests/console/commands/test_check.py,56,0,0,33
poetry,4e04830882e6a8761418f8481249a47e87c54d71,2023-01-15T11:12:25-07:00,src/poetry/mixology/failure.py,274,2,0,0
poetry,4e04830882e6a8761418f8481249a47e87c54d71,2023-01-15T11:12:25-07:00,src/poetry/utils/setup_reader.py,367,7,0,0
poetry,4e04830882e6a8761418f8481249a47e87c54d71,2023-01-15T11:12:25-07:00,install-poetry.py,912,11,0,0
poetry,4e04830882e6a8761418f8481249a47e87c54d71,2023-01-15T11:12:25-07:00,src/poetry/repositories/http_repository.py,303,2,0,0
poetry,4e04830882e6a8761418f8481249a47e87c54d71,2023-01-15T11:12:25-07:00,src/poetry/console/commands/new.py,96,1,0,0
poetry,4e04830882e6a8761418f8481249a47e87c54d71,2023-01-15T11:12:25-07:00,src/poetry/installation/installer.py,569,6,0,0
poetry,4e04830882e6a8761418f8481249a47e87c54d71,2023-01-15T11:12:25-07:00,src/poetry/console/commands/remove.py,142,2,0,0
poetry,4e04830882e6a8761418f8481249a47e87c54d71,2023-01-15T11:12:25-07:00,src/poetry/console/commands/source/add.py,103,1,0,0
poetry,4e04830882e6a8761418f8481249a47e87c54d71,2023-01-15T11:12:25-07:00,src/poetry/console/commands/update.py,58,1,0,0
poetry,4e04830882e6a8761418f8481249a47e87c54d71,2023-01-15T11:12:25-07:00,src/poetry/console/commands/run.py,64,0,0,21
poetry,4e04830882e6a8761418f8481249a47e87c54d71,2023-01-15T11:12:25-07:00,src/poetry/console/commands/source/remove.py,44,1,0,0
poetry,4e04830882e6a8761418f8481249a47e87c54d71,2023-01-15T11:12:25-07:00,src/poetry/repositories/lockfile_repository.py,32,1,0,0
poetry,4e04830882e6a8761418f8481249a47e87c54d71,2023-01-15T11:12:25-07:00,src/poetry/console/commands/init.py,492,3,0,0
poetry,4e04830882e6a8761418f8481249a47e87c54d71,2023-01-15T11:12:25-07:00,src/poetry/utils/cache.py,198,2,0,0
poetry,4e04830882e6a8761418f8481249a47e87c54d71,2023-01-15T11:12:25-07:00,src/poetry/console/commands/install.py,188,1,0,0
poetry,4e04830882e6a8761418f8481249a47e87c54d71,2023-01-15T11:12:25-07:00,tests/console/commands/test_run.py,148,0,0,37
poetry,4e04830882e6a8761418f8481249a47e87c54d71,2023-01-15T11:12:25-07:00,tests/packages/test_locker.py,1136,0,0,100
poetry,4e04830882e6a8761418f8481249a47e87c54d71,2023-01-15T11:12:25-07:00,tests/config/test_config.py,79,0,0,5
poetry,4e04830882e6a8761418f8481249a47e87c54d71,2023-01-15T11:12:25-07:00,src/poetry/utils/env.py,2075,21,0,4
poetry,4e04830882e6a8761418f8481249a47e87c54d71,2023-01-15T11:12:25-07:00,src/poetry/vcs/git/backend.py,449,2,0,0
poetry,4e04830882e6a8761418f8481249a47e87c54d71,2023-01-15T11:12:25-07:00,src/poetry/console/commands/check.py,85,0,0,8
poetry,4e04830882e6a8761418f8481249a47e87c54d71,2023-01-15T11:12:25-07:00,tests/fixtures/scripts/scripts/check_argv0.py,0,0,0,23
poetry,4e04830882e6a8761418f8481249a47e87c54d71,2023-01-15T11:12:25-07:00,src/poetry/inspection/info.py,636,1,0,0
poetry,4e04830882e6a8761418f8481249a47e87c54d71,2023-01-15T11:12:25-07:00,src/poetry/mixology/term.py,187,2,0,0
poetry,4e04830882e6a8761418f8481249a47e87c54d71,2023-01-15T11:12:25-07:00,src/poetry/console/commands/add.py,297,2,0,0
poetry,4e04830882e6a8761418f8481249a47e87c54d71,2023-01-15T11:12:25-07:00,tests/repositories/test_installed_repository.py,302,0,0,13
poetry,58fe8f22c8b4b46596463ca8eecc2a9463924a84,2023-02-06T16:43:42-07:00,tests/utils/test_env.py,1622,0,0,89
poetry,58fe8f22c8b4b46596463ca8eecc2a9463924a84,2023-02-06T16:43:42-07:00,src/poetry/console/application.py,411,0,0,5
poetry,58fe8f22c8b4b46596463ca8eecc2a9463924a84,2023-02-06T16:43:42-07:00,tests/console/commands/env/helpers.py,35,0,0,19
poetry,58fe8f22c8b4b46596463ca8eecc2a9463924a84,2023-02-06T16:43:42-07:00,src/poetry/installation/pip_installer.py,292,9,0,0
poetry,58fe8f22c8b4b46596463ca8eecc2a9463924a84,2023-02-06T16:43:42-07:00,src/poetry/installation/executor.py,908,20,0,41
poetry,58fe8f22c8b4b46596463ca8eecc2a9463924a84,2023-02-06T16:43:42-07:00,src/poetry/layouts/layout.py,199,0,0,4
poetry,58fe8f22c8b4b46596463ca8eecc2a9463924a84,2023-02-06T16:43:42-07:00,src/poetry/utils/password_manager.py,235,3,0,0
poetry,58fe8f22c8b4b46596463ca8eecc2a9463924a84,2023-02-06T16:43:42-07:00,src/poetry/repositories/installed_repository.py,287,6,0,0
poetry,58fe8f22c8b4b46596463ca8eecc2a9463924a84,2023-02-06T16:43:42-07:00,src/poetry/utils/helpers.py,265,5,0,0
poetry,58fe8f22c8b4b46596463ca8eecc2a9463924a84,2023-02-06T16:43:42-07:00,src/poetry/repositories/legacy_repository.py,138,1,0,0
poetry,58fe8f22c8b4b46596463ca8eecc2a9463924a84,2023-02-06T16:43:42-07:00,src/poetry/puzzle/provider.py,1067,2,0,0
poetry,58fe8f22c8b4b46596463ca8eecc2a9463924a84,2023-02-06T16:43:42-07:00,tests/console/conftest.py,180,0,0,1
poetry,58fe8f22c8b4b46596463ca8eecc2a9463924a84,2023-02-06T16:43:42-07:00,src/poetry/mixology/incompatibility.py,451,2,0,0
poetry,58fe8f22c8b4b46596463ca8eecc2a9463924a84,2023-02-06T16:43:42-07:00,src/poetry/repositories/http.py,17,0,0,17
poetry,58fe8f22c8b4b46596463ca8eecc2a9463924a84,2023-02-06T16:43:42-07:00,src/poetry/utils/_compat.py,79,2,0,8
poetry,58fe8f22c8b4b46596463ca8eecc2a9463924a84,2023-02-06T16:43:42-07:00,src/poetry/repositories/pypi_repository.py,250,3,0,0
poetry,58fe8f22c8b4b46596463ca8eecc2a9463924a84,2023-02-06T16:43:42-07:00,src/poetry/repositories/repository.py,120,1,0,0
poetry,58fe8f22c8b4b46596463ca8eecc2a9463924a84,2023-02-06T16:43:42-07:00,src/poetry/mixology/failure.py,274,2,0,0
poetry,58fe8f22c8b4b46596463ca8eecc2a9463924a84,2023-02-06T16:43:42-07:00,src/poetry/repositories/cached.py,18,0,0,18
poetry,58fe8f22c8b4b46596463ca8eecc2a9463924a84,2023-02-06T16:43:42-07:00,tests/console/commands/test_add.py,2201,0,0,3
poetry,58fe8f22c8b4b46596463ca8eecc2a9463924a84,2023-02-06T16:43:42-07:00,src/poetry/utils/setup_reader.py,367,7,0,0
poetry,58fe8f22c8b4b46596463ca8eecc2a9463924a84,2023-02-06T16:43:42-07:00,install-poetry.py,912,11,0,0
poetry,58fe8f22c8b4b46596463ca8eecc2a9463924a84,2023-02-06T16:43:42-07:00,src/poetry/repositories/http_repository.py,303,2,0,0
poetry,58fe8f22c8b4b46596463ca8eecc2a9463924a84,2023-02-06T16:43:42-07:00,src/poetry/console/commands/new.py,104,1,0,0
poetry,58fe8f22c8b4b46596463ca8eecc2a9463924a84,2023-02-06T16:43:42-07:00,src/poetry/installation/installer.py,569,6,0,20
poetry,58fe8f22c8b4b46596463ca8eecc2a9463924a84,2023-02-06T16:43:42-07:00,src/poetry/console/commands/remove.py,142,2,0,0
poetry,58fe8f22c8b4b46596463ca8eecc2a9463924a84,2023-02-06T16:43:42-07:00,src/poetry/console/commands/source/add.py,103,1,0,0
poetry,58fe8f22c8b4b46596463ca8eecc2a9463924a84,2023-02-06T16:43:42-07:00,src/poetry/console/commands/update.py,58,1,0,7
poetry,58fe8f22c8b4b46596463ca8eecc2a9463924a84,2023-02-06T16:43:42-07:00,src/poetry/console/commands/lock.py,56,0,0,7
poetry,58fe8f22c8b4b46596463ca8eecc2a9463924a84,2023-02-06T16:43:42-07:00,src/poetry/console/commands/source/remove.py,44,1,0,0
poetry,58fe8f22c8b4b46596463ca8eecc2a9463924a84,2023-02-06T16:43:42-07:00,src/poetry/repositories/lockfile_repository.py,32,1,0,0
poetry,58fe8f22c8b4b46596463ca8eecc2a9463924a84,2023-02-06T16:43:42-07:00,tests/installation/test_executor.py,977,0,0,44
poetry,58fe8f22c8b4b46596463ca8eecc2a9463924a84,2023-02-06T16:43:42-07:00,src/poetry/console/commands/init.py,498,3,0,5
poetry,58fe8f22c8b4b46596463ca8eecc2a9463924a84,2023-02-06T16:43:42-07:00,src/poetry/repositories/pool.py,29,0,0,29
poetry,58fe8f22c8b4b46596463ca8eecc2a9463924a84,2023-02-06T16:43:42-07:00,src/poetry/utils/cache.py,198,2,0,0
poetry,58fe8f22c8b4b46596463ca8eecc2a9463924a84,2023-02-06T16:43:42-07:00,src/poetry/console/commands/install.py,192,1,0,7
poetry,58fe8f22c8b4b46596463ca8eecc2a9463924a84,2023-02-06T16:43:42-07:00,src/poetry/utils/env.py,2092,21,0,112
poetry,58fe8f22c8b4b46596463ca8eecc2a9463924a84,2023-02-06T16:43:42-07:00,src/poetry/vcs/git/backend.py,449,2,0,0
poetry,58fe8f22c8b4b46596463ca8eecc2a9463924a84,2023-02-06T16:43:42-07:00,src/poetry/installation/chef.py,262,1,0,0
poetry,58fe8f22c8b4b46596463ca8eecc2a9463924a84,2023-02-06T16:43:42-07:00,tests/installation/test_installer_old.py,1919,0,0,5
poetry,58fe8f22c8b4b46596463ca8eecc2a9463924a84,2023-02-06T16:43:42-07:00,tests/installation/test_installer.py,2661,0,0,21
poetry,58fe8f22c8b4b46596463ca8eecc2a9463924a84,2023-02-06T16:43:42-07:00,src/poetry/inspection/info.py,636,2,0,0
poetry,58fe8f22c8b4b46596463ca8eecc2a9463924a84,2023-02-06T16:43:42-07:00,src/poetry/mixology/term.py,187,2,0,0
poetry,58fe8f22c8b4b46596463ca8eecc2a9463924a84,2023-02-06T16:43:42-07:00,src/poetry/repositories/__init__.py,8,0,0,3
poetry,58fe8f22c8b4b46596463ca8eecc2a9463924a84,2023-02-06T16:43:42-07:00,src/poetry/console/commands/add.py,297,2,0,0
poetry,71b3d6e030c879f0b4b8e3a08eac2b38a402b6bd,2023-03-19T22:20:34+01:00,src/poetry/installation/wheel_installer.py,109,0,0,14
poetry,71b3d6e030c879f0b4b8e3a08eac2b38a402b6bd,2023-03-19T22:20:34+01:00,tests/utils/test_env.py,1677,0,0,204
poetry,71b3d6e030c879f0b4b8e3a08eac2b38a402b6bd,2023-03-19T22:20:34+01:00,tests/console/commands/self/test_self_command.py,0,0,0,49
poetry,71b3d6e030c879f0b4b8e3a08eac2b38a402b6bd,2023-03-19T22:20:34+01:00,tests/console/commands/test_init.py,1105,0,0,7
poetry,71b3d6e030c879f0b4b8e3a08eac2b38a402b6bd,2023-03-19T22:20:34+01:00,src/poetry/installation/pip_installer.py,292,9,0,2
poetry,71b3d6e030c879f0b4b8e3a08eac2b38a402b6bd,2023-03-19T22:20:34+01:00,src/poetry/installation/executor.py,940,13,0,10
poetry,71b3d6e030c879f0b4b8e3a08eac2b38a402b6bd,2023-03-19T22:20:34+01:00,src/poetry/utils/password_manager.py,235,3,0,0
poetry,71b3d6e030c879f0b4b8e3a08eac2b38a402b6bd,2023-03-19T22:20:34+01:00,src/poetry/repositories/installed_repository.py,287,6,0,0
poetry,71b3d6e030c879f0b4b8e3a08eac2b38a402b6bd,2023-03-19T22:20:34+01:00,src/poetry/utils/helpers.py,265,5,0,8
poetry,71b3d6e030c879f0b4b8e3a08eac2b38a402b6bd,2023-03-19T22:20:34+01:00,src/poetry/console/commands/config.py,317,0,0,1
poetry,71b3d6e030c879f0b4b8e3a08eac2b38a402b6bd,2023-03-19T22:20:34+01:00,src/poetry/repositories/legacy_repository.py,138,1,0,0
poetry,71b3d6e030c879f0b4b8e3a08eac2b38a402b6bd,2023-03-19T22:20:34+01:00,src/poetry/puzzle/provider.py,1067,2,0,0
poetry,71b3d6e030c879f0b4b8e3a08eac2b38a402b6bd,2023-03-19T22:20:34+01:00,src/poetry/mixology/incompatibility.py,451,2,0,0
poetry,71b3d6e030c879f0b4b8e3a08eac2b38a402b6bd,2023-03-19T22:20:34+01:00,src/poetry/utils/_compat.py,71,2,0,0
poetry,71b3d6e030c879f0b4b8e3a08eac2b38a402b6bd,2023-03-19T22:20:34+01:00,src/poetry/repositories/pypi_repository.py,250,3,0,0
poetry,71b3d6e030c879f0b4b8e3a08eac2b38a402b6bd,2023-03-19T22:20:34+01:00,src/poetry/repositories/repository.py,120,1,0,0
poetry,71b3d6e030c879f0b4b8e3a08eac2b38a402b6bd,2023-03-19T22:20:34+01:00,src/poetry/packages/locker.py,470,0,0,4
poetry,71b3d6e030c879f0b4b8e3a08eac2b38a402b6bd,2023-03-19T22:20:34+01:00,src/poetry/mixology/failure.py,274,2,0,0
poetry,71b3d6e030c879f0b4b8e3a08eac2b38a402b6bd,2023-03-19T22:20:34+01:00,tests/utils/test_setup_reader.py,192,0,0,35
poetry,71b3d6e030c879f0b4b8e3a08eac2b38a402b6bd,2023-03-19T22:20:34+01:00,src/poetry/utils/setup_reader.py,367,7,0,18
poetry,71b3d6e030c879f0b4b8e3a08eac2b38a402b6bd,2023-03-19T22:20:34+01:00,tests/utils/test_cache.py,334,0,0,62
poetry,71b3d6e030c879f0b4b8e3a08eac2b38a402b6bd,2023-03-19T22:20:34+01:00,tests/integration/test_utils_vcs_git.py,383,0,0,24
poetry,71b3d6e030c879f0b4b8e3a08eac2b38a402b6bd,2023-03-19T22:20:34+01:00,install-poetry.py,912,11,0,0
poetry,71b3d6e030c879f0b4b8e3a08eac2b38a402b6bd,2023-03-19T22:20:34+01:00,src/poetry/repositories/http_repository.py,303,2,0,0
poetry,71b3d6e030c879f0b4b8e3a08eac2b38a402b6bd,2023-03-19T22:20:34+01:00,src/poetry/console/commands/new.py,104,1,0,0
poetry,71b3d6e030c879f0b4b8e3a08eac2b38a402b6bd,2023-03-19T22:20:34+01:00,src/poetry/installation/installer.py,587,6,0,0
poetry,71b3d6e030c879f0b4b8e3a08eac2b38a402b6bd,2023-03-19T22:20:34+01:00,src/poetry/console/commands/remove.py,142,2,0,1
poetry,71b3d6e030c879f0b4b8e3a08eac2b38a402b6bd,2023-03-19T22:20:34+01:00,src/poetry/console/commands/source/add.py,99,1,0,0
poetry,71b3d6e030c879f0b4b8e3a08eac2b38a402b6bd,2023-03-19T22:20:34+01:00,src/poetry/console/commands/update.py,59,1,0,0
poetry,71b3d6e030c879f0b4b8e3a08eac2b38a402b6bd,2023-03-19T22:20:34+01:00,src/poetry/console/commands/publish.py,92,0,0,2
poetry,71b3d6e030c879f0b4b8e3a08eac2b38a402b6bd,2023-03-19T22:20:34+01:00,tests/console/commands/env/test_use.py,155,0,0,8
poetry,71b3d6e030c879f0b4b8e3a08eac2b38a402b6bd,2023-03-19T22:20:34+01:00,src/poetry/console/commands/source/remove.py,44,1,0,0
poetry,71b3d6e030c879f0b4b8e3a08eac2b38a402b6bd,2023-03-19T22:20:34+01:00,src/poetry/repositories/lockfile_repository.py,32,1,0,0
poetry,71b3d6e030c879f0b4b8e3a08eac2b38a402b6bd,2023-03-19T22:20:34+01:00,tests/installation/test_executor.py,1207,0,0,66
poetry,71b3d6e030c879f0b4b8e3a08eac2b38a402b6bd,2023-03-19T22:20:34+01:00,src/poetry/console/commands/init.py,503,3,0,0
poetry,71b3d6e030c879f0b4b8e3a08eac2b38a402b6bd,2023-03-19T22:20:34+01:00,src/poetry/console/commands/self/self_command.py,130,0,0,3
poetry,71b3d6e030c879f0b4b8e3a08eac2b38a402b6bd,2023-03-19T22:20:34+01:00,src/poetry/utils/cache.py,288,2,0,17
poetry,71b3d6e030c879f0b4b8e3a08eac2b38a402b6bd,2023-03-19T22:20:34+01:00,tests/masonry/builders/test_editable_builder.py,351,0,0,22
poetry,71b3d6e030c879f0b4b8e3a08eac2b38a402b6bd,2023-03-19T22:20:34+01:00,src/poetry/console/commands/install.py,193,1,0,0
poetry,71b3d6e030c879f0b4b8e3a08eac2b38a402b6bd,2023-03-19T22:20:34+01:00,src/poetry/factory.py,310,0,0,10
poetry,71b3d6e030c879f0b4b8e3a08eac2b38a402b6bd,2023-03-19T22:20:34+01:00,tests/packages/test_locker.py,1198,0,0,58
poetry,71b3d6e030c879f0b4b8e3a08eac2b38a402b6bd,2023-03-19T22:20:34+01:00,src/poetry/utils/env.py,2077,21,0,101
poetry,71b3d6e030c879f0b4b8e3a08eac2b38a402b6bd,2023-03-19T22:20:34+01:00,src/poetry/vcs/git/backend.py,458,2,0,21
poetry,71b3d6e030c879f0b4b8e3a08eac2b38a402b6bd,2023-03-19T22:20:34+01:00,src/poetry/installation/chef.py,194,1,0,0
poetry,71b3d6e030c879f0b4b8e3a08eac2b38a402b6bd,2023-03-19T22:20:34+01:00,tests/installation/test_pip_installer.py,302,0,0,26
poetry,71b3d6e030c879f0b4b8e3a08eac2b38a402b6bd,2023-03-19T22:20:34+01:00,tests/conftest.py,485,0,0,5
poetry,71b3d6e030c879f0b4b8e3a08eac2b38a402b6bd,2023-03-19T22:20:34+01:00,src/poetry/inspection/info.py,636,2,0,8
poetry,71b3d6e030c879f0b4b8e3a08eac2b38a402b6bd,2023-03-19T22:20:34+01:00,src/poetry/mixology/term.py,187,2,0,0
poetry,71b3d6e030c879f0b4b8e3a08eac2b38a402b6bd,2023-03-19T22:20:34+01:00,src/poetry/console/commands/add.py,297,2,0,5
poetry,a5f542b2bc2ac2a4941715a6109e94f6aae9fc4e,2023-05-19T14:01:17+02:00,src/poetry/installation/wheel_installer.py,114,0,0,5
poetry,a5f542b2bc2ac2a4941715a6109e94f6aae9fc4e,2023-05-19T14:01:17+02:00,src/poetry/utils/password_manager.py,232,3,0,0
poetry,a5f542b2bc2ac2a4941715a6109e94f6aae9fc4e,2023-05-19T14:01:17+02:00,src/poetry/repositories/installed_repository.py,286,6,0,0
poetry,a5f542b2bc2ac2a4941715a6109e94f6aae9fc4e,2023-05-19T14:01:17+02:00,src/poetry/utils/helpers.py,265,5,0,2
poetry,a5f542b2bc2ac2a4941715a6109e94f6aae9fc4e,2023-05-19T14:01:17+02:00,tests/repositories/parsers/__init__.py,0,0,0,0
poetry,a5f542b2bc2ac2a4941715a6109e94f6aae9fc4e,2023-05-19T14:01:17+02:00,src/poetry/repositories/legacy_repository.py,138,1,0,0
poetry,a5f542b2bc2ac2a4941715a6109e94f6aae9fc4e,2023-05-19T14:01:17+02:00,tests/puzzle/test_solver.py,4039,0,0,121
poetry,a5f542b2bc2ac2a4941715a6109e94f6aae9fc4e,2023-05-19T14:01:17+02:00,src/poetry/puzzle/provider.py,966,2,0,8
poetry,a5f542b2bc2ac2a4941715a6109e94f6aae9fc4e,2023-05-19T14:01:17+02:00,src/poetry/mixology/incompatibility.py,451,2,0,0
poetry,a5f542b2bc2ac2a4941715a6109e94f6aae9fc4e,2023-05-19T14:01:17+02:00,src/poetry/repositories/repository.py,120,1,0,0
poetry,a5f542b2bc2ac2a4941715a6109e94f6aae9fc4e,2023-05-19T14:01:17+02:00,tests/console/commands/cache/test_clear.py,86,0,0,13
poetry,a5f542b2bc2ac2a4941715a6109e94f6aae9fc4e,2023-05-19T14:01:17+02:00,src/poetry/mixology/failure.py,274,2,0,0
poetry,a5f542b2bc2ac2a4941715a6109e94f6aae9fc4e,2023-05-19T14:01:17+02:00,src/poetry/mixology/version_solver.py,487,0,0,219
poetry,a5f542b2bc2ac2a4941715a6109e94f6aae9fc4e,2023-05-19T14:01:17+02:00,tests/utils/test_cache.py,413,0,0,120
poetry,a5f542b2bc2ac2a4941715a6109e94f6aae9fc4e,2023-05-19T14:01:17+02:00,install-poetry.py,912,11,0,0
poetry,a5f542b2bc2ac2a4941715a6109e94f6aae9fc4e,2023-05-19T14:01:17+02:00,src/poetry/console/commands/source/add.py,163,1,0,0
poetry,a5f542b2bc2ac2a4941715a6109e94f6aae9fc4e,2023-05-19T14:01:17+02:00,src/poetry/console/commands/remove.py,143,2,0,0
poetry,a5f542b2bc2ac2a4941715a6109e94f6aae9fc4e,2023-05-19T14:01:17+02:00,src/poetry/repositories/lockfile_repository.py,32,1,0,0
poetry,a5f542b2bc2ac2a4941715a6109e94f6aae9fc4e,2023-05-19T14:01:17+02:00,tests/mixology/version_solver/test_dependency_cache.py,126,0,0,132
poetry,a5f542b2bc2ac2a4941715a6109e94f6aae9fc4e,2023-05-19T14:01:17+02:00,tests/plugins/test_plugin_manager.py,127,0,0,2
poetry,a5f542b2bc2ac2a4941715a6109e94f6aae9fc4e,2023-05-19T14:01:17+02:00,tests/repositories/test_lockfile_repository.py,60,0,0,33
poetry,a5f542b2bc2ac2a4941715a6109e94f6aae9fc4e,2023-05-19T14:01:17+02:00,src/poetry/vcs/git/backend.py,458,2,0,0
poetry,a5f542b2bc2ac2a4941715a6109e94f6aae9fc4e,2023-05-19T14:01:17+02:00,src/poetry/utils/authenticator.py,484,0,0,8
poetry,a5f542b2bc2ac2a4941715a6109e94f6aae9fc4e,2023-05-19T14:01:17+02:00,tests/installation/test_installer.py,2661,0,0,71
poetry,a5f542b2bc2ac2a4941715a6109e94f6aae9fc4e,2023-05-19T14:01:17+02:00,src/poetry/inspection/info.py,636,1,0,0
poetry,a5f542b2bc2ac2a4941715a6109e94f6aae9fc4e,2023-05-19T14:01:17+02:00,src/poetry/repositories/parsers/html_page_parser.py,0,0,0,18
poetry,a5f542b2bc2ac2a4941715a6109e94f6aae9fc4e,2023-05-19T14:01:17+02:00,tests/conftest.py,478,0,0,10
poetry,a5f542b2bc2ac2a4941715a6109e94f6aae9fc4e,2023-05-19T14:01:17+02:00,tests/console/commands/cache/conftest.py,65,0,0,27
poetry,a5f542b2bc2ac2a4941715a6109e94f6aae9fc4e,2023-05-19T14:01:17+02:00,src/poetry/masonry/builders/editable.py,280,0,0,4
poetry,a5f542b2bc2ac2a4941715a6109e94f6aae9fc4e,2023-05-19T14:01:17+02:00,src/poetry/repositories/parsers/pypi_search_parser.py,0,0,0,70
poetry,a5f542b2bc2ac2a4941715a6109e94f6aae9fc4e,2023-05-19T14:01:17+02:00,src/poetry/repositories/link_sources/html.py,62,0,0,25
poetry,a5f542b2bc2ac2a4941715a6109e94f6aae9fc4e,2023-05-19T14:01:17+02:00,src/poetry/console/commands/add.py,306,3,0,0
poetry,a5f542b2bc2ac2a4941715a6109e94f6aae9fc4e,2023-05-19T14:01:17+02:00,tests/repositories/parsers/test_html_page_parser.py,0,0,0,69
poetry,a5f542b2bc2ac2a4941715a6109e94f6aae9fc4e,2023-05-19T14:01:17+02:00,tests/repositories/test_installed_repository.py,302,0,0,3
poetry,a5f542b2bc2ac2a4941715a6109e94f6aae9fc4e,2023-05-19T14:01:17+02:00,tests/utils/test_env.py,1830,0,0,73
poetry,a5f542b2bc2ac2a4941715a6109e94f6aae9fc4e,2023-05-19T14:01:17+02:00,src/poetry/installation/executor.py,987,2,0,21
poetry,a5f542b2bc2ac2a4941715a6109e94f6aae9fc4e,2023-05-19T14:01:17+02:00,tests/puzzle/test_provider.py,724,0,0,37
poetry,a5f542b2bc2ac2a4941715a6109e94f6aae9fc4e,2023-05-19T14:01:17+02:00,src/poetry/utils/_compat.py,66,2,0,7
poetry,a5f542b2bc2ac2a4941715a6109e94f6aae9fc4e,2023-05-19T14:01:17+02:00,src/poetry/repositories/pypi_repository.py,250,3,0,42
poetry,a5f542b2bc2ac2a4941715a6109e94f6aae9fc4e,2023-05-19T14:01:17+02:00,tests/repositories/parsers/test_pypi_search_parser.py,0,0,0,131
poetry,a5f542b2bc2ac2a4941715a6109e94f6aae9fc4e,2023-05-19T14:01:17+02:00,tests/repositories/conftest.py,0,0,0,31
poetry,a5f542b2bc2ac2a4941715a6109e94f6aae9fc4e,2023-05-19T14:01:17+02:00,src/poetry/utils/setup_reader.py,365,7,0,0
poetry,a5f542b2bc2ac2a4941715a6109e94f6aae9fc4e,2023-05-19T14:01:17+02:00,src/poetry/repositories/http_repository.py,293,0,0,12
poetry,a5f542b2bc2ac2a4941715a6109e94f6aae9fc4e,2023-05-19T14:01:17+02:00,src/poetry/console/commands/new.py,101,1,0,0
poetry,a5f542b2bc2ac2a4941715a6109e94f6aae9fc4e,2023-05-19T14:01:17+02:00,tests/compat.py,15,0,0,15
poetry,a5f542b2bc2ac2a4941715a6109e94f6aae9fc4e,2023-05-19T14:01:17+02:00,src/poetry/console/commands/source/remove.py,45,1,0,0
poetry,a5f542b2bc2ac2a4941715a6109e94f6aae9fc4e,2023-05-19T14:01:17+02:00,tests/types.py,63,0,0,8
poetry,a5f542b2bc2ac2a4941715a6109e94f6aae9fc4e,2023-05-19T14:01:17+02:00,tests/utils/test_authenticator.py,692,0,0,16
poetry,a5f542b2bc2ac2a4941715a6109e94f6aae9fc4e,2023-05-19T14:01:17+02:00,src/poetry/repositories/parsers/__init__.py,0,0,0,0
poetry,a5f542b2bc2ac2a4941715a6109e94f6aae9fc4e,2023-05-19T14:01:17+02:00,tests/installation/test_executor.py,1395,0,0,1
poetry,a5f542b2bc2ac2a4941715a6109e94f6aae9fc4e,2023-05-19T14:01:17+02:00,src/poetry/console/commands/init.py,500,3,0,0
poetry,a5f542b2bc2ac2a4941715a6109e94f6aae9fc4e,2023-05-19T14:01:17+02:00,src/poetry/utils/cache.py,296,0,0,2
poetry,a5f542b2bc2ac2a4941715a6109e94f6aae9fc4e,2023-05-19T14:01:17+02:00,src/poetry/console/commands/debug/resolve.py,145,1,0,0
poetry,a5f542b2bc2ac2a4941715a6109e94f6aae9fc4e,2023-05-19T14:01:17+02:00,src/poetry/repositories/link_sources/base.py,126,0,0,2
poetry,a5f542b2bc2ac2a4941715a6109e94f6aae9fc4e,2023-05-19T14:01:17+02:00,src/poetry/utils/env.py,2017,19,0,45
poetry,a5f542b2bc2ac2a4941715a6109e94f6aae9fc4e,2023-05-19T14:01:17+02:00,tests/repositories/link_sources/test_html.py,94,0,0,55
poetry,a5f542b2bc2ac2a4941715a6109e94f6aae9fc4e,2023-05-19T14:01:17+02:00,src/poetry/mixology/term.py,187,2,0,0
poetry,a5f542b2bc2ac2a4941715a6109e94f6aae9fc4e,2023-05-19T14:01:17+02:00,src/poetry/repositories/link_sources/json.py,40,0,0,2
poetry,2d86ebf6cd9f54400c542daaf2770f0f70ba2a04,2023-05-23T09:39:23+02:00,src/poetry/installation/wheel_installer.py,114,0,0,5
poetry,2d86ebf6cd9f54400c542daaf2770f0f70ba2a04,2023-05-23T09:39:23+02:00,src/poetry/utils/env/generic_env.py,0,0,0,102
poetry,2d86ebf6cd9f54400c542daaf2770f0f70ba2a04,2023-05-23T09:39:23+02:00,tests/utils/test_env.py,1805,0,0,2
poetry,2d86ebf6cd9f54400c542daaf2770f0f70ba2a04,2023-05-23T09:39:23+02:00,src/poetry/installation/executor.py,982,2,0,0
poetry,2d86ebf6cd9f54400c542daaf2770f0f70ba2a04,2023-05-23T09:39:23+02:00,src/poetry/utils/password_manager.py,232,3,0,0
poetry,2d86ebf6cd9f54400c542daaf2770f0f70ba2a04,2023-05-23T09:39:23+02:00,src/poetry/repositories/installed_repository.py,286,6,0,0
poetry,2d86ebf6cd9f54400c542daaf2770f0f70ba2a04,2023-05-23T09:39:23+02:00,src/poetry/utils/helpers.py,265,5,0,0
poetry,2d86ebf6cd9f54400c542daaf2770f0f70ba2a04,2023-05-23T09:39:23+02:00,src/poetry/utils/env/base_env.py,0,0,0,426
poetry,2d86ebf6cd9f54400c542daaf2770f0f70ba2a04,2023-05-23T09:39:23+02:00,src/poetry/repositories/legacy_repository.py,138,1,0,0
poetry,2d86ebf6cd9f54400c542daaf2770f0f70ba2a04,2023-05-23T09:39:23+02:00,tests/puzzle/test_solver.py,4097,0,0,63
poetry,2d86ebf6cd9f54400c542daaf2770f0f70ba2a04,2023-05-23T09:39:23+02:00,src/poetry/puzzle/provider.py,966,2,0,8
poetry,2d86ebf6cd9f54400c542daaf2770f0f70ba2a04,2023-05-23T09:39:23+02:00,src/poetry/utils/env/system_env.py,0,0,0,89
poetry,2d86ebf6cd9f54400c542daaf2770f0f70ba2a04,2023-05-23T09:39:23+02:00,src/poetry/mixology/incompatibility.py,451,2,0,0
poetry,2d86ebf6cd9f54400c542daaf2770f0f70ba2a04,2023-05-23T09:39:23+02:00,tests/puzzle/test_provider.py,724,0,0,37
poetry,2d86ebf6cd9f54400c542daaf2770f0f70ba2a04,2023-05-23T09:39:23+02:00,src/poetry/utils/_compat.py,59,2,0,0
poetry,2d86ebf6cd9f54400c542daaf2770f0f70ba2a04,2023-05-23T09:39:23+02:00,src/poetry/repositories/pypi_repository.py,226,3,0,0
poetry,2d86ebf6cd9f54400c542daaf2770f0f70ba2a04,2023-05-23T09:39:23+02:00,tests/utils/test_helpers.py,131,0,0,80
poetry,2d86ebf6cd9f54400c542daaf2770f0f70ba2a04,2023-05-23T09:39:23+02:00,src/poetry/repositories/repository.py,120,1,0,0
poetry,2d86ebf6cd9f54400c542daaf2770f0f70ba2a04,2023-05-23T09:39:23+02:00,tests/console/commands/cache/test_clear.py,86,0,0,13
poetry,2d86ebf6cd9f54400c542daaf2770f0f70ba2a04,2023-05-23T09:39:23+02:00,src/poetry/mixology/failure.py,274,2,0,0
poetry,2d86ebf6cd9f54400c542daaf2770f0f70ba2a04,2023-05-23T09:39:23+02:00,src/poetry/utils/env/mock_env.py,0,0,0,78
poetry,2d86ebf6cd9f54400c542daaf2770f0f70ba2a04,2023-05-23T09:39:23+02:00,src/poetry/mixology/version_solver.py,496,0,0,204
poetry,2d86ebf6cd9f54400c542daaf2770f0f70ba2a04,2023-05-23T09:39:23+02:00,src/poetry/utils/env/exceptions.py,0,0,0,71
poetry,2d86ebf6cd9f54400c542daaf2770f0f70ba2a04,2023-05-23T09:39:23+02:00,src/poetry/utils/setup_reader.py,365,7,0,0
poetry,2d86ebf6cd9f54400c542daaf2770f0f70ba2a04,2023-05-23T09:39:23+02:00,tests/utils/test_cache.py,413,0,0,120
poetry,2d86ebf6cd9f54400c542daaf2770f0f70ba2a04,2023-05-23T09:39:23+02:00,src/poetry/utils/env/virtual_env.py,0,0,0,135
poetry,2d86ebf6cd9f54400c542daaf2770f0f70ba2a04,2023-05-23T09:39:23+02:00,install-poetry.py,912,11,0,912
poetry,2d86ebf6cd9f54400c542daaf2770f0f70ba2a04,2023-05-23T09:39:23+02:00,src/poetry/console/commands/source/add.py,163,1,0,0
poetry,2d86ebf6cd9f54400c542daaf2770f0f70ba2a04,2023-05-23T09:39:23+02:00,src/poetry/console/commands/new.py,101,1,0,0
poetry,2d86ebf6cd9f54400c542daaf2770f0f70ba2a04,2023-05-23T09:39:23+02:00,src/poetry/console/commands/remove.py,143,2,0,0
poetry,2d86ebf6cd9f54400c542daaf2770f0f70ba2a04,2023-05-23T09:39:23+02:00,src/poetry/utils/env/env_manager.py,0,0,0,768
poetry,2d86ebf6cd9f54400c542daaf2770f0f70ba2a04,2023-05-23T09:39:23+02:00,src/poetry/repositories/http_repository.py,293,0,0,12
poetry,2d86ebf6cd9f54400c542daaf2770f0f70ba2a04,2023-05-23T09:39:23+02:00,src/poetry/utils/env/script_strings.py,0,0,0,148
poetry,2d86ebf6cd9f54400c542daaf2770f0f70ba2a04,2023-05-23T09:39:23+02:00,src/poetry/console/commands/source/remove.py,45,1,0,0
poetry,2d86ebf6cd9f54400c542daaf2770f0f70ba2a04,2023-05-23T09:39:23+02:00,tests/utils/test_authenticator.py,692,0,0,16
poetry,2d86ebf6cd9f54400c542daaf2770f0f70ba2a04,2023-05-23T09:39:23+02:00,src/poetry/repositories/lockfile_repository.py,32,1,0,0
poetry,2d86ebf6cd9f54400c542daaf2770f0f70ba2a04,2023-05-23T09:39:23+02:00,src/poetry/utils/env/__init__.py,0,0,0,131
poetry,2d86ebf6cd9f54400c542daaf2770f0f70ba2a04,2023-05-23T09:39:23+02:00,src/poetry/console/commands/init.py,500,3,0,0
poetry,2d86ebf6cd9f54400c542daaf2770f0f70ba2a04,2023-05-23T09:39:23+02:00,src/poetry/utils/env/site_packages.py,0,0,0,222
poetry,2d86ebf6cd9f54400c542daaf2770f0f70ba2a04,2023-05-23T09:39:23+02:00,tests/installation/test_executor.py,1395,0,0,1
poetry,2d86ebf6cd9f54400c542daaf2770f0f70ba2a04,2023-05-23T09:39:23+02:00,tests/mixology/version_solver/test_dependency_cache.py,126,0,0,132
poetry,2d86ebf6cd9f54400c542daaf2770f0f70ba2a04,2023-05-23T09:39:23+02:00,src/poetry/utils/cache.py,296,0,0,2
poetry,2d86ebf6cd9f54400c542daaf2770f0f70ba2a04,2023-05-23T09:39:23+02:00,src/poetry/publishing/uploader.py,366,0,0,31
poetry,2d86ebf6cd9f54400c542daaf2770f0f70ba2a04,2023-05-23T09:39:23+02:00,src/poetry/console/commands/debug/resolve.py,145,1,0,0
poetry,2d86ebf6cd9f54400c542daaf2770f0f70ba2a04,2023-05-23T09:39:23+02:00,tests/repositories/test_legacy_repository.py,564,0,0,24
poetry,2d86ebf6cd9f54400c542daaf2770f0f70ba2a04,2023-05-23T09:39:23+02:00,src/poetry/utils/env.py,2022,19,0,2022
poetry,2d86ebf6cd9f54400c542daaf2770f0f70ba2a04,2023-05-23T09:39:23+02:00,src/poetry/vcs/git/backend.py,458,2,0,0
poetry,2d86ebf6cd9f54400c542daaf2770f0f70ba2a04,2023-05-23T09:39:23+02:00,src/poetry/utils/env/null_env.py,0,0,0,49
poetry,2d86ebf6cd9f54400c542daaf2770f0f70ba2a04,2023-05-23T09:39:23+02:00,src/poetry/utils/authenticator.py,484,0,0,31
poetry,2d86ebf6cd9f54400c542daaf2770f0f70ba2a04,2023-05-23T09:39:23+02:00,tests/installation/test_installer.py,2661,0,0,71
poetry,2d86ebf6cd9f54400c542daaf2770f0f70ba2a04,2023-05-23T09:39:23+02:00,src/poetry/inspection/info.py,636,1,0,0
poetry,2d86ebf6cd9f54400c542daaf2770f0f70ba2a04,2023-05-23T09:39:23+02:00,src/poetry/mixology/term.py,187,2,0,0
poetry,2d86ebf6cd9f54400c542daaf2770f0f70ba2a04,2023-05-23T09:39:23+02:00,tests/console/commands/cache/conftest.py,65,0,0,27
poetry,2d86ebf6cd9f54400c542daaf2770f0f70ba2a04,2023-05-23T09:39:23+02:00,src/poetry/console/commands/add.py,306,3,0,0
poetry,50e61e696bb0ae61c148d570f1c204a667464f1c,2023-05-30T08:22:32+02:00,src/poetry/utils/env/generic_env.py,0,0,0,102
poetry,50e61e696bb0ae61c148d570f1c204a667464f1c,2023-05-30T08:22:32+02:00,tests/utils/test_env.py,1805,0,0,2
poetry,50e61e696bb0ae61c148d570f1c204a667464f1c,2023-05-30T08:22:32+02:00,src/poetry/installation/executor.py,982,2,0,0
poetry,50e61e696bb0ae61c148d570f1c204a667464f1c,2023-05-30T08:22:32+02:00,src/poetry/utils/password_manager.py,232,3,0,0
poetry,50e61e696bb0ae61c148d570f1c204a667464f1c,2023-05-30T08:22:32+02:00,src/poetry/repositories/installed_repository.py,286,6,0,0
poetry,50e61e696bb0ae61c148d570f1c204a667464f1c,2023-05-30T08:22:32+02:00,src/poetry/utils/helpers.py,265,5,0,0
poetry,50e61e696bb0ae61c148d570f1c204a667464f1c,2023-05-30T08:22:32+02:00,src/poetry/utils/env/base_env.py,0,0,0,426
poetry,50e61e696bb0ae61c148d570f1c204a667464f1c,2023-05-30T08:22:32+02:00,src/poetry/repositories/legacy_repository.py,138,1,0,0
poetry,50e61e696bb0ae61c148d570f1c204a667464f1c,2023-05-30T08:22:32+02:00,src/poetry/puzzle/provider.py,962,2,0,0
poetry,50e61e696bb0ae61c148d570f1c204a667464f1c,2023-05-30T08:22:32+02:00,src/poetry/utils/env/system_env.py,0,0,0,89
poetry,50e61e696bb0ae61c148d570f1c204a667464f1c,2023-05-30T08:22:32+02:00,src/poetry/mixology/incompatibility.py,451,2,0,0
poetry,50e61e696bb0ae61c148d570f1c204a667464f1c,2023-05-30T08:22:32+02:00,src/poetry/utils/_compat.py,59,2,0,0
poetry,50e61e696bb0ae61c148d570f1c204a667464f1c,2023-05-30T08:22:32+02:00,src/poetry/repositories/pypi_repository.py,226,3,0,0
poetry,50e61e696bb0ae61c148d570f1c204a667464f1c,2023-05-30T08:22:32+02:00,tests/utils/test_helpers.py,131,0,0,80
poetry,50e61e696bb0ae61c148d570f1c204a667464f1c,2023-05-30T08:22:32+02:00,src/poetry/repositories/repository.py,120,1,0,2
poetry,50e61e696bb0ae61c148d570f1c204a667464f1c,2023-05-30T08:22:32+02:00,src/poetry/mixology/failure.py,274,2,0,0
poetry,50e61e696bb0ae61c148d570f1c204a667464f1c,2023-05-30T08:22:32+02:00,src/poetry/utils/env/mock_env.py,0,0,0,78
poetry,50e61e696bb0ae61c148d570f1c204a667464f1c,2023-05-30T08:22:32+02:00,src/poetry/utils/env/exceptions.py,0,0,0,71
poetry,50e61e696bb0ae61c148d570f1c204a667464f1c,2023-05-30T08:22:32+02:00,src/poetry/utils/setup_reader.py,365,7,0,0
poetry,50e61e696bb0ae61c148d570f1c204a667464f1c,2023-05-30T08:22:32+02:00,src/poetry/utils/env/virtual_env.py,0,0,0,135
poetry,50e61e696bb0ae61c148d570f1c204a667464f1c,2023-05-30T08:22:32+02:00,install-poetry.py,912,11,0,912
poetry,50e61e696bb0ae61c148d570f1c204a667464f1c,2023-05-30T08:22:32+02:00,src/poetry/console/commands/source/add.py,163,1,0,0
poetry,50e61e696bb0ae61c148d570f1c204a667464f1c,2023-05-30T08:22:32+02:00,src/poetry/console/commands/new.py,101,1,0,0
poetry,50e61e696bb0ae61c148d570f1c204a667464f1c,2023-05-30T08:22:32+02:00,src/poetry/console/commands/remove.py,143,2,0,0
poetry,50e61e696bb0ae61c148d570f1c204a667464f1c,2023-05-30T08:22:32+02:00,src/poetry/utils/env/env_manager.py,0,0,0,768
poetry,50e61e696bb0ae61c148d570f1c204a667464f1c,2023-05-30T08:22:32+02:00,src/poetry/utils/env/script_strings.py,0,0,0,148
poetry,50e61e696bb0ae61c148d570f1c204a667464f1c,2023-05-30T08:22:32+02:00,src/poetry/console/commands/source/remove.py,45,1,0,0
poetry,50e61e696bb0ae61c148d570f1c204a667464f1c,2023-05-30T08:22:32+02:00,src/poetry/repositories/lockfile_repository.py,32,1,0,0
poetry,50e61e696bb0ae61c148d570f1c204a667464f1c,2023-05-30T08:22:32+02:00,src/poetry/utils/env/__init__.py,0,0,0,131
poetry,50e61e696bb0ae61c148d570f1c204a667464f1c,2023-05-30T08:22:32+02:00,src/poetry/console/commands/init.py,500,3,0,0
poetry,50e61e696bb0ae61c148d570f1c204a667464f1c,2023-05-30T08:22:32+02:00,src/poetry/utils/env/site_packages.py,0,0,0,222
poetry,50e61e696bb0ae61c148d570f1c204a667464f1c,2023-05-30T08:22:32+02:00,src/poetry/publishing/uploader.py,366,0,0,31
poetry,50e61e696bb0ae61c148d570f1c204a667464f1c,2023-05-30T08:22:32+02:00,src/poetry/console/commands/debug/resolve.py,145,1,0,0
poetry,50e61e696bb0ae61c148d570f1c204a667464f1c,2023-05-30T08:22:32+02:00,tests/repositories/test_legacy_repository.py,564,0,0,24
poetry,50e61e696bb0ae61c148d570f1c204a667464f1c,2023-05-30T08:22:32+02:00,src/poetry/utils/env.py,2022,19,0,2022
poetry,50e61e696bb0ae61c148d570f1c204a667464f1c,2023-05-30T08:22:32+02:00,src/poetry/vcs/git/backend.py,458,2,0,0
poetry,50e61e696bb0ae61c148d570f1c204a667464f1c,2023-05-30T08:22:32+02:00,src/poetry/utils/env/null_env.py,0,0,0,49
poetry,50e61e696bb0ae61c148d570f1c204a667464f1c,2023-05-30T08:22:32+02:00,src/poetry/utils/authenticator.py,476,0,0,23
poetry,50e61e696bb0ae61c148d570f1c204a667464f1c,2023-05-30T08:22:32+02:00,src/poetry/masonry/builders/editable.py,278,0,0,12
poetry,50e61e696bb0ae61c148d570f1c204a667464f1c,2023-05-30T08:22:32+02:00,src/poetry/inspection/info.py,636,1,0,0
poetry,50e61e696bb0ae61c148d570f1c204a667464f1c,2023-05-30T08:22:32+02:00,src/poetry/mixology/term.py,187,2,0,0
poetry,50e61e696bb0ae61c148d570f1c204a667464f1c,2023-05-30T08:22:32+02:00,src/poetry/console/commands/add.py,306,3,0,0
poetry,f69a72b964211d580f2f78a0a43a0a3439799482,2023-08-21T20:34:52+02:00,src/poetry/installation/wheel_installer.py,117,0,0,42
poetry,f69a72b964211d580f2f78a0a43a0a3439799482,2023-08-21T20:34:52+02:00,src/poetry/utils/env/generic_env.py,102,1,0,0
poetry,f69a72b964211d580f2f78a0a43a0a3439799482,2023-08-21T20:34:52+02:00,tests/utils/test_env.py,1805,0,0,20
poetry,f69a72b964211d580f2f78a0a43a0a3439799482,2023-08-21T20:34:52+02:00,src/poetry/console/commands/source/remove.py,45,1,0,0
poetry,f69a72b964211d580f2f78a0a43a0a3439799482,2023-08-21T20:34:52+02:00,src/poetry/installation/executor.py,985,2,0,0
poetry,f69a72b964211d580f2f78a0a43a0a3439799482,2023-08-21T20:34:52+02:00,src/poetry/utils/password_manager.py,232,3,0,0
poetry,f69a72b964211d580f2f78a0a43a0a3439799482,2023-08-21T20:34:52+02:00,src/poetry/repositories/installed_repository.py,284,6,0,0
poetry,f69a72b964211d580f2f78a0a43a0a3439799482,2023-08-21T20:34:52+02:00,src/poetry/utils/env/base_env.py,427,2,0,5
poetry,f69a72b964211d580f2f78a0a43a0a3439799482,2023-08-21T20:34:52+02:00,src/poetry/repositories/lockfile_repository.py,32,1,0,0
poetry,f69a72b964211d580f2f78a0a43a0a3439799482,2023-08-21T20:34:52+02:00,src/poetry/utils/env/__init__.py,131,1,0,0
poetry,f69a72b964211d580f2f78a0a43a0a3439799482,2023-08-21T20:34:52+02:00,src/poetry/console/commands/init.py,494,3,0,0
poetry,f69a72b964211d580f2f78a0a43a0a3439799482,2023-08-21T20:34:52+02:00,src/poetry/repositories/legacy_repository.py,138,1,0,0
poetry,f69a72b964211d580f2f78a0a43a0a3439799482,2023-08-21T20:34:52+02:00,src/poetry/utils/env/site_packages.py,222,2,0,0
poetry,f69a72b964211d580f2f78a0a43a0a3439799482,2023-08-21T20:34:52+02:00,tests/masonry/builders/test_editable_builder.py,344,0,0,23
poetry,f69a72b964211d580f2f78a0a43a0a3439799482,2023-08-21T20:34:52+02:00,src/poetry/puzzle/provider.py,943,2,0,0
poetry,f69a72b964211d580f2f78a0a43a0a3439799482,2023-08-21T20:34:52+02:00,src/poetry/console/commands/debug/resolve.py,145,1,0,0
poetry,f69a72b964211d580f2f78a0a43a0a3439799482,2023-08-21T20:34:52+02:00,src/poetry/mixology/term.py,187,2,0,0
poetry,f69a72b964211d580f2f78a0a43a0a3439799482,2023-08-21T20:34:52+02:00,src/poetry/utils/env/system_env.py,89,0,0,4
poetry,f69a72b964211d580f2f78a0a43a0a3439799482,2023-08-21T20:34:52+02:00,src/poetry/mixology/incompatibility.py,451,2,0,0
poetry,f69a72b964211d580f2f78a0a43a0a3439799482,2023-08-21T20:34:52+02:00,src/poetry/utils/_compat.py,59,2,0,0
poetry,f69a72b964211d580f2f78a0a43a0a3439799482,2023-08-21T20:34:52+02:00,src/poetry/repositories/pypi_repository.py,224,3,0,0
poetry,f69a72b964211d580f2f78a0a43a0a3439799482,2023-08-21T20:34:52+02:00,src/poetry/repositories/repository.py,120,1,0,0
poetry,f69a72b964211d580f2f78a0a43a0a3439799482,2023-08-21T20:34:52+02:00,src/poetry/vcs/git/backend.py,452,2,0,0
poetry,f69a72b964211d580f2f78a0a43a0a3439799482,2023-08-21T20:34:52+02:00,src/poetry/mixology/failure.py,270,2,0,0
poetry,f69a72b964211d580f2f78a0a43a0a3439799482,2023-08-21T20:34:52+02:00,tests/test_factory.py,572,0,0,23
poetry,f69a72b964211d580f2f78a0a43a0a3439799482,2023-08-21T20:34:52+02:00,src/poetry/utils/setup_reader.py,378,7,0,0
poetry,f69a72b964211d580f2f78a0a43a0a3439799482,2023-08-21T20:34:52+02:00,src/poetry/inspection/info.py,636,1,0,0
poetry,f69a72b964211d580f2f78a0a43a0a3439799482,2023-08-21T20:34:52+02:00,src/poetry/utils/env/env_manager.py,750,13,0,0
poetry,f69a72b964211d580f2f78a0a43a0a3439799482,2023-08-21T20:34:52+02:00,src/poetry/utils/env/virtual_env.py,135,0,0,21
poetry,f69a72b964211d580f2f78a0a43a0a3439799482,2023-08-21T20:34:52+02:00,src/poetry/console/commands/source/add.py,155,1,0,0
poetry,f69a72b964211d580f2f78a0a43a0a3439799482,2023-08-21T20:34:52+02:00,src/poetry/console/commands/new.py,101,1,0,0
poetry,f69a72b964211d580f2f78a0a43a0a3439799482,2023-08-21T20:34:52+02:00,src/poetry/console/commands/remove.py,139,2,0,0
poetry,f69a72b964211d580f2f78a0a43a0a3439799482,2023-08-21T20:34:52+02:00,src/poetry/console/commands/add.py,302,3,0,0
poetry,f69a72b964211d580f2f78a0a43a0a3439799482,2023-08-21T20:34:52+02:00,tests/repositories/test_installed_repository.py,303,0,0,36
poetry,092402dbc1a83f5c0d7eecb175e90d6739c4a52a,2023-10-29T19:27:21+01:00,src/poetry/utils/env/generic_env.py,102,1,0,0
poetry,092402dbc1a83f5c0d7eecb175e90d6739c4a52a,2023-10-29T19:27:21+01:00,src/poetry/installation/executor.py,955,2,0,73
poetry,092402dbc1a83f5c0d7eecb175e90d6739c4a52a,2023-10-29T19:27:21+01:00,src/poetry/puzzle/transaction.py,134,0,0,11
poetry,092402dbc1a83f5c0d7eecb175e90d6739c4a52a,2023-10-29T19:27:21+01:00,src/poetry/utils/password_manager.py,242,3,0,0
poetry,092402dbc1a83f5c0d7eecb175e90d6739c4a52a,2023-10-29T19:27:21+01:00,src/poetry/repositories/installed_repository.py,284,6,0,0
poetry,092402dbc1a83f5c0d7eecb175e90d6739c4a52a,2023-10-29T19:27:21+01:00,src/poetry/utils/env/base_env.py,418,2,0,0
poetry,092402dbc1a83f5c0d7eecb175e90d6739c4a52a,2023-10-29T19:27:21+01:00,src/poetry/utils/helpers.py,305,0,0,72
poetry,092402dbc1a83f5c0d7eecb175e90d6739c4a52a,2023-10-29T19:27:21+01:00,src/poetry/repositories/legacy_repository.py,141,1,0,0
poetry,092402dbc1a83f5c0d7eecb175e90d6739c4a52a,2023-10-29T19:27:21+01:00,tests/puzzle/test_solver.py,4324,0,0,88
poetry,092402dbc1a83f5c0d7eecb175e90d6739c4a52a,2023-10-29T19:27:21+01:00,src/poetry/puzzle/provider.py,942,2,0,18
poetry,092402dbc1a83f5c0d7eecb175e90d6739c4a52a,2023-10-29T19:27:21+01:00,tests/fixtures/project_with_setup_calls_script/setup.py,0,0,0,23
poetry,092402dbc1a83f5c0d7eecb175e90d6739c4a52a,2023-10-29T19:27:21+01:00,src/poetry/mixology/incompatibility.py,451,2,0,0
poetry,092402dbc1a83f5c0d7eecb175e90d6739c4a52a,2023-10-29T19:27:21+01:00,src/poetry/utils/_compat.py,59,2,0,0
poetry,092402dbc1a83f5c0d7eecb175e90d6739c4a52a,2023-10-29T19:27:21+01:00,src/poetry/repositories/pypi_repository.py,229,3,0,0
poetry,092402dbc1a83f5c0d7eecb175e90d6739c4a52a,2023-10-29T19:27:21+01:00,src/poetry/repositories/repository.py,120,1,0,0
poetry,092402dbc1a83f5c0d7eecb175e90d6739c4a52a,2023-10-29T19:27:21+01:00,src/poetry/mixology/failure.py,270,2,0,0
poetry,092402dbc1a83f5c0d7eecb175e90d6739c4a52a,2023-10-29T19:27:21+01:00,src/poetry/packages/direct_origin.py,113,0,0,11
poetry,092402dbc1a83f5c0d7eecb175e90d6739c4a52a,2023-10-29T19:27:21+01:00,src/poetry/utils/setup_reader.py,385,7,0,0
poetry,092402dbc1a83f5c0d7eecb175e90d6739c4a52a,2023-10-29T19:27:21+01:00,tests/utils/test_cache.py,366,0,0,37
poetry,092402dbc1a83f5c0d7eecb175e90d6739c4a52a,2023-10-29T19:27:21+01:00,src/poetry/utils/env/env_manager.py,758,13,0,0
poetry,092402dbc1a83f5c0d7eecb175e90d6739c4a52a,2023-10-29T19:27:21+01:00,src/poetry/console/commands/source/add.py,155,1,0,0
poetry,092402dbc1a83f5c0d7eecb175e90d6739c4a52a,2023-10-29T19:27:21+01:00,src/poetry/console/commands/new.py,101,1,0,0
poetry,092402dbc1a83f5c0d7eecb175e90d6739c4a52a,2023-10-29T19:27:21+01:00,src/poetry/console/commands/remove.py,139,2,0,0
poetry,092402dbc1a83f5c0d7eecb175e90d6739c4a52a,2023-10-29T19:27:21+01:00,tests/fixtures/project_with_setup_calls_script/my_package/__init__.py,0,0,0,0
poetry,092402dbc1a83f5c0d7eecb175e90d6739c4a52a,2023-10-29T19:27:21+01:00,tests/installation/test_chef.py,167,0,0,48
poetry,092402dbc1a83f5c0d7eecb175e90d6739c4a52a,2023-10-29T19:27:21+01:00,src/poetry/console/commands/source/remove.py,45,1,0,0
poetry,092402dbc1a83f5c0d7eecb175e90d6739c4a52a,2023-10-29T19:27:21+01:00,src/poetry/repositories/lockfile_repository.py,32,1,0,0
poetry,092402dbc1a83f5c0d7eecb175e90d6739c4a52a,2023-10-29T19:27:21+01:00,src/poetry/utils/env/__init__.py,131,1,0,0
poetry,092402dbc1a83f5c0d7eecb175e90d6739c4a52a,2023-10-29T19:27:21+01:00,src/poetry/console/commands/init.py,495,3,0,0
poetry,092402dbc1a83f5c0d7eecb175e90d6739c4a52a,2023-10-29T19:27:21+01:00,src/poetry/utils/env/site_packages.py,222,2,0,0
poetry,092402dbc1a83f5c0d7eecb175e90d6739c4a52a,2023-10-29T19:27:21+01:00,tests/installation/test_executor.py,1502,0,0,46
poetry,092402dbc1a83f5c0d7eecb175e90d6739c4a52a,2023-10-29T19:27:21+01:00,src/poetry/utils/cache.py,339,0,0,59
poetry,092402dbc1a83f5c0d7eecb175e90d6739c4a52a,2023-10-29T19:27:21+01:00,src/poetry/console/commands/debug/resolve.py,145,1,0,0
poetry,092402dbc1a83f5c0d7eecb175e90d6739c4a52a,2023-10-29T19:27:21+01:00,src/poetry/installation/chef.py,206,0,0,6
poetry,092402dbc1a83f5c0d7eecb175e90d6739c4a52a,2023-10-29T19:27:21+01:00,src/poetry/vcs/git/backend.py,501,2,0,0
poetry,092402dbc1a83f5c0d7eecb175e90d6739c4a52a,2023-10-29T19:27:21+01:00,tests/packages/test_direct_origin.py,56,0,0,4
poetry,092402dbc1a83f5c0d7eecb175e90d6739c4a52a,2023-10-29T19:27:21+01:00,tests/installation/test_installer.py,2890,0,0,14
poetry,092402dbc1a83f5c0d7eecb175e90d6739c4a52a,2023-10-29T19:27:21+01:00,src/poetry/inspection/info.py,620,1,0,0
poetry,092402dbc1a83f5c0d7eecb175e90d6739c4a52a,2023-10-29T19:27:21+01:00,src/poetry/mixology/term.py,187,2,0,0
poetry,092402dbc1a83f5c0d7eecb175e90d6739c4a52a,2023-10-29T19:27:21+01:00,src/poetry/console/commands/add.py,302,3,0,0
poetry,e6c1c99e3f966cc8c3c8af049136861d57b1c95f,2023-11-21T16:44:21+01:00,src/poetry/utils/env/generic_env.py,102,1,0,0
poetry,e6c1c99e3f966cc8c3c8af049136861d57b1c95f,2023-11-21T16:44:21+01:00,src/poetry/console/commands/source/remove.py,45,1,0,0
poetry,e6c1c99e3f966cc8c3c8af049136861d57b1c95f,2023-11-21T16:44:21+01:00,src/poetry/installation/executor.py,955,2,0,0
poetry,e6c1c99e3f966cc8c3c8af049136861d57b1c95f,2023-11-21T16:44:21+01:00,src/poetry/utils/password_manager.py,242,3,0,0
poetry,e6c1c99e3f966cc8c3c8af049136861d57b1c95f,2023-11-21T16:44:21+01:00,src/poetry/repositories/installed_repository.py,284,6,0,0
poetry,e6c1c99e3f966cc8c3c8af049136861d57b1c95f,2023-11-21T16:44:21+01:00,src/poetry/utils/env/base_env.py,418,2,0,0
poetry,e6c1c99e3f966cc8c3c8af049136861d57b1c95f,2023-11-21T16:44:21+01:00,src/poetry/repositories/lockfile_repository.py,32,1,0,0
poetry,e6c1c99e3f966cc8c3c8af049136861d57b1c95f,2023-11-21T16:44:21+01:00,src/poetry/utils/env/__init__.py,131,1,0,0
poetry,e6c1c99e3f966cc8c3c8af049136861d57b1c95f,2023-11-21T16:44:21+01:00,src/poetry/console/commands/init.py,496,3,0,0
poetry,e6c1c99e3f966cc8c3c8af049136861d57b1c95f,2023-11-21T16:44:21+01:00,src/poetry/repositories/legacy_repository.py,141,1,0,0
poetry,e6c1c99e3f966cc8c3c8af049136861d57b1c95f,2023-11-21T16:44:21+01:00,src/poetry/utils/env/site_packages.py,222,2,0,0
poetry,e6c1c99e3f966cc8c3c8af049136861d57b1c95f,2023-11-21T16:44:21+01:00,src/poetry/installation/installer.py,446,0,0,15
poetry,e6c1c99e3f966cc8c3c8af049136861d57b1c95f,2023-11-21T16:44:21+01:00,src/poetry/puzzle/provider.py,948,2,0,0
poetry,e6c1c99e3f966cc8c3c8af049136861d57b1c95f,2023-11-21T16:44:21+01:00,src/poetry/console/commands/debug/resolve.py,145,1,0,0
poetry,e6c1c99e3f966cc8c3c8af049136861d57b1c95f,2023-11-21T16:44:21+01:00,src/poetry/mixology/term.py,187,2,0,0
poetry,e6c1c99e3f966cc8c3c8af049136861d57b1c95f,2023-11-21T16:44:21+01:00,src/poetry/mixology/incompatibility.py,451,2,0,0
poetry,e6c1c99e3f966cc8c3c8af049136861d57b1c95f,2023-11-21T16:44:21+01:00,src/poetry/utils/_compat.py,59,2,0,0
poetry,e6c1c99e3f966cc8c3c8af049136861d57b1c95f,2023-11-21T16:44:21+01:00,src/poetry/repositories/pypi_repository.py,227,3,0,0
poetry,e6c1c99e3f966cc8c3c8af049136861d57b1c95f,2023-11-21T16:44:21+01:00,src/poetry/repositories/repository.py,120,1,0,0
poetry,e6c1c99e3f966cc8c3c8af049136861d57b1c95f,2023-11-21T16:44:21+01:00,src/poetry/vcs/git/backend.py,501,2,0,0
poetry,e6c1c99e3f966cc8c3c8af049136861d57b1c95f,2023-11-21T16:44:21+01:00,src/poetry/mixology/failure.py,270,2,0,0
poetry,e6c1c99e3f966cc8c3c8af049136861d57b1c95f,2023-11-21T16:44:21+01:00,src/poetry/utils/setup_reader.py,385,7,0,0
poetry,e6c1c99e3f966cc8c3c8af049136861d57b1c95f,2023-11-21T16:44:21+01:00,tests/installation/test_installer.py,2777,0,0,143
poetry,e6c1c99e3f966cc8c3c8af049136861d57b1c95f,2023-11-21T16:44:21+01:00,src/poetry/inspection/info.py,618,1,0,0
poetry,e6c1c99e3f966cc8c3c8af049136861d57b1c95f,2023-11-21T16:44:21+01:00,src/poetry/utils/env/env_manager.py,758,13,0,0
poetry,e6c1c99e3f966cc8c3c8af049136861d57b1c95f,2023-11-21T16:44:21+01:00,src/poetry/console/commands/source/add.py,155,1,0,0
poetry,e6c1c99e3f966cc8c3c8af049136861d57b1c95f,2023-11-21T16:44:21+01:00,src/poetry/console/commands/new.py,101,1,0,0
poetry,e6c1c99e3f966cc8c3c8af049136861d57b1c95f,2023-11-21T16:44:21+01:00,src/poetry/console/commands/remove.py,139,2,0,0
poetry,e6c1c99e3f966cc8c3c8af049136861d57b1c95f,2023-11-21T16:44:21+01:00,src/poetry/console/commands/add.py,302,3,0,0
poetry,8b5deafafe0475df61b7aef2ee2224afedc528ce,2023-12-25T07:32:52+01:00,src/poetry/utils/env/generic_env.py,102,1,0,0
poetry,8b5deafafe0475df61b7aef2ee2224afedc528ce,2023-12-25T07:32:52+01:00,src/poetry/installation/executor.py,955,2,0,0
poetry,8b5deafafe0475df61b7aef2ee2224afedc528ce,2023-12-25T07:32:52+01:00,src/poetry/console/commands/show.py,583,0,0,5
poetry,8b5deafafe0475df61b7aef2ee2224afedc528ce,2023-12-25T07:32:52+01:00,src/poetry/utils/password_manager.py,242,3,0,0
poetry,8b5deafafe0475df61b7aef2ee2224afedc528ce,2023-12-25T07:32:52+01:00,src/poetry/repositories/installed_repository.py,284,6,0,0
poetry,8b5deafafe0475df61b7aef2ee2224afedc528ce,2023-12-25T07:32:52+01:00,src/poetry/utils/env/base_env.py,418,2,0,0
poetry,8b5deafafe0475df61b7aef2ee2224afedc528ce,2023-12-25T07:32:52+01:00,src/poetry/repositories/legacy_repository.py,141,1,0,0
poetry,8b5deafafe0475df61b7aef2ee2224afedc528ce,2023-12-25T07:32:52+01:00,src/poetry/console/commands/version.py,128,0,0,2
poetry,8b5deafafe0475df61b7aef2ee2224afedc528ce,2023-12-25T07:32:52+01:00,tests/console/commands/test_version.py,111,0,0,23
poetry,8b5deafafe0475df61b7aef2ee2224afedc528ce,2023-12-25T07:32:52+01:00,src/poetry/puzzle/provider.py,946,2,0,0
poetry,8b5deafafe0475df61b7aef2ee2224afedc528ce,2023-12-25T07:32:52+01:00,tests/utils/env/test_env_manager.py,0,0,0,36
poetry,8b5deafafe0475df61b7aef2ee2224afedc528ce,2023-12-25T07:32:52+01:00,src/poetry/mixology/incompatibility.py,451,2,0,0
poetry,8b5deafafe0475df61b7aef2ee2224afedc528ce,2023-12-25T07:32:52+01:00,src/poetry/utils/_compat.py,59,2,0,0
poetry,8b5deafafe0475df61b7aef2ee2224afedc528ce,2023-12-25T07:32:52+01:00,src/poetry/repositories/pypi_repository.py,227,3,0,0
poetry,8b5deafafe0475df61b7aef2ee2224afedc528ce,2023-12-25T07:32:52+01:00,src/poetry/repositories/repository.py,120,1,0,0
poetry,8b5deafafe0475df61b7aef2ee2224afedc528ce,2023-12-25T07:32:52+01:00,src/poetry/mixology/failure.py,270,2,0,0
poetry,8b5deafafe0475df61b7aef2ee2224afedc528ce,2023-12-25T07:32:52+01:00,src/poetry/utils/setup_reader.py,385,7,0,0
poetry,8b5deafafe0475df61b7aef2ee2224afedc528ce,2023-12-25T07:32:52+01:00,src/poetry/utils/env/env_manager.py,758,13,0,147
poetry,8b5deafafe0475df61b7aef2ee2224afedc528ce,2023-12-25T07:32:52+01:00,src/poetry/console/commands/source/add.py,155,1,0,0
poetry,8b5deafafe0475df61b7aef2ee2224afedc528ce,2023-12-25T07:32:52+01:00,src/poetry/console/commands/new.py,101,1,0,0
poetry,8b5deafafe0475df61b7aef2ee2224afedc528ce,2023-12-25T07:32:52+01:00,src/poetry/console/commands/remove.py,139,2,0,0
poetry,8b5deafafe0475df61b7aef2ee2224afedc528ce,2023-12-25T07:32:52+01:00,src/poetry/console/commands/env/info.py,85,0,0,10
poetry,8b5deafafe0475df61b7aef2ee2224afedc528ce,2023-12-25T07:32:52+01:00,src/poetry/console/commands/source/remove.py,45,1,0,0
poetry,8b5deafafe0475df61b7aef2ee2224afedc528ce,2023-12-25T07:32:52+01:00,tests/utils/env/conftest.py,0,0,0,24
poetry,8b5deafafe0475df61b7aef2ee2224afedc528ce,2023-12-25T07:32:52+01:00,src/poetry/repositories/lockfile_repository.py,32,1,0,0
poetry,8b5deafafe0475df61b7aef2ee2224afedc528ce,2023-12-25T07:32:52+01:00,src/poetry/console/commands/env/remove.py,49,0,0,5
poetry,8b5deafafe0475df61b7aef2ee2224afedc528ce,2023-12-25T07:32:52+01:00,tests/utils/env/__init__.py,0,0,0,0
poetry,8b5deafafe0475df61b7aef2ee2224afedc528ce,2023-12-25T07:32:52+01:00,src/poetry/utils/env/__init__.py,131,1,0,0
poetry,8b5deafafe0475df61b7aef2ee2224afedc528ce,2023-12-25T07:32:52+01:00,src/poetry/console/commands/init.py,498,3,0,0
poetry,8b5deafafe0475df61b7aef2ee2224afedc528ce,2023-12-25T07:32:52+01:00,src/poetry/utils/env/site_packages.py,222,2,0,0
poetry,8b5deafafe0475df61b7aef2ee2224afedc528ce,2023-12-25T07:32:52+01:00,src/poetry/console/commands/debug/resolve.py,145,1,0,0
poetry,8b5deafafe0475df61b7aef2ee2224afedc528ce,2023-12-25T07:32:52+01:00,tests/inspection/test_info.py,272,0,0,36
poetry,8b5deafafe0475df61b7aef2ee2224afedc528ce,2023-12-25T07:32:52+01:00,src/poetry/vcs/git/backend.py,501,2,0,0
poetry,8b5deafafe0475df61b7aef2ee2224afedc528ce,2023-12-25T07:32:52+01:00,tests/utils/env/test_env.py,0,0,0,541
poetry,8b5deafafe0475df61b7aef2ee2224afedc528ce,2023-12-25T07:32:52+01:00,tests/console/commands/env/test_info.py,66,0,0,2
poetry,8b5deafafe0475df61b7aef2ee2224afedc528ce,2023-12-25T07:32:52+01:00,src/poetry/inspection/info.py,618,1,0,6
poetry,8b5deafafe0475df61b7aef2ee2224afedc528ce,2023-12-25T07:32:52+01:00,src/poetry/mixology/term.py,187,2,0,0
poetry,8b5deafafe0475df61b7aef2ee2224afedc528ce,2023-12-25T07:32:52+01:00,tests/console/commands/env/test_remove.py,108,0,0,31
poetry,8b5deafafe0475df61b7aef2ee2224afedc528ce,2023-12-25T07:32:52+01:00,src/poetry/console/commands/add.py,302,3,0,0
poetry,8fd57210eea6f8750e8a8289f487714518554112,2023-12-29T02:56:39+00:00,src/poetry/utils/env/generic_env.py,102,1,0,0
poetry,8fd57210eea6f8750e8a8289f487714518554112,2023-12-29T02:56:39+00:00,src/poetry/installation/executor.py,955,2,0,0
poetry,8fd57210eea6f8750e8a8289f487714518554112,2023-12-29T02:56:39+00:00,src/poetry/utils/password_manager.py,242,3,0,0
poetry,8fd57210eea6f8750e8a8289f487714518554112,2023-12-29T02:56:39+00:00,src/poetry/repositories/installed_repository.py,284,6,0,0
poetry,8fd57210eea6f8750e8a8289f487714518554112,2023-12-29T02:56:39+00:00,src/poetry/utils/env/base_env.py,418,2,0,0
poetry,8fd57210eea6f8750e8a8289f487714518554112,2023-12-29T02:56:39+00:00,src/poetry/repositories/legacy_repository.py,141,1,0,0
poetry,8fd57210eea6f8750e8a8289f487714518554112,2023-12-29T02:56:39+00:00,src/poetry/console/commands/version.py,128,0,0,2
poetry,8fd57210eea6f8750e8a8289f487714518554112,2023-12-29T02:56:39+00:00,tests/console/commands/test_version.py,111,0,0,23
poetry,8fd57210eea6f8750e8a8289f487714518554112,2023-12-29T02:56:39+00:00,src/poetry/puzzle/provider.py,946,2,0,0
poetry,8fd57210eea6f8750e8a8289f487714518554112,2023-12-29T02:56:39+00:00,tests/utils/env/test_env_manager.py,1237,0,0,36
poetry,8fd57210eea6f8750e8a8289f487714518554112,2023-12-29T02:56:39+00:00,src/poetry/mixology/incompatibility.py,451,2,0,0
poetry,8fd57210eea6f8750e8a8289f487714518554112,2023-12-29T02:56:39+00:00,src/poetry/utils/_compat.py,59,2,0,0
poetry,8fd57210eea6f8750e8a8289f487714518554112,2023-12-29T02:56:39+00:00,src/poetry/repositories/pypi_repository.py,227,3,0,0
poetry,8fd57210eea6f8750e8a8289f487714518554112,2023-12-29T02:56:39+00:00,src/poetry/repositories/repository.py,120,1,0,0
poetry,8fd57210eea6f8750e8a8289f487714518554112,2023-12-29T02:56:39+00:00,src/poetry/mixology/failure.py,270,2,0,0
poetry,8fd57210eea6f8750e8a8289f487714518554112,2023-12-29T02:56:39+00:00,src/poetry/utils/setup_reader.py,385,7,0,0
poetry,8fd57210eea6f8750e8a8289f487714518554112,2023-12-29T02:56:39+00:00,src/poetry/utils/env/env_manager.py,758,13,0,147
poetry,8fd57210eea6f8750e8a8289f487714518554112,2023-12-29T02:56:39+00:00,src/poetry/console/commands/source/add.py,155,1,0,0
poetry,8fd57210eea6f8750e8a8289f487714518554112,2023-12-29T02:56:39+00:00,src/poetry/console/commands/new.py,101,1,0,0
poetry,8fd57210eea6f8750e8a8289f487714518554112,2023-12-29T02:56:39+00:00,src/poetry/console/commands/remove.py,139,2,0,0
poetry,8fd57210eea6f8750e8a8289f487714518554112,2023-12-29T02:56:39+00:00,src/poetry/console/commands/env/info.py,85,0,0,10
poetry,8fd57210eea6f8750e8a8289f487714518554112,2023-12-29T02:56:39+00:00,src/poetry/console/commands/source/remove.py,45,1,0,0
poetry,8fd57210eea6f8750e8a8289f487714518554112,2023-12-29T02:56:39+00:00,tests/utils/env/conftest.py,24,0,0,24
poetry,8fd57210eea6f8750e8a8289f487714518554112,2023-12-29T02:56:39+00:00,src/poetry/repositories/lockfile_repository.py,32,1,0,0
poetry,8fd57210eea6f8750e8a8289f487714518554112,2023-12-29T02:56:39+00:00,src/poetry/console/commands/env/remove.py,49,0,0,5
poetry,8fd57210eea6f8750e8a8289f487714518554112,2023-12-29T02:56:39+00:00,tests/utils/env/__init__.py,0,0,0,0
poetry,8fd57210eea6f8750e8a8289f487714518554112,2023-12-29T02:56:39+00:00,src/poetry/utils/env/__init__.py,131,1,0,0
poetry,8fd57210eea6f8750e8a8289f487714518554112,2023-12-29T02:56:39+00:00,src/poetry/console/commands/init.py,498,3,0,0
poetry,8fd57210eea6f8750e8a8289f487714518554112,2023-12-29T02:56:39+00:00,src/poetry/utils/env/site_packages.py,222,2,0,0
poetry,8fd57210eea6f8750e8a8289f487714518554112,2023-12-29T02:56:39+00:00,src/poetry/console/commands/debug/resolve.py,145,1,0,0
poetry,8fd57210eea6f8750e8a8289f487714518554112,2023-12-29T02:56:39+00:00,tests/inspection/test_info.py,272,0,0,36
poetry,8fd57210eea6f8750e8a8289f487714518554112,2023-12-29T02:56:39+00:00,src/poetry/vcs/git/backend.py,501,2,0,0
poetry,8fd57210eea6f8750e8a8289f487714518554112,2023-12-29T02:56:39+00:00,tests/utils/env/test_env.py,541,0,0,541
poetry,8fd57210eea6f8750e8a8289f487714518554112,2023-12-29T02:56:39+00:00,tests/console/commands/env/test_info.py,66,0,0,2
poetry,8fd57210eea6f8750e8a8289f487714518554112,2023-12-29T02:56:39+00:00,src/poetry/inspection/info.py,618,1,0,6
poetry,8fd57210eea6f8750e8a8289f487714518554112,2023-12-29T02:56:39+00:00,src/poetry/mixology/term.py,187,2,0,0
poetry,8fd57210eea6f8750e8a8289f487714518554112,2023-12-29T02:56:39+00:00,tests/console/commands/env/test_remove.py,108,0,0,31
poetry,8fd57210eea6f8750e8a8289f487714518554112,2023-12-29T02:56:39+00:00,src/poetry/console/commands/add.py,302,3,0,0
poetry,8136c5fe8e54d57e6a646b3309b805e2c5fc084d,2024-02-25T13:50:30+01:00,src/poetry/utils/env/generic_env.py,102,1,0,0
poetry,8136c5fe8e54d57e6a646b3309b805e2c5fc084d,2024-02-25T13:50:30+01:00,src/poetry/console/application.py,416,0,0,24
poetry,8136c5fe8e54d57e6a646b3309b805e2c5fc084d,2024-02-25T13:50:30+01:00,tests/console/commands/test_build.py,134,0,0,54
poetry,8136c5fe8e54d57e6a646b3309b805e2c5fc084d,2024-02-25T13:50:30+01:00,src/poetry/layouts/layout.py,197,0,0,13
poetry,8136c5fe8e54d57e6a646b3309b805e2c5fc084d,2024-02-25T13:50:30+01:00,src/poetry/utils/password_manager.py,247,2,0,0
poetry,8136c5fe8e54d57e6a646b3309b805e2c5fc084d,2024-02-25T13:50:30+01:00,src/poetry/repositories/installed_repository.py,284,6,0,0
poetry,8136c5fe8e54d57e6a646b3309b805e2c5fc084d,2024-02-25T13:50:30+01:00,src/poetry/console/commands/cache/clear.py,78,0,0,16
poetry,8136c5fe8e54d57e6a646b3309b805e2c5fc084d,2024-02-25T13:50:30+01:00,src/poetry/console/commands/source/show.py,56,0,0,4
poetry,8136c5fe8e54d57e6a646b3309b805e2c5fc084d,2024-02-25T13:50:30+01:00,src/poetry/repositories/legacy_repository.py,141,1,0,0
poetry,8136c5fe8e54d57e6a646b3309b805e2c5fc084d,2024-02-25T13:50:30+01:00,src/poetry/console/commands/env/list.py,32,0,0,11
poetry,8136c5fe8e54d57e6a646b3309b805e2c5fc084d,2024-02-25T13:50:30+01:00,tests/publishing/test_hash_manager.py,0,0,0,83
poetry,8136c5fe8e54d57e6a646b3309b805e2c5fc084d,2024-02-25T13:50:30+01:00,tests/puzzle/test_solver.py,4665,0,0,91
poetry,8136c5fe8e54d57e6a646b3309b805e2c5fc084d,2024-02-25T13:50:30+01:00,src/poetry/puzzle/provider.py,955,2,0,0
poetry,8136c5fe8e54d57e6a646b3309b805e2c5fc084d,2024-02-25T13:50:30+01:00,src/poetry/mixology/incompatibility.py,449,2,0,0
poetry,8136c5fe8e54d57e6a646b3309b805e2c5fc084d,2024-02-25T13:50:30+01:00,tests/helpers.py,323,0,0,47
poetry,8136c5fe8e54d57e6a646b3309b805e2c5fc084d,2024-02-25T13:50:30+01:00,src/poetry/repositories/repository.py,120,1,0,0
poetry,8136c5fe8e54d57e6a646b3309b805e2c5fc084d,2024-02-25T13:50:30+01:00,src/poetry/mixology/failure.py,270,2,0,38
poetry,8136c5fe8e54d57e6a646b3309b805e2c5fc084d,2024-02-25T13:50:30+01:00,tests/console/commands/env/conftest.py,94,0,0,3
poetry,8136c5fe8e54d57e6a646b3309b805e2c5fc084d,2024-02-25T13:50:30+01:00,tests/mixology/solutions/solutions/test_python_requirement_solution.py,37,0,0,37
poetry,8136c5fe8e54d57e6a646b3309b805e2c5fc084d,2024-02-25T13:50:30+01:00,tests/integration/test_utils_vcs_git.py,422,0,0,16
poetry,8136c5fe8e54d57e6a646b3309b805e2c5fc084d,2024-02-25T13:50:30+01:00,src/poetry/utils/env/env_manager.py,755,11,0,0
poetry,8136c5fe8e54d57e6a646b3309b805e2c5fc084d,2024-02-25T13:50:30+01:00,src/poetry/console/commands/source/add.py,163,1,0,12
poetry,8136c5fe8e54d57e6a646b3309b805e2c5fc084d,2024-02-25T13:50:30+01:00,src/poetry/console/commands/remove.py,139,2,0,18
poetry,8136c5fe8e54d57e6a646b3309b805e2c5fc084d,2024-02-25T13:50:30+01:00,src/poetry/mixology/solutions/providers/python_requirement_solution_provider.py,35,0,0,35
poetry,8136c5fe8e54d57e6a646b3309b805e2c5fc084d,2024-02-25T13:50:30+01:00,src/poetry/console/commands/update.py,56,0,0,14
poetry,8136c5fe8e54d57e6a646b3309b805e2c5fc084d,2024-02-25T13:50:30+01:00,tests/installation/test_chef.py,217,0,0,10
poetry,8136c5fe8e54d57e6a646b3309b805e2c5fc084d,2024-02-25T13:50:30+01:00,src/poetry/inspection/lazy_wheel.py,694,0,0,104
poetry,8136c5fe8e54d57e6a646b3309b805e2c5fc084d,2024-02-25T13:50:30+01:00,src/poetry/console/commands/env/info.py,87,0,0,5
poetry,8136c5fe8e54d57e6a646b3309b805e2c5fc084d,2024-02-25T13:50:30+01:00,src/poetry/console/commands/build.py,68,0,0,31
poetry,8136c5fe8e54d57e6a646b3309b805e2c5fc084d,2024-02-25T13:50:30+01:00,src/poetry/repositories/lockfile_repository.py,32,1,0,0
poetry,8136c5fe8e54d57e6a646b3309b805e2c5fc084d,2024-02-25T13:50:30+01:00,src/poetry/console/commands/command.py,44,0,0,3
poetry,8136c5fe8e54d57e6a646b3309b805e2c5fc084d,2024-02-25T13:50:30+01:00,src/poetry/console/commands/env/remove.py,54,0,0,31
poetry,8136c5fe8e54d57e6a646b3309b805e2c5fc084d,2024-02-25T13:50:30+01:00,tests/masonry/builders/test_editable_builder.py,383,0,0,16
poetry,8136c5fe8e54d57e6a646b3309b805e2c5fc084d,2024-02-25T13:50:30+01:00,tests/packages/test_locker.py,1218,0,0,4
poetry,8136c5fe8e54d57e6a646b3309b805e2c5fc084d,2024-02-25T13:50:30+01:00,tests/mixology/solutions/providers/test_python_requirement_solution_provider.py,36,0,0,36
poetry,8136c5fe8e54d57e6a646b3309b805e2c5fc084d,2024-02-25T13:50:30+01:00,tests/inspection/test_info.py,344,0,0,33
poetry,8136c5fe8e54d57e6a646b3309b805e2c5fc084d,2024-02-25T13:50:30+01:00,src/poetry/console/commands/shell.py,54,0,0,17
poetry,8136c5fe8e54d57e6a646b3309b805e2c5fc084d,2024-02-25T13:50:30+01:00,tests/console/commands/conftest.py,0,0,0,36
poetry,8136c5fe8e54d57e6a646b3309b805e2c5fc084d,2024-02-25T13:50:30+01:00,src/poetry/vcs/git/backend.py,501,2,0,4
poetry,8136c5fe8e54d57e6a646b3309b805e2c5fc084d,2024-02-25T13:50:30+01:00,src/poetry/mixology/solutions/providers/__init__.py,8,0,0,8
poetry,8136c5fe8e54d57e6a646b3309b805e2c5fc084d,2024-02-25T13:50:30+01:00,src/poetry/console/commands/self/add.py,40,0,0,9
poetry,8136c5fe8e54d57e6a646b3309b805e2c5fc084d,2024-02-25T13:50:30+01:00,src/poetry/console/commands/env/use.py,28,0,0,11
poetry,8136c5fe8e54d57e6a646b3309b805e2c5fc084d,2024-02-25T13:50:30+01:00,tests/installation/test_installer.py,2834,0,0,7
poetry,8136c5fe8e54d57e6a646b3309b805e2c5fc084d,2024-02-25T13:50:30+01:00,src/poetry/inspection/info.py,638,0,0,39
poetry,8136c5fe8e54d57e6a646b3309b805e2c5fc084d,2024-02-25T13:50:30+01:00,src/poetry/installation/chef.py,204,0,0,5
poetry,8136c5fe8e54d57e6a646b3309b805e2c5fc084d,2024-02-25T13:50:30+01:00,tests/conftest.py,515,0,0,12
poetry,8136c5fe8e54d57e6a646b3309b805e2c5fc084d,2024-02-25T13:50:30+01:00,src/poetry/mixology/solutions/solutions/python_requirement_solution.py,63,0,0,63
poetry,8136c5fe8e54d57e6a646b3309b805e2c5fc084d,2024-02-25T13:50:30+01:00,src/poetry/console/commands/self/update.py,58,0,0,12
poetry,8136c5fe8e54d57e6a646b3309b805e2c5fc084d,2024-02-25T13:50:30+01:00,src/poetry/publishing/hash_manager.py,0,0,0,65
poetry,8136c5fe8e54d57e6a646b3309b805e2c5fc084d,2024-02-25T13:50:30+01:00,src/poetry/console/commands/self/show/__init__.py,34,0,0,9
poetry,8136c5fe8e54d57e6a646b3309b805e2c5fc084d,2024-02-25T13:50:30+01:00,src/poetry/console/commands/add.py,302,3,0,24
poetry,8136c5fe8e54d57e6a646b3309b805e2c5fc084d,2024-02-25T13:50:30+01:00,tests/mixology/solutions/__init__.py,0,0,0,0
poetry,8136c5fe8e54d57e6a646b3309b805e2c5fc084d,2024-02-25T13:50:30+01:00,tests/mixology/solutions/providers/__init__.py,0,0,0,0
poetry,8136c5fe8e54d57e6a646b3309b805e2c5fc084d,2024-02-25T13:50:30+01:00,tests/console/commands/test_init.py,1121,0,0,37
poetry,8136c5fe8e54d57e6a646b3309b805e2c5fc084d,2024-02-25T13:50:30+01:00,src/poetry/installation/executor.py,965,2,0,0
poetry,8136c5fe8e54d57e6a646b3309b805e2c5fc084d,2024-02-25T13:50:30+01:00,tests/console/commands/test_new.py,231,0,0,9
poetry,8136c5fe8e54d57e6a646b3309b805e2c5fc084d,2024-02-25T13:50:30+01:00,src/poetry/console/commands/config.py,323,0,0,10
poetry,8136c5fe8e54d57e6a646b3309b805e2c5fc084d,2024-02-25T13:50:30+01:00,src/poetry/console/commands/show.py,584,0,0,11
poetry,8136c5fe8e54d57e6a646b3309b805e2c5fc084d,2024-02-25T13:50:30+01:00,src/poetry/utils/env/base_env.py,406,2,0,0
poetry,8136c5fe8e54d57e6a646b3309b805e2c5fc084d,2024-02-25T13:50:30+01:00,tests/inspection/test_lazy_wheel.py,320,0,0,274
poetry,8136c5fe8e54d57e6a646b3309b805e2c5fc084d,2024-02-25T13:50:30+01:00,src/poetry/console/commands/version.py,128,0,0,9
poetry,8136c5fe8e54d57e6a646b3309b805e2c5fc084d,2024-02-25T13:50:30+01:00,tests/mixology/solutions/solutions/__init__.py,0,0,0,0
poetry,8136c5fe8e54d57e6a646b3309b805e2c5fc084d,2024-02-25T13:50:30+01:00,src/poetry/locations.py,53,0,0,30
poetry,8136c5fe8e54d57e6a646b3309b805e2c5fc084d,2024-02-25T13:50:30+01:00,tests/puzzle/test_provider.py,881,0,0,242
poetry,8136c5fe8e54d57e6a646b3309b805e2c5fc084d,2024-02-25T13:50:30+01:00,src/poetry/utils/_compat.py,59,2,0,22
poetry,8136c5fe8e54d57e6a646b3309b805e2c5fc084d,2024-02-25T13:50:30+01:00,src/poetry/repositories/pypi_repository.py,222,3,0,0
poetry,8136c5fe8e54d57e6a646b3309b805e2c5fc084d,2024-02-25T13:50:30+01:00,src/poetry/console/logging/io_formatter.py,71,0,0,3
poetry,8136c5fe8e54d57e6a646b3309b805e2c5fc084d,2024-02-25T13:50:30+01:00,tests/mixology/version_solver/test_python_constraint.py,34,0,0,10
poetry,8136c5fe8e54d57e6a646b3309b805e2c5fc084d,2024-02-25T13:50:30+01:00,src/poetry/console/commands/self/remove.py,17,0,0,11
poetry,8136c5fe8e54d57e6a646b3309b805e2c5fc084d,2024-02-25T13:50:30+01:00,src/poetry/mixology/solutions/__init__.py,0,0,0,0
poetry,8136c5fe8e54d57e6a646b3309b805e2c5fc084d,2024-02-25T13:50:30+01:00,tests/console/commands/test_add.py,1537,0,0,23
poetry,8136c5fe8e54d57e6a646b3309b805e2c5fc084d,2024-02-25T13:50:30+01:00,src/poetry/utils/setup_reader.py,383,9,0,0
poetry,8136c5fe8e54d57e6a646b3309b805e2c5fc084d,2024-02-25T13:50:30+01:00,src/poetry/repositories/http_repository.py,423,0,0,12
poetry,8136c5fe8e54d57e6a646b3309b805e2c5fc084d,2024-02-25T13:50:30+01:00,src/poetry/console/commands/new.py,101,1,0,95
poetry,8136c5fe8e54d57e6a646b3309b805e2c5fc084d,2024-02-25T13:50:30+01:00,src/poetry/console/commands/lock.py,55,0,0,11
poetry,8136c5fe8e54d57e6a646b3309b805e2c5fc084d,2024-02-25T13:50:30+01:00,src/poetry/console/commands/search.py,30,0,0,11
poetry,8136c5fe8e54d57e6a646b3309b805e2c5fc084d,2024-02-25T13:50:30+01:00,src/poetry/console/commands/publish.py,105,0,0,10
poetry,8136c5fe8e54d57e6a646b3309b805e2c5fc084d,2024-02-25T13:50:30+01:00,src/poetry/console/commands/run.py,97,0,0,4
poetry,8136c5fe8e54d57e6a646b3309b805e2c5fc084d,2024-02-25T13:50:30+01:00,src/poetry/console/commands/source/remove.py,45,1,0,9
poetry,8136c5fe8e54d57e6a646b3309b805e2c5fc084d,2024-02-25T13:50:30+01:00,tests/types.py,69,0,0,12
poetry,8136c5fe8e54d57e6a646b3309b805e2c5fc084d,2024-02-25T13:50:30+01:00,tests/utils/env/conftest.py,24,0,0,1
poetry,8136c5fe8e54d57e6a646b3309b805e2c5fc084d,2024-02-25T13:50:30+01:00,src/poetry/utils/env/site_packages.py,227,2,0,0
poetry,8136c5fe8e54d57e6a646b3309b805e2c5fc084d,2024-02-25T13:50:30+01:00,src/poetry/console/commands/init.py,498,3,0,158
poetry,8136c5fe8e54d57e6a646b3309b805e2c5fc084d,2024-02-25T13:50:30+01:00,tests/installation/test_executor.py,1609,0,0,6
poetry,8136c5fe8e54d57e6a646b3309b805e2c5fc084d,2024-02-25T13:50:30+01:00,src/poetry/console/commands/install.py,205,0,0,18
poetry,8136c5fe8e54d57e6a646b3309b805e2c5fc084d,2024-02-25T13:50:30+01:00,src/poetry/publishing/uploader.py,354,0,0,22
poetry,8136c5fe8e54d57e6a646b3309b805e2c5fc084d,2024-02-25T13:50:30+01:00,src/poetry/console/commands/debug/resolve.py,145,1,0,12
poetry,8136c5fe8e54d57e6a646b3309b805e2c5fc084d,2024-02-25T13:50:30+01:00,tests/publishing/test_publisher.py,192,0,0,25
poetry,8136c5fe8e54d57e6a646b3309b805e2c5fc084d,2024-02-25T13:50:30+01:00,src/poetry/console/commands/check.py,166,0,0,5
poetry,8136c5fe8e54d57e6a646b3309b805e2c5fc084d,2024-02-25T13:50:30+01:00,src/poetry/console/commands/self/install.py,28,0,0,11
poetry,8136c5fe8e54d57e6a646b3309b805e2c5fc084d,2024-02-25T13:50:30+01:00,tests/utils/env/test_env.py,545,0,0,1
poetry,8136c5fe8e54d57e6a646b3309b805e2c5fc084d,2024-02-25T13:50:30+01:00,src/poetry/mixology/solutions/solutions/__init__.py,8,0,0,8
poetry,8136c5fe8e54d57e6a646b3309b805e2c5fc084d,2024-02-25T13:50:30+01:00,src/poetry/mixology/term.py,187,2,0,0
poetry,8136c5fe8e54d57e6a646b3309b805e2c5fc084d,2024-02-25T13:50:30+01:00,tests/console/commands/env/test_remove.py,139,0,0,24
poetry,99bd74d501551157678662bb6e3ed2136344847f,2024-02-29T06:25:01-08:00,src/poetry/utils/env/generic_env.py,102,1,0,0
poetry,99bd74d501551157678662bb6e3ed2136344847f,2024-02-29T06:25:01-08:00,src/poetry/console/application.py,416,0,0,24
poetry,99bd74d501551157678662bb6e3ed2136344847f,2024-02-29T06:25:01-08:00,src/poetry/layouts/layout.py,197,0,0,13
poetry,99bd74d501551157678662bb6e3ed2136344847f,2024-02-29T06:25:01-08:00,src/poetry/utils/password_manager.py,247,2,0,0
poetry,99bd74d501551157678662bb6e3ed2136344847f,2024-02-29T06:25:01-08:00,src/poetry/repositories/installed_repository.py,284,6,0,0
poetry,99bd74d501551157678662bb6e3ed2136344847f,2024-02-29T06:25:01-08:00,src/poetry/console/commands/cache/clear.py,78,0,0,16
poetry,99bd74d501551157678662bb6e3ed2136344847f,2024-02-29T06:25:01-08:00,src/poetry/console/commands/source/show.py,56,0,0,4
poetry,99bd74d501551157678662bb6e3ed2136344847f,2024-02-29T06:25:01-08:00,src/poetry/config/config.py,354,0,0,3
poetry,99bd74d501551157678662bb6e3ed2136344847f,2024-02-29T06:25:01-08:00,src/poetry/repositories/legacy_repository.py,141,1,0,0
poetry,99bd74d501551157678662bb6e3ed2136344847f,2024-02-29T06:25:01-08:00,src/poetry/console/commands/env/list.py,32,0,0,11
poetry,99bd74d501551157678662bb6e3ed2136344847f,2024-02-29T06:25:01-08:00,tests/publishing/test_hash_manager.py,0,0,0,83
poetry,99bd74d501551157678662bb6e3ed2136344847f,2024-02-29T06:25:01-08:00,tests/puzzle/test_solver.py,4665,0,0,91
poetry,99bd74d501551157678662bb6e3ed2136344847f,2024-02-29T06:25:01-08:00,src/poetry/puzzle/provider.py,955,2,0,0
poetry,99bd74d501551157678662bb6e3ed2136344847f,2024-02-29T06:25:01-08:00,src/poetry/mixology/incompatibility.py,449,2,0,0
poetry,99bd74d501551157678662bb6e3ed2136344847f,2024-02-29T06:25:01-08:00,tests/helpers.py,349,0,0,21
poetry,99bd74d501551157678662bb6e3ed2136344847f,2024-02-29T06:25:01-08:00,src/poetry/repositories/repository.py,120,1,0,0
poetry,99bd74d501551157678662bb6e3ed2136344847f,2024-02-29T06:25:01-08:00,src/poetry/mixology/failure.py,270,2,0,38
poetry,99bd74d501551157678662bb6e3ed2136344847f,2024-02-29T06:25:01-08:00,tests/console/commands/env/conftest.py,94,0,0,3
poetry,99bd74d501551157678662bb6e3ed2136344847f,2024-02-29T06:25:01-08:00,tests/console/commands/test_config.py,563,0,0,19
poetry,99bd74d501551157678662bb6e3ed2136344847f,2024-02-29T06:25:01-08:00,tests/mixology/solutions/solutions/test_python_requirement_solution.py,37,0,0,37
poetry,99bd74d501551157678662bb6e3ed2136344847f,2024-02-29T06:25:01-08:00,tests/integration/test_utils_vcs_git.py,422,0,0,16
poetry,99bd74d501551157678662bb6e3ed2136344847f,2024-02-29T06:25:01-08:00,src/poetry/utils/env/env_manager.py,755,11,0,0
poetry,99bd74d501551157678662bb6e3ed2136344847f,2024-02-29T06:25:01-08:00,src/poetry/console/commands/source/add.py,163,1,0,12
poetry,99bd74d501551157678662bb6e3ed2136344847f,2024-02-29T06:25:01-08:00,src/poetry/console/commands/remove.py,139,2,0,18
poetry,99bd74d501551157678662bb6e3ed2136344847f,2024-02-29T06:25:01-08:00,src/poetry/mixology/solutions/providers/python_requirement_solution_provider.py,35,0,0,35
poetry,99bd74d501551157678662bb6e3ed2136344847f,2024-02-29T06:25:01-08:00,src/poetry/console/commands/update.py,56,0,0,14
poetry,99bd74d501551157678662bb6e3ed2136344847f,2024-02-29T06:25:01-08:00,tests/installation/test_chef.py,217,0,0,10
poetry,99bd74d501551157678662bb6e3ed2136344847f,2024-02-29T06:25:01-08:00,src/poetry/inspection/lazy_wheel.py,724,0,0,28
poetry,99bd74d501551157678662bb6e3ed2136344847f,2024-02-29T06:25:01-08:00,src/poetry/console/commands/env/info.py,87,0,0,5
poetry,99bd74d501551157678662bb6e3ed2136344847f,2024-02-29T06:25:01-08:00,src/poetry/console/commands/build.py,89,0,0,10
poetry,99bd74d501551157678662bb6e3ed2136344847f,2024-02-29T06:25:01-08:00,src/poetry/repositories/lockfile_repository.py,32,1,0,0
poetry,99bd74d501551157678662bb6e3ed2136344847f,2024-02-29T06:25:01-08:00,src/poetry/console/commands/command.py,44,0,0,3
poetry,99bd74d501551157678662bb6e3ed2136344847f,2024-02-29T06:25:01-08:00,src/poetry/console/commands/env/remove.py,54,0,0,31
poetry,99bd74d501551157678662bb6e3ed2136344847f,2024-02-29T06:25:01-08:00,tests/installation/test_chooser.py,437,0,0,170
poetry,99bd74d501551157678662bb6e3ed2136344847f,2024-02-29T06:25:01-08:00,tests/masonry/builders/test_editable_builder.py,383,0,0,16
poetry,99bd74d501551157678662bb6e3ed2136344847f,2024-02-29T06:25:01-08:00,src/poetry/installation/chooser.py,201,0,0,12
poetry,99bd74d501551157678662bb6e3ed2136344847f,2024-02-29T06:25:01-08:00,tests/packages/test_locker.py,1218,0,0,4
poetry,99bd74d501551157678662bb6e3ed2136344847f,2024-02-29T06:25:01-08:00,tests/mixology/solutions/providers/test_python_requirement_solution_provider.py,36,0,0,36
poetry,99bd74d501551157678662bb6e3ed2136344847f,2024-02-29T06:25:01-08:00,tests/inspection/test_info.py,362,0,0,11
poetry,99bd74d501551157678662bb6e3ed2136344847f,2024-02-29T06:25:01-08:00,tests/console/commands/conftest.py,0,0,0,36
poetry,99bd74d501551157678662bb6e3ed2136344847f,2024-02-29T06:25:01-08:00,src/poetry/vcs/git/backend.py,501,2,0,4
poetry,99bd74d501551157678662bb6e3ed2136344847f,2024-02-29T06:25:01-08:00,src/poetry/mixology/solutions/providers/__init__.py,8,0,0,8
poetry,99bd74d501551157678662bb6e3ed2136344847f,2024-02-29T06:25:01-08:00,src/poetry/console/commands/self/add.py,40,0,0,9
poetry,99bd74d501551157678662bb6e3ed2136344847f,2024-02-29T06:25:01-08:00,src/poetry/console/commands/env/use.py,28,0,0,11
poetry,99bd74d501551157678662bb6e3ed2136344847f,2024-02-29T06:25:01-08:00,tests/installation/test_installer.py,2834,0,0,7
poetry,99bd74d501551157678662bb6e3ed2136344847f,2024-02-29T06:25:01-08:00,src/poetry/inspection/info.py,631,0,0,28
poetry,99bd74d501551157678662bb6e3ed2136344847f,2024-02-29T06:25:01-08:00,src/poetry/installation/chef.py,204,0,0,5
poetry,99bd74d501551157678662bb6e3ed2136344847f,2024-02-29T06:25:01-08:00,src/poetry/mixology/solutions/solutions/python_requirement_solution.py,63,0,0,63
poetry,99bd74d501551157678662bb6e3ed2136344847f,2024-02-29T06:25:01-08:00,src/poetry/console/commands/self/update.py,58,0,0,12
poetry,99bd74d501551157678662bb6e3ed2136344847f,2024-02-29T06:25:01-08:00,src/poetry/publishing/hash_manager.py,0,0,0,65
poetry,99bd74d501551157678662bb6e3ed2136344847f,2024-02-29T06:25:01-08:00,src/poetry/console/commands/self/show/__init__.py,34,0,0,9
poetry,99bd74d501551157678662bb6e3ed2136344847f,2024-02-29T06:25:01-08:00,src/poetry/console/commands/add.py,304,3,0,20
poetry,99bd74d501551157678662bb6e3ed2136344847f,2024-02-29T06:25:01-08:00,tests/mixology/solutions/__init__.py,0,0,0,0
poetry,99bd74d501551157678662bb6e3ed2136344847f,2024-02-29T06:25:01-08:00,tests/mixology/solutions/providers/__init__.py,0,0,0,0
poetry,99bd74d501551157678662bb6e3ed2136344847f,2024-02-29T06:25:01-08:00,tests/console/commands/test_init.py,1121,0,0,37
poetry,99bd74d501551157678662bb6e3ed2136344847f,2024-02-29T06:25:01-08:00,src/poetry/installation/executor.py,965,2,0,0
poetry,99bd74d501551157678662bb6e3ed2136344847f,2024-02-29T06:25:01-08:00,tests/console/commands/test_new.py,231,0,0,9
poetry,99bd74d501551157678662bb6e3ed2136344847f,2024-02-29T06:25:01-08:00,src/poetry/console/commands/config.py,323,0,0,14
poetry,99bd74d501551157678662bb6e3ed2136344847f,2024-02-29T06:25:01-08:00,src/poetry/console/commands/show.py,584,0,0,11
poetry,99bd74d501551157678662bb6e3ed2136344847f,2024-02-29T06:25:01-08:00,src/poetry/utils/env/base_env.py,406,2,0,0
poetry,99bd74d501551157678662bb6e3ed2136344847f,2024-02-29T06:25:01-08:00,tests/inspection/test_lazy_wheel.py,419,0,0,97
poetry,99bd74d501551157678662bb6e3ed2136344847f,2024-02-29T06:25:01-08:00,src/poetry/console/commands/version.py,128,0,0,9
poetry,99bd74d501551157678662bb6e3ed2136344847f,2024-02-29T06:25:01-08:00,tests/mixology/solutions/solutions/__init__.py,0,0,0,0
poetry,99bd74d501551157678662bb6e3ed2136344847f,2024-02-29T06:25:01-08:00,tests/fixtures/git/github.com/demo/demo/setup.py,20,0,0,20
poetry,99bd74d501551157678662bb6e3ed2136344847f,2024-02-29T06:25:01-08:00,tests/puzzle/test_provider.py,881,0,0,242
poetry,99bd74d501551157678662bb6e3ed2136344847f,2024-02-29T06:25:01-08:00,src/poetry/utils/_compat.py,59,2,0,22
poetry,99bd74d501551157678662bb6e3ed2136344847f,2024-02-29T06:25:01-08:00,src/poetry/repositories/pypi_repository.py,222,3,0,0
poetry,99bd74d501551157678662bb6e3ed2136344847f,2024-02-29T06:25:01-08:00,src/poetry/console/logging/io_formatter.py,71,0,0,3
poetry,99bd74d501551157678662bb6e3ed2136344847f,2024-02-29T06:25:01-08:00,tests/mixology/version_solver/test_python_constraint.py,34,0,0,10
poetry,99bd74d501551157678662bb6e3ed2136344847f,2024-02-29T06:25:01-08:00,src/poetry/console/commands/self/remove.py,17,0,0,11
poetry,99bd74d501551157678662bb6e3ed2136344847f,2024-02-29T06:25:01-08:00,src/poetry/mixology/solutions/__init__.py,0,0,0,0
poetry,99bd74d501551157678662bb6e3ed2136344847f,2024-02-29T06:25:01-08:00,src/poetry/utils/setup_reader.py,383,9,0,0
poetry,99bd74d501551157678662bb6e3ed2136344847f,2024-02-29T06:25:01-08:00,src/poetry/repositories/http_repository.py,427,0,0,2
poetry,99bd74d501551157678662bb6e3ed2136344847f,2024-02-29T06:25:01-08:00,src/poetry/console/commands/new.py,101,1,0,95
poetry,99bd74d501551157678662bb6e3ed2136344847f,2024-02-29T06:25:01-08:00,src/poetry/console/commands/lock.py,55,0,0,11
poetry,99bd74d501551157678662bb6e3ed2136344847f,2024-02-29T06:25:01-08:00,src/poetry/console/commands/search.py,30,0,0,11
poetry,99bd74d501551157678662bb6e3ed2136344847f,2024-02-29T06:25:01-08:00,src/poetry/console/commands/publish.py,105,0,0,10
poetry,99bd74d501551157678662bb6e3ed2136344847f,2024-02-29T06:25:01-08:00,src/poetry/console/commands/run.py,97,0,0,4
poetry,99bd74d501551157678662bb6e3ed2136344847f,2024-02-29T06:25:01-08:00,src/poetry/console/commands/source/remove.py,45,1,0,9
poetry,99bd74d501551157678662bb6e3ed2136344847f,2024-02-29T06:25:01-08:00,tests/utils/env/conftest.py,24,0,0,1
poetry,99bd74d501551157678662bb6e3ed2136344847f,2024-02-29T06:25:01-08:00,src/poetry/utils/env/site_packages.py,227,2,0,0
poetry,99bd74d501551157678662bb6e3ed2136344847f,2024-02-29T06:25:01-08:00,src/poetry/console/commands/init.py,498,3,0,158
poetry,99bd74d501551157678662bb6e3ed2136344847f,2024-02-29T06:25:01-08:00,tests/installation/test_executor.py,1609,0,0,6
poetry,99bd74d501551157678662bb6e3ed2136344847f,2024-02-29T06:25:01-08:00,src/poetry/console/commands/install.py,205,0,0,14
poetry,99bd74d501551157678662bb6e3ed2136344847f,2024-02-29T06:25:01-08:00,src/poetry/publishing/uploader.py,354,0,0,22
poetry,99bd74d501551157678662bb6e3ed2136344847f,2024-02-29T06:25:01-08:00,src/poetry/console/commands/debug/resolve.py,145,1,0,12
poetry,99bd74d501551157678662bb6e3ed2136344847f,2024-02-29T06:25:01-08:00,tests/publishing/test_publisher.py,192,0,0,25
poetry,99bd74d501551157678662bb6e3ed2136344847f,2024-02-29T06:25:01-08:00,src/poetry/console/commands/check.py,166,0,0,5
poetry,99bd74d501551157678662bb6e3ed2136344847f,2024-02-29T06:25:01-08:00,src/poetry/console/commands/self/install.py,28,0,0,11
poetry,99bd74d501551157678662bb6e3ed2136344847f,2024-02-29T06:25:01-08:00,tests/utils/env/test_env.py,545,0,0,1
poetry,99bd74d501551157678662bb6e3ed2136344847f,2024-02-29T06:25:01-08:00,tests/fixtures/with_path_dependency/bazz/setup.py,12,0,0,12
poetry,99bd74d501551157678662bb6e3ed2136344847f,2024-02-29T06:25:01-08:00,src/poetry/mixology/solutions/solutions/__init__.py,8,0,0,8
poetry,99bd74d501551157678662bb6e3ed2136344847f,2024-02-29T06:25:01-08:00,src/poetry/mixology/term.py,187,2,0,0
poetry,99bd74d501551157678662bb6e3ed2136344847f,2024-02-29T06:25:01-08:00,tests/console/commands/env/test_remove.py,139,0,0,24
poetry,c10a284abc020d733d66c9579fc716453bf309fa,2024-03-15T00:14:09+01:00,src/poetry/utils/env/generic_env.py,102,1,0,0
poetry,c10a284abc020d733d66c9579fc716453bf309fa,2024-03-15T00:14:09+01:00,src/poetry/utils/password_manager.py,247,2,0,0
poetry,c10a284abc020d733d66c9579fc716453bf309fa,2024-03-15T00:14:09+01:00,src/poetry/repositories/installed_repository.py,284,6,0,0
poetry,c10a284abc020d733d66c9579fc716453bf309fa,2024-03-15T00:14:09+01:00,tests/integration/conftest.py,0,0,0,14
poetry,c10a284abc020d733d66c9579fc716453bf309fa,2024-03-15T00:14:09+01:00,src/poetry/utils/helpers.py,373,0,0,10
poetry,c10a284abc020d733d66c9579fc716453bf309fa,2024-03-15T00:14:09+01:00,src/poetry/repositories/legacy_repository.py,141,1,0,41
poetry,c10a284abc020d733d66c9579fc716453bf309fa,2024-03-15T00:14:09+01:00,tests/puzzle/test_solver.py,4726,0,0,120
poetry,c10a284abc020d733d66c9579fc716453bf309fa,2024-03-15T00:14:09+01:00,src/poetry/puzzle/provider.py,955,2,0,0
poetry,c10a284abc020d733d66c9579fc716453bf309fa,2024-03-15T00:14:09+01:00,src/poetry/mixology/incompatibility.py,449,2,0,0
poetry,c10a284abc020d733d66c9579fc716453bf309fa,2024-03-15T00:14:09+01:00,tests/helpers.py,369,0,0,67
poetry,c10a284abc020d733d66c9579fc716453bf309fa,2024-03-15T00:14:09+01:00,tests/utils/test_helpers.py,190,0,0,37
poetry,c10a284abc020d733d66c9579fc716453bf309fa,2024-03-15T00:14:09+01:00,src/poetry/repositories/repository.py,120,1,0,0
poetry,c10a284abc020d733d66c9579fc716453bf309fa,2024-03-15T00:14:09+01:00,tests/console/commands/test_check.py,223,0,0,61
poetry,c10a284abc020d733d66c9579fc716453bf309fa,2024-03-15T00:14:09+01:00,src/poetry/mixology/failure.py,306,2,0,0
poetry,c10a284abc020d733d66c9579fc716453bf309fa,2024-03-15T00:14:09+01:00,tests/utils/test_setup_reader.py,245,0,0,245
poetry,c10a284abc020d733d66c9579fc716453bf309fa,2024-03-15T00:14:09+01:00,tests/utils/test_cache.py,366,0,0,30
poetry,c10a284abc020d733d66c9579fc716453bf309fa,2024-03-15T00:14:09+01:00,src/poetry/utils/env/env_manager.py,755,11,0,2
poetry,c10a284abc020d733d66c9579fc716453bf309fa,2024-03-15T00:14:09+01:00,src/poetry/console/commands/source/add.py,171,1,0,0
poetry,c10a284abc020d733d66c9579fc716453bf309fa,2024-03-15T00:14:09+01:00,src/poetry/console/commands/remove.py,151,2,0,3
poetry,c10a284abc020d733d66c9579fc716453bf309fa,2024-03-15T00:14:09+01:00,tests/utils/env/test_system_env.py,0,0,0,19
poetry,c10a284abc020d733d66c9579fc716453bf309fa,2024-03-15T00:14:09+01:00,tests/installation/test_chef.py,221,0,0,58
poetry,c10a284abc020d733d66c9579fc716453bf309fa,2024-03-15T00:14:09+01:00,src/poetry/repositories/lockfile_repository.py,32,1,0,0
poetry,c10a284abc020d733d66c9579fc716453bf309fa,2024-03-15T00:14:09+01:00,tests/installation/test_chooser.py,477,0,0,172
poetry,c10a284abc020d733d66c9579fc716453bf309fa,2024-03-15T00:14:09+01:00,tests/repositories/test_http_repository.py,155,0,0,98
poetry,c10a284abc020d733d66c9579fc716453bf309fa,2024-03-15T00:14:09+01:00,src/poetry/factory.py,370,0,0,2
poetry,c10a284abc020d733d66c9579fc716453bf309fa,2024-03-15T00:14:09+01:00,tests/inspection/test_info.py,373,0,0,131
poetry,c10a284abc020d733d66c9579fc716453bf309fa,2024-03-15T00:14:09+01:00,tests/packages/test_locker.py,1216,0,0,7
poetry,c10a284abc020d733d66c9579fc716453bf309fa,2024-03-15T00:14:09+01:00,src/poetry/vcs/git/backend.py,503,2,0,2
poetry,c10a284abc020d733d66c9579fc716453bf309fa,2024-03-15T00:14:09+01:00,src/poetry/utils/authenticator.py,458,0,0,4
poetry,c10a284abc020d733d66c9579fc716453bf309fa,2024-03-15T00:14:09+01:00,tests/console/commands/test_show.py,2337,0,0,4
poetry,c10a284abc020d733d66c9579fc716453bf309fa,2024-03-15T00:14:09+01:00,tests/installation/test_installer.py,2835,0,0,44
poetry,c10a284abc020d733d66c9579fc716453bf309fa,2024-03-15T00:14:09+01:00,src/poetry/inspection/info.py,609,0,0,190
poetry,c10a284abc020d733d66c9579fc716453bf309fa,2024-03-15T00:14:09+01:00,src/poetry/installation/chef.py,207,0,0,145
poetry,c10a284abc020d733d66c9579fc716453bf309fa,2024-03-15T00:14:09+01:00,tests/conftest.py,563,0,0,88
poetry,c10a284abc020d733d66c9579fc716453bf309fa,2024-03-15T00:14:09+01:00,src/poetry/repositories/link_sources/html.py,75,0,0,34
poetry,c10a284abc020d733d66c9579fc716453bf309fa,2024-03-15T00:14:09+01:00,tests/repositories/test_repository_pool.py,360,0,0,21
poetry,c10a284abc020d733d66c9579fc716453bf309fa,2024-03-15T00:14:09+01:00,src/poetry/console/commands/add.py,318,3,0,5
poetry,c10a284abc020d733d66c9579fc716453bf309fa,2024-03-15T00:14:09+01:00,tests/repositories/test_installed_repository.py,382,0,0,190
poetry,c10a284abc020d733d66c9579fc716453bf309fa,2024-03-15T00:14:09+01:00,tests/repositories/fixtures/pypi.py,0,0,0,171
poetry,c10a284abc020d733d66c9579fc716453bf309fa,2024-03-15T00:14:09+01:00,src/poetry/installation/executor.py,965,2,0,8
poetry,c10a284abc020d733d66c9579fc716453bf309fa,2024-03-15T00:14:09+01:00,tests/repositories/fixtures/python_hosted.py,0,0,0,93
poetry,c10a284abc020d733d66c9579fc716453bf309fa,2024-03-15T00:14:09+01:00,tests/inspection/test_lazy_wheel.py,478,0,0,19
poetry,c10a284abc020d733d66c9579fc716453bf309fa,2024-03-15T00:14:09+01:00,src/poetry/utils/env/base_env.py,406,2,0,0
poetry,c10a284abc020d733d66c9579fc716453bf309fa,2024-03-15T00:14:09+01:00,tests/utils/test_patterns.py,42,0,0,31
poetry,c10a284abc020d733d66c9579fc716453bf309fa,2024-03-15T00:14:09+01:00,src/poetry/console/commands/about.py,37,0,0,14
poetry,c10a284abc020d733d66c9579fc716453bf309fa,2024-03-15T00:14:09+01:00,tests/utils/test_dependency_specification.py,184,0,0,12
poetry,c10a284abc020d733d66c9579fc716453bf309fa,2024-03-15T00:14:09+01:00,tests/repositories/test_pypi_repository.py,395,0,0,211
poetry,c10a284abc020d733d66c9579fc716453bf309fa,2024-03-15T00:14:09+01:00,src/poetry/utils/env/system_env.py,87,0,0,3
poetry,c10a284abc020d733d66c9579fc716453bf309fa,2024-03-15T00:14:09+01:00,src/poetry/utils/patterns.py,19,0,0,2
poetry,c10a284abc020d733d66c9579fc716453bf309fa,2024-03-15T00:14:09+01:00,tests/repositories/fixtures/__init__.py,0,0,0,9
poetry,c10a284abc020d733d66c9579fc716453bf309fa,2024-03-15T00:14:09+01:00,src/poetry/utils/_compat.py,81,2,0,0
poetry,c10a284abc020d733d66c9579fc716453bf309fa,2024-03-15T00:14:09+01:00,src/poetry/repositories/pypi_repository.py,222,3,0,0
poetry,c10a284abc020d733d66c9579fc716453bf309fa,2024-03-15T00:14:09+01:00,src/poetry/packages/locker.py,501,0,0,19
poetry,c10a284abc020d733d66c9579fc716453bf309fa,2024-03-15T00:14:09+01:00,src/poetry/packages/direct_origin.py,113,0,0,7
poetry,c10a284abc020d733d66c9579fc716453bf309fa,2024-03-15T00:14:09+01:00,tests/repositories/conftest.py,59,0,0,208
poetry,c10a284abc020d733d66c9579fc716453bf309fa,2024-03-15T00:14:09+01:00,tests/console/commands/test_add.py,1560,0,0,12
poetry,c10a284abc020d733d66c9579fc716453bf309fa,2024-03-15T00:14:09+01:00,src/poetry/utils/setup_reader.py,383,9,0,383
poetry,c10a284abc020d733d66c9579fc716453bf309fa,2024-03-15T00:14:09+01:00,tests/console/commands/test_lock.py,324,0,0,26
poetry,c10a284abc020d733d66c9579fc716453bf309fa,2024-03-15T00:14:09+01:00,src/poetry/repositories/http_repository.py,427,0,0,17
poetry,c10a284abc020d733d66c9579fc716453bf309fa,2024-03-15T00:14:09+01:00,tests/repositories/fixtures/legacy.py,0,0,0,157
poetry,c10a284abc020d733d66c9579fc716453bf309fa,2024-03-15T00:14:09+01:00,tests/vcs/git/test_backend.py,26,0,0,17
poetry,c10a284abc020d733d66c9579fc716453bf309fa,2024-03-15T00:14:09+01:00,src/poetry/utils/env/script_strings.py,148,0,0,2
poetry,c10a284abc020d733d66c9579fc716453bf309fa,2024-03-15T00:14:09+01:00,src/poetry/console/commands/source/remove.py,52,1,0,0
poetry,c10a284abc020d733d66c9579fc716453bf309fa,2024-03-15T00:14:09+01:00,tests/types.py,88,0,0,43
poetry,c10a284abc020d733d66c9579fc716453bf309fa,2024-03-15T00:14:09+01:00,src/poetry/utils/env/site_packages.py,227,2,0,13
poetry,c10a284abc020d733d66c9579fc716453bf309fa,2024-03-15T00:14:09+01:00,src/poetry/utils/env/__init__.py,123,0,0,22
poetry,c10a284abc020d733d66c9579fc716453bf309fa,2024-03-15T00:14:09+01:00,tests/installation/test_executor.py,1615,0,0,40
poetry,c10a284abc020d733d66c9579fc716453bf309fa,2024-03-15T00:14:09+01:00,src/poetry/utils/cache.py,342,0,0,4
poetry,c10a284abc020d733d66c9579fc716453bf309fa,2024-03-15T00:14:09+01:00,src/poetry/utils/isolated_build.py,0,0,0,162
poetry,c10a284abc020d733d66c9579fc716453bf309fa,2024-03-15T00:14:09+01:00,tests/installation/conftest.py,45,0,0,45
poetry,c10a284abc020d733d66c9579fc716453bf309fa,2024-03-15T00:14:09+01:00,src/poetry/console/commands/debug/resolve.py,151,1,0,0
poetry,c10a284abc020d733d66c9579fc716453bf309fa,2024-03-15T00:14:09+01:00,tests/repositories/test_legacy_repository.py,629,0,0,255
poetry,c10a284abc020d733d66c9579fc716453bf309fa,2024-03-15T00:14:09+01:00,tests/console/commands/test_search.py,101,0,0,6
poetry,c10a284abc020d733d66c9579fc716453bf309fa,2024-03-15T00:14:09+01:00,tests/utils/env/test_env.py,544,0,0,44
poetry,c10a284abc020d733d66c9579fc716453bf309fa,2024-03-15T00:14:09+01:00,tests/packages/test_direct_origin.py,56,0,0,6
poetry,c10a284abc020d733d66c9579fc716453bf309fa,2024-03-15T00:14:09+01:00,tests/repositories/fixtures/pypi.org/generate.py,0,0,0,1465
poetry,c10a284abc020d733d66c9579fc716453bf309fa,2024-03-15T00:14:09+01:00,tests/repositories/fixtures/distribution_hashes.py,0,0,0,310
poetry,c10a284abc020d733d66c9579fc716453bf309fa,2024-03-15T00:14:09+01:00,src/poetry/mixology/term.py,187,2,0,0
poetry,c10a284abc020d733d66c9579fc716453bf309fa,2024-03-15T00:14:09+01:00,tests/utils/test_isolated_build.py,0,0,0,99
poetry,c10a284abc020d733d66c9579fc716453bf309fa,2024-03-15T00:14:09+01:00,tests/console/test_application.py,136,0,0,58
poetry,f843ceee1671733804f9d4bcccc876d463de99a6,2024-09-02T11:41:26+02:00,src/poetry/utils/env/generic_env.py,102,1,0,0
poetry,f843ceee1671733804f9d4bcccc876d463de99a6,2024-09-02T11:41:26+02:00,tests/console/commands/test_init.py,1090,0,0,331
poetry,f843ceee1671733804f9d4bcccc876d463de99a6,2024-09-02T11:41:26+02:00,src/poetry/installation/executor.py,857,0,0,2
poetry,f843ceee1671733804f9d4bcccc876d463de99a6,2024-09-02T11:41:26+02:00,src/poetry/layouts/layout.py,200,0,0,66
poetry,f843ceee1671733804f9d4bcccc876d463de99a6,2024-09-02T11:41:26+02:00,src/poetry/utils/password_manager.py,243,2,0,0
poetry,f843ceee1671733804f9d4bcccc876d463de99a6,2024-09-02T11:41:26+02:00,src/poetry/repositories/installed_repository.py,285,6,0,0
poetry,f843ceee1671733804f9d4bcccc876d463de99a6,2024-09-02T11:41:26+02:00,src/poetry/utils/env/base_env.py,402,2,0,0
poetry,f843ceee1671733804f9d4bcccc876d463de99a6,2024-09-02T11:41:26+02:00,tests/console/commands/test_new.py,240,0,0,9
poetry,f843ceee1671733804f9d4bcccc876d463de99a6,2024-09-02T11:41:26+02:00,src/poetry/repositories/legacy_repository.py,154,1,0,0
poetry,f843ceee1671733804f9d4bcccc876d463de99a6,2024-09-02T11:41:26+02:00,tests/json/test_schema_sources.py,47,0,0,12
poetry,f843ceee1671733804f9d4bcccc876d463de99a6,2024-09-02T11:41:26+02:00,src/poetry/console/commands/version.py,121,0,0,8
poetry,f843ceee1671733804f9d4bcccc876d463de99a6,2024-09-02T11:41:26+02:00,tests/puzzle/test_solver.py,4748,0,0,23
poetry,f843ceee1671733804f9d4bcccc876d463de99a6,2024-09-02T11:41:26+02:00,tests/console/commands/test_install.py,525,0,0,12
poetry,f843ceee1671733804f9d4bcccc876d463de99a6,2024-09-02T11:41:26+02:00,src/poetry/puzzle/provider.py,955,2,0,0
poetry,f843ceee1671733804f9d4bcccc876d463de99a6,2024-09-02T11:41:26+02:00,tests/utils/env/test_env_manager.py,1328,0,0,6
poetry,f843ceee1671733804f9d4bcccc876d463de99a6,2024-09-02T11:41:26+02:00,src/poetry/mixology/incompatibility.py,449,2,0,0
poetry,f843ceee1671733804f9d4bcccc876d463de99a6,2024-09-02T11:41:26+02:00,src/poetry/utils/_compat.py,87,2,0,0
poetry,f843ceee1671733804f9d4bcccc876d463de99a6,2024-09-02T11:41:26+02:00,src/poetry/repositories/pypi_repository.py,222,3,0,0
poetry,f843ceee1671733804f9d4bcccc876d463de99a6,2024-09-02T11:41:26+02:00,src/poetry/packages/locker.py,525,0,0,36
poetry,f843ceee1671733804f9d4bcccc876d463de99a6,2024-09-02T11:41:26+02:00,tests/console/commands/test_check.py,212,0,0,70
poetry,f843ceee1671733804f9d4bcccc876d463de99a6,2024-09-02T11:41:26+02:00,src/poetry/mixology/failure.py,306,2,0,0
poetry,f843ceee1671733804f9d4bcccc876d463de99a6,2024-09-02T11:41:26+02:00,tests/console/commands/test_add.py,1468,0,0,333
poetry,f843ceee1671733804f9d4bcccc876d463de99a6,2024-09-02T11:41:26+02:00,src/poetry/utils/setup_reader.py,0,0,0,0
poetry,f843ceee1671733804f9d4bcccc876d463de99a6,2024-09-02T11:41:26+02:00,tests/test_factory.py,609,0,0,35
poetry,f843ceee1671733804f9d4bcccc876d463de99a6,2024-09-02T11:41:26+02:00,src/poetry/console/commands/source/add.py,171,1,0,5
poetry,f843ceee1671733804f9d4bcccc876d463de99a6,2024-09-02T11:41:26+02:00,src/poetry/utils/env/env_manager.py,777,11,0,0
poetry,f843ceee1671733804f9d4bcccc876d463de99a6,2024-09-02T11:41:26+02:00,src/poetry/console/commands/remove.py,152,1,0,73
poetry,f843ceee1671733804f9d4bcccc876d463de99a6,2024-09-02T11:41:26+02:00,tests/installation/test_chef.py,171,0,0,4
poetry,f843ceee1671733804f9d4bcccc876d463de99a6,2024-09-02T11:41:26+02:00,src/poetry/console/commands/source/remove.py,52,1,0,4
poetry,f843ceee1671733804f9d4bcccc876d463de99a6,2024-09-02T11:41:26+02:00,src/poetry/utils/source.py,20,0,0,20
poetry,f843ceee1671733804f9d4bcccc876d463de99a6,2024-09-02T11:41:26+02:00,src/poetry/console/commands/init.py,537,0,0,6
poetry,f843ceee1671733804f9d4bcccc876d463de99a6,2024-09-02T11:41:26+02:00,tests/masonry/builders/test_editable_builder.py,395,0,0,14
poetry,f843ceee1671733804f9d4bcccc876d463de99a6,2024-09-02T11:41:26+02:00,src/poetry/console/commands/install.py,213,0,0,7
poetry,f843ceee1671733804f9d4bcccc876d463de99a6,2024-09-02T11:41:26+02:00,src/poetry/console/commands/debug/resolve.py,151,1,0,0
poetry,f843ceee1671733804f9d4bcccc876d463de99a6,2024-09-02T11:41:26+02:00,src/poetry/factory.py,364,0,0,20
poetry,f843ceee1671733804f9d4bcccc876d463de99a6,2024-09-02T11:41:26+02:00,tests/{utils => config}/test_source.py,0,0,0,3
poetry,f843ceee1671733804f9d4bcccc876d463de99a6,2024-09-02T11:41:26+02:00,tests/console/commands/conftest.py,36,0,0,14
poetry,f843ceee1671733804f9d4bcccc876d463de99a6,2024-09-02T11:41:26+02:00,src/poetry/console/commands/check.py,169,0,0,18
poetry,f843ceee1671733804f9d4bcccc876d463de99a6,2024-09-02T11:41:26+02:00,src/poetry/vcs/git/backend.py,503,2,0,0
poetry,f843ceee1671733804f9d4bcccc876d463de99a6,2024-09-02T11:41:26+02:00,tests/repositories/fixtures/pypi.org/generate.py,719,0,0,4
poetry,f843ceee1671733804f9d4bcccc876d463de99a6,2024-09-02T11:41:26+02:00,tests/console/commands/test_remove.py,363,0,0,140
poetry,f843ceee1671733804f9d4bcccc876d463de99a6,2024-09-02T11:41:26+02:00,src/poetry/mixology/term.py,187,2,0,0
poetry,f843ceee1671733804f9d4bcccc876d463de99a6,2024-09-02T11:41:26+02:00,src/poetry/config/source.py,43,0,0,16
poetry,f843ceee1671733804f9d4bcccc876d463de99a6,2024-09-02T11:41:26+02:00,src/poetry/console/commands/add.py,318,2,0,159
poetry,d68e3108615953d999fb9f326c496677c89c4b0a,2024-09-15T13:23:34+02:00,src/poetry/utils/env/generic_env.py,102,1,0,0
poetry,d68e3108615953d999fb9f326c496677c89c4b0a,2024-09-15T13:23:34+02:00,src/poetry/layouts/layout.py,200,0,0,66
poetry,d68e3108615953d999fb9f326c496677c89c4b0a,2024-09-15T13:23:34+02:00,src/poetry/utils/password_manager.py,243,2,0,0
poetry,d68e3108615953d999fb9f326c496677c89c4b0a,2024-09-15T13:23:34+02:00,src/poetry/repositories/installed_repository.py,285,6,0,0
poetry,d68e3108615953d999fb9f326c496677c89c4b0a,2024-09-15T13:23:34+02:00,src/poetry/config/config.py,356,0,0,6
poetry,d68e3108615953d999fb9f326c496677c89c4b0a,2024-09-15T13:23:34+02:00,src/poetry/repositories/legacy_repository.py,154,1,0,0
poetry,d68e3108615953d999fb9f326c496677c89c4b0a,2024-09-15T13:23:34+02:00,tests/puzzle/test_solver.py,4763,0,0,45
poetry,d68e3108615953d999fb9f326c496677c89c4b0a,2024-09-15T13:23:34+02:00,tests/console/commands/test_install.py,525,0,0,12
poetry,d68e3108615953d999fb9f326c496677c89c4b0a,2024-09-15T13:23:34+02:00,src/poetry/puzzle/provider.py,955,2,0,0
poetry,d68e3108615953d999fb9f326c496677c89c4b0a,2024-09-15T13:23:34+02:00,tests/utils/env/test_env_manager.py,1330,0,0,16
poetry,d68e3108615953d999fb9f326c496677c89c4b0a,2024-09-15T13:23:34+02:00,src/poetry/mixology/incompatibility.py,449,2,0,0
poetry,d68e3108615953d999fb9f326c496677c89c4b0a,2024-09-15T13:23:34+02:00,tests/config/test_source.py,77,0,0,24
poetry,d68e3108615953d999fb9f326c496677c89c4b0a,2024-09-15T13:23:34+02:00,src/poetry/utils/env/python_manager.py,0,0,0,167
poetry,d68e3108615953d999fb9f326c496677c89c4b0a,2024-09-15T13:23:34+02:00,tests/console/commands/test_check.py,256,0,0,70
poetry,d68e3108615953d999fb9f326c496677c89c4b0a,2024-09-15T13:23:34+02:00,src/poetry/mixology/failure.py,306,2,0,0
poetry,d68e3108615953d999fb9f326c496677c89c4b0a,2024-09-15T13:23:34+02:00,tests/console/commands/test_config.py,574,0,0,8
poetry,d68e3108615953d999fb9f326c496677c89c4b0a,2024-09-15T13:23:34+02:00,src/poetry/installation/operations/operation.py,53,0,0,6
poetry,d68e3108615953d999fb9f326c496677c89c4b0a,2024-09-15T13:23:34+02:00,src/poetry/console/commands/source/add.py,170,1,0,67
poetry,d68e3108615953d999fb9f326c496677c89c4b0a,2024-09-15T13:23:34+02:00,src/poetry/utils/env/env_manager.py,777,11,0,212
poetry,d68e3108615953d999fb9f326c496677c89c4b0a,2024-09-15T13:23:34+02:00,src/poetry/console/commands/remove.py,152,1,0,73
poetry,d68e3108615953d999fb9f326c496677c89c4b0a,2024-09-15T13:23:34+02:00,tests/installation/test_chef.py,171,0,0,4
poetry,d68e3108615953d999fb9f326c496677c89c4b0a,2024-09-15T13:23:34+02:00,src/poetry/inspection/lazy_wheel.py,736,0,0,12
poetry,d68e3108615953d999fb9f326c496677c89c4b0a,2024-09-15T13:23:34+02:00,tests/masonry/builders/test_editable_builder.py,405,0,0,14
poetry,d68e3108615953d999fb9f326c496677c89c4b0a,2024-09-15T13:23:34+02:00,src/poetry/factory.py,368,0,0,64
poetry,d68e3108615953d999fb9f326c496677c89c4b0a,2024-09-15T13:23:34+02:00,tests/console/commands/conftest.py,36,0,0,14
poetry,d68e3108615953d999fb9f326c496677c89c4b0a,2024-09-15T13:23:34+02:00,src/poetry/vcs/git/backend.py,503,2,0,0
poetry,d68e3108615953d999fb9f326c496677c89c4b0a,2024-09-15T13:23:34+02:00,src/poetry/utils/authenticator.py,452,0,0,16
poetry,d68e3108615953d999fb9f326c496677c89c4b0a,2024-09-15T13:23:34+02:00,tests/console/commands/test_remove.py,363,0,0,140
poetry,d68e3108615953d999fb9f326c496677c89c4b0a,2024-09-15T13:23:34+02:00,tests/installation/test_installer.py,2769,0,0,3
poetry,d68e3108615953d999fb9f326c496677c89c4b0a,2024-09-15T13:23:34+02:00,src/poetry/installation/chef.py,120,0,0,2
poetry,d68e3108615953d999fb9f326c496677c89c4b0a,2024-09-15T13:23:34+02:00,tests/conftest.py,581,0,0,3
poetry,d68e3108615953d999fb9f326c496677c89c4b0a,2024-09-15T13:23:34+02:00,src/poetry/config/source.py,59,0,0,17
poetry,d68e3108615953d999fb9f326c496677c89c4b0a,2024-09-15T13:23:34+02:00,tests/repositories/test_repository_pool.py,367,0,0,86
poetry,d68e3108615953d999fb9f326c496677c89c4b0a,2024-09-15T13:23:34+02:00,src/poetry/console/commands/add.py,318,2,0,159
poetry,d68e3108615953d999fb9f326c496677c89c4b0a,2024-09-15T13:23:34+02:00,tests/console/commands/test_init.py,1090,0,0,336
poetry,d68e3108615953d999fb9f326c496677c89c4b0a,2024-09-15T13:23:34+02:00,src/poetry/puzzle/solver.py,333,0,0,6
poetry,d68e3108615953d999fb9f326c496677c89c4b0a,2024-09-15T13:23:34+02:00,src/poetry/installation/executor.py,857,0,0,33
poetry,d68e3108615953d999fb9f326c496677c89c4b0a,2024-09-15T13:23:34+02:00,tests/console/commands/test_new.py,240,0,0,13
poetry,d68e3108615953d999fb9f326c496677c89c4b0a,2024-09-15T13:23:34+02:00,src/poetry/console/commands/config.py,331,0,0,4
poetry,d68e3108615953d999fb9f326c496677c89c4b0a,2024-09-15T13:23:34+02:00,src/poetry/utils/env/base_env.py,402,2,0,0
poetry,d68e3108615953d999fb9f326c496677c89c4b0a,2024-09-15T13:23:34+02:00,tests/console/commands/source/conftest.py,174,0,0,26
poetry,d68e3108615953d999fb9f326c496677c89c4b0a,2024-09-15T13:23:34+02:00,tests/json/test_schema_sources.py,43,0,0,31
poetry,d68e3108615953d999fb9f326c496677c89c4b0a,2024-09-15T13:23:34+02:00,tests/console/commands/source/test_show.py,186,0,0,2
poetry,d68e3108615953d999fb9f326c496677c89c4b0a,2024-09-15T13:23:34+02:00,tests/console/commands/source/test_add.py,337,0,0,181
poetry,d68e3108615953d999fb9f326c496677c89c4b0a,2024-09-15T13:23:34+02:00,src/poetry/console/commands/version.py,125,0,0,8
poetry,d68e3108615953d999fb9f326c496677c89c4b0a,2024-09-15T13:23:34+02:00,src/poetry/utils/_compat.py,87,2,0,0
poetry,d68e3108615953d999fb9f326c496677c89c4b0a,2024-09-15T13:23:34+02:00,src/poetry/repositories/pypi_repository.py,222,3,0,0
poetry,d68e3108615953d999fb9f326c496677c89c4b0a,2024-09-15T13:23:34+02:00,src/poetry/packages/locker.py,525,0,0,36
poetry,d68e3108615953d999fb9f326c496677c89c4b0a,2024-09-15T13:23:34+02:00,tests/console/commands/test_add.py,1468,0,0,333
poetry,d68e3108615953d999fb9f326c496677c89c4b0a,2024-09-15T13:23:34+02:00,tests/test_factory.py,592,0,0,196
poetry,d68e3108615953d999fb9f326c496677c89c4b0a,2024-09-15T13:23:34+02:00,tests/console/commands/env/test_use.py,161,0,0,1
poetry,d68e3108615953d999fb9f326c496677c89c4b0a,2024-09-15T13:23:34+02:00,src/poetry/console/commands/source/remove.py,50,1,0,0
poetry,d68e3108615953d999fb9f326c496677c89c4b0a,2024-09-15T13:23:34+02:00,tests/utils/test_authenticator.py,710,0,0,8
poetry,d68e3108615953d999fb9f326c496677c89c4b0a,2024-09-15T13:23:34+02:00,tests/utils/test_python_manager.py,0,0,0,121
poetry,d68e3108615953d999fb9f326c496677c89c4b0a,2024-09-15T13:23:34+02:00,tests/installation/test_executor.py,1529,0,0,43
poetry,d68e3108615953d999fb9f326c496677c89c4b0a,2024-09-15T13:23:34+02:00,src/poetry/console/commands/init.py,537,0,0,14
poetry,d68e3108615953d999fb9f326c496677c89c4b0a,2024-09-15T13:23:34+02:00,src/poetry/utils/env/__init__.py,117,0,0,2
poetry,d68e3108615953d999fb9f326c496677c89c4b0a,2024-09-15T13:23:34+02:00,src/poetry/utils/isolated_build.py,157,0,0,2
poetry,d68e3108615953d999fb9f326c496677c89c4b0a,2024-09-15T13:23:34+02:00,src/poetry/console/commands/install.py,213,0,0,7
poetry,d68e3108615953d999fb9f326c496677c89c4b0a,2024-09-15T13:23:34+02:00,src/poetry/console/commands/debug/resolve.py,151,1,0,0
poetry,d68e3108615953d999fb9f326c496677c89c4b0a,2024-09-15T13:23:34+02:00,tests/publishing/test_publisher.py,207,0,0,2
poetry,d68e3108615953d999fb9f326c496677c89c4b0a,2024-09-15T13:23:34+02:00,src/poetry/repositories/repository_pool.py,225,0,0,25
poetry,d68e3108615953d999fb9f326c496677c89c4b0a,2024-09-15T13:23:34+02:00,src/poetry/console/commands/check.py,175,0,0,18
poetry,d68e3108615953d999fb9f326c496677c89c4b0a,2024-09-15T13:23:34+02:00,tests/utils/env/test_env.py,544,0,0,45
poetry,d68e3108615953d999fb9f326c496677c89c4b0a,2024-09-15T13:23:34+02:00,src/poetry/mixology/term.py,187,2,0,0
poetry,d68e3108615953d999fb9f326c496677c89c4b0a,2024-09-15T13:23:34+02:00,src/poetry/json/__init__.py,38,0,0,4
poetry,36fedb59b8e655252168055b536ead591068e1e4,2024-09-16T13:42:54+00:00,src/poetry/utils/env/generic_env.py,102,1,0,0
poetry,36fedb59b8e655252168055b536ead591068e1e4,2024-09-16T13:42:54+00:00,src/poetry/utils/password_manager.py,243,2,0,0
poetry,36fedb59b8e655252168055b536ead591068e1e4,2024-09-16T13:42:54+00:00,src/poetry/repositories/installed_repository.py,285,6,0,0
poetry,36fedb59b8e655252168055b536ead591068e1e4,2024-09-16T13:42:54+00:00,src/poetry/utils/helpers.py,408,0,0,4
poetry,36fedb59b8e655252168055b536ead591068e1e4,2024-09-16T13:42:54+00:00,src/poetry/repositories/legacy_repository.py,154,1,0,10
poetry,36fedb59b8e655252168055b536ead591068e1e4,2024-09-16T13:42:54+00:00,tests/puzzle/test_solver.py,4763,0,0,79
poetry,36fedb59b8e655252168055b536ead591068e1e4,2024-09-16T13:42:54+00:00,tests/console/commands/test_install.py,529,0,0,4
poetry,36fedb59b8e655252168055b536ead591068e1e4,2024-09-16T13:42:54+00:00,src/poetry/puzzle/provider.py,955,2,0,16
poetry,36fedb59b8e655252168055b536ead591068e1e4,2024-09-16T13:42:54+00:00,tests/utils/env/test_env_manager.py,1327,0,0,19
poetry,36fedb59b8e655252168055b536ead591068e1e4,2024-09-16T13:42:54+00:00,src/poetry/mixology/incompatibility.py,449,2,0,50
poetry,36fedb59b8e655252168055b536ead591068e1e4,2024-09-16T13:42:54+00:00,tests/config/test_source.py,77,0,0,24
poetry,36fedb59b8e655252168055b536ead591068e1e4,2024-09-16T13:42:54+00:00,tests/repositories/test_single_page_repository.py,79,0,0,4
poetry,36fedb59b8e655252168055b536ead591068e1e4,2024-09-16T13:42:54+00:00,src/poetry/utils/env/python_manager.py,0,0,0,171
poetry,36fedb59b8e655252168055b536ead591068e1e4,2024-09-16T13:42:54+00:00,tests/helpers.py,354,0,0,4
poetry,36fedb59b8e655252168055b536ead591068e1e4,2024-09-16T13:42:54+00:00,src/poetry/repositories/repository.py,108,0,0,4
poetry,36fedb59b8e655252168055b536ead591068e1e4,2024-09-16T13:42:54+00:00,tests/utils/test_helpers.py,301,0,0,4
poetry,36fedb59b8e655252168055b536ead591068e1e4,2024-09-16T13:42:54+00:00,src/poetry/mixology/failure.py,306,2,0,50
poetry,36fedb59b8e655252168055b536ead591068e1e4,2024-09-16T13:42:54+00:00,tests/console/commands/test_config.py,568,0,0,2
poetry,36fedb59b8e655252168055b536ead591068e1e4,2024-09-16T13:42:54+00:00,src/poetry/mixology/version_solver.py,571,0,0,17
poetry,36fedb59b8e655252168055b536ead591068e1e4,2024-09-16T13:42:54+00:00,src/poetry/repositories/single_page_repository.py,22,0,0,4
poetry,36fedb59b8e655252168055b536ead591068e1e4,2024-09-16T13:42:54+00:00,src/poetry/utils/env/exceptions.py,69,0,0,4
poetry,36fedb59b8e655252168055b536ead591068e1e4,2024-09-16T13:42:54+00:00,src/poetry/installation/operations/operation.py,51,0,0,18
poetry,36fedb59b8e655252168055b536ead591068e1e4,2024-09-16T13:42:54+00:00,src/poetry/console/commands/source/add.py,170,1,0,67
poetry,36fedb59b8e655252168055b536ead591068e1e4,2024-09-16T13:42:54+00:00,src/poetry/utils/env/env_manager.py,759,11,0,198
poetry,36fedb59b8e655252168055b536ead591068e1e4,2024-09-16T13:42:54+00:00,src/poetry/console/commands/remove.py,167,1,0,0
poetry,36fedb59b8e655252168055b536ead591068e1e4,2024-09-16T13:42:54+00:00,src/poetry/inspection/lazy_wheel.py,730,0,0,44
poetry,36fedb59b8e655252168055b536ead591068e1e4,2024-09-16T13:42:54+00:00,src/poetry/console/exceptions.py,11,0,0,2
poetry,36fedb59b8e655252168055b536ead591068e1e4,2024-09-16T13:42:54+00:00,tests/repositories/test_http_repository.py,245,0,0,10
poetry,36fedb59b8e655252168055b536ead591068e1e4,2024-09-16T13:42:54+00:00,src/poetry/utils/pip.py,58,0,0,6
poetry,36fedb59b8e655252168055b536ead591068e1e4,2024-09-16T13:42:54+00:00,src/poetry/plugins/plugin.py,24,0,0,3
poetry,36fedb59b8e655252168055b536ead591068e1e4,2024-09-16T13:42:54+00:00,src/poetry/repositories/exceptions.py,13,0,0,2
poetry,36fedb59b8e655252168055b536ead591068e1e4,2024-09-16T13:42:54+00:00,src/poetry/console/logging/formatters/formatter.py,6,0,0,9
poetry,36fedb59b8e655252168055b536ead591068e1e4,2024-09-16T13:42:54+00:00,src/poetry/factory.py,368,0,0,48
poetry,36fedb59b8e655252168055b536ead591068e1e4,2024-09-16T13:42:54+00:00,src/poetry/config/config_source.py,11,0,0,12
poetry,36fedb59b8e655252168055b536ead591068e1e4,2024-09-16T13:42:54+00:00,src/poetry/vcs/git/backend.py,503,2,0,0
poetry,36fedb59b8e655252168055b536ead591068e1e4,2024-09-16T13:42:54+00:00,tests/mixology/test_incompatibility.py,50,0,0,4
poetry,36fedb59b8e655252168055b536ead591068e1e4,2024-09-16T13:42:54+00:00,src/poetry/utils/authenticator.py,452,0,0,20
poetry,36fedb59b8e655252168055b536ead591068e1e4,2024-09-16T13:42:54+00:00,tests/installation/test_installer.py,2769,0,0,3
poetry,36fedb59b8e655252168055b536ead591068e1e4,2024-09-16T13:42:54+00:00,tests/conftest.py,580,0,0,2
poetry,36fedb59b8e655252168055b536ead591068e1e4,2024-09-16T13:42:54+00:00,src/poetry/installation/chef.py,120,0,0,2
poetry,36fedb59b8e655252168055b536ead591068e1e4,2024-09-16T13:42:54+00:00,src/poetry/config/source.py,59,0,0,17
poetry,36fedb59b8e655252168055b536ead591068e1e4,2024-09-16T13:42:54+00:00,tests/repositories/test_repository_pool.py,367,0,0,92
poetry,36fedb59b8e655252168055b536ead591068e1e4,2024-09-16T13:42:54+00:00,src/poetry/console/commands/add.py,407,2,0,0
poetry,36fedb59b8e655252168055b536ead591068e1e4,2024-09-16T13:42:54+00:00,tests/console/commands/test_init.py,1143,0,0,5
poetry,36fedb59b8e655252168055b536ead591068e1e4,2024-09-16T13:42:54+00:00,src/poetry/puzzle/solver.py,331,0,0,32
poetry,36fedb59b8e655252168055b536ead591068e1e4,2024-09-16T13:42:54+00:00,src/poetry/installation/executor.py,857,0,0,33
poetry,36fedb59b8e655252168055b536ead591068e1e4,2024-09-16T13:42:54+00:00,tests/console/commands/test_new.py,241,0,0,4
poetry,36fedb59b8e655252168055b536ead591068e1e4,2024-09-16T13:42:54+00:00,tests/inspection/test_lazy_wheel.py,477,0,0,14
poetry,36fedb59b8e655252168055b536ead591068e1e4,2024-09-16T13:42:54+00:00,src/poetry/utils/env/base_env.py,402,2,0,24
poetry,36fedb59b8e655252168055b536ead591068e1e4,2024-09-16T13:42:54+00:00,tests/console/commands/test_publish.py,231,0,0,5
poetry,36fedb59b8e655252168055b536ead591068e1e4,2024-09-16T13:42:54+00:00,tests/console/commands/source/conftest.py,174,0,0,26
poetry,36fedb59b8e655252168055b536ead591068e1e4,2024-09-16T13:42:54+00:00,tests/console/commands/source/test_show.py,186,0,0,2
poetry,36fedb59b8e655252168055b536ead591068e1e4,2024-09-16T13:42:54+00:00,tests/console/commands/source/test_add.py,337,0,0,181
poetry,36fedb59b8e655252168055b536ead591068e1e4,2024-09-16T13:42:54+00:00,tests/json/test_schema_sources.py,43,0,0,19
poetry,36fedb59b8e655252168055b536ead591068e1e4,2024-09-16T13:42:54+00:00,src/poetry/puzzle/exceptions.py,30,0,0,8
poetry,36fedb59b8e655252168055b536ead591068e1e4,2024-09-16T13:42:54+00:00,tests/puzzle/test_provider.py,891,0,0,4
poetry,36fedb59b8e655252168055b536ead591068e1e4,2024-09-16T13:42:54+00:00,src/poetry/utils/_compat.py,87,2,0,0
poetry,36fedb59b8e655252168055b536ead591068e1e4,2024-09-16T13:42:54+00:00,src/poetry/repositories/pypi_repository.py,222,3,0,8
poetry,36fedb59b8e655252168055b536ead591068e1e4,2024-09-16T13:42:54+00:00,src/poetry/mixology/incompatibility_cause.py,81,0,0,14
poetry,36fedb59b8e655252168055b536ead591068e1e4,2024-09-16T13:42:54+00:00,src/poetry/exceptions.py,5,0,0,2
poetry,36fedb59b8e655252168055b536ead591068e1e4,2024-09-16T13:42:54+00:00,src/poetry/console/commands/group_command.py,131,0,0,4
poetry,36fedb59b8e655252168055b536ead591068e1e4,2024-09-16T13:42:54+00:00,tests/test_factory.py,591,0,0,164
poetry,36fedb59b8e655252168055b536ead591068e1e4,2024-09-16T13:42:54+00:00,src/poetry/repositories/http_repository.py,433,0,0,10
poetry,36fedb59b8e655252168055b536ead591068e1e4,2024-09-16T13:42:54+00:00,tests/mixology/helpers.py,79,0,0,4
poetry,36fedb59b8e655252168055b536ead591068e1e4,2024-09-16T13:42:54+00:00,src/poetry/console/commands/source/remove.py,50,1,0,0
poetry,36fedb59b8e655252168055b536ead591068e1e4,2024-09-16T13:42:54+00:00,tests/utils/test_authenticator.py,710,0,0,8
poetry,36fedb59b8e655252168055b536ead591068e1e4,2024-09-16T13:42:54+00:00,tests/utils/test_python_manager.py,0,0,0,121
poetry,36fedb59b8e655252168055b536ead591068e1e4,2024-09-16T13:42:54+00:00,src/poetry/plugins/base_plugin.py,21,0,0,4
poetry,36fedb59b8e655252168055b536ead591068e1e4,2024-09-16T13:42:54+00:00,src/poetry/utils/env/__init__.py,117,0,0,8
poetry,36fedb59b8e655252168055b536ead591068e1e4,2024-09-16T13:42:54+00:00,tests/installation/test_executor.py,1529,0,0,45
poetry,36fedb59b8e655252168055b536ead591068e1e4,2024-09-16T13:42:54+00:00,src/poetry/console/commands/init.py,537,0,0,8
poetry,36fedb59b8e655252168055b536ead591068e1e4,2024-09-16T13:42:54+00:00,src/poetry/utils/cache.py,340,0,0,4
poetry,36fedb59b8e655252168055b536ead591068e1e4,2024-09-16T13:42:54+00:00,src/poetry/publishing/uploader.py,346,0,0,34
poetry,36fedb59b8e655252168055b536ead591068e1e4,2024-09-16T13:42:54+00:00,src/poetry/console/commands/debug/resolve.py,151,1,0,0
poetry,36fedb59b8e655252168055b536ead591068e1e4,2024-09-16T13:42:54+00:00,tests/publishing/test_publisher.py,207,0,0,2
poetry,36fedb59b8e655252168055b536ead591068e1e4,2024-09-16T13:42:54+00:00,tests/repositories/test_legacy_repository.py,634,0,0,6
poetry,36fedb59b8e655252168055b536ead591068e1e4,2024-09-16T13:42:54+00:00,src/poetry/repositories/repository_pool.py,225,0,0,31
poetry,36fedb59b8e655252168055b536ead591068e1e4,2024-09-16T13:42:54+00:00,src/poetry/utils/wheel.py,47,0,0,4
poetry,36fedb59b8e655252168055b536ead591068e1e4,2024-09-16T13:42:54+00:00,tests/utils/env/test_env.py,528,0,0,29
poetry,36fedb59b8e655252168055b536ead591068e1e4,2024-09-16T13:42:54+00:00,src/poetry/mixology/term.py,187,2,0,0
poetry,36fedb59b8e655252168055b536ead591068e1e4,2024-09-16T13:42:54+00:00,src/poetry/json/__init__.py,38,0,0,4
poetry,62d33a7dac2c837d6ac2bc66077c11fcc8f981fa,2024-11-28T17:51:26+01:00,src/poetry/utils/env/generic_env.py,102,1,0,0
poetry,62d33a7dac2c837d6ac2bc66077c11fcc8f981fa,2024-11-28T17:51:26+01:00,src/poetry/console/application.py,409,2,0,0
poetry,62d33a7dac2c837d6ac2bc66077c11fcc8f981fa,2024-11-28T17:51:26+01:00,src/poetry/puzzle/solver.py,441,0,0,9
poetry,62d33a7dac2c837d6ac2bc66077c11fcc8f981fa,2024-11-28T17:51:26+01:00,src/poetry/puzzle/transaction.py,197,0,0,113
poetry,62d33a7dac2c837d6ac2bc66077c11fcc8f981fa,2024-11-28T17:51:26+01:00,src/poetry/installation/executor.py,887,0,0,25
poetry,62d33a7dac2c837d6ac2bc66077c11fcc8f981fa,2024-11-28T17:51:26+01:00,src/poetry/utils/password_manager.py,235,2,0,0
poetry,62d33a7dac2c837d6ac2bc66077c11fcc8f981fa,2024-11-28T17:51:26+01:00,src/poetry/repositories/installed_repository.py,310,6,0,0
poetry,62d33a7dac2c837d6ac2bc66077c11fcc8f981fa,2024-11-28T17:51:26+01:00,src/poetry/utils/env/base_env.py,403,2,0,0
poetry,62d33a7dac2c837d6ac2bc66077c11fcc8f981fa,2024-11-28T17:51:26+01:00,src/poetry/repositories/legacy_repository.py,161,1,0,0
poetry,62d33a7dac2c837d6ac2bc66077c11fcc8f981fa,2024-11-28T17:51:26+01:00,tests/puzzle/test_solver.py,4796,0,0,130
poetry,62d33a7dac2c837d6ac2bc66077c11fcc8f981fa,2024-11-28T17:51:26+01:00,tests/puzzle/test_transaction.py,431,0,0,52
poetry,62d33a7dac2c837d6ac2bc66077c11fcc8f981fa,2024-11-28T17:51:26+01:00,src/poetry/puzzle/provider.py,911,2,0,101
poetry,62d33a7dac2c837d6ac2bc66077c11fcc8f981fa,2024-11-28T17:51:26+01:00,src/poetry/mixology/incompatibility.py,449,2,0,0
poetry,62d33a7dac2c837d6ac2bc66077c11fcc8f981fa,2024-11-28T17:51:26+01:00,src/poetry/utils/_compat.py,65,2,0,0
poetry,62d33a7dac2c837d6ac2bc66077c11fcc8f981fa,2024-11-28T17:51:26+01:00,src/poetry/repositories/pypi_repository.py,227,3,0,0
poetry,62d33a7dac2c837d6ac2bc66077c11fcc8f981fa,2024-11-28T17:51:26+01:00,tests/console/commands/test_check.py,256,0,0,49
poetry,62d33a7dac2c837d6ac2bc66077c11fcc8f981fa,2024-11-28T17:51:26+01:00,src/poetry/mixology/failure.py,306,2,0,0
poetry,62d33a7dac2c837d6ac2bc66077c11fcc8f981fa,2024-11-28T17:51:26+01:00,tests/console/commands/self/conftest.py,81,0,0,14
poetry,62d33a7dac2c837d6ac2bc66077c11fcc8f981fa,2024-11-28T17:51:26+01:00,tests/console/commands/self/test_add_plugins.py,313,0,0,2
poetry,62d33a7dac2c837d6ac2bc66077c11fcc8f981fa,2024-11-28T17:51:26+01:00,tests/test_factory.py,473,0,0,2
poetry,62d33a7dac2c837d6ac2bc66077c11fcc8f981fa,2024-11-28T17:51:26+01:00,src/poetry/utils/env/env_manager.py,629,9,0,0
poetry,62d33a7dac2c837d6ac2bc66077c11fcc8f981fa,2024-11-28T17:51:26+01:00,src/poetry/console/commands/source/add.py,105,1,0,0
poetry,62d33a7dac2c837d6ac2bc66077c11fcc8f981fa,2024-11-28T17:51:26+01:00,src/poetry/installation/installer.py,372,0,0,1
poetry,62d33a7dac2c837d6ac2bc66077c11fcc8f981fa,2024-11-28T17:51:26+01:00,src/poetry/console/commands/source/remove.py,50,1,0,0
poetry,62d33a7dac2c837d6ac2bc66077c11fcc8f981fa,2024-11-28T17:51:26+01:00,tests/installation/test_executor.py,1627,0,0,51
poetry,62d33a7dac2c837d6ac2bc66077c11fcc8f981fa,2024-11-28T17:51:26+01:00,src/poetry/utils/isolated_build.py,157,0,0,71
poetry,62d33a7dac2c837d6ac2bc66077c11fcc8f981fa,2024-11-28T17:51:26+01:00,src/poetry/console/commands/debug/resolve.py,151,1,0,0
poetry,62d33a7dac2c837d6ac2bc66077c11fcc8f981fa,2024-11-28T17:51:26+01:00,src/poetry/config/config_source.py,99,2,0,0
poetry,62d33a7dac2c837d6ac2bc66077c11fcc8f981fa,2024-11-28T17:51:26+01:00,tests/inspection/test_info.py,380,0,0,23
poetry,62d33a7dac2c837d6ac2bc66077c11fcc8f981fa,2024-11-28T17:51:26+01:00,src/poetry/console/commands/check.py,175,0,0,2
poetry,62d33a7dac2c837d6ac2bc66077c11fcc8f981fa,2024-11-28T17:51:26+01:00,src/poetry/vcs/git/backend.py,499,2,0,0
poetry,62d33a7dac2c837d6ac2bc66077c11fcc8f981fa,2024-11-28T17:51:26+01:00,src/poetry/installation/chef.py,120,0,0,44
poetry,62d33a7dac2c837d6ac2bc66077c11fcc8f981fa,2024-11-28T17:51:26+01:00,src/poetry/config/dict_config_source.py,57,1,0,0
poetry,62d33a7dac2c837d6ac2bc66077c11fcc8f981fa,2024-11-28T17:51:26+01:00,tests/installation/test_installer.py,2886,0,0,352
poetry,62d33a7dac2c837d6ac2bc66077c11fcc8f981fa,2024-11-28T17:51:26+01:00,src/poetry/inspection/info.py,551,0,0,81
poetry,62d33a7dac2c837d6ac2bc66077c11fcc8f981fa,2024-11-28T17:51:26+01:00,src/poetry/mixology/term.py,187,2,0,0
poetry,62d33a7dac2c837d6ac2bc66077c11fcc8f981fa,2024-11-28T17:51:26+01:00,src/poetry/config/file_config_source.py,110,1,0,0
poetry,62d33a7dac2c837d6ac2bc66077c11fcc8f981fa,2024-11-28T17:51:26+01:00,src/poetry/console/commands/add.py,411,1,0,0
poetry,21e30b10ccc202e6b3f12b5223bb738da23c84bf,2024-12-10T05:26:56+01:00,src/poetry/utils/env/generic_env.py,102,1,0,0
poetry,21e30b10ccc202e6b3f12b5223bb738da23c84bf,2024-12-10T05:26:56+01:00,src/poetry/console/application.py,409,2,0,0
poetry,21e30b10ccc202e6b3f12b5223bb738da23c84bf,2024-12-10T05:26:56+01:00,src/poetry/inspection/lazy_wheel.py,732,0,0,88
poetry,21e30b10ccc202e6b3f12b5223bb738da23c84bf,2024-12-10T05:26:56+01:00,src/poetry/console/commands/source/remove.py,50,1,0,0
poetry,21e30b10ccc202e6b3f12b5223bb738da23c84bf,2024-12-10T05:26:56+01:00,src/poetry/utils/password_manager.py,235,2,0,0
poetry,21e30b10ccc202e6b3f12b5223bb738da23c84bf,2024-12-10T05:26:56+01:00,src/poetry/repositories/installed_repository.py,310,6,0,0
poetry,21e30b10ccc202e6b3f12b5223bb738da23c84bf,2024-12-10T05:26:56+01:00,src/poetry/utils/env/base_env.py,403,2,0,0
poetry,21e30b10ccc202e6b3f12b5223bb738da23c84bf,2024-12-10T05:26:56+01:00,src/poetry/utils/helpers.py,408,0,0,16
poetry,21e30b10ccc202e6b3f12b5223bb738da23c84bf,2024-12-10T05:26:56+01:00,src/poetry/poetry.py,92,0,0,4
poetry,21e30b10ccc202e6b3f12b5223bb738da23c84bf,2024-12-10T05:26:56+01:00,src/poetry/repositories/legacy_repository.py,161,1,0,0
poetry,21e30b10ccc202e6b3f12b5223bb738da23c84bf,2024-12-10T05:26:56+01:00,tests/console/commands/source/conftest.py,148,0,0,12
poetry,21e30b10ccc202e6b3f12b5223bb738da23c84bf,2024-12-10T05:26:56+01:00,tests/console/commands/source/test_add.py,162,0,0,38
poetry,21e30b10ccc202e6b3f12b5223bb738da23c84bf,2024-12-10T05:26:56+01:00,src/poetry/puzzle/provider.py,978,2,0,0
poetry,21e30b10ccc202e6b3f12b5223bb738da23c84bf,2024-12-10T05:26:56+01:00,src/poetry/console/commands/debug/resolve.py,151,1,0,0
poetry,21e30b10ccc202e6b3f12b5223bb738da23c84bf,2024-12-10T05:26:56+01:00,src/poetry/config/config_source.py,99,2,0,0
poetry,21e30b10ccc202e6b3f12b5223bb738da23c84bf,2024-12-10T05:26:56+01:00,src/poetry/mixology/incompatibility.py,449,2,0,0
poetry,21e30b10ccc202e6b3f12b5223bb738da23c84bf,2024-12-10T05:26:56+01:00,src/poetry/utils/_compat.py,65,2,0,0
poetry,21e30b10ccc202e6b3f12b5223bb738da23c84bf,2024-12-10T05:26:56+01:00,src/poetry/repositories/pypi_repository.py,227,3,0,0
poetry,21e30b10ccc202e6b3f12b5223bb738da23c84bf,2024-12-10T05:26:56+01:00,src/poetry/vcs/git/backend.py,499,2,0,0
poetry,21e30b10ccc202e6b3f12b5223bb738da23c84bf,2024-12-10T05:26:56+01:00,src/poetry/mixology/failure.py,306,2,0,0
poetry,21e30b10ccc202e6b3f12b5223bb738da23c84bf,2024-12-10T05:26:56+01:00,src/poetry/config/dict_config_source.py,57,1,0,0
poetry,21e30b10ccc202e6b3f12b5223bb738da23c84bf,2024-12-10T05:26:56+01:00,tests/console/commands/test_remove.py,455,0,0,38
poetry,21e30b10ccc202e6b3f12b5223bb738da23c84bf,2024-12-10T05:26:56+01:00,src/poetry/mixology/term.py,187,2,0,0
poetry,21e30b10ccc202e6b3f12b5223bb738da23c84bf,2024-12-10T05:26:56+01:00,src/poetry/utils/env/env_manager.py,629,9,0,0
poetry,21e30b10ccc202e6b3f12b5223bb738da23c84bf,2024-12-10T05:26:56+01:00,src/poetry/console/commands/remove.py,162,0,0,12
poetry,21e30b10ccc202e6b3f12b5223bb738da23c84bf,2024-12-10T05:26:56+01:00,src/poetry/config/file_config_source.py,110,1,0,0
poetry,21e30b10ccc202e6b3f12b5223bb738da23c84bf,2024-12-10T05:26:56+01:00,src/poetry/console/commands/add.py,411,1,0,0
poetry,21e30b10ccc202e6b3f12b5223bb738da23c84bf,2024-12-10T05:26:56+01:00,src/poetry/console/commands/source/add.py,105,1,0,9
poetry,1b04d3cec098f4c9a297be04f9cb4fdfd891b153,2025-01-17T18:45:49+01:00,src/poetry/utils/env/generic_env.py,102,1,0,0
poetry,1b04d3cec098f4c9a297be04f9cb4fdfd891b153,2025-01-17T18:45:49+01:00,src/poetry/console/application.py,484,2,0,301
poetry,1b04d3cec098f4c9a297be04f9cb4fdfd891b153,2025-01-17T18:45:49+01:00,tests/console/commands/test_build.py,213,0,0,89
poetry,1b04d3cec098f4c9a297be04f9cb4fdfd891b153,2025-01-17T18:45:49+01:00,src/poetry/utils/password_manager.py,235,2,0,87
poetry,1b04d3cec098f4c9a297be04f9cb4fdfd891b153,2025-01-17T18:45:49+01:00,src/poetry/repositories/installed_repository.py,310,6,0,0
poetry,1b04d3cec098f4c9a297be04f9cb4fdfd891b153,2025-01-17T18:45:49+01:00,src/poetry/utils/dependency_specification.py,230,0,0,6
poetry,1b04d3cec098f4c9a297be04f9cb4fdfd891b153,2025-01-17T18:45:49+01:00,src/poetry/config/config.py,346,0,0,2
poetry,1b04d3cec098f4c9a297be04f9cb4fdfd891b153,2025-01-17T18:45:49+01:00,src/poetry/repositories/legacy_repository.py,161,1,0,6
poetry,1b04d3cec098f4c9a297be04f9cb4fdfd891b153,2025-01-17T18:45:49+01:00,tests/puzzle/test_solver.py,4926,0,0,149
poetry,1b04d3cec098f4c9a297be04f9cb4fdfd891b153,2025-01-17T18:45:49+01:00,src/poetry/puzzle/provider.py,978,2,0,12
poetry,1b04d3cec098f4c9a297be04f9cb4fdfd891b153,2025-01-17T18:45:49+01:00,tests/puzzle/test_solver_internals.py,522,0,0,62
poetry,1b04d3cec098f4c9a297be04f9cb4fdfd891b153,2025-01-17T18:45:49+01:00,tests/console/test_exections_poetry_runtime_error.py,0,0,0,145
poetry,1b04d3cec098f4c9a297be04f9cb4fdfd891b153,2025-01-17T18:45:49+01:00,src/poetry/mixology/incompatibility.py,449,2,0,0
poetry,1b04d3cec098f4c9a297be04f9cb4fdfd891b153,2025-01-17T18:45:49+01:00,src/poetry/vcs/git/system.py,58,0,0,7
poetry,1b04d3cec098f4c9a297be04f9cb4fdfd891b153,2025-01-17T18:45:49+01:00,tests/helpers.py,358,0,0,10
poetry,1b04d3cec098f4c9a297be04f9cb4fdfd891b153,2025-01-17T18:45:49+01:00,src/poetry/repositories/repository.py,113,0,0,4
poetry,1b04d3cec098f4c9a297be04f9cb4fdfd891b153,2025-01-17T18:45:49+01:00,src/poetry/console/io/inputs/run_argv_input.py,83,0,0,83
poetry,1b04d3cec098f4c9a297be04f9cb4fdfd891b153,2025-01-17T18:45:49+01:00,tests/fixtures/build_systems/core_from_git/simple_project/__init__.py,0,0,0,0
poetry,1b04d3cec098f4c9a297be04f9cb4fdfd891b153,2025-01-17T18:45:49+01:00,src/poetry/mixology/failure.py,306,2,0,0
poetry,1b04d3cec098f4c9a297be04f9cb4fdfd891b153,2025-01-17T18:45:49+01:00,tests/console/commands/test_config.py,654,0,0,12
poetry,1b04d3cec098f4c9a297be04f9cb4fdfd891b153,2025-01-17T18:45:49+01:00,src/poetry/utils/env/env_manager.py,629,9,0,0
poetry,1b04d3cec098f4c9a297be04f9cb4fdfd891b153,2025-01-17T18:45:49+01:00,src/poetry/repositories/abstract_repository.py,34,0,0,7
poetry,1b04d3cec098f4c9a297be04f9cb4fdfd891b153,2025-01-17T18:45:49+01:00,tests/utils/test_threading.py,0,0,0,145
poetry,1b04d3cec098f4c9a297be04f9cb4fdfd891b153,2025-01-17T18:45:49+01:00,src/poetry/console/commands/build.py,95,0,0,370
poetry,1b04d3cec098f4c9a297be04f9cb4fdfd891b153,2025-01-17T18:45:49+01:00,src/poetry/console/exceptions.py,11,0,0,215
poetry,1b04d3cec098f4c9a297be04f9cb4fdfd891b153,2025-01-17T18:45:49+01:00,tests/installation/test_chooser.py,393,0,0,11
poetry,1b04d3cec098f4c9a297be04f9cb4fdfd891b153,2025-01-17T18:45:49+01:00,tests/masonry/builders/test_editable_builder.py,406,0,0,12
poetry,1b04d3cec098f4c9a297be04f9cb4fdfd891b153,2025-01-17T18:45:49+01:00,src/poetry/installation/chooser.py,213,0,0,29
poetry,1b04d3cec098f4c9a297be04f9cb4fdfd891b153,2025-01-17T18:45:49+01:00,src/poetry/console/io/__init__.py,0,0,0,0
poetry,1b04d3cec098f4c9a297be04f9cb4fdfd891b153,2025-01-17T18:45:49+01:00,src/poetry/console/commands/env/activate.py,69,0,0,4
poetry,1b04d3cec098f4c9a297be04f9cb4fdfd891b153,2025-01-17T18:45:49+01:00,tests/console/commands/test_run.py,198,0,0,68
poetry,1b04d3cec098f4c9a297be04f9cb4fdfd891b153,2025-01-17T18:45:49+01:00,src/poetry/config/config_source.py,99,2,0,0
poetry,1b04d3cec098f4c9a297be04f9cb4fdfd891b153,2025-01-17T18:45:49+01:00,tests/packages/test_locker.py,1520,0,0,108
poetry,1b04d3cec098f4c9a297be04f9cb4fdfd891b153,2025-01-17T18:45:49+01:00,src/poetry/vcs/git/backend.py,499,2,0,87
poetry,1b04d3cec098f4c9a297be04f9cb4fdfd891b153,2025-01-17T18:45:49+01:00,tests/utils/test_password_manager.py,407,0,0,29
poetry,1b04d3cec098f4c9a297be04f9cb4fdfd891b153,2025-01-17T18:45:49+01:00,src/poetry/utils/threading.py,0,0,0,69
poetry,1b04d3cec098f4c9a297be04f9cb4fdfd891b153,2025-01-17T18:45:49+01:00,src/poetry/config/dict_config_source.py,57,1,0,0
poetry,1b04d3cec098f4c9a297be04f9cb4fdfd891b153,2025-01-17T18:45:49+01:00,tests/installation/test_installer.py,3209,0,0,22
poetry,1b04d3cec098f4c9a297be04f9cb4fdfd891b153,2025-01-17T18:45:49+01:00,src/poetry/inspection/info.py,554,0,0,5
poetry,1b04d3cec098f4c9a297be04f9cb4fdfd891b153,2025-01-17T18:45:49+01:00,tests/conftest.py,629,0,0,26
poetry,1b04d3cec098f4c9a297be04f9cb4fdfd891b153,2025-01-17T18:45:49+01:00,src/poetry/console/commands/add.py,411,1,0,24
poetry,1b04d3cec098f4c9a297be04f9cb4fdfd891b153,2025-01-17T18:45:49+01:00,src/poetry/repositories/cached_repository.py,77,0,0,9
poetry,1b04d3cec098f4c9a297be04f9cb4fdfd891b153,2025-01-17T18:45:49+01:00,tests/fixtures/build_systems/has_build_script/simple_project/__init__.py,0,0,0,0
poetry,1b04d3cec098f4c9a297be04f9cb4fdfd891b153,2025-01-17T18:45:49+01:00,tests/fixtures/build_systems/core_not_in_range/simple_project/__init__.py,0,0,0,0
poetry,1b04d3cec098f4c9a297be04f9cb4fdfd891b153,2025-01-17T18:45:49+01:00,tests/console/test_application_command_not_found.py,0,0,0,63
poetry,1b04d3cec098f4c9a297be04f9cb4fdfd891b153,2025-01-17T18:45:49+01:00,tests/console/commands/test_init.py,1159,0,0,8
poetry,1b04d3cec098f4c9a297be04f9cb4fdfd891b153,2025-01-17T18:45:49+01:00,src/poetry/puzzle/solver.py,482,0,0,31
poetry,1b04d3cec098f4c9a297be04f9cb4fdfd891b153,2025-01-17T18:45:49+01:00,src/poetry/installation/executor.py,888,0,0,13
poetry,1b04d3cec098f4c9a297be04f9cb4fdfd891b153,2025-01-17T18:45:49+01:00,src/poetry/utils/env/base_env.py,406,2,0,0
poetry,1b04d3cec098f4c9a297be04f9cb4fdfd891b153,2025-01-17T18:45:49+01:00,src/poetry/console/commands/about.py,27,0,0,4
poetry,1b04d3cec098f4c9a297be04f9cb4fdfd891b153,2025-01-17T18:45:49+01:00,tests/console/commands/test_about.py,35,0,0,4
poetry,1b04d3cec098f4c9a297be04f9cb4fdfd891b153,2025-01-17T18:45:49+01:00,src/poetry/utils/_compat.py,65,2,0,0
poetry,1b04d3cec098f4c9a297be04f9cb4fdfd891b153,2025-01-17T18:45:49+01:00,src/poetry/repositories/pypi_repository.py,242,3,0,0
poetry,1b04d3cec098f4c9a297be04f9cb4fdfd891b153,2025-01-17T18:45:49+01:00,src/poetry/packages/locker.py,611,0,0,2
poetry,1b04d3cec098f4c9a297be04f9cb4fdfd891b153,2025-01-17T18:45:49+01:00,src/poetry/console/io/inputs/__init__.py,0,0,0,0
poetry,1b04d3cec098f4c9a297be04f9cb4fdfd891b153,2025-01-17T18:45:49+01:00,tests/console/commands/test_add.py,1743,0,0,68
poetry,1b04d3cec098f4c9a297be04f9cb4fdfd891b153,2025-01-17T18:45:49+01:00,src/poetry/console/commands/installer_command.py,32,0,0,7
poetry,1b04d3cec098f4c9a297be04f9cb4fdfd891b153,2025-01-17T18:45:49+01:00,tests/console/test_application_global_options.py,179,0,0,27
poetry,1b04d3cec098f4c9a297be04f9cb4fdfd891b153,2025-01-17T18:45:49+01:00,tests/utils/test_authenticator.py,709,0,0,24
poetry,1b04d3cec098f4c9a297be04f9cb4fdfd891b153,2025-01-17T18:45:49+01:00,tests/fixtures/build_systems/multiple_build_deps/simple_project/__init__.py,0,0,0,0
poetry,1b04d3cec098f4c9a297be04f9cb4fdfd891b153,2025-01-17T18:45:49+01:00,tests/console/test_application_removed_commands.py,71,0,0,2
poetry,1b04d3cec098f4c9a297be04f9cb4fdfd891b153,2025-01-17T18:45:49+01:00,src/poetry/utils/env/__init__.py,115,0,0,18
poetry,1b04d3cec098f4c9a297be04f9cb4fdfd891b153,2025-01-17T18:45:49+01:00,src/poetry/console/commands/init.py,530,0,0,7
poetry,1b04d3cec098f4c9a297be04f9cb4fdfd891b153,2025-01-17T18:45:49+01:00,tests/console/test_exceptions_console_message.py,0,0,0,68
poetry,1b04d3cec098f4c9a297be04f9cb4fdfd891b153,2025-01-17T18:45:49+01:00,src/poetry/console/commands/debug/resolve.py,151,1,0,0
poetry,1b04d3cec098f4c9a297be04f9cb4fdfd891b153,2025-01-17T18:45:49+01:00,src/poetry/repositories/repository_pool.py,189,0,0,12
poetry,1b04d3cec098f4c9a297be04f9cb4fdfd891b153,2025-01-17T18:45:49+01:00,tests/config/test_config.py,119,0,0,12
poetry,1b04d3cec098f4c9a297be04f9cb4fdfd891b153,2025-01-17T18:45:49+01:00,tests/fixtures/build_systems/core_in_range/simple_project/__init__.py,0,0,0,0
poetry,1b04d3cec098f4c9a297be04f9cb4fdfd891b153,2025-01-17T18:45:49+01:00,tests/repositories/fixtures/pypi.org/generate.py,755,0,0,8
poetry,1b04d3cec098f4c9a297be04f9cb4fdfd891b153,2025-01-17T18:45:49+01:00,tests/console/commands/env/test_info.py,66,0,0,6
poetry,1b04d3cec098f4c9a297be04f9cb4fdfd891b153,2025-01-17T18:45:49+01:00,tests/fixtures/build_systems/no_core/simple_project/__init__.py,0,0,0,0
poetry,1b04d3cec098f4c9a297be04f9cb4fdfd891b153,2025-01-17T18:45:49+01:00,tests/repositories/fixtures/distribution_hashes.py,334,0,0,16
poetry,1b04d3cec098f4c9a297be04f9cb4fdfd891b153,2025-01-17T18:45:49+01:00,src/poetry/mixology/term.py,187,2,0,0
poetry,1b04d3cec098f4c9a297be04f9cb4fdfd891b153,2025-01-17T18:45:49+01:00,src/poetry/config/file_config_source.py,110,1,0,0
poetry,1b04d3cec098f4c9a297be04f9cb4fdfd891b153,2025-01-17T18:45:49+01:00,tests/console/test_application.py,187,0,0,62
poetry,444bcfca684555eeffeda915c7a55556cecaa90a,2025-01-29T05:49:04+01:00,src/poetry/utils/env/python/providers.py,0,0,0,25
poetry,444bcfca684555eeffeda915c7a55556cecaa90a,2025-01-29T05:49:04+01:00,src/poetry/utils/env/generic_env.py,102,1,0,0
poetry,444bcfca684555eeffeda915c7a55556cecaa90a,2025-01-29T05:49:04+01:00,src/poetry/console/application.py,590,2,0,80
poetry,444bcfca684555eeffeda915c7a55556cecaa90a,2025-01-29T05:49:04+01:00,src/poetry/installation/wheel_installer.py,116,0,0,2
poetry,444bcfca684555eeffeda915c7a55556cecaa90a,2025-01-29T05:49:04+01:00,tests/console/commands/test_build.py,302,0,0,2
poetry,444bcfca684555eeffeda915c7a55556cecaa90a,2025-01-29T05:49:04+01:00,src/poetry/mixology/partial_solution.py,215,0,0,3
poetry,444bcfca684555eeffeda915c7a55556cecaa90a,2025-01-29T05:49:04+01:00,src/poetry/utils/password_manager.py,286,2,0,0
poetry,444bcfca684555eeffeda915c7a55556cecaa90a,2025-01-29T05:49:04+01:00,src/poetry/repositories/installed_repository.py,310,6,0,0
poetry,444bcfca684555eeffeda915c7a55556cecaa90a,2025-01-29T05:49:04+01:00,tests/mixology/version_solver/test_unsolvable.py,158,0,0,6
poetry,444bcfca684555eeffeda915c7a55556cecaa90a,2025-01-29T05:49:04+01:00,src/poetry/config/config.py,346,0,0,84
poetry,444bcfca684555eeffeda915c7a55556cecaa90a,2025-01-29T05:49:04+01:00,src/poetry/repositories/legacy_repository.py,159,1,0,0
poetry,444bcfca684555eeffeda915c7a55556cecaa90a,2025-01-29T05:49:04+01:00,tests/puzzle/test_solver.py,4879,0,0,243
poetry,444bcfca684555eeffeda915c7a55556cecaa90a,2025-01-29T05:49:04+01:00,src/poetry/puzzle/provider.py,980,2,0,119
poetry,444bcfca684555eeffeda915c7a55556cecaa90a,2025-01-29T05:49:04+01:00,tests/utils/env/test_env_manager.py,1338,0,0,178
poetry,444bcfca684555eeffeda915c7a55556cecaa90a,2025-01-29T05:49:04+01:00,tests/console/test_exections_poetry_runtime_error.py,141,0,0,7
poetry,444bcfca684555eeffeda915c7a55556cecaa90a,2025-01-29T05:49:04+01:00,src/poetry/mixology/incompatibility.py,449,2,0,0
poetry,444bcfca684555eeffeda915c7a55556cecaa90a,2025-01-29T05:49:04+01:00,src/poetry/utils/env/python_manager.py,167,0,0,240
poetry,444bcfca684555eeffeda915c7a55556cecaa90a,2025-01-29T05:49:04+01:00,src/poetry/mixology/failure.py,306,2,0,2
poetry,444bcfca684555eeffeda915c7a55556cecaa90a,2025-01-29T05:49:04+01:00,tests/console/commands/test_config.py,654,0,0,106
poetry,444bcfca684555eeffeda915c7a55556cecaa90a,2025-01-29T05:49:04+01:00,src/poetry/mixology/version_solver.py,571,0,0,124
poetry,444bcfca684555eeffeda915c7a55556cecaa90a,2025-01-29T05:49:04+01:00,src/poetry/utils/env/exceptions.py,69,0,0,36
poetry,444bcfca684555eeffeda915c7a55556cecaa90a,2025-01-29T05:49:04+01:00,tests/json/test_schema.py,74,0,0,11
poetry,444bcfca684555eeffeda915c7a55556cecaa90a,2025-01-29T05:49:04+01:00,tests/fixtures/build_systems/no_build_backend/simple_project/__init__.py,0,0,0,0
poetry,444bcfca684555eeffeda915c7a55556cecaa90a,2025-01-29T05:49:04+01:00,src/poetry/utils/env/env_manager.py,629,9,0,67
poetry,444bcfca684555eeffeda915c7a55556cecaa90a,2025-01-29T05:49:04+01:00,src/poetry/console/commands/source/add.py,114,0,0,7
poetry,444bcfca684555eeffeda915c7a55556cecaa90a,2025-01-29T05:49:04+01:00,src/poetry/plugins/plugin_manager.py,313,0,0,3
poetry,444bcfca684555eeffeda915c7a55556cecaa90a,2025-01-29T05:49:04+01:00,src/poetry/utils/extras.py,57,0,0,4
poetry,444bcfca684555eeffeda915c7a55556cecaa90a,2025-01-29T05:49:04+01:00,src/poetry/console/commands/build.py,239,0,0,12
poetry,444bcfca684555eeffeda915c7a55556cecaa90a,2025-01-29T05:49:04+01:00,src/poetry/console/exceptions.py,224,0,0,11
poetry,444bcfca684555eeffeda915c7a55556cecaa90a,2025-01-29T05:49:04+01:00,tests/installation/test_chooser.py,400,0,0,29
poetry,444bcfca684555eeffeda915c7a55556cecaa90a,2025-01-29T05:49:04+01:00,tests/fixtures/build_systems/no_build_system/simple_project/__init__.py,0,0,0,0
poetry,444bcfca684555eeffeda915c7a55556cecaa90a,2025-01-29T05:49:04+01:00,src/poetry/installation/chooser.py,232,0,0,84
poetry,444bcfca684555eeffeda915c7a55556cecaa90a,2025-01-29T05:49:04+01:00,src/poetry/config/config_source.py,99,2,0,0
poetry,444bcfca684555eeffeda915c7a55556cecaa90a,2025-01-29T05:49:04+01:00,tests/packages/test_locker.py,1614,0,0,94
poetry,444bcfca684555eeffeda915c7a55556cecaa90a,2025-01-29T05:49:04+01:00,tests/console/commands/conftest.py,36,0,0,21
poetry,444bcfca684555eeffeda915c7a55556cecaa90a,2025-01-29T05:49:04+01:00,tests/plugins/test_plugin_manager.py,574,0,0,11
poetry,444bcfca684555eeffeda915c7a55556cecaa90a,2025-01-29T05:49:04+01:00,src/poetry/vcs/git/backend.py,556,3,0,0
poetry,444bcfca684555eeffeda915c7a55556cecaa90a,2025-01-29T05:49:04+01:00,src/poetry/config/dict_config_source.py,57,1,0,0
poetry,444bcfca684555eeffeda915c7a55556cecaa90a,2025-01-29T05:49:04+01:00,src/poetry/utils/authenticator.py,446,0,0,27
poetry,444bcfca684555eeffeda915c7a55556cecaa90a,2025-01-29T05:49:04+01:00,tests/installation/test_installer.py,3209,0,0,118
poetry,444bcfca684555eeffeda915c7a55556cecaa90a,2025-01-29T05:49:04+01:00,src/poetry/installation/chef.py,98,0,0,37
poetry,444bcfca684555eeffeda915c7a55556cecaa90a,2025-01-29T05:49:04+01:00,tests/conftest.py,641,0,0,329
poetry,444bcfca684555eeffeda915c7a55556cecaa90a,2025-01-29T05:49:04+01:00,src/poetry/console/commands/debug/tags.py,0,0,0,17
poetry,444bcfca684555eeffeda915c7a55556cecaa90a,2025-01-29T05:49:04+01:00,src/poetry/console/commands/add.py,435,1,0,0
poetry,444bcfca684555eeffeda915c7a55556cecaa90a,2025-01-29T05:49:04+01:00,tests/console/test_application_command_not_found.py,0,0,0,63
poetry,444bcfca684555eeffeda915c7a55556cecaa90a,2025-01-29T05:49:04+01:00,tests/console/commands/test_init.py,1159,0,0,24
poetry,444bcfca684555eeffeda915c7a55556cecaa90a,2025-01-29T05:49:04+01:00,src/poetry/installation/executor.py,901,0,0,26
poetry,444bcfca684555eeffeda915c7a55556cecaa90a,2025-01-29T05:49:04+01:00,tests/console/commands/test_new.py,245,0,0,83
poetry,444bcfca684555eeffeda915c7a55556cecaa90a,2025-01-29T05:49:04+01:00,src/poetry/console/commands/config.py,378,0,0,58
poetry,444bcfca684555eeffeda915c7a55556cecaa90a,2025-01-29T05:49:04+01:00,src/poetry/utils/env/base_env.py,406,2,0,92
poetry,444bcfca684555eeffeda915c7a55556cecaa90a,2025-01-29T05:49:04+01:00,tests/console/commands/source/test_add.py,182,0,0,13
poetry,444bcfca684555eeffeda915c7a55556cecaa90a,2025-01-29T05:49:04+01:00,src/poetry/utils/_compat.py,65,2,0,0
poetry,444bcfca684555eeffeda915c7a55556cecaa90a,2025-01-29T05:49:04+01:00,src/poetry/repositories/pypi_repository.py,242,3,0,0
poetry,444bcfca684555eeffeda915c7a55556cecaa90a,2025-01-29T05:49:04+01:00,src/poetry/utils/env/python/__init__.py,0,0,0,6
poetry,444bcfca684555eeffeda915c7a55556cecaa90a,2025-01-29T05:49:04+01:00,tests/installation/test_chooser_errors.py,0,0,0,90
poetry,444bcfca684555eeffeda915c7a55556cecaa90a,2025-01-29T05:49:04+01:00,tests/mixology/version_solver/test_python_constraint.py,42,0,0,2
poetry,444bcfca684555eeffeda915c7a55556cecaa90a,2025-01-29T05:49:04+01:00,src/poetry/packages/locker.py,611,0,0,2
poetry,444bcfca684555eeffeda915c7a55556cecaa90a,2025-01-29T05:49:04+01:00,src/poetry/console/commands/new.py,80,0,0,15
poetry,444bcfca684555eeffeda915c7a55556cecaa90a,2025-01-29T05:49:04+01:00,tests/console/test_application_global_options.py,179,0,0,27
poetry,444bcfca684555eeffeda915c7a55556cecaa90a,2025-01-29T05:49:04+01:00,tests/console/commands/env/test_use.py,160,0,0,21
poetry,444bcfca684555eeffeda915c7a55556cecaa90a,2025-01-29T05:49:04+01:00,src/poetry/utils/env/script_strings.py,110,0,0,3
poetry,444bcfca684555eeffeda915c7a55556cecaa90a,2025-01-29T05:49:04+01:00,tests/types.py,127,0,0,25
poetry,444bcfca684555eeffeda915c7a55556cecaa90a,2025-01-29T05:49:04+01:00,tests/utils/test_authenticator.py,723,0,0,4
poetry,444bcfca684555eeffeda915c7a55556cecaa90a,2025-01-29T05:49:04+01:00,tests/utils/test_python_manager.py,123,0,0,77
poetry,444bcfca684555eeffeda915c7a55556cecaa90a,2025-01-29T05:49:04+01:00,src/poetry/utils/env/python/exceptions.py,0,0,0,41
poetry,444bcfca684555eeffeda915c7a55556cecaa90a,2025-01-29T05:49:04+01:00,tests/console/test_application_removed_commands.py,71,0,0,2
poetry,444bcfca684555eeffeda915c7a55556cecaa90a,2025-01-29T05:49:04+01:00,src/poetry/utils/env/__init__.py,115,0,0,6
poetry,444bcfca684555eeffeda915c7a55556cecaa90a,2025-01-29T05:49:04+01:00,src/poetry/console/commands/init.py,535,0,0,2
poetry,444bcfca684555eeffeda915c7a55556cecaa90a,2025-01-29T05:49:04+01:00,tests/installation/test_executor.py,1640,0,0,117
poetry,444bcfca684555eeffeda915c7a55556cecaa90a,2025-01-29T05:49:04+01:00,tests/installation/conftest.py,0,0,0,34
poetry,444bcfca684555eeffeda915c7a55556cecaa90a,2025-01-29T05:49:04+01:00,src/poetry/console/commands/debug/resolve.py,151,1,0,0
poetry,444bcfca684555eeffeda915c7a55556cecaa90a,2025-01-29T05:49:04+01:00,tests/test_conftest.py,0,0,0,81
poetry,444bcfca684555eeffeda915c7a55556cecaa90a,2025-01-29T05:49:04+01:00,tests/config/test_config.py,129,0,0,36
poetry,444bcfca684555eeffeda915c7a55556cecaa90a,2025-01-29T05:49:04+01:00,tests/utils/env/test_env.py,512,0,0,38
poetry,444bcfca684555eeffeda915c7a55556cecaa90a,2025-01-29T05:49:04+01:00,src/poetry/mixology/term.py,187,2,0,15
poetry,444bcfca684555eeffeda915c7a55556cecaa90a,2025-01-29T05:49:04+01:00,src/poetry/json/__init__.py,38,0,0,15
poetry,444bcfca684555eeffeda915c7a55556cecaa90a,2025-01-29T05:49:04+01:00,src/poetry/config/file_config_source.py,110,1,0,0
poetry,444bcfca684555eeffeda915c7a55556cecaa90a,2025-01-29T05:49:04+01:00,tests/console/test_application.py,247,0,0,2
poetry,8e65cbc52906e2010c69f6bfe0506264827686ec,2025-02-02T16:57:27+01:00,src/poetry/utils/env/python/providers.py,25,0,0,55
poetry,8e65cbc52906e2010c69f6bfe0506264827686ec,2025-02-02T16:57:27+01:00,src/poetry/utils/env/generic_env.py,102,1,0,0
poetry,8e65cbc52906e2010c69f6bfe0506264827686ec,2025-02-02T16:57:27+01:00,src/poetry/console/application.py,642,2,0,4
poetry,8e65cbc52906e2010c69f6bfe0506264827686ec,2025-02-02T16:57:27+01:00,src/poetry/utils/env/python/manager.py,195,0,0,128
poetry,8e65cbc52906e2010c69f6bfe0506264827686ec,2025-02-02T16:57:27+01:00,src/poetry/mixology/partial_solution.py,215,0,0,3
poetry,8e65cbc52906e2010c69f6bfe0506264827686ec,2025-02-02T16:57:27+01:00,src/poetry/console/commands/show.py,584,0,0,13
poetry,8e65cbc52906e2010c69f6bfe0506264827686ec,2025-02-02T16:57:27+01:00,src/poetry/utils/password_manager.py,286,2,0,0
poetry,8e65cbc52906e2010c69f6bfe0506264827686ec,2025-02-02T16:57:27+01:00,src/poetry/repositories/installed_repository.py,310,6,0,0
poetry,8e65cbc52906e2010c69f6bfe0506264827686ec,2025-02-02T16:57:27+01:00,src/poetry/utils/env/base_env.py,498,2,0,0
poetry,8e65cbc52906e2010c69f6bfe0506264827686ec,2025-02-02T16:57:27+01:00,tests/utils/env/python/test_python_providers.py,0,0,0,46
poetry,8e65cbc52906e2010c69f6bfe0506264827686ec,2025-02-02T16:57:27+01:00,src/poetry/config/config.py,422,0,0,10
poetry,8e65cbc52906e2010c69f6bfe0506264827686ec,2025-02-02T16:57:27+01:00,tests/mixology/version_solver/test_unsolvable.py,158,0,0,6
poetry,8e65cbc52906e2010c69f6bfe0506264827686ec,2025-02-02T16:57:27+01:00,tests/console/commands/test_new.py,236,0,0,56
poetry,8e65cbc52906e2010c69f6bfe0506264827686ec,2025-02-02T16:57:27+01:00,src/poetry/repositories/legacy_repository.py,159,1,0,0
poetry,8e65cbc52906e2010c69f6bfe0506264827686ec,2025-02-02T16:57:27+01:00,tests/utils/env/python/__init__.py,0,0,0,0
poetry,8e65cbc52906e2010c69f6bfe0506264827686ec,2025-02-02T16:57:27+01:00,tests/puzzle/test_solver.py,4986,0,0,136
poetry,8e65cbc52906e2010c69f6bfe0506264827686ec,2025-02-02T16:57:27+01:00,src/poetry/console/commands/python/__init__.py,0,0,0,0
poetry,8e65cbc52906e2010c69f6bfe0506264827686ec,2025-02-02T16:57:27+01:00,src/poetry/puzzle/provider.py,1001,2,0,46
poetry,8e65cbc52906e2010c69f6bfe0506264827686ec,2025-02-02T16:57:27+01:00,src/poetry/mixology/incompatibility.py,449,2,0,0
poetry,8e65cbc52906e2010c69f6bfe0506264827686ec,2025-02-02T16:57:27+01:00,src/poetry/utils/_compat.py,65,2,0,0
poetry,8e65cbc52906e2010c69f6bfe0506264827686ec,2025-02-02T16:57:27+01:00,src/poetry/repositories/pypi_repository.py,242,3,0,0
poetry,8e65cbc52906e2010c69f6bfe0506264827686ec,2025-02-02T16:57:27+01:00,tests/console/commands/python/__init__.py,0,0,0,0
poetry,8e65cbc52906e2010c69f6bfe0506264827686ec,2025-02-02T16:57:27+01:00,tests/utils/env/python/test_python_installer.py,0,0,0,108
poetry,8e65cbc52906e2010c69f6bfe0506264827686ec,2025-02-02T16:57:27+01:00,tests/mixology/version_solver/test_python_constraint.py,42,0,0,2
poetry,8e65cbc52906e2010c69f6bfe0506264827686ec,2025-02-02T16:57:27+01:00,src/poetry/mixology/failure.py,306,2,0,2
poetry,8e65cbc52906e2010c69f6bfe0506264827686ec,2025-02-02T16:57:27+01:00,tests/console/commands/python/test_python_list.py,0,0,0,138
poetry,8e65cbc52906e2010c69f6bfe0506264827686ec,2025-02-02T16:57:27+01:00,tests/console/commands/test_config.py,760,0,0,32
poetry,8e65cbc52906e2010c69f6bfe0506264827686ec,2025-02-02T16:57:27+01:00,src/poetry/mixology/version_solver.py,571,0,0,124
poetry,8e65cbc52906e2010c69f6bfe0506264827686ec,2025-02-02T16:57:27+01:00,src/poetry/utils/env/env_manager.py,628,5,0,0
poetry,8e65cbc52906e2010c69f6bfe0506264827686ec,2025-02-02T16:57:27+01:00,src/poetry/console/commands/new.py,91,0,0,15
poetry,8e65cbc52906e2010c69f6bfe0506264827686ec,2025-02-02T16:57:27+01:00,src/poetry/utils/extras.py,57,0,0,4
poetry,8e65cbc52906e2010c69f6bfe0506264827686ec,2025-02-02T16:57:27+01:00,tests/types.py,150,0,0,10
poetry,8e65cbc52906e2010c69f6bfe0506264827686ec,2025-02-02T16:57:27+01:00,src/poetry/console/commands/python/install.py,0,0,0,128
poetry,8e65cbc52906e2010c69f6bfe0506264827686ec,2025-02-02T16:57:27+01:00,src/poetry/console/commands/python/list.py,0,0,0,128
poetry,8e65cbc52906e2010c69f6bfe0506264827686ec,2025-02-02T16:57:27+01:00,src/poetry/console/commands/debug/resolve.py,151,1,0,0
poetry,8e65cbc52906e2010c69f6bfe0506264827686ec,2025-02-02T16:57:27+01:00,src/poetry/config/config_source.py,99,2,0,0
poetry,8e65cbc52906e2010c69f6bfe0506264827686ec,2025-02-02T16:57:27+01:00,tests/console/commands/conftest.py,57,0,0,21
poetry,8e65cbc52906e2010c69f6bfe0506264827686ec,2025-02-02T16:57:27+01:00,tests/console/commands/python/test_python_remove.py,0,0,0,111
poetry,8e65cbc52906e2010c69f6bfe0506264827686ec,2025-02-02T16:57:27+01:00,src/poetry/utils/env/python/installer.py,0,0,0,113
poetry,8e65cbc52906e2010c69f6bfe0506264827686ec,2025-02-02T16:57:27+01:00,src/poetry/vcs/git/backend.py,556,3,0,0
poetry,8e65cbc52906e2010c69f6bfe0506264827686ec,2025-02-02T16:57:27+01:00,src/poetry/config/dict_config_source.py,57,1,0,0
poetry,8e65cbc52906e2010c69f6bfe0506264827686ec,2025-02-02T16:57:27+01:00,tests/conftest.py,964,0,0,66
poetry,8e65cbc52906e2010c69f6bfe0506264827686ec,2025-02-02T16:57:27+01:00,tests/console/commands/test_show.py,2333,0,0,60
poetry,8e65cbc52906e2010c69f6bfe0506264827686ec,2025-02-02T16:57:27+01:00,tests/utils/env/python/test_manager.py,0,0,0,97
poetry,8e65cbc52906e2010c69f6bfe0506264827686ec,2025-02-02T16:57:27+01:00,src/poetry/mixology/term.py,187,2,0,15
poetry,8e65cbc52906e2010c69f6bfe0506264827686ec,2025-02-02T16:57:27+01:00,src/poetry/console/commands/python/remove.py,0,0,0,96
poetry,8e65cbc52906e2010c69f6bfe0506264827686ec,2025-02-02T16:57:27+01:00,src/poetry/config/file_config_source.py,110,1,0,0
poetry,8e65cbc52906e2010c69f6bfe0506264827686ec,2025-02-02T16:57:27+01:00,tests/console/commands/python/test_python_install.py,0,0,0,175
poetry,8e65cbc52906e2010c69f6bfe0506264827686ec,2025-02-02T16:57:27+01:00,src/poetry/console/commands/add.py,435,1,0,4
poetry,26da130da263f668a5674a40a30cb1465c605a55,2025-02-27T11:26:39+00:00,src/poetry/utils/env/generic_env.py,102,1,0,0
poetry,26da130da263f668a5674a40a30cb1465c605a55,2025-02-27T11:26:39+00:00,src/poetry/console/application.py,646,2,0,0
poetry,26da130da263f668a5674a40a30cb1465c605a55,2025-02-27T11:26:39+00:00,src/poetry/puzzle/solver.py,503,0,0,6
poetry,26da130da263f668a5674a40a30cb1465c605a55,2025-02-27T11:26:39+00:00,src/poetry/utils/password_manager.py,286,2,0,0
poetry,26da130da263f668a5674a40a30cb1465c605a55,2025-02-27T11:26:39+00:00,src/poetry/repositories/installed_repository.py,310,6,0,0
poetry,26da130da263f668a5674a40a30cb1465c605a55,2025-02-27T11:26:39+00:00,src/poetry/utils/env/base_env.py,498,2,0,0
poetry,26da130da263f668a5674a40a30cb1465c605a55,2025-02-27T11:26:39+00:00,src/poetry/repositories/legacy_repository.py,159,1,0,0
poetry,26da130da263f668a5674a40a30cb1465c605a55,2025-02-27T11:26:39+00:00,tests/console/commands/env/test_activate.py,76,0,0,5
poetry,26da130da263f668a5674a40a30cb1465c605a55,2025-02-27T11:26:39+00:00,tests/console/logging/formatters/__init__.py,0,0,0,0
poetry,26da130da263f668a5674a40a30cb1465c605a55,2025-02-27T11:26:39+00:00,tests/console/logging/formatters/test_builder_formatter.py,0,0,0,29
poetry,26da130da263f668a5674a40a30cb1465c605a55,2025-02-27T11:26:39+00:00,src/poetry/console/commands/env/activate.py,69,0,0,23
poetry,26da130da263f668a5674a40a30cb1465c605a55,2025-02-27T11:26:39+00:00,src/poetry/puzzle/provider.py,1019,2,0,0
poetry,26da130da263f668a5674a40a30cb1465c605a55,2025-02-27T11:26:39+00:00,src/poetry/console/commands/debug/resolve.py,151,1,0,0
poetry,26da130da263f668a5674a40a30cb1465c605a55,2025-02-27T11:26:39+00:00,src/poetry/config/config_source.py,99,2,0,0
poetry,26da130da263f668a5674a40a30cb1465c605a55,2025-02-27T11:26:39+00:00,tests/puzzle/test_solver_internals.py,564,0,0,55
poetry,26da130da263f668a5674a40a30cb1465c605a55,2025-02-27T11:26:39+00:00,src/poetry/mixology/incompatibility.py,449,2,0,0
poetry,26da130da263f668a5674a40a30cb1465c605a55,2025-02-27T11:26:39+00:00,src/poetry/utils/_compat.py,65,2,0,0
poetry,26da130da263f668a5674a40a30cb1465c605a55,2025-02-27T11:26:39+00:00,src/poetry/repositories/pypi_repository.py,242,3,0,0
poetry,26da130da263f668a5674a40a30cb1465c605a55,2025-02-27T11:26:39+00:00,src/poetry/vcs/git/backend.py,556,3,0,0
poetry,26da130da263f668a5674a40a30cb1465c605a55,2025-02-27T11:26:39+00:00,src/poetry/mixology/failure.py,306,2,0,0
poetry,26da130da263f668a5674a40a30cb1465c605a55,2025-02-27T11:26:39+00:00,src/poetry/config/dict_config_source.py,57,1,0,0
poetry,26da130da263f668a5674a40a30cb1465c605a55,2025-02-27T11:26:39+00:00,src/poetry/mixology/version_solver.py,629,0,1,0
poetry,26da130da263f668a5674a40a30cb1465c605a55,2025-02-27T11:26:39+00:00,tests/integration/test_utils_vcs_git.py,437,0,0,13
poetry,26da130da263f668a5674a40a30cb1465c605a55,2025-02-27T11:26:39+00:00,src/poetry/mixology/term.py,198,2,0,0
poetry,26da130da263f668a5674a40a30cb1465c605a55,2025-02-27T11:26:39+00:00,src/poetry/utils/env/env_manager.py,628,5,0,0
poetry,26da130da263f668a5674a40a30cb1465c605a55,2025-02-27T11:26:39+00:00,src/poetry/config/file_config_source.py,110,1,0,0
poetry,26da130da263f668a5674a40a30cb1465c605a55,2025-02-27T11:26:39+00:00,src/poetry/console/commands/add.py,435,1,0,0
poetry,e49af214a2d98680c6f7cdffd9cefd4e944e310b,2025-03-23T16:23:15+00:00,src/poetry/utils/env/generic_env.py,102,1,0,0
poetry,e49af214a2d98680c6f7cdffd9cefd4e944e310b,2025-03-23T16:23:15+00:00,src/poetry/console/application.py,646,2,0,4
poetry,e49af214a2d98680c6f7cdffd9cefd4e944e310b,2025-03-23T16:23:15+00:00,src/poetry/utils/env/python/manager.py,310,0,0,12
poetry,e49af214a2d98680c6f7cdffd9cefd4e944e310b,2025-03-23T16:23:15+00:00,tests/utils/test_python_manager.py,140,0,0,9
poetry,e49af214a2d98680c6f7cdffd9cefd4e944e310b,2025-03-23T16:23:15+00:00,src/poetry/utils/password_manager.py,286,2,0,0
poetry,e49af214a2d98680c6f7cdffd9cefd4e944e310b,2025-03-23T16:23:15+00:00,src/poetry/repositories/installed_repository.py,310,6,0,0
poetry,e49af214a2d98680c6f7cdffd9cefd4e944e310b,2025-03-23T16:23:15+00:00,src/poetry/utils/env/base_env.py,498,2,0,0
poetry,e49af214a2d98680c6f7cdffd9cefd4e944e310b,2025-03-23T16:23:15+00:00,src/poetry/packages/dependency_package.py,47,0,0,4
poetry,e49af214a2d98680c6f7cdffd9cefd4e944e310b,2025-03-23T16:23:15+00:00,src/poetry/repositories/legacy_repository.py,159,1,0,0
poetry,e49af214a2d98680c6f7cdffd9cefd4e944e310b,2025-03-23T16:23:15+00:00,src/poetry/puzzle/provider.py,1019,2,0,10
poetry,e49af214a2d98680c6f7cdffd9cefd4e944e310b,2025-03-23T16:23:15+00:00,src/poetry/console/commands/debug/resolve.py,151,1,0,0
poetry,e49af214a2d98680c6f7cdffd9cefd4e944e310b,2025-03-23T16:23:15+00:00,src/poetry/config/config_source.py,99,2,0,0
poetry,e49af214a2d98680c6f7cdffd9cefd4e944e310b,2025-03-23T16:23:15+00:00,src/poetry/mixology/incompatibility.py,449,2,0,0
poetry,e49af214a2d98680c6f7cdffd9cefd4e944e310b,2025-03-23T16:23:15+00:00,src/poetry/utils/_compat.py,65,2,0,0
poetry,e49af214a2d98680c6f7cdffd9cefd4e944e310b,2025-03-23T16:23:15+00:00,src/poetry/repositories/pypi_repository.py,242,3,0,0
poetry,e49af214a2d98680c6f7cdffd9cefd4e944e310b,2025-03-23T16:23:15+00:00,tests/utils/env/python/test_python_installer.py,108,0,0,4
poetry,e49af214a2d98680c6f7cdffd9cefd4e944e310b,2025-03-23T16:23:15+00:00,tests/helpers.py,374,0,0,6
poetry,e49af214a2d98680c6f7cdffd9cefd4e944e310b,2025-03-23T16:23:15+00:00,src/poetry/vcs/git/backend.py,556,3,0,0
poetry,e49af214a2d98680c6f7cdffd9cefd4e944e310b,2025-03-23T16:23:15+00:00,src/poetry/console/commands/update.py,58,0,0,2
poetry,e49af214a2d98680c6f7cdffd9cefd4e944e310b,2025-03-23T16:23:15+00:00,src/poetry/mixology/failure.py,306,2,0,0
poetry,e49af214a2d98680c6f7cdffd9cefd4e944e310b,2025-03-23T16:23:15+00:00,tests/console/commands/python/test_python_list.py,141,0,0,5
poetry,e49af214a2d98680c6f7cdffd9cefd4e944e310b,2025-03-23T16:23:15+00:00,src/poetry/config/dict_config_source.py,57,1,0,0
poetry,e49af214a2d98680c6f7cdffd9cefd4e944e310b,2025-03-23T16:23:15+00:00,src/poetry/mixology/version_solver.py,629,0,1,229
poetry,e49af214a2d98680c6f7cdffd9cefd4e944e310b,2025-03-23T16:23:15+00:00,tests/conftest.py,1026,0,0,3
poetry,e49af214a2d98680c6f7cdffd9cefd4e944e310b,2025-03-23T16:23:15+00:00,tests/utils/env/python/test_manager.py,137,0,0,5
poetry,e49af214a2d98680c6f7cdffd9cefd4e944e310b,2025-03-23T16:23:15+00:00,src/poetry/mixology/term.py,198,2,0,0
poetry,e49af214a2d98680c6f7cdffd9cefd4e944e310b,2025-03-23T16:23:15+00:00,src/poetry/utils/env/env_manager.py,628,5,0,0
poetry,e49af214a2d98680c6f7cdffd9cefd4e944e310b,2025-03-23T16:23:15+00:00,src/poetry/config/file_config_source.py,110,1,0,0
poetry,e49af214a2d98680c6f7cdffd9cefd4e944e310b,2025-03-23T16:23:15+00:00,src/poetry/console/commands/add.py,435,1,0,0
poetry,74b645d68c8b86988f0e8711bd2a13dc9cf11536,2025-09-12T16:49:56+02:00,tests/console/commands/self/test_self_command.py,53,0,0,2
poetry,74b645d68c8b86988f0e8711bd2a13dc9cf11536,2025-09-12T16:49:56+02:00,src/poetry/utils/env/generic_env.py,102,1,0,0
poetry,74b645d68c8b86988f0e8711bd2a13dc9cf11536,2025-09-12T16:49:56+02:00,src/poetry/console/application.py,646,2,0,0
poetry,74b645d68c8b86988f0e8711bd2a13dc9cf11536,2025-09-12T16:49:56+02:00,tests/console/commands/test_init.py,1208,0,0,93
poetry,74b645d68c8b86988f0e8711bd2a13dc9cf11536,2025-09-12T16:49:56+02:00,src/poetry/layouts/layout.py,236,0,0,13
poetry,74b645d68c8b86988f0e8711bd2a13dc9cf11536,2025-09-12T16:49:56+02:00,src/poetry/utils/password_manager.py,286,2,0,0
poetry,74b645d68c8b86988f0e8711bd2a13dc9cf11536,2025-09-12T16:49:56+02:00,src/poetry/repositories/installed_repository.py,311,4,0,0
poetry,74b645d68c8b86988f0e8711bd2a13dc9cf11536,2025-09-12T16:49:56+02:00,src/poetry/utils/env/base_env.py,517,2,0,0
poetry,74b645d68c8b86988f0e8711bd2a13dc9cf11536,2025-09-12T16:49:56+02:00,src/poetry/repositories/legacy_repository.py,159,1,0,0
poetry,74b645d68c8b86988f0e8711bd2a13dc9cf11536,2025-09-12T16:49:56+02:00,tests/console/commands/self/test_remove_plugins.py,112,0,0,20
poetry,74b645d68c8b86988f0e8711bd2a13dc9cf11536,2025-09-12T16:49:56+02:00,src/poetry/puzzle/provider.py,1029,2,0,0
poetry,74b645d68c8b86988f0e8711bd2a13dc9cf11536,2025-09-12T16:49:56+02:00,src/poetry/mixology/incompatibility.py,449,2,0,0
poetry,74b645d68c8b86988f0e8711bd2a13dc9cf11536,2025-09-12T16:49:56+02:00,src/poetry/console/commands/self/show/__init__.py,41,0,0,6
poetry,74b645d68c8b86988f0e8711bd2a13dc9cf11536,2025-09-12T16:49:56+02:00,src/poetry/utils/_compat.py,65,2,0,0
poetry,74b645d68c8b86988f0e8711bd2a13dc9cf11536,2025-09-12T16:49:56+02:00,src/poetry/repositories/pypi_repository.py,242,3,0,0
poetry,74b645d68c8b86988f0e8711bd2a13dc9cf11536,2025-09-12T16:49:56+02:00,src/poetry/mixology/failure.py,306,2,0,0
poetry,74b645d68c8b86988f0e8711bd2a13dc9cf11536,2025-09-12T16:49:56+02:00,src/poetry/mixology/version_solver.py,656,0,1,0
poetry,74b645d68c8b86988f0e8711bd2a13dc9cf11536,2025-09-12T16:49:56+02:00,tests/console/commands/test_add.py,1994,0,0,251
poetry,74b645d68c8b86988f0e8711bd2a13dc9cf11536,2025-09-12T16:49:56+02:00,tests/console/commands/self/test_add_plugins.py,299,0,0,56
poetry,74b645d68c8b86988f0e8711bd2a13dc9cf11536,2025-09-12T16:49:56+02:00,tests/test_factory.py,477,0,0,2
poetry,74b645d68c8b86988f0e8711bd2a13dc9cf11536,2025-09-12T16:49:56+02:00,src/poetry/utils/env/env_manager.py,628,5,0,0
poetry,74b645d68c8b86988f0e8711bd2a13dc9cf11536,2025-09-12T16:49:56+02:00,src/poetry/console/commands/new.py,92,0,0,2
poetry,74b645d68c8b86988f0e8711bd2a13dc9cf11536,2025-09-12T16:49:56+02:00,src/poetry/console/commands/remove.py,198,0,0,118
poetry,74b645d68c8b86988f0e8711bd2a13dc9cf11536,2025-09-12T16:49:56+02:00,tests/console/commands/self/test_show.py,0,0,0,72
poetry,74b645d68c8b86988f0e8711bd2a13dc9cf11536,2025-09-12T16:49:56+02:00,tests/masonry/builders/test_editable_builder.py,422,0,0,42
poetry,74b645d68c8b86988f0e8711bd2a13dc9cf11536,2025-09-12T16:49:56+02:00,src/poetry/console/commands/self/self_command.py,148,0,0,21
poetry,74b645d68c8b86988f0e8711bd2a13dc9cf11536,2025-09-12T16:49:56+02:00,src/poetry/console/commands/install.py,228,0,0,3
poetry,74b645d68c8b86988f0e8711bd2a13dc9cf11536,2025-09-12T16:49:56+02:00,src/poetry/console/commands/debug/resolve.py,151,1,0,0
poetry,74b645d68c8b86988f0e8711bd2a13dc9cf11536,2025-09-12T16:49:56+02:00,src/poetry/config/config_source.py,99,2,0,0
poetry,74b645d68c8b86988f0e8711bd2a13dc9cf11536,2025-09-12T16:49:56+02:00,src/poetry/factory.py,357,0,0,2
poetry,74b645d68c8b86988f0e8711bd2a13dc9cf11536,2025-09-12T16:49:56+02:00,tests/console/commands/self/utils.py,33,0,0,23
poetry,74b645d68c8b86988f0e8711bd2a13dc9cf11536,2025-09-12T16:49:56+02:00,src/poetry/vcs/git/backend.py,586,3,0,0
poetry,74b645d68c8b86988f0e8711bd2a13dc9cf11536,2025-09-12T16:49:56+02:00,src/poetry/config/dict_config_source.py,57,1,0,0
poetry,74b645d68c8b86988f0e8711bd2a13dc9cf11536,2025-09-12T16:49:56+02:00,tests/console/commands/test_remove.py,670,0,0,267
poetry,74b645d68c8b86988f0e8711bd2a13dc9cf11536,2025-09-12T16:49:56+02:00,src/poetry/mixology/term.py,198,2,0,0
poetry,74b645d68c8b86988f0e8711bd2a13dc9cf11536,2025-09-12T16:49:56+02:00,src/poetry/config/file_config_source.py,110,1,0,0
poetry,74b645d68c8b86988f0e8711bd2a13dc9cf11536,2025-09-12T16:49:56+02:00,src/poetry/console/commands/add.py,466,1,0,87
poetry,8ccc6b1ab249917bb71eeeb6a30aa9de96784d10,2025-11-21T16:54:01+01:00,src/poetry/utils/env/generic_env.py,102,1,0,0
poetry,8ccc6b1ab249917bb71eeeb6a30aa9de96784d10,2025-11-21T16:54:01+01:00,src/poetry/console/application.py,646,2,0,0
poetry,8ccc6b1ab249917bb71eeeb6a30aa9de96784d10,2025-11-21T16:54:01+01:00,tests/console/commands/debug/test_info.py,0,0,0,69
poetry,8ccc6b1ab249917bb71eeeb6a30aa9de96784d10,2025-11-21T16:54:01+01:00,src/poetry/console/commands/cache/clear.py,90,0,0,20
poetry,8ccc6b1ab249917bb71eeeb6a30aa9de96784d10,2025-11-21T16:54:01+01:00,src/poetry/utils/password_manager.py,286,2,0,0
poetry,8ccc6b1ab249917bb71eeeb6a30aa9de96784d10,2025-11-21T16:54:01+01:00,src/poetry/repositories/installed_repository.py,311,4,0,0
poetry,8ccc6b1ab249917bb71eeeb6a30aa9de96784d10,2025-11-21T16:54:01+01:00,src/poetry/utils/env/base_env.py,518,2,0,0
poetry,8ccc6b1ab249917bb71eeeb6a30aa9de96784d10,2025-11-21T16:54:01+01:00,src/poetry/utils/helpers.py,426,0,0,2
poetry,8ccc6b1ab249917bb71eeeb6a30aa9de96784d10,2025-11-21T16:54:01+01:00,src/poetry/repositories/legacy_repository.py,159,1,0,0
poetry,8ccc6b1ab249917bb71eeeb6a30aa9de96784d10,2025-11-21T16:54:01+01:00,src/poetry/installation/chooser.py,330,0,0,6
poetry,8ccc6b1ab249917bb71eeeb6a30aa9de96784d10,2025-11-21T16:54:01+01:00,src/poetry/puzzle/provider.py,1029,2,0,0
poetry,8ccc6b1ab249917bb71eeeb6a30aa9de96784d10,2025-11-21T16:54:01+01:00,src/poetry/console/commands/debug/resolve.py,151,1,0,0
poetry,8ccc6b1ab249917bb71eeeb6a30aa9de96784d10,2025-11-21T16:54:01+01:00,src/poetry/config/config_source.py,99,2,0,0
poetry,8ccc6b1ab249917bb71eeeb6a30aa9de96784d10,2025-11-21T16:54:01+01:00,src/poetry/repositories/link_sources/base.py,126,0,0,2
poetry,8ccc6b1ab249917bb71eeeb6a30aa9de96784d10,2025-11-21T16:54:01+01:00,tests/packages/test_locker.py,1834,0,0,221
poetry,8ccc6b1ab249917bb71eeeb6a30aa9de96784d10,2025-11-21T16:54:01+01:00,src/poetry/mixology/incompatibility.py,449,2,0,0
poetry,8ccc6b1ab249917bb71eeeb6a30aa9de96784d10,2025-11-21T16:54:01+01:00,tests/console/commands/cache/test_list.py,41,0,0,9
poetry,8ccc6b1ab249917bb71eeeb6a30aa9de96784d10,2025-11-21T16:54:01+01:00,tests/config/test_file_config_source.py,91,0,0,2
poetry,8ccc6b1ab249917bb71eeeb6a30aa9de96784d10,2025-11-21T16:54:01+01:00,src/poetry/utils/_compat.py,65,2,0,0
poetry,8ccc6b1ab249917bb71eeeb6a30aa9de96784d10,2025-11-21T16:54:01+01:00,src/poetry/repositories/pypi_repository.py,242,3,0,0
poetry,8ccc6b1ab249917bb71eeeb6a30aa9de96784d10,2025-11-21T16:54:01+01:00,tests/installation/test_chooser_errors.py,90,0,0,4
poetry,8ccc6b1ab249917bb71eeeb6a30aa9de96784d10,2025-11-21T16:54:01+01:00,src/poetry/packages/locker.py,649,2,0,47
poetry,8ccc6b1ab249917bb71eeeb6a30aa9de96784d10,2025-11-21T16:54:01+01:00,src/poetry/vcs/git/backend.py,586,3,0,0
poetry,8ccc6b1ab249917bb71eeeb6a30aa9de96784d10,2025-11-21T16:54:01+01:00,tests/console/commands/cache/test_clear.py,89,0,0,130
poetry,8ccc6b1ab249917bb71eeeb6a30aa9de96784d10,2025-11-21T16:54:01+01:00,src/poetry/mixology/failure.py,306,2,0,0
poetry,8ccc6b1ab249917bb71eeeb6a30aa9de96784d10,2025-11-21T16:54:01+01:00,tests/config/test_dict_config_source.py,68,0,0,2
poetry,8ccc6b1ab249917bb71eeeb6a30aa9de96784d10,2025-11-21T16:54:01+01:00,src/poetry/config/dict_config_source.py,57,1,0,0
poetry,8ccc6b1ab249917bb71eeeb6a30aa9de96784d10,2025-11-21T16:54:01+01:00,src/poetry/mixology/version_solver.py,656,0,1,0
poetry,8ccc6b1ab249917bb71eeeb6a30aa9de96784d10,2025-11-21T16:54:01+01:00,src/poetry/console/commands/debug/info.py,28,0,0,8
poetry,8ccc6b1ab249917bb71eeeb6a30aa9de96784d10,2025-11-21T16:54:01+01:00,tests/installation/test_installer.py,3325,0,0,2
poetry,8ccc6b1ab249917bb71eeeb6a30aa9de96784d10,2025-11-21T16:54:01+01:00,src/poetry/mixology/term.py,198,2,0,0
poetry,8ccc6b1ab249917bb71eeeb6a30aa9de96784d10,2025-11-21T16:54:01+01:00,tests/console/commands/cache/conftest.py,62,0,0,62
poetry,8ccc6b1ab249917bb71eeeb6a30aa9de96784d10,2025-11-21T16:54:01+01:00,src/poetry/utils/env/env_manager.py,628,5,0,0
poetry,8ccc6b1ab249917bb71eeeb6a30aa9de96784d10,2025-11-21T16:54:01+01:00,src/poetry/config/file_config_source.py,110,1,0,0
poetry,8ccc6b1ab249917bb71eeeb6a30aa9de96784d10,2025-11-21T16:54:01+01:00,src/poetry/console/commands/add.py,466,1,0,0
poetry,8ccc6b1ab249917bb71eeeb6a30aa9de96784d10,2025-11-21T16:54:01+01:00,tests/console/test_application.py,247,0,0,2
poetry,d83f6c05b70fae6572765015520368db59b7f31c,2026-05-03T05:12:31+00:00,src/poetry/utils/env/generic_env.py,106,1,0,0
poetry,d83f6c05b70fae6572765015520368db59b7f31c,2026-05-03T05:12:31+00:00,src/poetry/console/application.py,647,2,0,0
poetry,d83f6c05b70fae6572765015520368db59b7f31c,2026-05-03T05:12:31+00:00,src/poetry/puzzle/solver.py,533,0,0,46
poetry,d83f6c05b70fae6572765015520368db59b7f31c,2026-05-03T05:12:31+00:00,src/poetry/utils/password_manager.py,286,2,0,0
poetry,d83f6c05b70fae6572765015520368db59b7f31c,2026-05-03T05:12:31+00:00,src/poetry/repositories/installed_repository.py,316,4,0,0
poetry,d83f6c05b70fae6572765015520368db59b7f31c,2026-05-03T05:12:31+00:00,src/poetry/utils/env/base_env.py,517,2,0,0
poetry,d83f6c05b70fae6572765015520368db59b7f31c,2026-05-03T05:12:31+00:00,src/poetry/console/commands/config.py,445,0,0,10
poetry,d83f6c05b70fae6572765015520368db59b7f31c,2026-05-03T05:12:31+00:00,src/poetry/config/config.py,439,0,0,22
poetry,d83f6c05b70fae6572765015520368db59b7f31c,2026-05-03T05:12:31+00:00,src/poetry/repositories/legacy_repository.py,160,1,0,41
poetry,d83f6c05b70fae6572765015520368db59b7f31c,2026-05-03T05:12:31+00:00,tests/puzzle/test_solver.py,5247,0,0,36
poetry,d83f6c05b70fae6572765015520368db59b7f31c,2026-05-03T05:12:31+00:00,src/poetry/puzzle/provider.py,1055,4,0,0
poetry,d83f6c05b70fae6572765015520368db59b7f31c,2026-05-03T05:12:31+00:00,tests/repositories/test_pypi_repository.py,401,0,0,64
poetry,d83f6c05b70fae6572765015520368db59b7f31c,2026-05-03T05:12:31+00:00,src/poetry/mixology/incompatibility.py,449,2,0,0
poetry,d83f6c05b70fae6572765015520368db59b7f31c,2026-05-03T05:12:31+00:00,src/poetry/utils/_compat.py,101,2,0,0
poetry,d83f6c05b70fae6572765015520368db59b7f31c,2026-05-03T05:12:31+00:00,src/poetry/repositories/pypi_repository.py,247,3,0,24
poetry,d83f6c05b70fae6572765015520368db59b7f31c,2026-05-03T05:12:31+00:00,src/poetry/packages/locker.py,662,2,0,0
poetry,d83f6c05b70fae6572765015520368db59b7f31c,2026-05-03T05:12:31+00:00,src/poetry/repositories/repository.py,111,0,0,10
poetry,d83f6c05b70fae6572765015520368db59b7f31c,2026-05-03T05:12:31+00:00,src/poetry/mixology/failure.py,306,2,0,0
poetry,d83f6c05b70fae6572765015520368db59b7f31c,2026-05-03T05:12:31+00:00,tests/console/commands/test_config.py,842,0,0,74
poetry,d83f6c05b70fae6572765015520368db59b7f31c,2026-05-03T05:12:31+00:00,src/poetry/mixology/version_solver.py,654,0,1,0
poetry,d83f6c05b70fae6572765015520368db59b7f31c,2026-05-03T05:12:31+00:00,src/poetry/utils/env/env_manager.py,638,3,0,0
poetry,d83f6c05b70fae6572765015520368db59b7f31c,2026-05-03T05:12:31+00:00,src/poetry/repositories/http_repository.py,479,0,0,130
poetry,d83f6c05b70fae6572765015520368db59b7f31c,2026-05-03T05:12:31+00:00,tests/vcs/git/test_backend.py,455,0,0,79
poetry,d83f6c05b70fae6572765015520368db59b7f31c,2026-05-03T05:12:31+00:00,src/poetry/console/commands/update.py,94,0,0,10
poetry,d83f6c05b70fae6572765015520368db59b7f31c,2026-05-03T05:12:31+00:00,src/poetry/plugins/plugin_manager.py,314,0,0,8
poetry,d83f6c05b70fae6572765015520368db59b7f31c,2026-05-03T05:12:31+00:00,tests/config/test_config_source.py,107,0,0,8
poetry,d83f6c05b70fae6572765015520368db59b7f31c,2026-05-03T05:12:31+00:00,src/poetry/repositories/link_sources/json.py,90,0,0,9
poetry,d83f6c05b70fae6572765015520368db59b7f31c,2026-05-03T05:12:31+00:00,tests/repositories/test_http_repository.py,245,0,0,231
poetry,d83f6c05b70fae6572765015520368db59b7f31c,2026-05-03T05:12:31+00:00,src/poetry/console/commands/debug/resolve.py,151,1,0,0
poetry,d83f6c05b70fae6572765015520368db59b7f31c,2026-05-03T05:12:31+00:00,src/poetry/config/config_source.py,97,2,0,0
poetry,d83f6c05b70fae6572765015520368db59b7f31c,2026-05-03T05:12:31+00:00,tests/repositories/test_legacy_repository.py,732,0,0,55
poetry,d83f6c05b70fae6572765015520368db59b7f31c,2026-05-03T05:12:31+00:00,src/poetry/repositories/repository_pool.py,191,0,0,4
poetry,d83f6c05b70fae6572765015520368db59b7f31c,2026-05-03T05:12:31+00:00,tests/config/test_config.py,171,0,0,22
poetry,d83f6c05b70fae6572765015520368db59b7f31c,2026-05-03T05:12:31+00:00,src/poetry/vcs/git/backend.py,614,3,0,0
poetry,d83f6c05b70fae6572765015520368db59b7f31c,2026-05-03T05:12:31+00:00,src/poetry/config/dict_config_source.py,63,1,0,0
poetry,d83f6c05b70fae6572765015520368db59b7f31c,2026-05-03T05:12:31+00:00,src/poetry/mixology/term.py,198,2,0,0
poetry,d83f6c05b70fae6572765015520368db59b7f31c,2026-05-03T05:12:31+00:00,tests/console/commands/test_update.py,214,0,0,70
poetry,d83f6c05b70fae6572765015520368db59b7f31c,2026-05-03T05:12:31+00:00,src/poetry/config/file_config_source.py,111,1,0,0
poetry,d83f6c05b70fae6572765015520368db59b7f31c,2026-05-03T05:12:31+00:00,tests/repositories/test_repository_pool.py,284,0,0,25
poetry,d83f6c05b70fae6572765015520368db59b7f31c,2026-05-03T05:12:31+00:00,src/poetry/console/commands/add.py,472,1,0,0
