repo,sha,date,file,loc,warns_dup,warns_em,churn_14d
requests,8cca789ba5df5d31f3c923001ee6dc9fcf7f1b1b,2011-02-14T00:50:52-05:00,requests/packages/poster/__init__.py,0,0,0,42
requests,8cca789ba5df5d31f3c923001ee6dc9fcf7f1b1b,2011-02-14T00:50:52-05:00,requests/packages/__init__.py,0,0,0,5
requests,8cca789ba5df5d31f3c923001ee6dc9fcf7f1b1b,2011-02-14T00:50:52-05:00,requests/core.py,392,12,0,1885
requests,8cca789ba5df5d31f3c923001ee6dc9fcf7f1b1b,2011-02-14T00:50:52-05:00,requests/packages/poster/encode.py,0,0,0,414
requests,8cca789ba5df5d31f3c923001ee6dc9fcf7f1b1b,2011-02-14T00:50:52-05:00,test_requests.py,47,0,0,307
requests,8cca789ba5df5d31f3c923001ee6dc9fcf7f1b1b,2011-02-14T00:50:52-05:00,setup.py,48,0,0,92
requests,8cca789ba5df5d31f3c923001ee6dc9fcf7f1b1b,2011-02-14T00:50:52-05:00,requests/packages/poster/streaminghttp.py,0,0,0,209
requests,8cca789ba5df5d31f3c923001ee6dc9fcf7f1b1b,2011-02-14T00:50:52-05:00,requests/__init__.py,3,0,0,29
requests,8cca789ba5df5d31f3c923001ee6dc9fcf7f1b1b,2011-02-14T00:50:52-05:00,requests/async.py,0,0,0,74
requests,be228043a1eede54c0913166f36ac5b1d99f16be,2011-03-21T20:45:37-04:00,test_requests.py,131,0,0,14
requests,be228043a1eede54c0913166f36ac5b1d99f16be,2011-03-21T20:45:37-04:00,requests/core.py,502,0,0,64
requests,b8b87d416e5e76b5aab322bd38f0b1cfb9218d01,2011-04-15T17:27:02-04:00,requests/__init__.py,6,0,0,25
requests,b8b87d416e5e76b5aab322bd38f0b1cfb9218d01,2011-04-15T17:27:02-04:00,setup.py,53,0,0,7
requests,b8b87d416e5e76b5aab322bd38f0b1cfb9218d01,2011-04-15T17:27:02-04:00,requests/structures.py,0,0,0,360
requests,b8b87d416e5e76b5aab322bd38f0b1cfb9218d01,2011-04-15T17:27:02-04:00,requests/core.py,536,0,0,61
requests,1971bdbe6726af224d92723b3f5f12f26aa4277f,2011-05-12T12:50:09-04:00,docs/_themes/flask_theme_support.py,0,0,0,86
requests,1971bdbe6726af224d92723b3f5f12f26aa4277f,2011-05-12T12:50:09-04:00,requests/settings.py,0,0,0,84
requests,1971bdbe6726af224d92723b3f5f12f26aa4277f,2011-05-12T12:50:09-04:00,requests/config.py,0,0,0,98
requests,1971bdbe6726af224d92723b3f5f12f26aa4277f,2011-05-12T12:50:09-04:00,docs/api.py,0,0,0,0
requests,1971bdbe6726af224d92723b3f5f12f26aa4277f,2011-05-12T12:50:09-04:00,requests/patches.py,0,0,0,5
requests,1971bdbe6726af224d92723b3f5f12f26aa4277f,2011-05-12T12:50:09-04:00,requests/core.py,559,0,0,671
requests,1971bdbe6726af224d92723b3f5f12f26aa4277f,2011-05-12T12:50:09-04:00,test_requests.py,154,0,0,79
requests,1971bdbe6726af224d92723b3f5f12f26aa4277f,2011-05-12T12:50:09-04:00,setup.py,53,0,0,2
requests,1971bdbe6726af224d92723b3f5f12f26aa4277f,2011-05-12T12:50:09-04:00,requests/__init__.py,31,0,0,61
requests,1971bdbe6726af224d92723b3f5f12f26aa4277f,2011-05-12T12:50:09-04:00,requests/monkeys.py,0,0,0,119
requests,1971bdbe6726af224d92723b3f5f12f26aa4277f,2011-05-12T12:50:09-04:00,requests/async.py,48,0,0,7
requests,1971bdbe6726af224d92723b3f5f12f26aa4277f,2011-05-12T12:50:09-04:00,docs/conf.py,232,0,0,30
requests,1971bdbe6726af224d92723b3f5f12f26aa4277f,2011-05-12T12:50:09-04:00,requests/exceptions.py,0,0,0,25
requests,1971bdbe6726af224d92723b3f5f12f26aa4277f,2011-05-12T12:50:09-04:00,requests/api.py,0,0,0,188
requests,1971bdbe6726af224d92723b3f5f12f26aa4277f,2011-05-12T12:50:09-04:00,requests/models.py,0,0,0,645
requests,1971bdbe6726af224d92723b3f5f12f26aa4277f,2011-05-12T12:50:09-04:00,requests/structures.py,360,0,0,384
requests,cd8ce63a3b6850afb5ba3c3677f5715907468f7e,2011-05-14T23:01:13-04:00,docs/_themes/flask_theme_support.py,0,0,0,86
requests,cd8ce63a3b6850afb5ba3c3677f5715907468f7e,2011-05-14T23:01:13-04:00,docs/conf.py,232,0,0,30
requests,cd8ce63a3b6850afb5ba3c3677f5715907468f7e,2011-05-14T23:01:13-04:00,requests/settings.py,0,0,0,84
requests,cd8ce63a3b6850afb5ba3c3677f5715907468f7e,2011-05-14T23:01:13-04:00,requests/exceptions.py,0,0,0,25
requests,cd8ce63a3b6850afb5ba3c3677f5715907468f7e,2011-05-14T23:01:13-04:00,requests/config.py,0,0,0,98
requests,cd8ce63a3b6850afb5ba3c3677f5715907468f7e,2011-05-14T23:01:13-04:00,docs/api.py,0,0,0,0
requests,cd8ce63a3b6850afb5ba3c3677f5715907468f7e,2011-05-14T23:01:13-04:00,requests/api.py,115,0,0,103
requests,cd8ce63a3b6850afb5ba3c3677f5715907468f7e,2011-05-14T23:01:13-04:00,requests/core.py,23,0,0,22
requests,cd8ce63a3b6850afb5ba3c3677f5715907468f7e,2011-05-14T23:01:13-04:00,test_requests.py,161,0,0,67
requests,cd8ce63a3b6850afb5ba3c3677f5715907468f7e,2011-05-14T23:01:13-04:00,setup.py,53,0,0,2
requests,cd8ce63a3b6850afb5ba3c3677f5715907468f7e,2011-05-14T23:01:13-04:00,requests/models.py,471,0,0,191
requests,cd8ce63a3b6850afb5ba3c3677f5715907468f7e,2011-05-14T23:01:13-04:00,requests/__init__.py,31,0,0,61
requests,cd8ce63a3b6850afb5ba3c3677f5715907468f7e,2011-05-14T23:01:13-04:00,requests/monkeys.py,94,0,0,22
requests,cd8ce63a3b6850afb5ba3c3677f5715907468f7e,2011-05-14T23:01:13-04:00,requests/structures.py,61,0,0,49
requests,74013d751c410ff2157d66de0864c8ed3052f75c,2011-06-08T19:18:11-04:00,test_requests.py,211,0,0,304
requests,74013d751c410ff2157d66de0864c8ed3052f75c,2011-06-08T19:18:11-04:00,setup.py,53,0,0,7
requests,74013d751c410ff2157d66de0864c8ed3052f75c,2011-06-08T19:18:11-04:00,requests/models.py,503,0,0,129
requests,74013d751c410ff2157d66de0864c8ed3052f75c,2011-06-08T19:18:11-04:00,requests/monkeys.py,91,0,0,1
requests,74013d751c410ff2157d66de0864c8ed3052f75c,2011-06-08T19:18:11-04:00,requests/config.py,56,0,0,2
requests,74013d751c410ff2157d66de0864c8ed3052f75c,2011-06-08T19:18:11-04:00,requests/api.py,131,0,0,163
requests,74013d751c410ff2157d66de0864c8ed3052f75c,2011-06-08T19:18:11-04:00,requests/core.py,25,0,0,4
requests,a25f5ff1dd599fc6701d3c58073d9597fce9d948,2011-06-17T13:51:29-04:00,test_requests.py,302,0,0,68
requests,a25f5ff1dd599fc6701d3c58073d9597fce9d948,2011-06-17T13:51:29-04:00,setup.py,53,0,0,7
requests,a25f5ff1dd599fc6701d3c58073d9597fce9d948,2011-06-17T13:51:29-04:00,requests/models.py,529,0,0,95
requests,a25f5ff1dd599fc6701d3c58073d9597fce9d948,2011-06-17T13:51:29-04:00,requests/monkeys.py,91,0,0,1
requests,a25f5ff1dd599fc6701d3c58073d9597fce9d948,2011-06-17T13:51:29-04:00,requests/config.py,56,0,0,2
requests,a25f5ff1dd599fc6701d3c58073d9597fce9d948,2011-06-17T13:51:29-04:00,requests/api.py,135,0,0,117
requests,a25f5ff1dd599fc6701d3c58073d9597fce9d948,2011-06-17T13:51:29-04:00,requests/core.py,25,0,0,4
requests,d9a349c1a1451f7c6d1dbea0b637b35107eb8de5,2011-08-19T20:12:16-04:00,requests/hooks/__init__.py,0,0,0,169
requests,d9a349c1a1451f7c6d1dbea0b637b35107eb8de5,2011-08-19T20:12:16-04:00,requests/hooks/args.py,0,0,0,14
requests,d9a349c1a1451f7c6d1dbea0b637b35107eb8de5,2011-08-19T20:12:16-04:00,requests/utils.py,72,0,0,508
requests,d9a349c1a1451f7c6d1dbea0b637b35107eb8de5,2011-08-19T20:12:16-04:00,requests/hooks/pre_request.py,0,0,0,14
requests,d9a349c1a1451f7c6d1dbea0b637b35107eb8de5,2011-08-19T20:12:16-04:00,test_unicode.py,0,0,0,66
requests,d9a349c1a1451f7c6d1dbea0b637b35107eb8de5,2011-08-19T20:12:16-04:00,requests/status_codes.py,83,0,0,2
requests,d9a349c1a1451f7c6d1dbea0b637b35107eb8de5,2011-08-19T20:12:16-04:00,requests/config.py,66,0,0,26
requests,d9a349c1a1451f7c6d1dbea0b637b35107eb8de5,2011-08-19T20:12:16-04:00,requests/api.py,184,0,0,130
requests,d9a349c1a1451f7c6d1dbea0b637b35107eb8de5,2011-08-19T20:12:16-04:00,requests/hooks.py,40,0,0,214
requests,d9a349c1a1451f7c6d1dbea0b637b35107eb8de5,2011-08-19T20:12:16-04:00,requests/core.py,27,0,0,10
requests,d9a349c1a1451f7c6d1dbea0b637b35107eb8de5,2011-08-19T20:12:16-04:00,test_requests.py,475,0,0,55
requests,d9a349c1a1451f7c6d1dbea0b637b35107eb8de5,2011-08-19T20:12:16-04:00,requests/models.py,621,0,0,406
requests,d9a349c1a1451f7c6d1dbea0b637b35107eb8de5,2011-08-19T20:12:16-04:00,requests/hooks/post_request.py,0,0,0,14
requests,d9a349c1a1451f7c6d1dbea0b637b35107eb8de5,2011-08-19T20:12:16-04:00,requests/hooks/response.py,0,0,0,218
requests,850e1c7d4057464e07bb4587bf9e66e651752c4b,2011-08-20T19:23:53-04:00,requests/hooks/__init__.py,0,0,0,169
requests,850e1c7d4057464e07bb4587bf9e66e651752c4b,2011-08-20T19:23:53-04:00,requests/hooks/args.py,0,0,0,14
requests,850e1c7d4057464e07bb4587bf9e66e651752c4b,2011-08-20T19:23:53-04:00,requests/utils.py,72,0,0,484
requests,850e1c7d4057464e07bb4587bf9e66e651752c4b,2011-08-20T19:23:53-04:00,requests/hooks/pre_request.py,0,0,0,14
requests,850e1c7d4057464e07bb4587bf9e66e651752c4b,2011-08-20T19:23:53-04:00,test_unicode.py,0,0,0,66
requests,850e1c7d4057464e07bb4587bf9e66e651752c4b,2011-08-20T19:23:53-04:00,requests/config.py,67,0,0,25
requests,850e1c7d4057464e07bb4587bf9e66e651752c4b,2011-08-20T19:23:53-04:00,requests/api.py,184,0,0,130
requests,850e1c7d4057464e07bb4587bf9e66e651752c4b,2011-08-20T19:23:53-04:00,requests/hooks.py,40,0,0,214
requests,850e1c7d4057464e07bb4587bf9e66e651752c4b,2011-08-20T19:23:53-04:00,requests/core.py,27,0,0,6
requests,850e1c7d4057464e07bb4587bf9e66e651752c4b,2011-08-20T19:23:53-04:00,test_requests.py,475,0,0,56
requests,850e1c7d4057464e07bb4587bf9e66e651752c4b,2011-08-20T19:23:53-04:00,requests/models.py,624,0,0,350
requests,850e1c7d4057464e07bb4587bf9e66e651752c4b,2011-08-20T19:23:53-04:00,requests/hooks/post_request.py,0,0,0,14
requests,850e1c7d4057464e07bb4587bf9e66e651752c4b,2011-08-20T19:23:53-04:00,requests/hooks/response.py,0,0,0,218
requests,3b9fc987b86fc536f1ad6a91c6c12e31ba4dcf91,2011-08-28T03:09:26-04:00,requests/hooks/__init__.py,0,0,0,97
requests,3b9fc987b86fc536f1ad6a91c6c12e31ba4dcf91,2011-08-28T03:09:26-04:00,requests/hooks/args.py,0,0,0,7
requests,3b9fc987b86fc536f1ad6a91c6c12e31ba4dcf91,2011-08-28T03:09:26-04:00,requests/utils.py,212,0,0,79
requests,3b9fc987b86fc536f1ad6a91c6c12e31ba4dcf91,2011-08-28T03:09:26-04:00,requests/hooks/pre_request.py,0,0,0,7
requests,3b9fc987b86fc536f1ad6a91c6c12e31ba4dcf91,2011-08-28T03:09:26-04:00,requests/config.py,68,0,0,37
requests,3b9fc987b86fc536f1ad6a91c6c12e31ba4dcf91,2011-08-28T03:09:26-04:00,requests/patches.py,5,0,0,5
requests,3b9fc987b86fc536f1ad6a91c6c12e31ba4dcf91,2011-08-28T03:09:26-04:00,requests/api.py,146,0,0,19
requests,3b9fc987b86fc536f1ad6a91c6c12e31ba4dcf91,2011-08-28T03:09:26-04:00,requests/core.py,29,0,0,4
requests,3b9fc987b86fc536f1ad6a91c6c12e31ba4dcf91,2011-08-28T03:09:26-04:00,requests/hooks.py,40,0,0,184
requests,3b9fc987b86fc536f1ad6a91c6c12e31ba4dcf91,2011-08-28T03:09:26-04:00,test_requests.py,475,0,0,69
requests,3b9fc987b86fc536f1ad6a91c6c12e31ba4dcf91,2011-08-28T03:09:26-04:00,setup.py,56,0,0,11
requests,3b9fc987b86fc536f1ad6a91c6c12e31ba4dcf91,2011-08-28T03:09:26-04:00,requests/models.py,646,0,0,44
requests,3b9fc987b86fc536f1ad6a91c6c12e31ba4dcf91,2011-08-28T03:09:26-04:00,requests/hooks/post_request.py,0,0,0,7
requests,3b9fc987b86fc536f1ad6a91c6c12e31ba4dcf91,2011-08-28T03:09:26-04:00,requests/hooks/response.py,0,0,0,85
requests,9bfe04586da9b980314a60c153b030195166a820,2011-08-30T23:57:24-04:00,requests/hooks/__init__.py,0,0,0,97
requests,9bfe04586da9b980314a60c153b030195166a820,2011-08-30T23:57:24-04:00,requests/hooks/args.py,0,0,0,7
requests,9bfe04586da9b980314a60c153b030195166a820,2011-08-30T23:57:24-04:00,requests/utils.py,217,0,0,43
requests,9bfe04586da9b980314a60c153b030195166a820,2011-08-30T23:57:24-04:00,requests/hooks/pre_request.py,0,0,0,7
requests,9bfe04586da9b980314a60c153b030195166a820,2011-08-30T23:57:24-04:00,requests/config.py,68,0,0,37
requests,9bfe04586da9b980314a60c153b030195166a820,2011-08-30T23:57:24-04:00,requests/patches.py,5,0,0,5
requests,9bfe04586da9b980314a60c153b030195166a820,2011-08-30T23:57:24-04:00,requests/api.py,151,0,0,6
requests,9bfe04586da9b980314a60c153b030195166a820,2011-08-30T23:57:24-04:00,requests/core.py,29,0,0,4
requests,9bfe04586da9b980314a60c153b030195166a820,2011-08-30T23:57:24-04:00,requests/hooks.py,40,0,0,184
requests,9bfe04586da9b980314a60c153b030195166a820,2011-08-30T23:57:24-04:00,test_requests.py,475,0,0,21
requests,9bfe04586da9b980314a60c153b030195166a820,2011-08-30T23:57:24-04:00,setup.py,56,0,0,11
requests,9bfe04586da9b980314a60c153b030195166a820,2011-08-30T23:57:24-04:00,requests/models.py,646,0,0,44
requests,9bfe04586da9b980314a60c153b030195166a820,2011-08-30T23:57:24-04:00,requests/hooks/post_request.py,0,0,0,7
requests,9bfe04586da9b980314a60c153b030195166a820,2011-08-30T23:57:24-04:00,requests/hooks/response.py,0,0,0,85
requests,dcebab4c35369f9f91dab3eb6ff877509f7d38c2,2011-09-22T03:45:41-07:00,requests/packages/urllib3/poolmanager.py,0,0,0,103
requests,dcebab4c35369f9f91dab3eb6ff877509f7d38c2,2011-09-22T03:45:41-07:00,requests/packages/urllib3/connectionpool.py,0,0,0,333
requests,dcebab4c35369f9f91dab3eb6ff877509f7d38c2,2011-09-22T03:45:41-07:00,requests/packages/urllib3/contrib/ntlmpool.py,0,0,0,6
requests,dcebab4c35369f9f91dab3eb6ff877509f7d38c2,2011-09-22T03:45:41-07:00,requests/utils.py,325,0,0,168
requests,dcebab4c35369f9f91dab3eb6ff877509f7d38c2,2011-09-22T03:45:41-07:00,requests/config.py,46,0,0,84
requests,dcebab4c35369f9f91dab3eb6ff877509f7d38c2,2011-09-22T03:45:41-07:00,requests/core.py,29,0,0,17
requests,dcebab4c35369f9f91dab3eb6ff877509f7d38c2,2011-09-22T03:45:41-07:00,requests/sessions.py,80,0,0,227
requests,dcebab4c35369f9f91dab3eb6ff877509f7d38c2,2011-09-22T03:45:41-07:00,test_requests.py,0,0,0,18
requests,dcebab4c35369f9f91dab3eb6ff877509f7d38c2,2011-09-22T03:45:41-07:00,setup.py,53,0,0,2
requests,dcebab4c35369f9f91dab3eb6ff877509f7d38c2,2011-09-22T03:45:41-07:00,requests/packages/urllib3/__init__.py,0,0,0,30
requests,dcebab4c35369f9f91dab3eb6ff877509f7d38c2,2011-09-22T03:45:41-07:00,tests/integration/test_requests.py,530,0,0,530
requests,dcebab4c35369f9f91dab3eb6ff877509f7d38c2,2011-09-22T03:45:41-07:00,requests/monkeys.py,142,0,0,156
requests,dcebab4c35369f9f91dab3eb6ff877509f7d38c2,2011-09-22T03:45:41-07:00,requests/status_codes.py,83,0,0,2
requests,dcebab4c35369f9f91dab3eb6ff877509f7d38c2,2011-09-22T03:45:41-07:00,tests/unit/test_requests_api.py,209,0,0,209
requests,dcebab4c35369f9f91dab3eb6ff877509f7d38c2,2011-09-22T03:45:41-07:00,requests/async.py,41,0,0,144
requests,dcebab4c35369f9f91dab3eb6ff877509f7d38c2,2011-09-22T03:45:41-07:00,requests/packages/urllib3/filepost.py,0,0,0,22
requests,dcebab4c35369f9f91dab3eb6ff877509f7d38c2,2011-09-22T03:45:41-07:00,requests/packages/urllib3/response.py,0,0,0,182
requests,dcebab4c35369f9f91dab3eb6ff877509f7d38c2,2011-09-22T03:45:41-07:00,requests/packages/urllib3/_collections.py,0,0,0,121
requests,dcebab4c35369f9f91dab3eb6ff877509f7d38c2,2011-09-22T03:45:41-07:00,requests/exceptions.py,32,0,0,10
requests,dcebab4c35369f9f91dab3eb6ff877509f7d38c2,2011-09-22T03:45:41-07:00,requests/api.py,156,2,0,82
requests,dcebab4c35369f9f91dab3eb6ff877509f7d38c2,2011-09-22T03:45:41-07:00,requests/packages/urllib3/exceptions.py,0,0,0,35
requests,dcebab4c35369f9f91dab3eb6ff877509f7d38c2,2011-09-22T03:45:41-07:00,requests/_config.py,0,0,0,3
requests,dcebab4c35369f9f91dab3eb6ff877509f7d38c2,2011-09-22T03:45:41-07:00,requests/models.py,659,0,0,919
requests,dcebab4c35369f9f91dab3eb6ff877509f7d38c2,2011-09-22T03:45:41-07:00,requests/structures.py,67,0,0,4
requests,3092483433ebf0f5802677aa9b8a74ee4dc1e64b,2011-09-30T07:08:59-04:00,requests/packages/urllib3/poolmanager.py,72,0,0,94
requests,3092483433ebf0f5802677aa9b8a74ee4dc1e64b,2011-09-30T07:08:59-04:00,requests/packages/urllib3/connectionpool.py,514,0,0,274
requests,3092483433ebf0f5802677aa9b8a74ee4dc1e64b,2011-09-30T07:08:59-04:00,requests/packages/urllib3/contrib/ntlmpool.py,111,0,0,6
requests,3092483433ebf0f5802677aa9b8a74ee4dc1e64b,2011-09-30T07:08:59-04:00,requests/utils.py,382,0,0,10
requests,3092483433ebf0f5802677aa9b8a74ee4dc1e64b,2011-09-30T07:08:59-04:00,requests/config.py,0,0,0,80
requests,3092483433ebf0f5802677aa9b8a74ee4dc1e64b,2011-09-30T07:08:59-04:00,requests/patches.py,0,0,0,5
requests,3092483433ebf0f5802677aa9b8a74ee4dc1e64b,2011-09-30T07:08:59-04:00,requests/core.py,30,0,0,22
requests,3092483433ebf0f5802677aa9b8a74ee4dc1e64b,2011-09-30T07:08:59-04:00,test_requests.py,0,0,0,22
requests,3092483433ebf0f5802677aa9b8a74ee4dc1e64b,2011-09-30T07:08:59-04:00,requests/packages/urllib3/__init__.py,26,0,0,30
requests,3092483433ebf0f5802677aa9b8a74ee4dc1e64b,2011-09-30T07:08:59-04:00,tests/integration/test_requests.py,530,0,0,530
requests,3092483433ebf0f5802677aa9b8a74ee4dc1e64b,2011-09-30T07:08:59-04:00,tests/unit/test_requests_api.py,209,0,0,209
requests,3092483433ebf0f5802677aa9b8a74ee4dc1e64b,2011-09-30T07:08:59-04:00,requests/async.py,75,0,0,218
requests,3092483433ebf0f5802677aa9b8a74ee4dc1e64b,2011-09-30T07:08:59-04:00,tests/integration_tests.py,0,0,0,528
requests,3092483433ebf0f5802677aa9b8a74ee4dc1e64b,2011-09-30T07:08:59-04:00,requests/packages/urllib3/filepost.py,52,0,0,19
requests,3092483433ebf0f5802677aa9b8a74ee4dc1e64b,2011-09-30T07:08:59-04:00,requests/packages/urllib3/response.py,174,0,0,25
requests,3092483433ebf0f5802677aa9b8a74ee4dc1e64b,2011-09-30T07:08:59-04:00,requests/packages/urllib3/_collections.py,115,0,0,9
requests,3092483433ebf0f5802677aa9b8a74ee4dc1e64b,2011-09-30T07:08:59-04:00,requests/packages/urllib3/request.py,0,0,0,145
requests,3092483433ebf0f5802677aa9b8a74ee4dc1e64b,2011-09-30T07:08:59-04:00,requests/exceptions.py,38,0,0,2
requests,3092483433ebf0f5802677aa9b8a74ee4dc1e64b,2011-09-30T07:08:59-04:00,requests/api.py,167,2,0,83
requests,3092483433ebf0f5802677aa9b8a74ee4dc1e64b,2011-09-30T07:08:59-04:00,requests/hooks.py,40,0,0,159
requests,3092483433ebf0f5802677aa9b8a74ee4dc1e64b,2011-09-30T07:08:59-04:00,requests/packages/urllib3/exceptions.py,29,0,0,6
requests,3092483433ebf0f5802677aa9b8a74ee4dc1e64b,2011-09-30T07:08:59-04:00,tests/api_tests.py,0,0,0,209
requests,3092483433ebf0f5802677aa9b8a74ee4dc1e64b,2011-09-30T07:08:59-04:00,requests/_config.py,52,0,0,14
requests,3092483433ebf0f5802677aa9b8a74ee4dc1e64b,2011-09-30T07:08:59-04:00,requests/models.py,505,0,0,74
requests,1997dee3d9f0933bca99b2065463ad0a7afc7f10,2011-10-01T06:17:02-04:00,requests/packages/urllib3/poolmanager.py,79,0,0,85
requests,1997dee3d9f0933bca99b2065463ad0a7afc7f10,2011-10-01T06:17:02-04:00,requests/packages/urllib3/connectionpool.py,531,0,0,237
requests,1997dee3d9f0933bca99b2065463ad0a7afc7f10,2011-10-01T06:17:02-04:00,requests/utils.py,382,0,0,10
requests,1997dee3d9f0933bca99b2065463ad0a7afc7f10,2011-10-01T06:17:02-04:00,requests/config.py,0,0,0,80
requests,1997dee3d9f0933bca99b2065463ad0a7afc7f10,2011-10-01T06:17:02-04:00,requests/patches.py,0,0,0,5
requests,1997dee3d9f0933bca99b2065463ad0a7afc7f10,2011-10-01T06:17:02-04:00,requests/core.py,36,0,0,16
requests,1997dee3d9f0933bca99b2065463ad0a7afc7f10,2011-10-01T06:17:02-04:00,test_requests.py,0,0,0,22
requests,1997dee3d9f0933bca99b2065463ad0a7afc7f10,2011-10-01T06:17:02-04:00,requests/packages/urllib3/__init__.py,32,0,0,24
requests,1997dee3d9f0933bca99b2065463ad0a7afc7f10,2011-10-01T06:17:02-04:00,tests/integration/test_requests.py,530,0,0,530
requests,1997dee3d9f0933bca99b2065463ad0a7afc7f10,2011-10-01T06:17:02-04:00,tests/unit/test_requests_api.py,209,0,0,209
requests,1997dee3d9f0933bca99b2065463ad0a7afc7f10,2011-10-01T06:17:02-04:00,requests/async.py,87,0,0,119
requests,1997dee3d9f0933bca99b2065463ad0a7afc7f10,2011-10-01T06:17:02-04:00,tests/integration_tests.py,0,0,0,528
requests,1997dee3d9f0933bca99b2065463ad0a7afc7f10,2011-10-01T06:17:02-04:00,requests/packages/urllib3/filepost.py,58,0,0,13
requests,1997dee3d9f0933bca99b2065463ad0a7afc7f10,2011-10-01T06:17:02-04:00,requests/packages/urllib3/response.py,180,0,0,19
requests,1997dee3d9f0933bca99b2065463ad0a7afc7f10,2011-10-01T06:17:02-04:00,requests/packages/urllib3/_collections.py,121,0,0,3
requests,1997dee3d9f0933bca99b2065463ad0a7afc7f10,2011-10-01T06:17:02-04:00,requests/packages/urllib3/request.py,0,0,0,145
requests,1997dee3d9f0933bca99b2065463ad0a7afc7f10,2011-10-01T06:17:02-04:00,requests/api.py,167,2,0,83
requests,1997dee3d9f0933bca99b2065463ad0a7afc7f10,2011-10-01T06:17:02-04:00,requests/hooks.py,40,0,0,159
requests,1997dee3d9f0933bca99b2065463ad0a7afc7f10,2011-10-01T06:17:02-04:00,tests/api_tests.py,0,0,0,209
requests,1997dee3d9f0933bca99b2065463ad0a7afc7f10,2011-10-01T06:17:02-04:00,requests/_config.py,52,0,0,14
requests,1997dee3d9f0933bca99b2065463ad0a7afc7f10,2011-10-01T06:17:02-04:00,requests/models.py,505,0,0,74
requests,a166dd0ad7772d74410f9b1b0d129b78004c4dac,2011-10-10T15:58:34-03:00,requests/packages/urllib3/poolmanager.py,81,0,0,205
requests,a166dd0ad7772d74410f9b1b0d129b78004c4dac,2011-10-10T15:58:34-03:00,requests/packages/urllib3/connectionpool.py,532,0,0,761
requests,a166dd0ad7772d74410f9b1b0d129b78004c4dac,2011-10-10T15:58:34-03:00,requests/packages/urllib3/contrib/ntlmpool.py,117,0,0,117
requests,a166dd0ad7772d74410f9b1b0d129b78004c4dac,2011-10-10T15:58:34-03:00,requests/utils.py,399,0,0,115
requests,a166dd0ad7772d74410f9b1b0d129b78004c4dac,2011-10-10T15:58:34-03:00,requests/config.py,0,0,0,80
requests,a166dd0ad7772d74410f9b1b0d129b78004c4dac,2011-10-10T15:58:34-03:00,requests/patches.py,0,0,0,5
requests,a166dd0ad7772d74410f9b1b0d129b78004c4dac,2011-10-10T15:58:34-03:00,requests/core.py,36,0,0,69
requests,a166dd0ad7772d74410f9b1b0d129b78004c4dac,2011-10-10T15:58:34-03:00,requests/sessions.py,145,0,0,363
requests,a166dd0ad7772d74410f9b1b0d129b78004c4dac,2011-10-10T15:58:34-03:00,test_requests.py,0,0,0,245
requests,a166dd0ad7772d74410f9b1b0d129b78004c4dac,2011-10-10T15:58:34-03:00,requests/packages/urllib3/__init__.py,32,0,0,72
requests,a166dd0ad7772d74410f9b1b0d129b78004c4dac,2011-10-10T15:58:34-03:00,requests/__init__.py,4,0,0,73
requests,a166dd0ad7772d74410f9b1b0d129b78004c4dac,2011-10-10T15:58:34-03:00,requests/status_codes.py,83,0,0,7
requests,a166dd0ad7772d74410f9b1b0d129b78004c4dac,2011-10-10T15:58:34-03:00,requests/monkeys.py,0,0,0,119
requests,a166dd0ad7772d74410f9b1b0d129b78004c4dac,2011-10-10T15:58:34-03:00,requests/async.py,87,0,0,145
requests,a166dd0ad7772d74410f9b1b0d129b78004c4dac,2011-10-10T15:58:34-03:00,requests/defaults.py,0,0,0,67
requests,a166dd0ad7772d74410f9b1b0d129b78004c4dac,2011-10-10T15:58:34-03:00,requests/packages/urllib3/filepost.py,58,0,0,84
requests,a166dd0ad7772d74410f9b1b0d129b78004c4dac,2011-10-10T15:58:34-03:00,requests/packages/urllib3/response.py,180,0,0,200
requests,a166dd0ad7772d74410f9b1b0d129b78004c4dac,2011-10-10T15:58:34-03:00,requests/packages/urllib3/_collections.py,121,0,0,123
requests,a166dd0ad7772d74410f9b1b0d129b78004c4dac,2011-10-10T15:58:34-03:00,requests/packages/urllib3/request.py,0,0,0,290
requests,a166dd0ad7772d74410f9b1b0d129b78004c4dac,2011-10-10T15:58:34-03:00,requests/exceptions.py,38,0,0,14
requests,a166dd0ad7772d74410f9b1b0d129b78004c4dac,2011-10-10T15:58:34-03:00,requests/api.py,167,2,0,182
requests,a166dd0ad7772d74410f9b1b0d129b78004c4dac,2011-10-10T15:58:34-03:00,requests/hooks.py,40,0,0,161
requests,a166dd0ad7772d74410f9b1b0d129b78004c4dac,2011-10-10T15:58:34-03:00,requests/packages/urllib3/exceptions.py,35,0,0,35
requests,a166dd0ad7772d74410f9b1b0d129b78004c4dac,2011-10-10T15:58:34-03:00,requests/_config.py,52,0,0,82
requests,a166dd0ad7772d74410f9b1b0d129b78004c4dac,2011-10-10T15:58:34-03:00,requests/auth.py,0,0,0,173
requests,a166dd0ad7772d74410f9b1b0d129b78004c4dac,2011-10-10T15:58:34-03:00,requests/models.py,496,0,0,827
requests,a166dd0ad7772d74410f9b1b0d129b78004c4dac,2011-10-10T15:58:34-03:00,requests/packages/urllib3/contrib/__init__.py,0,0,0,0
requests,a166dd0ad7772d74410f9b1b0d129b78004c4dac,2011-10-10T15:58:34-03:00,requests/structures.py,67,0,0,2
requests,15511584d159314c971e43bcb94b8b096fdc6e19,2011-10-13T21:33:55-04:00,requests/packages/urllib3/poolmanager.py,0,0,0,128
requests,15511584d159314c971e43bcb94b8b096fdc6e19,2011-10-13T21:33:55-04:00,requests/packages/urllib3/connectionpool.py,0,0,0,525
requests,15511584d159314c971e43bcb94b8b096fdc6e19,2011-10-13T21:33:55-04:00,requests/packages/urllib3/contrib/ntlmpool.py,0,0,0,117
requests,15511584d159314c971e43bcb94b8b096fdc6e19,2011-10-13T21:33:55-04:00,requests/utils.py,72,0,0,113
requests,15511584d159314c971e43bcb94b8b096fdc6e19,2011-10-13T21:33:55-04:00,requests/patches.py,5,0,0,5
requests,15511584d159314c971e43bcb94b8b096fdc6e19,2011-10-13T21:33:55-04:00,requests/core.py,27,0,0,61
requests,15511584d159314c971e43bcb94b8b096fdc6e19,2011-10-13T21:33:55-04:00,requests/sessions.py,84,0,0,377
requests,15511584d159314c971e43bcb94b8b096fdc6e19,2011-10-13T21:33:55-04:00,test_requests.py,495,0,0,259
requests,15511584d159314c971e43bcb94b8b096fdc6e19,2011-10-13T21:33:55-04:00,requests/packages/urllib3/__init__.py,0,0,0,48
requests,15511584d159314c971e43bcb94b8b096fdc6e19,2011-10-13T21:33:55-04:00,requests/__init__.py,4,0,0,77
requests,15511584d159314c971e43bcb94b8b096fdc6e19,2011-10-13T21:33:55-04:00,requests/status_codes.py,83,0,0,7
requests,15511584d159314c971e43bcb94b8b096fdc6e19,2011-10-13T21:33:55-04:00,requests/monkeys.py,148,0,0,119
requests,15511584d159314c971e43bcb94b8b096fdc6e19,2011-10-13T21:33:55-04:00,requests/async.py,84,0,0,35
requests,15511584d159314c971e43bcb94b8b096fdc6e19,2011-10-13T21:33:55-04:00,requests/defaults.py,0,0,0,68
requests,15511584d159314c971e43bcb94b8b096fdc6e19,2011-10-13T21:33:55-04:00,requests/packages/urllib3/filepost.py,0,0,0,71
requests,15511584d159314c971e43bcb94b8b096fdc6e19,2011-10-13T21:33:55-04:00,requests/packages/urllib3/response.py,0,0,0,181
requests,15511584d159314c971e43bcb94b8b096fdc6e19,2011-10-13T21:33:55-04:00,requests/packages/urllib3/_collections.py,0,0,0,120
requests,15511584d159314c971e43bcb94b8b096fdc6e19,2011-10-13T21:33:55-04:00,requests/packages/urllib3/request.py,0,0,0,145
requests,15511584d159314c971e43bcb94b8b096fdc6e19,2011-10-13T21:33:55-04:00,requests/exceptions.py,26,0,0,14
requests,15511584d159314c971e43bcb94b8b096fdc6e19,2011-10-13T21:33:55-04:00,requests/packages/urllib3/exceptions.py,0,0,0,35
requests,15511584d159314c971e43bcb94b8b096fdc6e19,2011-10-13T21:33:55-04:00,requests/hooks.py,40,0,0,2
requests,15511584d159314c971e43bcb94b8b096fdc6e19,2011-10-13T21:33:55-04:00,requests/api.py,192,0,0,141
requests,15511584d159314c971e43bcb94b8b096fdc6e19,2011-10-13T21:33:55-04:00,requests/_config.py,0,0,0,68
requests,15511584d159314c971e43bcb94b8b096fdc6e19,2011-10-13T21:33:55-04:00,requests/auth.py,0,0,0,173
requests,15511584d159314c971e43bcb94b8b096fdc6e19,2011-10-13T21:33:55-04:00,requests/models.py,625,0,0,797
requests,15511584d159314c971e43bcb94b8b096fdc6e19,2011-10-13T21:33:55-04:00,requests/packages/urllib3/contrib/__init__.py,0,0,0,0
requests,15511584d159314c971e43bcb94b8b096fdc6e19,2011-10-13T21:33:55-04:00,requests/structures.py,65,0,0,2
requests,244172bdd4b66ec7fdebdc76850b9ee08412a16c,2011-10-13T22:17:54-04:00,requests/packages/urllib3/poolmanager.py,0,0,0,128
requests,244172bdd4b66ec7fdebdc76850b9ee08412a16c,2011-10-13T22:17:54-04:00,requests/packages/urllib3/connectionpool.py,0,0,0,525
requests,244172bdd4b66ec7fdebdc76850b9ee08412a16c,2011-10-13T22:17:54-04:00,requests/packages/urllib3/contrib/ntlmpool.py,0,0,0,117
requests,244172bdd4b66ec7fdebdc76850b9ee08412a16c,2011-10-13T22:17:54-04:00,requests/utils.py,254,0,0,113
requests,244172bdd4b66ec7fdebdc76850b9ee08412a16c,2011-10-13T22:17:54-04:00,requests/patches.py,5,0,0,5
requests,244172bdd4b66ec7fdebdc76850b9ee08412a16c,2011-10-13T22:17:54-04:00,requests/core.py,29,0,0,61
requests,244172bdd4b66ec7fdebdc76850b9ee08412a16c,2011-10-13T22:17:54-04:00,requests/sessions.py,84,0,0,377
requests,244172bdd4b66ec7fdebdc76850b9ee08412a16c,2011-10-13T22:17:54-04:00,test_requests.py,501,0,0,259
requests,244172bdd4b66ec7fdebdc76850b9ee08412a16c,2011-10-13T22:17:54-04:00,requests/packages/urllib3/__init__.py,0,0,0,48
requests,244172bdd4b66ec7fdebdc76850b9ee08412a16c,2011-10-13T22:17:54-04:00,requests/__init__.py,4,0,0,77
requests,244172bdd4b66ec7fdebdc76850b9ee08412a16c,2011-10-13T22:17:54-04:00,requests/status_codes.py,83,0,0,7
requests,244172bdd4b66ec7fdebdc76850b9ee08412a16c,2011-10-13T22:17:54-04:00,requests/monkeys.py,148,0,0,119
requests,244172bdd4b66ec7fdebdc76850b9ee08412a16c,2011-10-13T22:17:54-04:00,requests/async.py,84,0,0,35
requests,244172bdd4b66ec7fdebdc76850b9ee08412a16c,2011-10-13T22:17:54-04:00,requests/defaults.py,0,0,0,68
requests,244172bdd4b66ec7fdebdc76850b9ee08412a16c,2011-10-13T22:17:54-04:00,requests/packages/urllib3/filepost.py,0,0,0,71
requests,244172bdd4b66ec7fdebdc76850b9ee08412a16c,2011-10-13T22:17:54-04:00,requests/packages/urllib3/response.py,0,0,0,181
requests,244172bdd4b66ec7fdebdc76850b9ee08412a16c,2011-10-13T22:17:54-04:00,requests/packages/urllib3/_collections.py,0,0,0,120
requests,244172bdd4b66ec7fdebdc76850b9ee08412a16c,2011-10-13T22:17:54-04:00,requests/packages/urllib3/request.py,0,0,0,145
requests,244172bdd4b66ec7fdebdc76850b9ee08412a16c,2011-10-13T22:17:54-04:00,requests/exceptions.py,26,0,0,14
requests,244172bdd4b66ec7fdebdc76850b9ee08412a16c,2011-10-13T22:17:54-04:00,requests/packages/urllib3/exceptions.py,0,0,0,35
requests,244172bdd4b66ec7fdebdc76850b9ee08412a16c,2011-10-13T22:17:54-04:00,requests/hooks.py,40,0,0,2
requests,244172bdd4b66ec7fdebdc76850b9ee08412a16c,2011-10-13T22:17:54-04:00,requests/api.py,159,0,0,103
requests,244172bdd4b66ec7fdebdc76850b9ee08412a16c,2011-10-13T22:17:54-04:00,requests/_config.py,0,0,0,68
requests,244172bdd4b66ec7fdebdc76850b9ee08412a16c,2011-10-13T22:17:54-04:00,requests/auth.py,0,0,0,173
requests,244172bdd4b66ec7fdebdc76850b9ee08412a16c,2011-10-13T22:17:54-04:00,requests/models.py,679,0,0,781
requests,244172bdd4b66ec7fdebdc76850b9ee08412a16c,2011-10-13T22:17:54-04:00,requests/packages/urllib3/contrib/__init__.py,0,0,0,0
requests,244172bdd4b66ec7fdebdc76850b9ee08412a16c,2011-10-13T22:17:54-04:00,requests/structures.py,65,0,0,2
requests,29548bfab65be51d7a7589cd702adc6eb0961588,2011-10-13T22:20:43-04:00,requests/packages/urllib3/poolmanager.py,0,0,0,128
requests,29548bfab65be51d7a7589cd702adc6eb0961588,2011-10-13T22:20:43-04:00,requests/packages/urllib3/connectionpool.py,0,0,0,525
requests,29548bfab65be51d7a7589cd702adc6eb0961588,2011-10-13T22:20:43-04:00,requests/packages/urllib3/contrib/ntlmpool.py,0,0,0,117
requests,29548bfab65be51d7a7589cd702adc6eb0961588,2011-10-13T22:20:43-04:00,requests/utils.py,254,0,0,113
requests,29548bfab65be51d7a7589cd702adc6eb0961588,2011-10-13T22:20:43-04:00,requests/patches.py,5,0,0,5
requests,29548bfab65be51d7a7589cd702adc6eb0961588,2011-10-13T22:20:43-04:00,requests/core.py,29,0,0,57
requests,29548bfab65be51d7a7589cd702adc6eb0961588,2011-10-13T22:20:43-04:00,requests/sessions.py,84,0,0,377
requests,29548bfab65be51d7a7589cd702adc6eb0961588,2011-10-13T22:20:43-04:00,test_requests.py,501,0,0,259
requests,29548bfab65be51d7a7589cd702adc6eb0961588,2011-10-13T22:20:43-04:00,requests/packages/urllib3/__init__.py,0,0,0,48
requests,29548bfab65be51d7a7589cd702adc6eb0961588,2011-10-13T22:20:43-04:00,requests/__init__.py,4,0,0,77
requests,29548bfab65be51d7a7589cd702adc6eb0961588,2011-10-13T22:20:43-04:00,requests/status_codes.py,83,0,0,7
requests,29548bfab65be51d7a7589cd702adc6eb0961588,2011-10-13T22:20:43-04:00,requests/monkeys.py,148,0,0,119
requests,29548bfab65be51d7a7589cd702adc6eb0961588,2011-10-13T22:20:43-04:00,requests/async.py,84,0,0,35
requests,29548bfab65be51d7a7589cd702adc6eb0961588,2011-10-13T22:20:43-04:00,requests/defaults.py,0,0,0,68
requests,29548bfab65be51d7a7589cd702adc6eb0961588,2011-10-13T22:20:43-04:00,requests/packages/urllib3/filepost.py,0,0,0,71
requests,29548bfab65be51d7a7589cd702adc6eb0961588,2011-10-13T22:20:43-04:00,requests/packages/urllib3/response.py,0,0,0,181
requests,29548bfab65be51d7a7589cd702adc6eb0961588,2011-10-13T22:20:43-04:00,requests/packages/urllib3/_collections.py,0,0,0,120
requests,29548bfab65be51d7a7589cd702adc6eb0961588,2011-10-13T22:20:43-04:00,requests/packages/urllib3/request.py,0,0,0,145
requests,29548bfab65be51d7a7589cd702adc6eb0961588,2011-10-13T22:20:43-04:00,requests/exceptions.py,26,0,0,14
requests,29548bfab65be51d7a7589cd702adc6eb0961588,2011-10-13T22:20:43-04:00,requests/packages/urllib3/exceptions.py,0,0,0,35
requests,29548bfab65be51d7a7589cd702adc6eb0961588,2011-10-13T22:20:43-04:00,requests/hooks.py,40,0,0,2
requests,29548bfab65be51d7a7589cd702adc6eb0961588,2011-10-13T22:20:43-04:00,requests/api.py,159,0,0,103
requests,29548bfab65be51d7a7589cd702adc6eb0961588,2011-10-13T22:20:43-04:00,requests/_config.py,0,0,0,68
requests,29548bfab65be51d7a7589cd702adc6eb0961588,2011-10-13T22:20:43-04:00,requests/auth.py,0,0,0,173
requests,29548bfab65be51d7a7589cd702adc6eb0961588,2011-10-13T22:20:43-04:00,requests/models.py,679,0,0,781
requests,29548bfab65be51d7a7589cd702adc6eb0961588,2011-10-13T22:20:43-04:00,requests/packages/urllib3/contrib/__init__.py,0,0,0,0
requests,29548bfab65be51d7a7589cd702adc6eb0961588,2011-10-13T22:20:43-04:00,requests/structures.py,65,0,0,2
requests,98dc08236c51483130dfa59e1f74a01b31106a46,2011-10-22T18:18:39-04:00,requests/packages/urllib3/poolmanager.py,0,0,0,128
requests,98dc08236c51483130dfa59e1f74a01b31106a46,2011-10-22T18:18:39-04:00,requests/packages/urllib3/connectionpool.py,0,0,0,525
requests,98dc08236c51483130dfa59e1f74a01b31106a46,2011-10-22T18:18:39-04:00,requests/packages/urllib3/contrib/ntlmpool.py,0,0,0,117
requests,98dc08236c51483130dfa59e1f74a01b31106a46,2011-10-22T18:18:39-04:00,requests/utils.py,254,0,0,109
requests,98dc08236c51483130dfa59e1f74a01b31106a46,2011-10-22T18:18:39-04:00,requests/sessions.py,240,0,0,109
requests,98dc08236c51483130dfa59e1f74a01b31106a46,2011-10-22T18:18:39-04:00,test_requests.py,500,0,0,93
requests,98dc08236c51483130dfa59e1f74a01b31106a46,2011-10-22T18:18:39-04:00,requests/packages/urllib3/__init__.py,0,0,0,48
requests,98dc08236c51483130dfa59e1f74a01b31106a46,2011-10-22T18:18:39-04:00,requests/__init__.py,34,0,0,33
requests,98dc08236c51483130dfa59e1f74a01b31106a46,2011-10-22T18:18:39-04:00,requests/monkeys.py,148,0,0,119
requests,98dc08236c51483130dfa59e1f74a01b31106a46,2011-10-22T18:18:39-04:00,requests/async.py,84,0,0,31
requests,98dc08236c51483130dfa59e1f74a01b31106a46,2011-10-22T18:18:39-04:00,requests/defaults.py,0,0,0,68
requests,98dc08236c51483130dfa59e1f74a01b31106a46,2011-10-22T18:18:39-04:00,requests/packages/urllib3/filepost.py,0,0,0,71
requests,98dc08236c51483130dfa59e1f74a01b31106a46,2011-10-22T18:18:39-04:00,requests/packages/urllib3/response.py,0,0,0,181
requests,98dc08236c51483130dfa59e1f74a01b31106a46,2011-10-22T18:18:39-04:00,requests/packages/urllib3/_collections.py,0,0,0,120
requests,98dc08236c51483130dfa59e1f74a01b31106a46,2011-10-22T18:18:39-04:00,requests/packages/urllib3/request.py,0,0,0,145
requests,98dc08236c51483130dfa59e1f74a01b31106a46,2011-10-22T18:18:39-04:00,requests/exceptions.py,23,0,0,7
requests,98dc08236c51483130dfa59e1f74a01b31106a46,2011-10-22T18:18:39-04:00,requests/api.py,93,0,0,36
requests,98dc08236c51483130dfa59e1f74a01b31106a46,2011-10-22T18:18:39-04:00,requests/packages/urllib3/exceptions.py,0,0,0,35
requests,98dc08236c51483130dfa59e1f74a01b31106a46,2011-10-22T18:18:39-04:00,requests/_config.py,0,0,0,68
requests,98dc08236c51483130dfa59e1f74a01b31106a46,2011-10-22T18:18:39-04:00,requests/auth.py,0,0,0,173
requests,98dc08236c51483130dfa59e1f74a01b31106a46,2011-10-22T18:18:39-04:00,requests/models.py,679,0,0,760
requests,98dc08236c51483130dfa59e1f74a01b31106a46,2011-10-22T18:18:39-04:00,requests/packages/urllib3/contrib/__init__.py,0,0,0,0
requests,12ada0354862704281a6b39019cdfba58b914c7a,2011-11-06T19:58:34-08:00,requests/packages/urllib3/poolmanager.py,0,0,0,2
requests,12ada0354862704281a6b39019cdfba58b914c7a,2011-11-06T19:58:34-08:00,requests/utils.py,363,0,0,24
requests,12ada0354862704281a6b39019cdfba58b914c7a,2011-11-06T19:58:34-08:00,requests/sessions.py,249,0,0,66
requests,12ada0354862704281a6b39019cdfba58b914c7a,2011-11-06T19:58:34-08:00,requests/packages/oreos/structures.py,0,0,0,399
requests,12ada0354862704281a6b39019cdfba58b914c7a,2011-11-06T19:58:34-08:00,requests/packages/urllib3/__init__.py,0,0,0,2
requests,12ada0354862704281a6b39019cdfba58b914c7a,2011-11-06T19:58:34-08:00,requests/packages/poster/streaminghttp.py,199,0,0,199
requests,12ada0354862704281a6b39019cdfba58b914c7a,2011-11-06T19:58:34-08:00,requests/async.py,81,0,0,5
requests,12ada0354862704281a6b39019cdfba58b914c7a,2011-11-06T19:58:34-08:00,requests/packages/urllib3/filepost.py,0,0,0,0
requests,12ada0354862704281a6b39019cdfba58b914c7a,2011-11-06T19:58:34-08:00,requests/packages/urllib3/response.py,0,0,0,0
requests,12ada0354862704281a6b39019cdfba58b914c7a,2011-11-06T19:58:34-08:00,requests/packages/urllib3/_collections.py,0,0,0,87
requests,12ada0354862704281a6b39019cdfba58b914c7a,2011-11-06T19:58:34-08:00,requests/exceptions.py,25,0,0,4
requests,12ada0354862704281a6b39019cdfba58b914c7a,2011-11-06T19:58:34-08:00,requests/packages/poster/encode.py,414,0,0,414
requests,12ada0354862704281a6b39019cdfba58b914c7a,2011-11-06T19:58:34-08:00,requests/auth.py,145,0,0,75
requests,12ada0354862704281a6b39019cdfba58b914c7a,2011-11-06T19:58:34-08:00,requests/models.py,525,0,0,401
requests,12ada0354862704281a6b39019cdfba58b914c7a,2011-11-06T19:58:34-08:00,requests/packages/urllib3/contrib/__init__.py,0,0,0,0
requests,12ada0354862704281a6b39019cdfba58b914c7a,2011-11-06T19:58:34-08:00,requests/packages/urllib3/__collections.py,0,0,0,1982
requests,12ada0354862704281a6b39019cdfba58b914c7a,2011-11-06T19:58:34-08:00,requests/packages/oreos/monkeys.py,0,0,0,770
requests,12ada0354862704281a6b39019cdfba58b914c7a,2011-11-06T19:58:34-08:00,requests/packages/urllib3/connectionpool.py,0,0,0,6
requests,12ada0354862704281a6b39019cdfba58b914c7a,2011-11-06T19:58:34-08:00,requests/packages/urllib3/contrib/ntlmpool.py,0,0,0,0
requests,12ada0354862704281a6b39019cdfba58b914c7a,2011-11-06T19:58:34-08:00,test_requests.py,539,0,0,144
requests,12ada0354862704281a6b39019cdfba58b914c7a,2011-11-06T19:58:34-08:00,setup.py,56,0,0,5
requests,12ada0354862704281a6b39019cdfba58b914c7a,2011-11-06T19:58:34-08:00,requests/__init__.py,33,0,0,30
requests,12ada0354862704281a6b39019cdfba58b914c7a,2011-11-06T19:58:34-08:00,requests/monkeys.py,39,0,0,39
requests,12ada0354862704281a6b39019cdfba58b914c7a,2011-11-06T19:58:34-08:00,requests/defaults.py,39,0,0,70
requests,12ada0354862704281a6b39019cdfba58b914c7a,2011-11-06T19:58:34-08:00,requests/packages/poster/__init__.py,34,0,0,34
requests,12ada0354862704281a6b39019cdfba58b914c7a,2011-11-06T19:58:34-08:00,requests/packages/__init__.py,3,0,0,2
requests,12ada0354862704281a6b39019cdfba58b914c7a,2011-11-06T19:58:34-08:00,requests/packages/urllib3/request.py,0,0,0,0
requests,12ada0354862704281a6b39019cdfba58b914c7a,2011-11-06T19:58:34-08:00,requests/api.py,121,0,0,50
requests,12ada0354862704281a6b39019cdfba58b914c7a,2011-11-06T19:58:34-08:00,requests/packages/urllib3/exceptions.py,0,0,0,0
requests,12ada0354862704281a6b39019cdfba58b914c7a,2011-11-06T19:58:34-08:00,requests/packages/oreos/__init__.py,0,0,0,5
requests,12ada0354862704281a6b39019cdfba58b914c7a,2011-11-06T19:58:34-08:00,requests/packages/oreos/core.py,0,0,0,30
requests,12ada0354862704281a6b39019cdfba58b914c7a,2011-11-06T19:58:34-08:00,requests/structures.py,65,0,0,1
requests,b79dea97fd0d24bc1dbe52366565361c08675512,2011-11-15T09:56:21-05:00,requests/packages/oreos/monkeys.py,0,0,0,770
requests,b79dea97fd0d24bc1dbe52366565361c08675512,2011-11-15T09:56:21-05:00,requests/packages/oreos/structures.py,0,0,0,399
requests,b79dea97fd0d24bc1dbe52366565361c08675512,2011-11-15T09:56:21-05:00,requests/packages/urllib3/connectionpool.py,525,0,0,2
requests,b79dea97fd0d24bc1dbe52366565361c08675512,2011-11-15T09:56:21-05:00,requests/utils.py,369,0,0,18
requests,b79dea97fd0d24bc1dbe52366565361c08675512,2011-11-15T09:56:21-05:00,requests/api.py,143,0,0,14
requests,b79dea97fd0d24bc1dbe52366565361c08675512,2011-11-15T09:56:21-05:00,requests/sessions.py,275,0,0,4
requests,b79dea97fd0d24bc1dbe52366565361c08675512,2011-11-15T09:56:21-05:00,test_requests.py,558,0,0,39
requests,b79dea97fd0d24bc1dbe52366565361c08675512,2011-11-15T09:56:21-05:00,setup.py,56,0,0,3
requests,b79dea97fd0d24bc1dbe52366565361c08675512,2011-11-15T09:56:21-05:00,requests/models.py,618,0,0,106
requests,b79dea97fd0d24bc1dbe52366565361c08675512,2011-11-15T09:56:21-05:00,requests/packages/oreos/__init__.py,0,0,0,5
requests,b79dea97fd0d24bc1dbe52366565361c08675512,2011-11-15T09:56:21-05:00,requests/packages/oreos/core.py,0,0,0,30
requests,b79dea97fd0d24bc1dbe52366565361c08675512,2011-11-15T09:56:21-05:00,requests/__init__.py,33,0,0,12
requests,b79dea97fd0d24bc1dbe52366565361c08675512,2011-11-15T09:56:21-05:00,requests/auth.py,146,0,0,72
requests,b79dea97fd0d24bc1dbe52366565361c08675512,2011-11-15T09:56:21-05:00,requests/monkeys.py,39,0,0,39
requests,b79dea97fd0d24bc1dbe52366565361c08675512,2011-11-15T09:56:21-05:00,requests/async.py,89,0,0,2
requests,a1afbfbaa3babf4f31e54cd1920b9c0c845db029,2011-12-28T03:01:00-05:00,requests/packages/urllib3/connectionpool.py,552,0,0,22
requests,a1afbfbaa3babf4f31e54cd1920b9c0c845db029,2011-12-28T03:01:00-05:00,requests/packages/urllib3/poolmanager.py,128,0,0,23
requests,a1afbfbaa3babf4f31e54cd1920b9c0c845db029,2011-12-28T03:01:00-05:00,requests/utils.py,381,0,0,55
requests,a1afbfbaa3babf4f31e54cd1920b9c0c845db029,2011-12-28T03:01:00-05:00,requests/sessions.py,288,0,0,4
requests,a1afbfbaa3babf4f31e54cd1920b9c0c845db029,2011-12-28T03:01:00-05:00,test_requests.py,648,0,0,12
requests,a1afbfbaa3babf4f31e54cd1920b9c0c845db029,2011-12-28T03:01:00-05:00,setup.py,61,0,0,6
requests,a1afbfbaa3babf4f31e54cd1920b9c0c845db029,2011-12-28T03:01:00-05:00,requests/__init__.py,34,0,0,20
requests,a1afbfbaa3babf4f31e54cd1920b9c0c845db029,2011-12-28T03:01:00-05:00,requests/defaults.py,42,0,0,6
requests,a1afbfbaa3babf4f31e54cd1920b9c0c845db029,2011-12-28T03:01:00-05:00,requests/packages/urllib3/response.py,181,0,0,40
requests,a1afbfbaa3babf4f31e54cd1920b9c0c845db029,2011-12-28T03:01:00-05:00,docs/conf.py,244,0,0,2
requests,a1afbfbaa3babf4f31e54cd1920b9c0c845db029,2011-12-28T03:01:00-05:00,requests/api.py,114,0,0,5
requests,a1afbfbaa3babf4f31e54cd1920b9c0c845db029,2011-12-28T03:01:00-05:00,requests/hooks.py,40,0,0,6
requests,a1afbfbaa3babf4f31e54cd1920b9c0c845db029,2011-12-28T03:01:00-05:00,requests/packages/urllib3/exceptions.py,35,0,0,14
requests,a1afbfbaa3babf4f31e54cd1920b9c0c845db029,2011-12-28T03:01:00-05:00,requests/auth.py,136,0,0,4
requests,a1afbfbaa3babf4f31e54cd1920b9c0c845db029,2011-12-28T03:01:00-05:00,requests/models.py,742,6,0,125
requests,a1afbfbaa3babf4f31e54cd1920b9c0c845db029,2011-12-28T03:01:00-05:00,test_requests_ext.py,45,0,0,49
requests,534cdd7587e5b8fe410db24094229718a630bf66,2012-01-07T15:17:14-08:00,requests/defaults.py,44,0,0,6
requests,534cdd7587e5b8fe410db24094229718a630bf66,2012-01-07T15:17:14-08:00,requests/utils.py,398,0,0,3
requests,534cdd7587e5b8fe410db24094229718a630bf66,2012-01-07T15:17:14-08:00,requests/api.py,115,0,0,3
requests,534cdd7587e5b8fe410db24094229718a630bf66,2012-01-07T15:17:14-08:00,requests/hooks.py,40,0,0,22
requests,534cdd7587e5b8fe410db24094229718a630bf66,2012-01-07T15:17:14-08:00,test_requests.py,658,0,0,73
requests,534cdd7587e5b8fe410db24094229718a630bf66,2012-01-07T15:17:14-08:00,requests/auth.py,136,0,0,6
requests,534cdd7587e5b8fe410db24094229718a630bf66,2012-01-07T15:17:14-08:00,requests/models.py,708,0,0,187
requests,534cdd7587e5b8fe410db24094229718a630bf66,2012-01-07T15:17:14-08:00,test_requests_ext.py,45,0,0,4
requests,534cdd7587e5b8fe410db24094229718a630bf66,2012-01-07T15:17:14-08:00,requests/__init__.py,34,0,0,8
requests,534cdd7587e5b8fe410db24094229718a630bf66,2012-01-07T15:17:14-08:00,requests/async.py,96,0,0,40
requests,7f9cef011407cd38d618279af04632b982037a17,2012-01-17T18:14:47+01:00,requests/packages/urllib3/poolmanager.py,133,0,0,13
requests,7f9cef011407cd38d618279af04632b982037a17,2012-01-17T18:14:47+01:00,requests/packages/urllib3/connectionpool.py,548,0,0,146
requests,7f9cef011407cd38d618279af04632b982037a17,2012-01-17T18:14:47+01:00,requests/packages/urllib3/contrib/ntlmpool.py,117,0,0,13
requests,7f9cef011407cd38d618279af04632b982037a17,2012-01-17T18:14:47+01:00,requests/utils.py,398,0,0,87
requests,7f9cef011407cd38d618279af04632b982037a17,2012-01-17T18:14:47+01:00,requests/packages/oreos/monkeys.py,770,0,0,2
requests,7f9cef011407cd38d618279af04632b982037a17,2012-01-17T18:14:47+01:00,requests/packages/urllib3/packages/__init__.py,4,0,0,4
requests,7f9cef011407cd38d618279af04632b982037a17,2012-01-17T18:14:47+01:00,requests/packages/urllib3/six.py,0,0,0,372
requests,7f9cef011407cd38d618279af04632b982037a17,2012-01-17T18:14:47+01:00,requests/sessions.py,288,0,0,10
requests,7f9cef011407cd38d618279af04632b982037a17,2012-01-17T18:14:47+01:00,test_requests.py,658,0,0,526
requests,7f9cef011407cd38d618279af04632b982037a17,2012-01-17T18:14:47+01:00,setup.py,63,0,0,48
requests,7f9cef011407cd38d618279af04632b982037a17,2012-01-17T18:14:47+01:00,requests/compat.py,0,0,0,109
requests,7f9cef011407cd38d618279af04632b982037a17,2012-01-17T18:14:47+01:00,requests/packages/urllib3/__init__.py,48,0,0,4
requests,7f9cef011407cd38d618279af04632b982037a17,2012-01-17T18:14:47+01:00,requests/packages/urllib3/packages/mimetools_choose_boundary/__init__.py,0,0,0,47
requests,7f9cef011407cd38d618279af04632b982037a17,2012-01-17T18:14:47+01:00,requests/__init__.py,34,0,0,16
requests,7f9cef011407cd38d618279af04632b982037a17,2012-01-17T18:14:47+01:00,requests/status_codes.py,86,0,0,2
requests,7f9cef011407cd38d618279af04632b982037a17,2012-01-17T18:14:47+01:00,requests/async.py,96,0,0,53
requests,7f9cef011407cd38d618279af04632b982037a17,2012-01-17T18:14:47+01:00,requests/packages/urllib3/packages/six.py,0,0,0,60
requests,7f9cef011407cd38d618279af04632b982037a17,2012-01-17T18:14:47+01:00,requests/defaults.py,44,0,0,6
requests,7f9cef011407cd38d618279af04632b982037a17,2012-01-17T18:14:47+01:00,requests/packages/urllib3/response.py,195,0,0,53
requests,7f9cef011407cd38d618279af04632b982037a17,2012-01-17T18:14:47+01:00,requests/packages/urllib3/filepost.py,71,0,0,41
requests,7f9cef011407cd38d618279af04632b982037a17,2012-01-17T18:14:47+01:00,requests/packages/urllib3/_collections.py,131,0,0,2
requests,7f9cef011407cd38d618279af04632b982037a17,2012-01-17T18:14:47+01:00,requests/packages/urllib3/request.py,145,0,0,12
requests,7f9cef011407cd38d618279af04632b982037a17,2012-01-17T18:14:47+01:00,requests/packages/urllib3/exceptions.py,45,0,0,47
requests,7f9cef011407cd38d618279af04632b982037a17,2012-01-17T18:14:47+01:00,requests/hooks.py,40,0,0,16
requests,7f9cef011407cd38d618279af04632b982037a17,2012-01-17T18:14:47+01:00,requests/packages/urllib3/{ => packages}/six.py,0,0,0,0
requests,7f9cef011407cd38d618279af04632b982037a17,2012-01-17T18:14:47+01:00,requests/auth.py,138,0,0,40
requests,7f9cef011407cd38d618279af04632b982037a17,2012-01-17T18:14:47+01:00,requests/models.py,743,2,0,350
requests,7f9cef011407cd38d618279af04632b982037a17,2012-01-17T18:14:47+01:00,test_requests_ext.py,45,0,0,4
requests,7f9cef011407cd38d618279af04632b982037a17,2012-01-17T18:14:47+01:00,requests/structures.py,66,0,0,4
requests,7f9cef011407cd38d618279af04632b982037a17,2012-01-17T18:14:47+01:00,test_requests_async.py,0,0,0,58
requests,d9cb18ad2a5dcc54a9c931d094d112be167078ba,2012-01-18T19:49:22-05:00,requests/packages/urllib3/poolmanager.py,133,0,0,13
requests,d9cb18ad2a5dcc54a9c931d094d112be167078ba,2012-01-18T19:49:22-05:00,requests/packages/urllib3/connectionpool.py,548,0,0,146
requests,d9cb18ad2a5dcc54a9c931d094d112be167078ba,2012-01-18T19:49:22-05:00,requests/packages/urllib3/contrib/ntlmpool.py,117,0,0,13
requests,d9cb18ad2a5dcc54a9c931d094d112be167078ba,2012-01-18T19:49:22-05:00,requests/utils.py,398,0,0,87
requests,d9cb18ad2a5dcc54a9c931d094d112be167078ba,2012-01-18T19:49:22-05:00,requests/packages/oreos/monkeys.py,770,0,0,2
requests,d9cb18ad2a5dcc54a9c931d094d112be167078ba,2012-01-18T19:49:22-05:00,requests/packages/urllib3/packages/__init__.py,4,0,0,4
requests,d9cb18ad2a5dcc54a9c931d094d112be167078ba,2012-01-18T19:49:22-05:00,requests/packages/urllib3/six.py,0,0,0,372
requests,d9cb18ad2a5dcc54a9c931d094d112be167078ba,2012-01-18T19:49:22-05:00,requests/sessions.py,288,0,0,10
requests,d9cb18ad2a5dcc54a9c931d094d112be167078ba,2012-01-18T19:49:22-05:00,test_requests.py,658,0,0,526
requests,d9cb18ad2a5dcc54a9c931d094d112be167078ba,2012-01-18T19:49:22-05:00,setup.py,63,0,0,48
requests,d9cb18ad2a5dcc54a9c931d094d112be167078ba,2012-01-18T19:49:22-05:00,requests/compat.py,0,0,0,109
requests,d9cb18ad2a5dcc54a9c931d094d112be167078ba,2012-01-18T19:49:22-05:00,requests/packages/urllib3/__init__.py,48,0,0,4
requests,d9cb18ad2a5dcc54a9c931d094d112be167078ba,2012-01-18T19:49:22-05:00,requests/packages/urllib3/packages/mimetools_choose_boundary/__init__.py,0,0,0,47
requests,d9cb18ad2a5dcc54a9c931d094d112be167078ba,2012-01-18T19:49:22-05:00,requests/__init__.py,34,0,0,20
requests,d9cb18ad2a5dcc54a9c931d094d112be167078ba,2012-01-18T19:49:22-05:00,requests/status_codes.py,86,0,0,2
requests,d9cb18ad2a5dcc54a9c931d094d112be167078ba,2012-01-18T19:49:22-05:00,requests/async.py,92,0,0,21
requests,d9cb18ad2a5dcc54a9c931d094d112be167078ba,2012-01-18T19:49:22-05:00,requests/packages/urllib3/packages/six.py,0,0,0,60
requests,d9cb18ad2a5dcc54a9c931d094d112be167078ba,2012-01-18T19:49:22-05:00,requests/defaults.py,44,0,0,6
requests,d9cb18ad2a5dcc54a9c931d094d112be167078ba,2012-01-18T19:49:22-05:00,requests/packages/urllib3/response.py,195,0,0,53
requests,d9cb18ad2a5dcc54a9c931d094d112be167078ba,2012-01-18T19:49:22-05:00,requests/packages/urllib3/filepost.py,71,0,0,41
requests,d9cb18ad2a5dcc54a9c931d094d112be167078ba,2012-01-18T19:49:22-05:00,requests/packages/urllib3/_collections.py,131,0,0,2
requests,d9cb18ad2a5dcc54a9c931d094d112be167078ba,2012-01-18T19:49:22-05:00,requests/packages/urllib3/request.py,145,0,0,12
requests,d9cb18ad2a5dcc54a9c931d094d112be167078ba,2012-01-18T19:49:22-05:00,requests/packages/urllib3/exceptions.py,45,0,0,47
requests,d9cb18ad2a5dcc54a9c931d094d112be167078ba,2012-01-18T19:49:22-05:00,requests/hooks.py,40,0,0,16
requests,d9cb18ad2a5dcc54a9c931d094d112be167078ba,2012-01-18T19:49:22-05:00,requests/packages/urllib3/{ => packages}/six.py,0,0,0,0
requests,d9cb18ad2a5dcc54a9c931d094d112be167078ba,2012-01-18T19:49:22-05:00,requests/auth.py,138,0,0,40
requests,d9cb18ad2a5dcc54a9c931d094d112be167078ba,2012-01-18T19:49:22-05:00,requests/models.py,710,0,0,337
requests,d9cb18ad2a5dcc54a9c931d094d112be167078ba,2012-01-18T19:49:22-05:00,test_requests_ext.py,45,0,0,4
requests,d9cb18ad2a5dcc54a9c931d094d112be167078ba,2012-01-18T19:49:22-05:00,requests/structures.py,66,0,0,4
requests,d9cb18ad2a5dcc54a9c931d094d112be167078ba,2012-01-18T19:49:22-05:00,test_requests_async.py,0,0,0,58
requests,1fb4bd82f7f566c3e2993cb76dcd47192d62baea,2012-01-23T01:48:40-05:00,requests/packages/oreos/structures.py,399,0,0,6
requests,1fb4bd82f7f566c3e2993cb76dcd47192d62baea,2012-01-23T01:48:40-05:00,requests/utils.py,407,1,0,3
requests,1fb4bd82f7f566c3e2993cb76dcd47192d62baea,2012-01-23T01:48:40-05:00,requests/async.py,88,0,0,13
requests,1fb4bd82f7f566c3e2993cb76dcd47192d62baea,2012-01-23T01:48:40-05:00,test_requests.py,719,0,0,211
requests,1fb4bd82f7f566c3e2993cb76dcd47192d62baea,2012-01-23T01:48:40-05:00,requests/compat.py,102,0,0,5
requests,1fb4bd82f7f566c3e2993cb76dcd47192d62baea,2012-01-23T01:48:40-05:00,requests/models.py,806,2,1,56
requests,1fb4bd82f7f566c3e2993cb76dcd47192d62baea,2012-01-23T01:48:40-05:00,setup.py,65,0,0,23
requests,1fb4bd82f7f566c3e2993cb76dcd47192d62baea,2012-01-23T01:48:40-05:00,requests/packages/oreos/core.py,24,1,0,0
requests,1fb4bd82f7f566c3e2993cb76dcd47192d62baea,2012-01-23T01:48:40-05:00,requests/__init__.py,34,0,0,12
requests,1fb4bd82f7f566c3e2993cb76dcd47192d62baea,2012-01-23T01:48:40-05:00,test_requests_async.py,0,0,0,58
requests,1532effb68aaa8eda8ee6a250b72de9e72c5de22,2012-03-01T17:20:01-05:00,requests/packages/oreos/monkeys.py,773,0,0,2
requests,1532effb68aaa8eda8ee6a250b72de9e72c5de22,2012-03-01T17:20:01-05:00,requests/utils.py,458,1,0,24
requests,1532effb68aaa8eda8ee6a250b72de9e72c5de22,2012-03-01T17:20:01-05:00,requests/sessions.py,300,0,0,51
requests,1532effb68aaa8eda8ee6a250b72de9e72c5de22,2012-03-01T17:20:01-05:00,requests/__init__.py,33,0,0,12
requests,1532effb68aaa8eda8ee6a250b72de9e72c5de22,2012-03-01T17:20:01-05:00,requests/async.py,106,0,0,2
requests,1532effb68aaa8eda8ee6a250b72de9e72c5de22,2012-03-01T17:20:01-05:00,requests/defaults.py,44,0,0,6
requests,1532effb68aaa8eda8ee6a250b72de9e72c5de22,2012-03-01T17:20:01-05:00,tests/test_requests_ext.py,54,0,0,62
requests,1532effb68aaa8eda8ee6a250b72de9e72c5de22,2012-03-01T17:20:01-05:00,test.py,0,0,0,14
requests,1532effb68aaa8eda8ee6a250b72de9e72c5de22,2012-03-01T17:20:01-05:00,tests/test_requests.py,803,0,0,30
requests,1532effb68aaa8eda8ee6a250b72de9e72c5de22,2012-03-01T17:20:01-05:00,requests/exceptions.py,31,0,0,1
requests,1532effb68aaa8eda8ee6a250b72de9e72c5de22,2012-03-01T17:20:01-05:00,tests/test_requests_async.py,62,0,0,6
requests,1532effb68aaa8eda8ee6a250b72de9e72c5de22,2012-03-01T17:20:01-05:00,requests/api.py,116,0,0,5
requests,1532effb68aaa8eda8ee6a250b72de9e72c5de22,2012-03-01T17:20:01-05:00,requests/auth.py,148,0,0,2
requests,1532effb68aaa8eda8ee6a250b72de9e72c5de22,2012-03-01T17:20:01-05:00,requests/models.py,796,2,1,158
requests,1532effb68aaa8eda8ee6a250b72de9e72c5de22,2012-03-01T17:20:01-05:00,requests/packages/oreos/core.py,24,1,0,0
requests,dc7029ec981a4bc12827e007ee19ab0f6f2060ea,2012-03-15T18:14:35-07:00,requests/packages/urllib3/poolmanager.py,138,0,0,4
requests,dc7029ec981a4bc12827e007ee19ab0f6f2060ea,2012-03-15T18:14:35-07:00,requests/packages/urllib3/connectionpool.py,629,0,0,134
requests,dc7029ec981a4bc12827e007ee19ab0f6f2060ea,2012-03-15T18:14:35-07:00,requests/packages/urllib3/util.py,0,0,0,136
requests,dc7029ec981a4bc12827e007ee19ab0f6f2060ea,2012-03-15T18:14:35-07:00,requests/utils.py,471,0,1,0
requests,dc7029ec981a4bc12827e007ee19ab0f6f2060ea,2012-03-15T18:14:35-07:00,requests/packages/urllib3/filepost.py,74,0,0,24
requests,dc7029ec981a4bc12827e007ee19ab0f6f2060ea,2012-03-15T18:14:35-07:00,requests/packages/urllib3/response.py,191,0,0,15
requests,dc7029ec981a4bc12827e007ee19ab0f6f2060ea,2012-03-15T18:14:35-07:00,requests/packages/urllib3/request.py,147,0,0,21
requests,dc7029ec981a4bc12827e007ee19ab0f6f2060ea,2012-03-15T18:14:35-07:00,requests/exceptions.py,32,0,0,6
requests,dc7029ec981a4bc12827e007ee19ab0f6f2060ea,2012-03-15T18:14:35-07:00,requests/api.py,117,0,0,14
requests,dc7029ec981a4bc12827e007ee19ab0f6f2060ea,2012-03-15T18:14:35-07:00,requests/sessions.py,305,0,0,14
requests,dc7029ec981a4bc12827e007ee19ab0f6f2060ea,2012-03-15T18:14:35-07:00,requests/models.py,828,2,1,50
requests,dc7029ec981a4bc12827e007ee19ab0f6f2060ea,2012-03-15T18:14:35-07:00,requests/packages/urllib3/__init__.py,48,0,0,18
requests,809d9863bf8faf0ca1a404ed809d4655ece72106,2012-05-01T06:20:52-04:00,requests/packages/oreos/monkeys.py,773,0,0,773
requests,809d9863bf8faf0ca1a404ed809d4655ece72106,2012-05-01T06:20:52-04:00,requests/utils.py,504,0,1,84
requests,809d9863bf8faf0ca1a404ed809d4655ece72106,2012-05-01T06:20:52-04:00,requests/cookies.py,0,0,0,303
requests,809d9863bf8faf0ca1a404ed809d4655ece72106,2012-05-01T06:20:52-04:00,requests/sessions.py,306,0,0,69
requests,809d9863bf8faf0ca1a404ed809d4655ece72106,2012-05-01T06:20:52-04:00,setup.py,67,0,0,59
requests,809d9863bf8faf0ca1a404ed809d4655ece72106,2012-05-01T06:20:52-04:00,requests/compat.py,105,0,0,4
requests,809d9863bf8faf0ca1a404ed809d4655ece72106,2012-05-01T06:20:52-04:00,requests/packages/oreos/structures.py,399,0,0,399
requests,809d9863bf8faf0ca1a404ed809d4655ece72106,2012-05-01T06:20:52-04:00,requests/__init__.py,33,0,0,14
requests,809d9863bf8faf0ca1a404ed809d4655ece72106,2012-05-01T06:20:52-04:00,requests/async.py,106,0,0,106
requests,809d9863bf8faf0ca1a404ed809d4655ece72106,2012-05-01T06:20:52-04:00,tests/test_requests_ext.py,112,0,0,23
requests,809d9863bf8faf0ca1a404ed809d4655ece72106,2012-05-01T06:20:52-04:00,requests/packages/oreos/cookiejar.py,0,0,0,394
requests,809d9863bf8faf0ca1a404ed809d4655ece72106,2012-05-01T06:20:52-04:00,tests/test_requests.py,841,0,0,104
requests,809d9863bf8faf0ca1a404ed809d4655ece72106,2012-05-01T06:20:52-04:00,requests/exceptions.py,41,0,0,4
requests,809d9863bf8faf0ca1a404ed809d4655ece72106,2012-05-01T06:20:52-04:00,tests/test_requests_async.py,68,0,0,88
requests,809d9863bf8faf0ca1a404ed809d4655ece72106,2012-05-01T06:20:52-04:00,requests/api.py,117,0,0,2
requests,809d9863bf8faf0ca1a404ed809d4655ece72106,2012-05-01T06:20:52-04:00,requests/hooks.py,48,0,0,5
requests,809d9863bf8faf0ca1a404ed809d4655ece72106,2012-05-01T06:20:52-04:00,tests/test_cookies.py,0,0,0,221
requests,809d9863bf8faf0ca1a404ed809d4655ece72106,2012-05-01T06:20:52-04:00,requests/packages/oreos/__init__.py,3,0,0,3
requests,809d9863bf8faf0ca1a404ed809d4655ece72106,2012-05-01T06:20:52-04:00,requests/auth.py,150,0,0,123
requests,809d9863bf8faf0ca1a404ed809d4655ece72106,2012-05-01T06:20:52-04:00,requests/models.py,844,0,1,442
requests,809d9863bf8faf0ca1a404ed809d4655ece72106,2012-05-01T06:20:52-04:00,requests/packages/oreos/core.py,24,0,0,24
requests,809d9863bf8faf0ca1a404ed809d4655ece72106,2012-05-01T06:20:52-04:00,requests/safe_mode.py,0,0,0,42
requests,324336e7f6e45ef3d97a2e64be95b5e604b393d3,2012-05-03T00:04:13+03:00,requests/packages/oreos/monkeys.py,773,0,0,773
requests,324336e7f6e45ef3d97a2e64be95b5e604b393d3,2012-05-03T00:04:13+03:00,requests/utils.py,504,0,1,29
requests,324336e7f6e45ef3d97a2e64be95b5e604b393d3,2012-05-03T00:04:13+03:00,requests/cookies.py,0,0,0,13
requests,324336e7f6e45ef3d97a2e64be95b5e604b393d3,2012-05-03T00:04:13+03:00,requests/sessions.py,306,0,0,15
requests,324336e7f6e45ef3d97a2e64be95b5e604b393d3,2012-05-03T00:04:13+03:00,setup.py,67,0,0,12
requests,324336e7f6e45ef3d97a2e64be95b5e604b393d3,2012-05-03T00:04:13+03:00,requests/packages/oreos/structures.py,399,0,0,399
requests,324336e7f6e45ef3d97a2e64be95b5e604b393d3,2012-05-03T00:04:13+03:00,requests/__init__.py,33,0,0,10
requests,324336e7f6e45ef3d97a2e64be95b5e604b393d3,2012-05-03T00:04:13+03:00,requests/structures.py,66,0,0,2
requests,324336e7f6e45ef3d97a2e64be95b5e604b393d3,2012-05-03T00:04:13+03:00,requests/async.py,106,0,0,106
requests,324336e7f6e45ef3d97a2e64be95b5e604b393d3,2012-05-03T00:04:13+03:00,tests/test_requests.py,841,0,0,78
requests,324336e7f6e45ef3d97a2e64be95b5e604b393d3,2012-05-03T00:04:13+03:00,requests/exceptions.py,41,0,0,4
requests,324336e7f6e45ef3d97a2e64be95b5e604b393d3,2012-05-03T00:04:13+03:00,tests/test_requests_async.py,68,0,0,87
requests,324336e7f6e45ef3d97a2e64be95b5e604b393d3,2012-05-03T00:04:13+03:00,requests/api.py,117,0,0,2
requests,324336e7f6e45ef3d97a2e64be95b5e604b393d3,2012-05-03T00:04:13+03:00,requests/hooks.py,48,0,0,5
requests,324336e7f6e45ef3d97a2e64be95b5e604b393d3,2012-05-03T00:04:13+03:00,tests/test_cookies.py,0,0,0,55
requests,324336e7f6e45ef3d97a2e64be95b5e604b393d3,2012-05-03T00:04:13+03:00,requests/packages/oreos/__init__.py,3,0,0,3
requests,324336e7f6e45ef3d97a2e64be95b5e604b393d3,2012-05-03T00:04:13+03:00,requests/auth.py,183,0,0,72
requests,324336e7f6e45ef3d97a2e64be95b5e604b393d3,2012-05-03T00:04:13+03:00,requests/models.py,844,0,1,181
requests,324336e7f6e45ef3d97a2e64be95b5e604b393d3,2012-05-03T00:04:13+03:00,requests/packages/oreos/core.py,24,0,0,24
requests,324336e7f6e45ef3d97a2e64be95b5e604b393d3,2012-05-03T00:04:13+03:00,requests/safe_mode.py,0,0,0,42
requests,7cf6ca80a65d56d551101e74bcdc3d03e2df7736,2012-05-04T10:59:57+05:30,requests/packages/oreos/monkeys.py,773,0,0,773
requests,7cf6ca80a65d56d551101e74bcdc3d03e2df7736,2012-05-04T10:59:57+05:30,requests/utils.py,464,0,0,13
requests,7cf6ca80a65d56d551101e74bcdc3d03e2df7736,2012-05-04T10:59:57+05:30,requests/cookies.py,264,0,0,71
requests,7cf6ca80a65d56d551101e74bcdc3d03e2df7736,2012-05-04T10:59:57+05:30,requests/sessions.py,329,0,0,14
requests,7cf6ca80a65d56d551101e74bcdc3d03e2df7736,2012-05-04T10:59:57+05:30,setup.py,81,0,0,7
requests,7cf6ca80a65d56d551101e74bcdc3d03e2df7736,2012-05-04T10:59:57+05:30,requests/packages/oreos/structures.py,399,0,0,399
requests,7cf6ca80a65d56d551101e74bcdc3d03e2df7736,2012-05-04T10:59:57+05:30,requests/__init__.py,33,0,0,6
requests,7cf6ca80a65d56d551101e74bcdc3d03e2df7736,2012-05-04T10:59:57+05:30,requests/structures.py,66,0,0,2
requests,7cf6ca80a65d56d551101e74bcdc3d03e2df7736,2012-05-04T10:59:57+05:30,requests/async.py,106,0,0,106
requests,7cf6ca80a65d56d551101e74bcdc3d03e2df7736,2012-05-04T10:59:57+05:30,tests/test_requests.py,861,0,0,50
requests,7cf6ca80a65d56d551101e74bcdc3d03e2df7736,2012-05-04T10:59:57+05:30,requests/exceptions.py,41,0,0,4
requests,7cf6ca80a65d56d551101e74bcdc3d03e2df7736,2012-05-04T10:59:57+05:30,tests/test_requests_async.py,67,0,0,87
requests,7cf6ca80a65d56d551101e74bcdc3d03e2df7736,2012-05-04T10:59:57+05:30,requests/api.py,117,0,0,3
requests,7cf6ca80a65d56d551101e74bcdc3d03e2df7736,2012-05-04T10:59:57+05:30,tests/test_cookies.py,166,0,0,64
requests,7cf6ca80a65d56d551101e74bcdc3d03e2df7736,2012-05-04T10:59:57+05:30,requests/packages/oreos/__init__.py,3,0,0,3
requests,7cf6ca80a65d56d551101e74bcdc3d03e2df7736,2012-05-04T10:59:57+05:30,requests/auth.py,189,0,0,62
requests,7cf6ca80a65d56d551101e74bcdc3d03e2df7736,2012-05-04T10:59:57+05:30,requests/models.py,832,0,0,118
requests,7cf6ca80a65d56d551101e74bcdc3d03e2df7736,2012-05-04T10:59:57+05:30,requests/packages/oreos/core.py,24,0,0,24
requests,7cf6ca80a65d56d551101e74bcdc3d03e2df7736,2012-05-04T10:59:57+05:30,requests/safe_mode.py,0,0,0,42
requests,64eb415ec0595f4ee5a59578dbbbb99200755c49,2012-05-06T18:50:42-04:00,requests/packages/oreos/monkeys.py,773,0,0,773
requests,64eb415ec0595f4ee5a59578dbbbb99200755c49,2012-05-06T18:50:42-04:00,requests/utils.py,464,0,0,13
requests,64eb415ec0595f4ee5a59578dbbbb99200755c49,2012-05-06T18:50:42-04:00,requests/cookies.py,264,0,0,71
requests,64eb415ec0595f4ee5a59578dbbbb99200755c49,2012-05-06T18:50:42-04:00,requests/sessions.py,329,0,0,14
requests,64eb415ec0595f4ee5a59578dbbbb99200755c49,2012-05-06T18:50:42-04:00,setup.py,83,0,0,7
requests,64eb415ec0595f4ee5a59578dbbbb99200755c49,2012-05-06T18:50:42-04:00,requests/packages/oreos/structures.py,399,0,0,399
requests,64eb415ec0595f4ee5a59578dbbbb99200755c49,2012-05-06T18:50:42-04:00,requests/__init__.py,33,0,0,6
requests,64eb415ec0595f4ee5a59578dbbbb99200755c49,2012-05-06T18:50:42-04:00,requests/structures.py,66,0,0,2
requests,64eb415ec0595f4ee5a59578dbbbb99200755c49,2012-05-06T18:50:42-04:00,requests/async.py,106,0,0,106
requests,64eb415ec0595f4ee5a59578dbbbb99200755c49,2012-05-06T18:50:42-04:00,tests/test_requests.py,900,0,0,21
requests,64eb415ec0595f4ee5a59578dbbbb99200755c49,2012-05-06T18:50:42-04:00,requests/exceptions.py,41,0,0,4
requests,64eb415ec0595f4ee5a59578dbbbb99200755c49,2012-05-06T18:50:42-04:00,tests/test_requests_async.py,67,0,0,87
requests,64eb415ec0595f4ee5a59578dbbbb99200755c49,2012-05-06T18:50:42-04:00,requests/api.py,117,0,0,3
requests,64eb415ec0595f4ee5a59578dbbbb99200755c49,2012-05-06T18:50:42-04:00,tests/test_cookies.py,207,0,0,23
requests,64eb415ec0595f4ee5a59578dbbbb99200755c49,2012-05-06T18:50:42-04:00,requests/packages/oreos/__init__.py,3,0,0,3
requests,64eb415ec0595f4ee5a59578dbbbb99200755c49,2012-05-06T18:50:42-04:00,requests/auth.py,191,0,0,62
requests,64eb415ec0595f4ee5a59578dbbbb99200755c49,2012-05-06T18:50:42-04:00,requests/models.py,835,0,0,112
requests,64eb415ec0595f4ee5a59578dbbbb99200755c49,2012-05-06T18:50:42-04:00,requests/packages/oreos/core.py,24,0,0,24
requests,64eb415ec0595f4ee5a59578dbbbb99200755c49,2012-05-06T18:50:42-04:00,requests/safe_mode.py,0,0,0,42
requests,32327f8f7c2f457d38130b5df664ec8f29cf3053,2012-05-10T17:01:09-05:00,requests/packages/oreos/monkeys.py,773,0,0,773
requests,32327f8f7c2f457d38130b5df664ec8f29cf3053,2012-05-10T17:01:09-05:00,requests/utils.py,464,0,0,48
requests,32327f8f7c2f457d38130b5df664ec8f29cf3053,2012-05-10T17:01:09-05:00,requests/cookies.py,261,0,0,198
requests,32327f8f7c2f457d38130b5df664ec8f29cf3053,2012-05-10T17:01:09-05:00,requests/sessions.py,323,0,0,15
requests,32327f8f7c2f457d38130b5df664ec8f29cf3053,2012-05-10T17:01:09-05:00,setup.py,83,0,0,7
requests,32327f8f7c2f457d38130b5df664ec8f29cf3053,2012-05-10T17:01:09-05:00,requests/packages/oreos/structures.py,399,0,0,399
requests,32327f8f7c2f457d38130b5df664ec8f29cf3053,2012-05-10T17:01:09-05:00,requests/async.py,0,0,0,106
requests,32327f8f7c2f457d38130b5df664ec8f29cf3053,2012-05-10T17:01:09-05:00,requests/defaults.py,51,0,0,2
requests,32327f8f7c2f457d38130b5df664ec8f29cf3053,2012-05-10T17:01:09-05:00,requests/exceptions.py,41,0,0,4
requests,32327f8f7c2f457d38130b5df664ec8f29cf3053,2012-05-10T17:01:09-05:00,tests/test_requests_async.py,77,0,0,77
requests,32327f8f7c2f457d38130b5df664ec8f29cf3053,2012-05-10T17:01:09-05:00,requests/api.py,119,0,0,4
requests,32327f8f7c2f457d38130b5df664ec8f29cf3053,2012-05-10T17:01:09-05:00,tests/test_cookies.py,207,0,0,68
requests,32327f8f7c2f457d38130b5df664ec8f29cf3053,2012-05-10T17:01:09-05:00,requests/packages/oreos/__init__.py,3,0,0,3
requests,32327f8f7c2f457d38130b5df664ec8f29cf3053,2012-05-10T17:01:09-05:00,requests/auth.py,191,0,0,62
requests,32327f8f7c2f457d38130b5df664ec8f29cf3053,2012-05-10T17:01:09-05:00,requests/models.py,831,0,0,20
requests,32327f8f7c2f457d38130b5df664ec8f29cf3053,2012-05-10T17:01:09-05:00,requests/packages/oreos/core.py,24,0,0,24
requests,32327f8f7c2f457d38130b5df664ec8f29cf3053,2012-05-10T17:01:09-05:00,requests/structures.py,66,0,0,2
requests,ba4cc326c2736f8cad7bc5c031e7c9230bd713e0,2012-05-28T16:28:31+03:00,requests/utils.py,453,0,0,15
requests,ba4cc326c2736f8cad7bc5c031e7c9230bd713e0,2012-05-28T16:28:31+03:00,requests/cookies.py,363,0,0,2
requests,ba4cc326c2736f8cad7bc5c031e7c9230bd713e0,2012-05-28T16:28:31+03:00,tests/test_requests.py,917,0,0,40
requests,ba4cc326c2736f8cad7bc5c031e7c9230bd713e0,2012-05-28T16:28:31+03:00,requests/hooks.py,51,0,0,6
requests,ba4cc326c2736f8cad7bc5c031e7c9230bd713e0,2012-05-28T16:28:31+03:00,setup.py,76,0,0,26
requests,ba4cc326c2736f8cad7bc5c031e7c9230bd713e0,2012-05-28T16:28:31+03:00,requests/models.py,835,0,0,13
requests,ba4cc326c2736f8cad7bc5c031e7c9230bd713e0,2012-05-28T16:28:31+03:00,requests/auth.py,229,0,0,130
requests,ba4cc326c2736f8cad7bc5c031e7c9230bd713e0,2012-05-28T16:28:31+03:00,requests/__init__.py,33,0,0,8
requests,8d75cdf7fede6a8059e683dd2a32cc7f42691cc6,2012-06-10T15:27:54+02:00,requests/packages/urllib3/connectionpool.py,522,0,0,5
requests,8d75cdf7fede6a8059e683dd2a32cc7f42691cc6,2012-06-10T15:27:54+02:00,requests/packages/urllib3/util.py,136,0,0,37
requests,8d75cdf7fede6a8059e683dd2a32cc7f42691cc6,2012-06-10T15:27:54+02:00,requests/packages/urllib3/filepost.py,88,0,0,13
requests,8d75cdf7fede6a8059e683dd2a32cc7f42691cc6,2012-06-10T15:27:54+02:00,requests/utils.py,455,0,0,4
requests,8d75cdf7fede6a8059e683dd2a32cc7f42691cc6,2012-06-10T15:27:54+02:00,tests/test_requests.py,949,0,0,17
requests,8d75cdf7fede6a8059e683dd2a32cc7f42691cc6,2012-06-10T15:27:54+02:00,requests/auth.py,229,0,0,6
requests,8d75cdf7fede6a8059e683dd2a32cc7f42691cc6,2012-06-10T15:27:54+02:00,setup.py,76,0,0,1
requests,8d75cdf7fede6a8059e683dd2a32cc7f42691cc6,2012-06-10T15:27:54+02:00,requests/models.py,837,0,0,5
requests,8d75cdf7fede6a8059e683dd2a32cc7f42691cc6,2012-06-10T15:27:54+02:00,requests/packages/urllib3/packages/mimetools_choose_boundary/__init__.py,47,0,0,47
requests,9a30e02962ef2bb0a8bd5ce6db28f423a9b4b896,2012-06-13T20:54:54-07:00,requests/packages/urllib3/connectionpool.py,522,0,0,11
requests,9a30e02962ef2bb0a8bd5ce6db28f423a9b4b896,2012-06-13T20:54:54-07:00,requests/packages/urllib3/util.py,136,0,0,66
requests,9a30e02962ef2bb0a8bd5ce6db28f423a9b4b896,2012-06-13T20:54:54-07:00,requests/packages/urllib3/filepost.py,88,0,0,13
requests,9a30e02962ef2bb0a8bd5ce6db28f423a9b4b896,2012-06-13T20:54:54-07:00,requests/utils.py,453,0,0,4
requests,9a30e02962ef2bb0a8bd5ce6db28f423a9b4b896,2012-06-13T20:54:54-07:00,tests/test_requests.py,917,0,0,9
requests,9a30e02962ef2bb0a8bd5ce6db28f423a9b4b896,2012-06-13T20:54:54-07:00,setup.py,76,0,0,1
requests,9a30e02962ef2bb0a8bd5ce6db28f423a9b4b896,2012-06-13T20:54:54-07:00,requests/models.py,835,0,0,7
requests,9a30e02962ef2bb0a8bd5ce6db28f423a9b4b896,2012-06-13T20:54:54-07:00,requests/auth.py,229,0,0,6
requests,9a30e02962ef2bb0a8bd5ce6db28f423a9b4b896,2012-06-13T20:54:54-07:00,requests/packages/urllib3/__init__.py,42,0,0,20
requests,9a30e02962ef2bb0a8bd5ce6db28f423a9b4b896,2012-06-13T20:54:54-07:00,requests/packages/urllib3/packages/mimetools_choose_boundary/__init__.py,47,0,0,47
requests,9abc9ad1b3e93307b6a82c54ed94faa11d43bd4f,2012-07-27T03:23:33-04:00,requests/utils.py,490,0,0,27
requests,9abc9ad1b3e93307b6a82c54ed94faa11d43bd4f,2012-07-27T03:23:33-04:00,requests/packages/chardet/universaldetector.py,154,14,0,0
requests,9abc9ad1b3e93307b6a82c54ed94faa11d43bd4f,2012-07-27T03:23:33-04:00,requests/packages/chardet/__init__.py,26,1,0,0
requests,9abc9ad1b3e93307b6a82c54ed94faa11d43bd4f,2012-07-27T03:23:33-04:00,requests/packages/chardet/hebrewprober.py,269,9,0,0
requests,9abc9ad1b3e93307b6a82c54ed94faa11d43bd4f,2012-07-27T03:23:33-04:00,requests/packages/chardet2/latin1prober.py,135,3,0,0
requests,9abc9ad1b3e93307b6a82c54ed94faa11d43bd4f,2012-07-27T03:23:33-04:00,requests/packages/chardet/codingstatemachine.py,56,1,0,0
requests,9abc9ad1b3e93307b6a82c54ed94faa11d43bd4f,2012-07-27T03:23:33-04:00,requests/sessions.py,324,0,0,64
requests,9abc9ad1b3e93307b6a82c54ed94faa11d43bd4f,2012-07-27T03:23:33-04:00,requests/packages/chardet/escprober.py,79,4,0,0
requests,9abc9ad1b3e93307b6a82c54ed94faa11d43bd4f,2012-07-27T03:23:33-04:00,requests/packages/chardet2/charsetgroupprober.py,97,8,0,0
requests,9abc9ad1b3e93307b6a82c54ed94faa11d43bd4f,2012-07-27T03:23:33-04:00,requests/packages/chardet2/mbcharsetprober.py,83,5,0,0
requests,9abc9ad1b3e93307b6a82c54ed94faa11d43bd4f,2012-07-27T03:23:33-04:00,requests/packages/chardet2/utf8prober.py,77,4,0,0
requests,9abc9ad1b3e93307b6a82c54ed94faa11d43bd4f,2012-07-27T03:23:33-04:00,tests/informal/test_leaked_connections.py,0,0,0,26
requests,9abc9ad1b3e93307b6a82c54ed94faa11d43bd4f,2012-07-27T03:23:33-04:00,tests/test_requests.py,966,0,0,172
requests,9abc9ad1b3e93307b6a82c54ed94faa11d43bd4f,2012-07-27T03:23:33-04:00,requests/packages/chardet2/__init__.py,26,1,0,0
requests,9abc9ad1b3e93307b6a82c54ed94faa11d43bd4f,2012-07-27T03:23:33-04:00,requests/packages/chardet2/codingstatemachine.py,57,1,0,0
requests,9abc9ad1b3e93307b6a82c54ed94faa11d43bd4f,2012-07-27T03:23:33-04:00,requests/packages/chardet/jpcntx.py,210,5,0,0
requests,9abc9ad1b3e93307b6a82c54ed94faa11d43bd4f,2012-07-27T03:23:33-04:00,requests/packages/chardet2/escprober.py,81,4,0,0
requests,9abc9ad1b3e93307b6a82c54ed94faa11d43bd4f,2012-07-27T03:23:33-04:00,requests/models.py,843,0,0,190
requests,9abc9ad1b3e93307b6a82c54ed94faa11d43bd4f,2012-07-27T03:23:33-04:00,requests/packages/chardet/charsetgroupprober.py,96,8,0,0
requests,9abc9ad1b3e93307b6a82c54ed94faa11d43bd4f,2012-07-27T03:23:33-04:00,requests/packages/chardet2/hebrewprober.py,269,9,0,0
requests,9abc9ad1b3e93307b6a82c54ed94faa11d43bd4f,2012-07-27T03:23:33-04:00,requests/packages/chardet/sbcsgroupprober.py,64,3,0,0
requests,9abc9ad1b3e93307b6a82c54ed94faa11d43bd4f,2012-07-27T03:23:33-04:00,requests/packages/chardet/utf8prober.py,76,4,0,0
requests,9abc9ad1b3e93307b6a82c54ed94faa11d43bd4f,2012-07-27T03:23:33-04:00,requests/safe_mode.py,38,0,0,3
requests,9abc9ad1b3e93307b6a82c54ed94faa11d43bd4f,2012-07-27T03:23:33-04:00,requests/packages/chardet/eucjpprober.py,85,4,0,0
requests,9abc9ad1b3e93307b6a82c54ed94faa11d43bd4f,2012-07-27T03:23:33-04:00,requests/packages/chardet/mbcharsetprober.py,82,5,0,0
requests,9abc9ad1b3e93307b6a82c54ed94faa11d43bd4f,2012-07-27T03:23:33-04:00,requests/packages/chardet2/sbcharsetprober.py,107,9,0,0
requests,9abc9ad1b3e93307b6a82c54ed94faa11d43bd4f,2012-07-27T03:23:33-04:00,requests/packages/chardet/latin1prober.py,136,3,0,0
requests,9abc9ad1b3e93307b6a82c54ed94faa11d43bd4f,2012-07-27T03:23:33-04:00,requests/packages/chardet2/sjisprober.py,86,5,0,0
requests,9abc9ad1b3e93307b6a82c54ed94faa11d43bd4f,2012-07-27T03:23:33-04:00,requests/packages/chardet2/eucjpprober.py,87,4,0,0
requests,9abc9ad1b3e93307b6a82c54ed94faa11d43bd4f,2012-07-27T03:23:33-04:00,requests/packages/chardet2/jpcntx.py,210,5,0,0
requests,9abc9ad1b3e93307b6a82c54ed94faa11d43bd4f,2012-07-27T03:23:33-04:00,requests/compat.py,111,0,0,4
requests,9abc9ad1b3e93307b6a82c54ed94faa11d43bd4f,2012-07-27T03:23:33-04:00,setup.py,67,0,0,2
requests,9abc9ad1b3e93307b6a82c54ed94faa11d43bd4f,2012-07-27T03:23:33-04:00,requests/__init__.py,33,0,0,8
requests,9abc9ad1b3e93307b6a82c54ed94faa11d43bd4f,2012-07-27T03:23:33-04:00,requests/packages/chardet/chardistribution.py,200,3,0,0
requests,9abc9ad1b3e93307b6a82c54ed94faa11d43bd4f,2012-07-27T03:23:33-04:00,requests/packages/chardet/sjisprober.py,85,5,0,0
requests,9abc9ad1b3e93307b6a82c54ed94faa11d43bd4f,2012-07-27T03:23:33-04:00,requests/packages/chardet2/universaldetector.py,155,14,0,0
requests,9abc9ad1b3e93307b6a82c54ed94faa11d43bd4f,2012-07-27T03:23:33-04:00,requests/packages/oauthlib/oauth2/draft25/__init__.py,497,3,0,0
requests,9abc9ad1b3e93307b6a82c54ed94faa11d43bd4f,2012-07-27T03:23:33-04:00,requests/api.py,119,0,0,17
requests,9abc9ad1b3e93307b6a82c54ed94faa11d43bd4f,2012-07-27T03:23:33-04:00,requests/packages/chardet2/mbcsgroupprober.py,50,2,0,0
requests,9abc9ad1b3e93307b6a82c54ed94faa11d43bd4f,2012-07-27T03:23:33-04:00,requests/packages/chardet2/sbcsgroupprober.py,65,3,0,0
requests,9abc9ad1b3e93307b6a82c54ed94faa11d43bd4f,2012-07-27T03:23:33-04:00,requests/packages/chardet/sbcharsetprober.py,106,9,0,0
requests,9abc9ad1b3e93307b6a82c54ed94faa11d43bd4f,2012-07-27T03:23:33-04:00,requests/packages/chardet2/chardistribution.py,200,3,0,0
requests,9abc9ad1b3e93307b6a82c54ed94faa11d43bd4f,2012-07-27T03:23:33-04:00,requests/packages/chardet/mbcsgroupprober.py,50,2,0,0
requests,02dcc40acd53ffbabd9c1d4bdd584ea8491a739d,2012-07-27T09:49:39+01:00,requests/utils.py,490,0,0,27
requests,02dcc40acd53ffbabd9c1d4bdd584ea8491a739d,2012-07-27T09:49:39+01:00,requests/packages/chardet/universaldetector.py,154,14,0,0
requests,02dcc40acd53ffbabd9c1d4bdd584ea8491a739d,2012-07-27T09:49:39+01:00,requests/packages/chardet/__init__.py,26,1,0,0
requests,02dcc40acd53ffbabd9c1d4bdd584ea8491a739d,2012-07-27T09:49:39+01:00,requests/packages/chardet/hebrewprober.py,269,9,0,0
requests,02dcc40acd53ffbabd9c1d4bdd584ea8491a739d,2012-07-27T09:49:39+01:00,requests/packages/chardet2/latin1prober.py,135,3,0,0
requests,02dcc40acd53ffbabd9c1d4bdd584ea8491a739d,2012-07-27T09:49:39+01:00,requests/packages/chardet/codingstatemachine.py,56,1,0,0
requests,02dcc40acd53ffbabd9c1d4bdd584ea8491a739d,2012-07-27T09:49:39+01:00,requests/sessions.py,324,0,0,64
requests,02dcc40acd53ffbabd9c1d4bdd584ea8491a739d,2012-07-27T09:49:39+01:00,requests/packages/chardet/escprober.py,79,4,0,0
requests,02dcc40acd53ffbabd9c1d4bdd584ea8491a739d,2012-07-27T09:49:39+01:00,requests/packages/chardet2/charsetgroupprober.py,97,8,0,0
requests,02dcc40acd53ffbabd9c1d4bdd584ea8491a739d,2012-07-27T09:49:39+01:00,requests/packages/chardet2/mbcharsetprober.py,83,5,0,0
requests,02dcc40acd53ffbabd9c1d4bdd584ea8491a739d,2012-07-27T09:49:39+01:00,requests/packages/chardet2/utf8prober.py,77,4,0,0
requests,02dcc40acd53ffbabd9c1d4bdd584ea8491a739d,2012-07-27T09:49:39+01:00,tests/informal/test_leaked_connections.py,0,0,0,26
requests,02dcc40acd53ffbabd9c1d4bdd584ea8491a739d,2012-07-27T09:49:39+01:00,tests/test_requests.py,977,0,0,172
requests,02dcc40acd53ffbabd9c1d4bdd584ea8491a739d,2012-07-27T09:49:39+01:00,requests/packages/chardet2/__init__.py,26,1,0,0
requests,02dcc40acd53ffbabd9c1d4bdd584ea8491a739d,2012-07-27T09:49:39+01:00,requests/packages/chardet2/codingstatemachine.py,57,1,0,0
requests,02dcc40acd53ffbabd9c1d4bdd584ea8491a739d,2012-07-27T09:49:39+01:00,requests/packages/chardet/jpcntx.py,210,5,0,0
requests,02dcc40acd53ffbabd9c1d4bdd584ea8491a739d,2012-07-27T09:49:39+01:00,requests/packages/chardet2/escprober.py,81,4,0,0
requests,02dcc40acd53ffbabd9c1d4bdd584ea8491a739d,2012-07-27T09:49:39+01:00,requests/models.py,843,0,0,190
requests,02dcc40acd53ffbabd9c1d4bdd584ea8491a739d,2012-07-27T09:49:39+01:00,requests/packages/chardet/charsetgroupprober.py,96,8,0,0
requests,02dcc40acd53ffbabd9c1d4bdd584ea8491a739d,2012-07-27T09:49:39+01:00,requests/packages/chardet2/hebrewprober.py,269,9,0,0
requests,02dcc40acd53ffbabd9c1d4bdd584ea8491a739d,2012-07-27T09:49:39+01:00,requests/packages/chardet/sbcsgroupprober.py,64,3,0,0
requests,02dcc40acd53ffbabd9c1d4bdd584ea8491a739d,2012-07-27T09:49:39+01:00,requests/packages/chardet/utf8prober.py,76,4,0,0
requests,02dcc40acd53ffbabd9c1d4bdd584ea8491a739d,2012-07-27T09:49:39+01:00,requests/safe_mode.py,38,0,0,3
requests,02dcc40acd53ffbabd9c1d4bdd584ea8491a739d,2012-07-27T09:49:39+01:00,requests/packages/chardet/eucjpprober.py,85,4,0,0
requests,02dcc40acd53ffbabd9c1d4bdd584ea8491a739d,2012-07-27T09:49:39+01:00,requests/packages/chardet/mbcharsetprober.py,82,5,0,0
requests,02dcc40acd53ffbabd9c1d4bdd584ea8491a739d,2012-07-27T09:49:39+01:00,requests/packages/chardet2/sbcharsetprober.py,107,9,0,0
requests,02dcc40acd53ffbabd9c1d4bdd584ea8491a739d,2012-07-27T09:49:39+01:00,requests/packages/chardet/latin1prober.py,136,3,0,0
requests,02dcc40acd53ffbabd9c1d4bdd584ea8491a739d,2012-07-27T09:49:39+01:00,requests/packages/chardet2/sjisprober.py,86,5,0,0
requests,02dcc40acd53ffbabd9c1d4bdd584ea8491a739d,2012-07-27T09:49:39+01:00,requests/packages/chardet2/eucjpprober.py,87,4,0,0
requests,02dcc40acd53ffbabd9c1d4bdd584ea8491a739d,2012-07-27T09:49:39+01:00,requests/packages/chardet2/jpcntx.py,210,5,0,0
requests,02dcc40acd53ffbabd9c1d4bdd584ea8491a739d,2012-07-27T09:49:39+01:00,requests/compat.py,111,0,0,4
requests,02dcc40acd53ffbabd9c1d4bdd584ea8491a739d,2012-07-27T09:49:39+01:00,setup.py,67,0,0,2
requests,02dcc40acd53ffbabd9c1d4bdd584ea8491a739d,2012-07-27T09:49:39+01:00,requests/__init__.py,33,0,0,4
requests,02dcc40acd53ffbabd9c1d4bdd584ea8491a739d,2012-07-27T09:49:39+01:00,requests/packages/chardet/chardistribution.py,200,3,0,0
requests,02dcc40acd53ffbabd9c1d4bdd584ea8491a739d,2012-07-27T09:49:39+01:00,requests/packages/chardet/sjisprober.py,85,5,0,0
requests,02dcc40acd53ffbabd9c1d4bdd584ea8491a739d,2012-07-27T09:49:39+01:00,requests/packages/chardet2/universaldetector.py,155,14,0,0
requests,02dcc40acd53ffbabd9c1d4bdd584ea8491a739d,2012-07-27T09:49:39+01:00,requests/packages/oauthlib/oauth2/draft25/__init__.py,497,3,0,0
requests,02dcc40acd53ffbabd9c1d4bdd584ea8491a739d,2012-07-27T09:49:39+01:00,requests/api.py,119,0,0,17
requests,02dcc40acd53ffbabd9c1d4bdd584ea8491a739d,2012-07-27T09:49:39+01:00,requests/packages/chardet2/mbcsgroupprober.py,50,2,0,0
requests,02dcc40acd53ffbabd9c1d4bdd584ea8491a739d,2012-07-27T09:49:39+01:00,requests/packages/chardet2/sbcsgroupprober.py,65,3,0,0
requests,02dcc40acd53ffbabd9c1d4bdd584ea8491a739d,2012-07-27T09:49:39+01:00,requests/packages/chardet/sbcharsetprober.py,106,9,0,0
requests,02dcc40acd53ffbabd9c1d4bdd584ea8491a739d,2012-07-27T09:49:39+01:00,requests/packages/chardet2/chardistribution.py,200,3,0,0
requests,02dcc40acd53ffbabd9c1d4bdd584ea8491a739d,2012-07-27T09:49:39+01:00,requests/packages/chardet/mbcsgroupprober.py,50,2,0,0
requests,a0df2cbb10419037d11d04352b3175405ab52941,2012-09-12T23:36:36-07:00,requests/utils.py,580,2,0,0
requests,a0df2cbb10419037d11d04352b3175405ab52941,2012-09-12T23:36:36-07:00,requests/packages/chardet/universaldetector.py,154,14,0,0
requests,a0df2cbb10419037d11d04352b3175405ab52941,2012-09-12T23:36:36-07:00,requests/packages/chardet/__init__.py,26,1,0,0
requests,a0df2cbb10419037d11d04352b3175405ab52941,2012-09-12T23:36:36-07:00,requests/packages/chardet/hebrewprober.py,269,9,0,0
requests,a0df2cbb10419037d11d04352b3175405ab52941,2012-09-12T23:36:36-07:00,requests/packages/chardet2/latin1prober.py,135,3,0,0
requests,a0df2cbb10419037d11d04352b3175405ab52941,2012-09-12T23:36:36-07:00,requests/packages/chardet/codingstatemachine.py,56,1,0,0
requests,a0df2cbb10419037d11d04352b3175405ab52941,2012-09-12T23:36:36-07:00,requests/packages/chardet/escprober.py,79,4,0,0
requests,a0df2cbb10419037d11d04352b3175405ab52941,2012-09-12T23:36:36-07:00,requests/packages/chardet2/charsetgroupprober.py,97,8,0,0
requests,a0df2cbb10419037d11d04352b3175405ab52941,2012-09-12T23:36:36-07:00,requests/packages/chardet2/mbcharsetprober.py,83,5,0,0
requests,a0df2cbb10419037d11d04352b3175405ab52941,2012-09-12T23:36:36-07:00,requests/packages/chardet2/utf8prober.py,77,4,0,0
requests,a0df2cbb10419037d11d04352b3175405ab52941,2012-09-12T23:36:36-07:00,tests/test_requests.py,1145,0,0,34
requests,a0df2cbb10419037d11d04352b3175405ab52941,2012-09-12T23:36:36-07:00,requests/packages/chardet2/__init__.py,26,1,0,0
requests,a0df2cbb10419037d11d04352b3175405ab52941,2012-09-12T23:36:36-07:00,requests/packages/chardet2/codingstatemachine.py,57,1,0,0
requests,a0df2cbb10419037d11d04352b3175405ab52941,2012-09-12T23:36:36-07:00,requests/packages/chardet/jpcntx.py,210,5,0,0
requests,a0df2cbb10419037d11d04352b3175405ab52941,2012-09-12T23:36:36-07:00,requests/packages/chardet2/escprober.py,81,4,0,0
requests,a0df2cbb10419037d11d04352b3175405ab52941,2012-09-12T23:36:36-07:00,requests/models.py,888,0,0,16
requests,a0df2cbb10419037d11d04352b3175405ab52941,2012-09-12T23:36:36-07:00,requests/packages/chardet/charsetgroupprober.py,96,8,0,0
requests,a0df2cbb10419037d11d04352b3175405ab52941,2012-09-12T23:36:36-07:00,requests/packages/chardet2/hebrewprober.py,269,9,0,0
requests,a0df2cbb10419037d11d04352b3175405ab52941,2012-09-12T23:36:36-07:00,requests/packages/chardet/sbcsgroupprober.py,64,3,0,0
requests,a0df2cbb10419037d11d04352b3175405ab52941,2012-09-12T23:36:36-07:00,requests/packages/chardet/utf8prober.py,76,4,0,0
requests,a0df2cbb10419037d11d04352b3175405ab52941,2012-09-12T23:36:36-07:00,requests/packages/urllib3/connectionpool.py,570,0,0,14
requests,a0df2cbb10419037d11d04352b3175405ab52941,2012-09-12T23:36:36-07:00,requests/packages/chardet/eucjpprober.py,85,4,0,0
requests,a0df2cbb10419037d11d04352b3175405ab52941,2012-09-12T23:36:36-07:00,requests/packages/chardet/mbcharsetprober.py,82,5,0,0
requests,a0df2cbb10419037d11d04352b3175405ab52941,2012-09-12T23:36:36-07:00,requests/packages/chardet2/sbcharsetprober.py,107,9,0,0
requests,a0df2cbb10419037d11d04352b3175405ab52941,2012-09-12T23:36:36-07:00,requests/packages/chardet/latin1prober.py,136,3,0,0
requests,a0df2cbb10419037d11d04352b3175405ab52941,2012-09-12T23:36:36-07:00,requests/packages/chardet2/sjisprober.py,86,5,0,0
requests,a0df2cbb10419037d11d04352b3175405ab52941,2012-09-12T23:36:36-07:00,requests/packages/chardet2/eucjpprober.py,87,4,0,0
requests,a0df2cbb10419037d11d04352b3175405ab52941,2012-09-12T23:36:36-07:00,requests/packages/chardet2/jpcntx.py,210,5,0,0
requests,a0df2cbb10419037d11d04352b3175405ab52941,2012-09-12T23:36:36-07:00,requests/defaults.py,50,0,0,2
requests,a0df2cbb10419037d11d04352b3175405ab52941,2012-09-12T23:36:36-07:00,requests/packages/chardet/chardistribution.py,200,3,0,0
requests,a0df2cbb10419037d11d04352b3175405ab52941,2012-09-12T23:36:36-07:00,requests/packages/chardet/sjisprober.py,85,5,0,0
requests,a0df2cbb10419037d11d04352b3175405ab52941,2012-09-12T23:36:36-07:00,requests/packages/chardet2/universaldetector.py,155,14,0,0
requests,a0df2cbb10419037d11d04352b3175405ab52941,2012-09-12T23:36:36-07:00,requests/packages/oauthlib/oauth2/draft25/__init__.py,497,3,0,0
requests,a0df2cbb10419037d11d04352b3175405ab52941,2012-09-12T23:36:36-07:00,requests/packages/chardet2/mbcsgroupprober.py,50,2,0,0
requests,a0df2cbb10419037d11d04352b3175405ab52941,2012-09-12T23:36:36-07:00,requests/packages/chardet2/sbcsgroupprober.py,65,3,0,0
requests,a0df2cbb10419037d11d04352b3175405ab52941,2012-09-12T23:36:36-07:00,requests/packages/chardet/sbcharsetprober.py,106,9,0,0
requests,a0df2cbb10419037d11d04352b3175405ab52941,2012-09-12T23:36:36-07:00,requests/packages/chardet2/chardistribution.py,200,3,0,0
requests,a0df2cbb10419037d11d04352b3175405ab52941,2012-09-12T23:36:36-07:00,requests/packages/chardet/mbcsgroupprober.py,50,2,0,0
requests,ccf55045a65d17630bfe28c7b90e99c318b7c6f5,2012-10-02T00:43:21-04:00,requests/utils.py,577,2,0,12
requests,ccf55045a65d17630bfe28c7b90e99c318b7c6f5,2012-10-02T00:43:21-04:00,requests/packages/chardet/universaldetector.py,154,14,0,0
requests,ccf55045a65d17630bfe28c7b90e99c318b7c6f5,2012-10-02T00:43:21-04:00,requests/packages/chardet/__init__.py,26,1,0,0
requests,ccf55045a65d17630bfe28c7b90e99c318b7c6f5,2012-10-02T00:43:21-04:00,requests/packages/chardet/hebrewprober.py,269,9,0,0
requests,ccf55045a65d17630bfe28c7b90e99c318b7c6f5,2012-10-02T00:43:21-04:00,requests/packages/chardet2/latin1prober.py,135,3,0,0
requests,ccf55045a65d17630bfe28c7b90e99c318b7c6f5,2012-10-02T00:43:21-04:00,requests/packages/chardet/codingstatemachine.py,56,1,0,0
requests,ccf55045a65d17630bfe28c7b90e99c318b7c6f5,2012-10-02T00:43:21-04:00,requests/packages/chardet/escprober.py,79,4,0,0
requests,ccf55045a65d17630bfe28c7b90e99c318b7c6f5,2012-10-02T00:43:21-04:00,requests/packages/chardet2/charsetgroupprober.py,97,8,0,0
requests,ccf55045a65d17630bfe28c7b90e99c318b7c6f5,2012-10-02T00:43:21-04:00,requests/packages/chardet2/mbcharsetprober.py,83,5,0,0
requests,ccf55045a65d17630bfe28c7b90e99c318b7c6f5,2012-10-02T00:43:21-04:00,requests/packages/chardet2/utf8prober.py,77,4,0,0
requests,ccf55045a65d17630bfe28c7b90e99c318b7c6f5,2012-10-02T00:43:21-04:00,tests/informal/test_leaked_connections.py,27,0,0,6
requests,ccf55045a65d17630bfe28c7b90e99c318b7c6f5,2012-10-02T00:43:21-04:00,tests/test_requests.py,1179,0,0,40
requests,ccf55045a65d17630bfe28c7b90e99c318b7c6f5,2012-10-02T00:43:21-04:00,docs/conf.py,244,0,0,2
requests,ccf55045a65d17630bfe28c7b90e99c318b7c6f5,2012-10-02T00:43:21-04:00,tests/test_requests_https.py,32,0,0,4
requests,ccf55045a65d17630bfe28c7b90e99c318b7c6f5,2012-10-02T00:43:21-04:00,requests/packages/chardet2/__init__.py,26,1,0,0
requests,ccf55045a65d17630bfe28c7b90e99c318b7c6f5,2012-10-02T00:43:21-04:00,requests/packages/chardet2/codingstatemachine.py,57,1,0,0
requests,ccf55045a65d17630bfe28c7b90e99c318b7c6f5,2012-10-02T00:43:21-04:00,requests/packages/chardet/jpcntx.py,210,5,0,0
requests,ccf55045a65d17630bfe28c7b90e99c318b7c6f5,2012-10-02T00:43:21-04:00,requests/hooks.py,49,0,0,1
requests,ccf55045a65d17630bfe28c7b90e99c318b7c6f5,2012-10-02T00:43:21-04:00,requests/packages/chardet2/escprober.py,81,4,0,0
requests,ccf55045a65d17630bfe28c7b90e99c318b7c6f5,2012-10-02T00:43:21-04:00,requests/auth.py,382,0,0,2
requests,ccf55045a65d17630bfe28c7b90e99c318b7c6f5,2012-10-02T00:43:21-04:00,requests/models.py,892,0,0,22
requests,ccf55045a65d17630bfe28c7b90e99c318b7c6f5,2012-10-02T00:43:21-04:00,requests/packages/chardet/charsetgroupprober.py,96,8,0,0
requests,ccf55045a65d17630bfe28c7b90e99c318b7c6f5,2012-10-02T00:43:21-04:00,requests/packages/chardet2/hebrewprober.py,269,9,0,0
requests,ccf55045a65d17630bfe28c7b90e99c318b7c6f5,2012-10-02T00:43:21-04:00,requests/packages/chardet/sbcsgroupprober.py,64,3,0,0
requests,ccf55045a65d17630bfe28c7b90e99c318b7c6f5,2012-10-02T00:43:21-04:00,requests/packages/chardet/utf8prober.py,76,4,0,0
requests,ccf55045a65d17630bfe28c7b90e99c318b7c6f5,2012-10-02T00:43:21-04:00,requests/packages/chardet/eucjpprober.py,85,4,0,0
requests,ccf55045a65d17630bfe28c7b90e99c318b7c6f5,2012-10-02T00:43:21-04:00,requests/cookies.py,377,0,0,24
requests,ccf55045a65d17630bfe28c7b90e99c318b7c6f5,2012-10-02T00:43:21-04:00,requests/packages/chardet/mbcharsetprober.py,82,5,0,0
requests,ccf55045a65d17630bfe28c7b90e99c318b7c6f5,2012-10-02T00:43:21-04:00,requests/packages/chardet2/sbcharsetprober.py,107,9,0,0
requests,ccf55045a65d17630bfe28c7b90e99c318b7c6f5,2012-10-02T00:43:21-04:00,requests/packages/chardet/latin1prober.py,136,3,0,0
requests,ccf55045a65d17630bfe28c7b90e99c318b7c6f5,2012-10-02T00:43:21-04:00,requests/packages/chardet2/sjisprober.py,86,5,0,0
requests,ccf55045a65d17630bfe28c7b90e99c318b7c6f5,2012-10-02T00:43:21-04:00,requests/packages/chardet2/eucjpprober.py,87,4,0,0
requests,ccf55045a65d17630bfe28c7b90e99c318b7c6f5,2012-10-02T00:43:21-04:00,requests/packages/chardet2/jpcntx.py,210,5,0,0
requests,ccf55045a65d17630bfe28c7b90e99c318b7c6f5,2012-10-02T00:43:21-04:00,requests/compat.py,119,0,0,2
requests,ccf55045a65d17630bfe28c7b90e99c318b7c6f5,2012-10-02T00:43:21-04:00,setup.py,73,0,0,2
requests,ccf55045a65d17630bfe28c7b90e99c318b7c6f5,2012-10-02T00:43:21-04:00,requests/__init__.py,60,0,0,4
requests,ccf55045a65d17630bfe28c7b90e99c318b7c6f5,2012-10-02T00:43:21-04:00,tests/test_requests_ext.py,123,0,0,3
requests,ccf55045a65d17630bfe28c7b90e99c318b7c6f5,2012-10-02T00:43:21-04:00,requests/packages/chardet/chardistribution.py,200,3,0,0
requests,ccf55045a65d17630bfe28c7b90e99c318b7c6f5,2012-10-02T00:43:21-04:00,requests/packages/chardet/sjisprober.py,85,5,0,0
requests,ccf55045a65d17630bfe28c7b90e99c318b7c6f5,2012-10-02T00:43:21-04:00,requests/packages/chardet2/universaldetector.py,155,14,0,0
requests,ccf55045a65d17630bfe28c7b90e99c318b7c6f5,2012-10-02T00:43:21-04:00,requests/packages/oauthlib/oauth2/draft25/__init__.py,497,3,0,0
requests,ccf55045a65d17630bfe28c7b90e99c318b7c6f5,2012-10-02T00:43:21-04:00,tests/test_proxies.py,27,0,0,12
requests,ccf55045a65d17630bfe28c7b90e99c318b7c6f5,2012-10-02T00:43:21-04:00,requests/packages/chardet2/mbcsgroupprober.py,50,2,0,0
requests,ccf55045a65d17630bfe28c7b90e99c318b7c6f5,2012-10-02T00:43:21-04:00,requests/packages/chardet2/sbcsgroupprober.py,65,3,0,0
requests,ccf55045a65d17630bfe28c7b90e99c318b7c6f5,2012-10-02T00:43:21-04:00,requests/packages/chardet/sbcharsetprober.py,106,9,0,0
requests,ccf55045a65d17630bfe28c7b90e99c318b7c6f5,2012-10-02T00:43:21-04:00,requests/packages/chardet2/chardistribution.py,200,3,0,0
requests,ccf55045a65d17630bfe28c7b90e99c318b7c6f5,2012-10-02T00:43:21-04:00,requests/packages/chardet/mbcsgroupprober.py,50,2,0,0
requests,0792acc1305b42a8d3f3160f1e23fd4751ec9dc8,2012-11-17T10:57:26+00:00,requests/packages/chardet/mbcssm.py,514,0,0,2056
requests,0792acc1305b42a8d3f3160f1e23fd4751ec9dc8,2012-11-17T10:57:26+00:00,requests/packages/chardet/hebrewprober.py,269,9,0,1076
requests,0792acc1305b42a8d3f3160f1e23fd4751ec9dc8,2012-11-17T10:57:26+00:00,requests/packages/chardet2/latin1prober.py,135,3,0,135
requests,0792acc1305b42a8d3f3160f1e23fd4751ec9dc8,2012-11-17T10:57:26+00:00,requests/packages/charade/gb2312prober.py,0,0,0,42
requests,0792acc1305b42a8d3f3160f1e23fd4751ec9dc8,2012-11-17T10:57:26+00:00,requests/sessions.py,355,0,0,37
requests,0792acc1305b42a8d3f3160f1e23fd4751ec9dc8,2012-11-17T10:57:26+00:00,requests/packages/chardet/compat.py,0,0,0,12
requests,0792acc1305b42a8d3f3160f1e23fd4751ec9dc8,2012-11-17T10:57:26+00:00,requests/packages/chardet2/escsm.py,240,0,0,240
requests,0792acc1305b42a8d3f3160f1e23fd4751ec9dc8,2012-11-17T10:57:26+00:00,requests/packages/oauthlib/oauth1/rfc5849/parameters.py,134,0,0,134
requests,0792acc1305b42a8d3f3160f1e23fd4751ec9dc8,2012-11-17T10:57:26+00:00,requests/packages/chardet2/mbcharsetprober.py,83,5,0,83
requests,0792acc1305b42a8d3f3160f1e23fd4751ec9dc8,2012-11-17T10:57:26+00:00,requests/async.py,0,0,0,0
requests,0792acc1305b42a8d3f3160f1e23fd4751ec9dc8,2012-11-17T10:57:26+00:00,requests/packages/charade/langbulgarianmodel.py,0,0,0,262
requests,0792acc1305b42a8d3f3160f1e23fd4751ec9dc8,2012-11-17T10:57:26+00:00,requests/packages/chardet/langgreekmodel.py,225,0,0,900
requests,0792acc1305b42a8d3f3160f1e23fd4751ec9dc8,2012-11-17T10:57:26+00:00,requests/packages/chardet2/__init__.py,26,1,0,26
requests,0792acc1305b42a8d3f3160f1e23fd4751ec9dc8,2012-11-17T10:57:26+00:00,requests/packages/charade/langhungarianmodel.py,0,0,0,225
requests,0792acc1305b42a8d3f3160f1e23fd4751ec9dc8,2012-11-17T10:57:26+00:00,requests/packages/chardet/big5freq.py,923,0,0,0
requests,0792acc1305b42a8d3f3160f1e23fd4751ec9dc8,2012-11-17T10:57:26+00:00,requests/models.py,909,0,0,44
requests,0792acc1305b42a8d3f3160f1e23fd4751ec9dc8,2012-11-17T10:57:26+00:00,requests/packages/chardet2/hebrewprober.py,269,9,0,269
requests,0792acc1305b42a8d3f3160f1e23fd4751ec9dc8,2012-11-17T10:57:26+00:00,requests/packages/chardet2/euckrfreq.py,594,0,0,594
requests,0792acc1305b42a8d3f3160f1e23fd4751ec9dc8,2012-11-17T10:57:26+00:00,requests/packages/chardet/eucjpprober.py,85,4,0,346
requests,0792acc1305b42a8d3f3160f1e23fd4751ec9dc8,2012-11-17T10:57:26+00:00,requests/packages/chardet/euckrfreq.py,594,0,0,0
requests,0792acc1305b42a8d3f3160f1e23fd4751ec9dc8,2012-11-17T10:57:26+00:00,requests/packages/charade/escprober.py,0,0,0,84
requests,0792acc1305b42a8d3f3160f1e23fd4751ec9dc8,2012-11-17T10:57:26+00:00,requests/packages/oauthlib/oauth2/draft25/tokens.py,132,0,0,132
requests,0792acc1305b42a8d3f3160f1e23fd4751ec9dc8,2012-11-17T10:57:26+00:00,requests/packages/chardet2/sbcharsetprober.py,107,9,0,107
requests,0792acc1305b42a8d3f3160f1e23fd4751ec9dc8,2012-11-17T10:57:26+00:00,requests/packages/chardet/latin1prober.py,136,3,0,562
requests,0792acc1305b42a8d3f3160f1e23fd4751ec9dc8,2012-11-17T10:57:26+00:00,requests/packages/chardet2/sjisprober.py,86,5,0,86
requests,0792acc1305b42a8d3f3160f1e23fd4751ec9dc8,2012-11-17T10:57:26+00:00,requests/compat.py,119,0,0,12
requests,0792acc1305b42a8d3f3160f1e23fd4751ec9dc8,2012-11-17T10:57:26+00:00,requests/packages/oauthlib/__init__.py,0,0,0,0
requests,0792acc1305b42a8d3f3160f1e23fd4751ec9dc8,2012-11-17T10:57:26+00:00,requests/packages/charade/sbcharsetprober.py,0,0,0,123
requests,0792acc1305b42a8d3f3160f1e23fd4751ec9dc8,2012-11-17T10:57:26+00:00,requests/packages/charade/charsetgroupprober.py,0,0,0,107
requests,0792acc1305b42a8d3f3160f1e23fd4751ec9dc8,2012-11-17T10:57:26+00:00,requests/packages/oauthlib/oauth1/rfc5849/signature.py,551,0,0,551
requests,0792acc1305b42a8d3f3160f1e23fd4751ec9dc8,2012-11-17T10:57:26+00:00,requests/defaults.py,50,0,0,5
requests,0792acc1305b42a8d3f3160f1e23fd4751ec9dc8,2012-11-17T10:57:26+00:00,requests/packages/chardet2/mbcssm.py,514,0,0,514
requests,0792acc1305b42a8d3f3160f1e23fd4751ec9dc8,2012-11-17T10:57:26+00:00,requests/packages/charade/big5freq.py,0,0,0,923
requests,0792acc1305b42a8d3f3160f1e23fd4751ec9dc8,2012-11-17T10:57:26+00:00,requests/packages/oauthlib/oauth2/draft25/__init__.py,497,3,0,497
requests,0792acc1305b42a8d3f3160f1e23fd4751ec9dc8,2012-11-17T10:57:26+00:00,requests/packages/charade/constants.py,0,0,0,39
requests,0792acc1305b42a8d3f3160f1e23fd4751ec9dc8,2012-11-17T10:57:26+00:00,requests/packages/chardet2/langgreekmodel.py,225,0,0,225
requests,0792acc1305b42a8d3f3160f1e23fd4751ec9dc8,2012-11-17T10:57:26+00:00,requests/packages/chardet/jisfreq.py,567,0,0,0
requests,0792acc1305b42a8d3f3160f1e23fd4751ec9dc8,2012-11-17T10:57:26+00:00,requests/packages/chardet/gb2312prober.py,41,0,0,164
requests,0792acc1305b42a8d3f3160f1e23fd4751ec9dc8,2012-11-17T10:57:26+00:00,requests/packages/charade/chardistribution.py,0,0,0,228
requests,0792acc1305b42a8d3f3160f1e23fd4751ec9dc8,2012-11-17T10:57:26+00:00,requests/packages/chardet/langhebrewmodel.py,201,0,0,804
requests,0792acc1305b42a8d3f3160f1e23fd4751ec9dc8,2012-11-17T10:57:26+00:00,requests/utils.py,623,2,0,55
requests,0792acc1305b42a8d3f3160f1e23fd4751ec9dc8,2012-11-17T10:57:26+00:00,requests/packages/chardet2/gb2312prober.py,41,0,0,41
requests,0792acc1305b42a8d3f3160f1e23fd4751ec9dc8,2012-11-17T10:57:26+00:00,requests/packages/chardet/__init__.py,26,1,0,104
requests,0792acc1305b42a8d3f3160f1e23fd4751ec9dc8,2012-11-17T10:57:26+00:00,requests/packages/chardet/langthaimodel.py,200,0,0,800
requests,0792acc1305b42a8d3f3160f1e23fd4751ec9dc8,2012-11-17T10:57:26+00:00,requests/packages/charade/langthaimodel.py,0,0,0,200
requests,0792acc1305b42a8d3f3160f1e23fd4751ec9dc8,2012-11-17T10:57:26+00:00,requests/packages/charade/langhebrewmodel.py,0,0,0,201
requests,0792acc1305b42a8d3f3160f1e23fd4751ec9dc8,2012-11-17T10:57:26+00:00,requests/packages/chardet/langhungarianmodel.py,225,0,0,900
requests,0792acc1305b42a8d3f3160f1e23fd4751ec9dc8,2012-11-17T10:57:26+00:00,requests/packages/oauthlib/oauth2/__init__.py,13,0,0,13
requests,0792acc1305b42a8d3f3160f1e23fd4751ec9dc8,2012-11-17T10:57:26+00:00,requests/packages/chardet2/charsetgroupprober.py,97,8,0,97
requests,0792acc1305b42a8d3f3160f1e23fd4751ec9dc8,2012-11-17T10:57:26+00:00,requests/packages/chardet2/utf8prober.py,77,4,0,77
requests,0792acc1305b42a8d3f3160f1e23fd4751ec9dc8,2012-11-17T10:57:26+00:00,requests/packages/oauthlib/oauth2/draft25/utils.py,39,0,0,39
requests,0792acc1305b42a8d3f3160f1e23fd4751ec9dc8,2012-11-17T10:57:26+00:00,requests/packages/charade/euctwprober.py,0,0,0,42
requests,0792acc1305b42a8d3f3160f1e23fd4751ec9dc8,2012-11-17T10:57:26+00:00,requests/packages/charade/gb2312freq.py,0,0,0,471
requests,0792acc1305b42a8d3f3160f1e23fd4751ec9dc8,2012-11-17T10:57:26+00:00,requests/packages/chardet2/langbulgarianmodel.py,228,0,0,228
requests,0792acc1305b42a8d3f3160f1e23fd4751ec9dc8,2012-11-17T10:57:26+00:00,requests/packages/chardet2/escprober.py,81,4,0,81
requests,0792acc1305b42a8d3f3160f1e23fd4751ec9dc8,2012-11-17T10:57:26+00:00,requests/packages/chardet/euctwprober.py,41,0,0,164
requests,0792acc1305b42a8d3f3160f1e23fd4751ec9dc8,2012-11-17T10:57:26+00:00,requests/auth.py,382,0,0,34
requests,0792acc1305b42a8d3f3160f1e23fd4751ec9dc8,2012-11-17T10:57:26+00:00,requests/safe_mode.py,40,0,0,50
requests,0792acc1305b42a8d3f3160f1e23fd4751ec9dc8,2012-11-17T10:57:26+00:00,requests/packages/charade/codingstatemachine.py,0,0,0,64
requests,0792acc1305b42a8d3f3160f1e23fd4751ec9dc8,2012-11-17T10:57:26+00:00,requests/packages/chardet2/jpcntx.py,210,5,0,210
requests,0792acc1305b42a8d3f3160f1e23fd4751ec9dc8,2012-11-17T10:57:26+00:00,requests/packages/charade/eucjpprober.py,0,0,0,89
requests,0792acc1305b42a8d3f3160f1e23fd4751ec9dc8,2012-11-17T10:57:26+00:00,requests/packages/chardet/sjisprober.py,85,5,0,343
requests,0792acc1305b42a8d3f3160f1e23fd4751ec9dc8,2012-11-17T10:57:26+00:00,requests/packages/chardet2/universaldetector.py,155,14,0,155
requests,0792acc1305b42a8d3f3160f1e23fd4751ec9dc8,2012-11-17T10:57:26+00:00,requests/packages/oauthlib/common.py,229,0,0,229
requests,0792acc1305b42a8d3f3160f1e23fd4751ec9dc8,2012-11-17T10:57:26+00:00,requests/api.py,130,0,0,2
requests,0792acc1305b42a8d3f3160f1e23fd4751ec9dc8,2012-11-17T10:57:26+00:00,requests/packages/charade/mbcssm.py,0,0,0,529
requests,0792acc1305b42a8d3f3160f1e23fd4751ec9dc8,2012-11-17T10:57:26+00:00,requests/packages/chardet2/charsetprober.py,61,0,0,61
requests,0792acc1305b42a8d3f3160f1e23fd4751ec9dc8,2012-11-17T10:57:26+00:00,requests/packages/chardet/euctwfreq.py,426,0,0,0
requests,0792acc1305b42a8d3f3160f1e23fd4751ec9dc8,2012-11-17T10:57:26+00:00,requests/packages/oauthlib/oauth1/rfc5849/utils.py,99,0,0,99
requests,0792acc1305b42a8d3f3160f1e23fd4751ec9dc8,2012-11-17T10:57:26+00:00,requests/packages/chardet2/chardistribution.py,200,3,0,200
requests,0792acc1305b42a8d3f3160f1e23fd4751ec9dc8,2012-11-17T10:57:26+00:00,requests/packages/charade/langgreekmodel.py,0,0,0,225
requests,0792acc1305b42a8d3f3160f1e23fd4751ec9dc8,2012-11-17T10:57:26+00:00,requests/packages/charade/euctwfreq.py,0,0,0,426
requests,0792acc1305b42a8d3f3160f1e23fd4751ec9dc8,2012-11-17T10:57:26+00:00,requests/packages/charade/hebrewprober.py,0,0,0,281
requests,0792acc1305b42a8d3f3160f1e23fd4751ec9dc8,2012-11-17T10:57:26+00:00,requests/packages/charade/utf8prober.py,0,0,0,76
requests,0792acc1305b42a8d3f3160f1e23fd4751ec9dc8,2012-11-17T10:57:26+00:00,requests/packages/charade/mbcharsetprober.py,0,0,0,86
requests,0792acc1305b42a8d3f3160f1e23fd4751ec9dc8,2012-11-17T10:57:26+00:00,requests/packages/chardet2/euckrprober.py,41,0,0,41
requests,0792acc1305b42a8d3f3160f1e23fd4751ec9dc8,2012-11-17T10:57:26+00:00,requests/packages/oauthlib/oauth1/__init__.py,13,0,0,13
requests,0792acc1305b42a8d3f3160f1e23fd4751ec9dc8,2012-11-17T10:57:26+00:00,requests/packages/charade/sjisprober.py,0,0,0,90
requests,0792acc1305b42a8d3f3160f1e23fd4751ec9dc8,2012-11-17T10:57:26+00:00,tests/test_requests.py,1220,0,0,16
requests,0792acc1305b42a8d3f3160f1e23fd4751ec9dc8,2012-11-17T10:57:26+00:00,requests/packages/charade/charsetprober.py,0,0,0,62
requests,0792acc1305b42a8d3f3160f1e23fd4751ec9dc8,2012-11-17T10:57:26+00:00,requests/packages/chardet2/codingstatemachine.py,57,1,0,57
requests,0792acc1305b42a8d3f3160f1e23fd4751ec9dc8,2012-11-17T10:57:26+00:00,requests/packages/chardet2/jisfreq.py,567,0,0,567
requests,0792acc1305b42a8d3f3160f1e23fd4751ec9dc8,2012-11-17T10:57:26+00:00,requests/packages/chardet/jpcntx.py,210,5,0,841
requests,0792acc1305b42a8d3f3160f1e23fd4751ec9dc8,2012-11-17T10:57:26+00:00,requests/packages/chardet2/langthaimodel.py,200,0,0,200
requests,0792acc1305b42a8d3f3160f1e23fd4751ec9dc8,2012-11-17T10:57:26+00:00,requests/packages/chardet/charsetgroupprober.py,96,8,0,387
requests,0792acc1305b42a8d3f3160f1e23fd4751ec9dc8,2012-11-17T10:57:26+00:00,requests/packages/chardet2/constants.py,39,0,0,39
requests,0792acc1305b42a8d3f3160f1e23fd4751ec9dc8,2012-11-17T10:57:26+00:00,requests/cookies.py,377,0,0,3
requests,0792acc1305b42a8d3f3160f1e23fd4751ec9dc8,2012-11-17T10:57:26+00:00,requests/packages/chardet2/euctwfreq.py,426,0,0,426
requests,0792acc1305b42a8d3f3160f1e23fd4751ec9dc8,2012-11-17T10:57:26+00:00,requests/packages/charade/sbcsgroupprober.py,0,0,0,64
requests,0792acc1305b42a8d3f3160f1e23fd4751ec9dc8,2012-11-17T10:57:26+00:00,requests/packages/chardet/langcyrillicmodel.py,329,0,0,1316
requests,0792acc1305b42a8d3f3160f1e23fd4751ec9dc8,2012-11-17T10:57:26+00:00,requests/packages/chardet/charsetprober.py,60,0,0,13
requests,0792acc1305b42a8d3f3160f1e23fd4751ec9dc8,2012-11-17T10:57:26+00:00,requests/packages/chardet/escsm.py,240,0,0,960
requests,0792acc1305b42a8d3f3160f1e23fd4751ec9dc8,2012-11-17T10:57:26+00:00,requests/packages/chardet/euckrprober.py,41,0,0,164
requests,0792acc1305b42a8d3f3160f1e23fd4751ec9dc8,2012-11-17T10:57:26+00:00,requests/packages/chardet2/sbcsgroupprober.py,65,3,0,65
requests,0792acc1305b42a8d3f3160f1e23fd4751ec9dc8,2012-11-17T10:57:26+00:00,requests/packages/chardet2/gb2312freq.py,471,0,0,471
requests,0792acc1305b42a8d3f3160f1e23fd4751ec9dc8,2012-11-17T10:57:26+00:00,requests/packages/chardet/mbcsgroupprober.py,50,2,0,100
requests,0792acc1305b42a8d3f3160f1e23fd4751ec9dc8,2012-11-17T10:57:26+00:00,requests/packages/chardet2/langhungarianmodel.py,225,0,0,225
requests,0792acc1305b42a8d3f3160f1e23fd4751ec9dc8,2012-11-17T10:57:26+00:00,requests/packages/chardet/langbulgarianmodel.py,228,0,0,912
requests,0792acc1305b42a8d3f3160f1e23fd4751ec9dc8,2012-11-17T10:57:26+00:00,requests/packages/chardet/universaldetector.py,154,14,0,621
requests,0792acc1305b42a8d3f3160f1e23fd4751ec9dc8,2012-11-17T10:57:26+00:00,requests/packages/charade/euckrprober.py,0,0,0,42
requests,0792acc1305b42a8d3f3160f1e23fd4751ec9dc8,2012-11-17T10:57:26+00:00,requests/packages/charade/universaldetector.py,0,0,0,173
requests,0792acc1305b42a8d3f3160f1e23fd4751ec9dc8,2012-11-17T10:57:26+00:00,requests/packages/charade/jisfreq.py,0,0,0,567
requests,0792acc1305b42a8d3f3160f1e23fd4751ec9dc8,2012-11-17T10:57:26+00:00,requests/packages/chardet/codingstatemachine.py,56,1,0,240
requests,0792acc1305b42a8d3f3160f1e23fd4751ec9dc8,2012-11-17T10:57:26+00:00,requests/packages/chardet2/euctwprober.py,41,0,0,41
requests,0792acc1305b42a8d3f3160f1e23fd4751ec9dc8,2012-11-17T10:57:26+00:00,requests/packages/chardet2/langhebrewmodel.py,201,0,0,201
requests,0792acc1305b42a8d3f3160f1e23fd4751ec9dc8,2012-11-17T10:57:26+00:00,requests/packages/charade/euckrfreq.py,0,0,0,594
requests,0792acc1305b42a8d3f3160f1e23fd4751ec9dc8,2012-11-17T10:57:26+00:00,requests/packages/oauthlib/oauth1/rfc5849/__init__.py,889,0,0,889
requests,0792acc1305b42a8d3f3160f1e23fd4751ec9dc8,2012-11-17T10:57:26+00:00,requests/packages/chardet/escprober.py,79,4,0,160
requests,0792acc1305b42a8d3f3160f1e23fd4751ec9dc8,2012-11-17T10:57:26+00:00,requests/packages/chardet/test.py,0,0,0,42
requests,0792acc1305b42a8d3f3160f1e23fd4751ec9dc8,2012-11-17T10:57:26+00:00,requests/_oauth.py,23,0,0,23
requests,0792acc1305b42a8d3f3160f1e23fd4751ec9dc8,2012-11-17T10:57:26+00:00,requests/packages/oauthlib/oauth2/draft25/parameters.py,256,0,0,256
requests,0792acc1305b42a8d3f3160f1e23fd4751ec9dc8,2012-11-17T10:57:26+00:00,requests/packages/charade/big5prober.py,0,0,0,42
requests,0792acc1305b42a8d3f3160f1e23fd4751ec9dc8,2012-11-17T10:57:26+00:00,requests/packages/chardet/gb2312freq.py,471,0,0,0
requests,0792acc1305b42a8d3f3160f1e23fd4751ec9dc8,2012-11-17T10:57:26+00:00,requests/packages/chardet2/big5prober.py,41,0,0,41
requests,0792acc1305b42a8d3f3160f1e23fd4751ec9dc8,2012-11-17T10:57:26+00:00,requests/packages/chardet/big5prober.py,41,0,0,164
requests,0792acc1305b42a8d3f3160f1e23fd4751ec9dc8,2012-11-17T10:57:26+00:00,tests/test_utils.py,77,0,0,47
requests,0792acc1305b42a8d3f3160f1e23fd4751ec9dc8,2012-11-17T10:57:26+00:00,requests/packages/chardet/sbcsgroupprober.py,64,3,0,129
requests,0792acc1305b42a8d3f3160f1e23fd4751ec9dc8,2012-11-17T10:57:26+00:00,requests/packages/chardet/utf8prober.py,76,4,0,307
requests,0792acc1305b42a8d3f3160f1e23fd4751ec9dc8,2012-11-17T10:57:26+00:00,requests/packages/chardet/constants.py,47,0,0,86
requests,0792acc1305b42a8d3f3160f1e23fd4751ec9dc8,2012-11-17T10:57:26+00:00,requests/packages/{chardet2 => chardet}/test.py,0,0,0,0
requests,0792acc1305b42a8d3f3160f1e23fd4751ec9dc8,2012-11-17T10:57:26+00:00,requests/packages/charade/mbcsgroupprober.py,0,0,0,52
requests,0792acc1305b42a8d3f3160f1e23fd4751ec9dc8,2012-11-17T10:57:26+00:00,requests/packages/charade/compat.py,0,0,0,38
requests,0792acc1305b42a8d3f3160f1e23fd4751ec9dc8,2012-11-17T10:57:26+00:00,requests/packages/chardet/mbcharsetprober.py,82,5,0,331
requests,0792acc1305b42a8d3f3160f1e23fd4751ec9dc8,2012-11-17T10:57:26+00:00,requests/packages/charade/escsm.py,0,0,0,240
requests,0792acc1305b42a8d3f3160f1e23fd4751ec9dc8,2012-11-17T10:57:26+00:00,setup.py,74,0,0,26
requests,0792acc1305b42a8d3f3160f1e23fd4751ec9dc8,2012-11-17T10:57:26+00:00,requests/packages/chardet2/eucjpprober.py,87,4,0,87
requests,0792acc1305b42a8d3f3160f1e23fd4751ec9dc8,2012-11-17T10:57:26+00:00,requests/packages/chardet2/langcyrillicmodel.py,329,0,0,329
requests,0792acc1305b42a8d3f3160f1e23fd4751ec9dc8,2012-11-17T10:57:26+00:00,requests/packages/chardet2/big5freq.py,923,0,0,923
requests,0792acc1305b42a8d3f3160f1e23fd4751ec9dc8,2012-11-17T10:57:26+00:00,requests/packages/charade/jpcntx.py,0,0,0,564
requests,0792acc1305b42a8d3f3160f1e23fd4751ec9dc8,2012-11-17T10:57:26+00:00,requests/packages/chardet/chardistribution.py,200,3,0,801
requests,0792acc1305b42a8d3f3160f1e23fd4751ec9dc8,2012-11-17T10:57:26+00:00,requests/packages/charade/latin1prober.py,0,0,0,142
requests,0792acc1305b42a8d3f3160f1e23fd4751ec9dc8,2012-11-17T10:57:26+00:00,requests/packages/charade/langcyrillicmodel.py,0,0,0,329
requests,0792acc1305b42a8d3f3160f1e23fd4751ec9dc8,2012-11-17T10:57:26+00:00,requests/packages/charade/__init__.py,0,0,0,27
requests,0792acc1305b42a8d3f3160f1e23fd4751ec9dc8,2012-11-17T10:57:26+00:00,requests/packages/chardet2/mbcsgroupprober.py,50,2,0,50
requests,0792acc1305b42a8d3f3160f1e23fd4751ec9dc8,2012-11-17T10:57:26+00:00,requests/packages/chardet/sbcharsetprober.py,106,9,0,440
requests,27faf7aa69d81f31d31772c4887bfb730c403b53,2012-11-26T00:30:49-08:00,requests/packages/chardet/mbcssm.py,514,0,0,2056
requests,27faf7aa69d81f31d31772c4887bfb730c403b53,2012-11-26T00:30:49-08:00,requests/packages/chardet/hebrewprober.py,269,9,0,1076
requests,27faf7aa69d81f31d31772c4887bfb730c403b53,2012-11-26T00:30:49-08:00,requests/packages/chardet2/latin1prober.py,135,3,0,135
requests,27faf7aa69d81f31d31772c4887bfb730c403b53,2012-11-26T00:30:49-08:00,requests/packages/charade/gb2312prober.py,0,0,0,125
requests,27faf7aa69d81f31d31772c4887bfb730c403b53,2012-11-26T00:30:49-08:00,requests/sessions.py,355,0,0,5
requests,27faf7aa69d81f31d31772c4887bfb730c403b53,2012-11-26T00:30:49-08:00,requests/packages/chardet/compat.py,0,0,0,12
requests,27faf7aa69d81f31d31772c4887bfb730c403b53,2012-11-26T00:30:49-08:00,requests/packages/chardet2/escsm.py,240,0,0,240
requests,27faf7aa69d81f31d31772c4887bfb730c403b53,2012-11-26T00:30:49-08:00,requests/packages/oauthlib/oauth1/rfc5849/parameters.py,134,0,0,134
requests,27faf7aa69d81f31d31772c4887bfb730c403b53,2012-11-26T00:30:49-08:00,requests/packages/chardet2/mbcharsetprober.py,83,5,0,83
requests,27faf7aa69d81f31d31772c4887bfb730c403b53,2012-11-26T00:30:49-08:00,requests/async.py,0,0,0,0
requests,27faf7aa69d81f31d31772c4887bfb730c403b53,2012-11-26T00:30:49-08:00,requests/packages/charade/langbulgarianmodel.py,0,0,0,753
requests,27faf7aa69d81f31d31772c4887bfb730c403b53,2012-11-26T00:30:49-08:00,requests/packages/chardet/langgreekmodel.py,225,0,0,900
requests,27faf7aa69d81f31d31772c4887bfb730c403b53,2012-11-26T00:30:49-08:00,requests/packages/chardet2/__init__.py,26,1,0,26
requests,27faf7aa69d81f31d31772c4887bfb730c403b53,2012-11-26T00:30:49-08:00,requests/packages/charade/langhungarianmodel.py,0,0,0,677
requests,27faf7aa69d81f31d31772c4887bfb730c403b53,2012-11-26T00:30:49-08:00,requests/packages/chardet/big5freq.py,923,0,0,0
requests,27faf7aa69d81f31d31772c4887bfb730c403b53,2012-11-26T00:30:49-08:00,requests/models.py,918,0,0,53
requests,27faf7aa69d81f31d31772c4887bfb730c403b53,2012-11-26T00:30:49-08:00,requests/packages/chardet2/hebrewprober.py,269,9,0,269
requests,27faf7aa69d81f31d31772c4887bfb730c403b53,2012-11-26T00:30:49-08:00,requests/packages/chardet2/euckrfreq.py,594,0,0,594
requests,27faf7aa69d81f31d31772c4887bfb730c403b53,2012-11-26T00:30:49-08:00,requests/packages/chardet/eucjpprober.py,85,4,0,346
requests,27faf7aa69d81f31d31772c4887bfb730c403b53,2012-11-26T00:30:49-08:00,requests/packages/chardet/euckrfreq.py,594,0,0,0
requests,27faf7aa69d81f31d31772c4887bfb730c403b53,2012-11-26T00:30:49-08:00,requests/packages/charade/escprober.py,0,0,0,254
requests,27faf7aa69d81f31d31772c4887bfb730c403b53,2012-11-26T00:30:49-08:00,requests/packages/oauthlib/oauth2/draft25/tokens.py,132,0,0,132
requests,27faf7aa69d81f31d31772c4887bfb730c403b53,2012-11-26T00:30:49-08:00,requests/packages/chardet2/sbcharsetprober.py,107,9,0,107
requests,27faf7aa69d81f31d31772c4887bfb730c403b53,2012-11-26T00:30:49-08:00,requests/packages/chardet/latin1prober.py,136,3,0,562
requests,27faf7aa69d81f31d31772c4887bfb730c403b53,2012-11-26T00:30:49-08:00,requests/packages/chardet2/sjisprober.py,86,5,0,86
requests,27faf7aa69d81f31d31772c4887bfb730c403b53,2012-11-26T00:30:49-08:00,requests/compat.py,119,0,0,13
requests,27faf7aa69d81f31d31772c4887bfb730c403b53,2012-11-26T00:30:49-08:00,requests/packages/oauthlib/__init__.py,0,0,0,0
requests,27faf7aa69d81f31d31772c4887bfb730c403b53,2012-11-26T00:30:49-08:00,requests/packages/charade/sbcharsetprober.py,0,0,0,370
requests,27faf7aa69d81f31d31772c4887bfb730c403b53,2012-11-26T00:30:49-08:00,requests/packages/charade/charsetgroupprober.py,0,0,0,320
requests,27faf7aa69d81f31d31772c4887bfb730c403b53,2012-11-26T00:30:49-08:00,requests/packages/oauthlib/oauth1/rfc5849/signature.py,551,0,0,551
requests,27faf7aa69d81f31d31772c4887bfb730c403b53,2012-11-26T00:30:49-08:00,requests/defaults.py,50,0,0,6
requests,27faf7aa69d81f31d31772c4887bfb730c403b53,2012-11-26T00:30:49-08:00,t.py,0,0,0,4
requests,27faf7aa69d81f31d31772c4887bfb730c403b53,2012-11-26T00:30:49-08:00,requests/packages/chardet2/mbcssm.py,514,0,0,514
requests,27faf7aa69d81f31d31772c4887bfb730c403b53,2012-11-26T00:30:49-08:00,requests/packages/charade/big5freq.py,0,0,0,943
requests,27faf7aa69d81f31d31772c4887bfb730c403b53,2012-11-26T00:30:49-08:00,requests/packages/oauthlib/oauth2/draft25/__init__.py,497,3,0,497
requests,27faf7aa69d81f31d31772c4887bfb730c403b53,2012-11-26T00:30:49-08:00,requests/packages/charade/constants.py,0,0,0,117
requests,27faf7aa69d81f31d31772c4887bfb730c403b53,2012-11-26T00:30:49-08:00,requests/packages/chardet2/langgreekmodel.py,225,0,0,225
requests,27faf7aa69d81f31d31772c4887bfb730c403b53,2012-11-26T00:30:49-08:00,requests/packages/chardet/jisfreq.py,567,0,0,0
requests,27faf7aa69d81f31d31772c4887bfb730c403b53,2012-11-26T00:30:49-08:00,requests/packages/chardet/gb2312prober.py,41,0,0,164
requests,27faf7aa69d81f31d31772c4887bfb730c403b53,2012-11-26T00:30:49-08:00,requests/packages/charade/chardistribution.py,0,0,0,686
requests,27faf7aa69d81f31d31772c4887bfb730c403b53,2012-11-26T00:30:49-08:00,requests/packages/chardet/langhebrewmodel.py,201,0,0,804
requests,27faf7aa69d81f31d31772c4887bfb730c403b53,2012-11-26T00:30:49-08:00,requests/utils.py,640,2,0,0
requests,27faf7aa69d81f31d31772c4887bfb730c403b53,2012-11-26T00:30:49-08:00,requests/packages/chardet2/gb2312prober.py,41,0,0,41
requests,27faf7aa69d81f31d31772c4887bfb730c403b53,2012-11-26T00:30:49-08:00,requests/packages/chardet/__init__.py,26,1,0,104
requests,27faf7aa69d81f31d31772c4887bfb730c403b53,2012-11-26T00:30:49-08:00,requests/packages/chardet/langthaimodel.py,200,0,0,800
requests,27faf7aa69d81f31d31772c4887bfb730c403b53,2012-11-26T00:30:49-08:00,requests/packages/charade/langthaimodel.py,0,0,0,600
requests,27faf7aa69d81f31d31772c4887bfb730c403b53,2012-11-26T00:30:49-08:00,requests/packages/charade/langhebrewmodel.py,0,0,0,605
requests,27faf7aa69d81f31d31772c4887bfb730c403b53,2012-11-26T00:30:49-08:00,requests/packages/chardet/langhungarianmodel.py,225,0,0,900
requests,27faf7aa69d81f31d31772c4887bfb730c403b53,2012-11-26T00:30:49-08:00,requests/packages/oauthlib/oauth2/__init__.py,13,0,0,13
requests,27faf7aa69d81f31d31772c4887bfb730c403b53,2012-11-26T00:30:49-08:00,requests/packages/chardet2/charsetgroupprober.py,97,8,0,97
requests,27faf7aa69d81f31d31772c4887bfb730c403b53,2012-11-26T00:30:49-08:00,requests/packages/chardet2/utf8prober.py,77,4,0,77
requests,27faf7aa69d81f31d31772c4887bfb730c403b53,2012-11-26T00:30:49-08:00,tests/test_keep_alive.py,0,0,0,65
requests,27faf7aa69d81f31d31772c4887bfb730c403b53,2012-11-26T00:30:49-08:00,requests/packages/oauthlib/oauth2/draft25/utils.py,39,0,0,39
requests,27faf7aa69d81f31d31772c4887bfb730c403b53,2012-11-26T00:30:49-08:00,requests/packages/charade/euctwprober.py,0,0,0,125
requests,27faf7aa69d81f31d31772c4887bfb730c403b53,2012-11-26T00:30:49-08:00,requests/packages/charade/gb2312freq.py,0,0,0,480
requests,27faf7aa69d81f31d31772c4887bfb730c403b53,2012-11-26T00:30:49-08:00,requests/packages/chardet2/langbulgarianmodel.py,228,0,0,228
requests,27faf7aa69d81f31d31772c4887bfb730c403b53,2012-11-26T00:30:49-08:00,requests/packages/chardet2/escprober.py,81,4,0,81
requests,27faf7aa69d81f31d31772c4887bfb730c403b53,2012-11-26T00:30:49-08:00,requests/packages/chardet/euctwprober.py,41,0,0,164
requests,27faf7aa69d81f31d31772c4887bfb730c403b53,2012-11-26T00:30:49-08:00,requests/auth.py,382,0,0,4
requests,27faf7aa69d81f31d31772c4887bfb730c403b53,2012-11-26T00:30:49-08:00,requests/safe_mode.py,40,0,0,40
requests,27faf7aa69d81f31d31772c4887bfb730c403b53,2012-11-26T00:30:49-08:00,requests/packages/charade/codingstatemachine.py,0,0,0,189
requests,27faf7aa69d81f31d31772c4887bfb730c403b53,2012-11-26T00:30:49-08:00,requests/packages/chardet2/jpcntx.py,210,5,0,210
requests,27faf7aa69d81f31d31772c4887bfb730c403b53,2012-11-26T00:30:49-08:00,requests/__init__.py,60,0,0,4
requests,27faf7aa69d81f31d31772c4887bfb730c403b53,2012-11-26T00:30:49-08:00,requests/packages/charade/eucjpprober.py,0,0,0,268
requests,27faf7aa69d81f31d31772c4887bfb730c403b53,2012-11-26T00:30:49-08:00,t2.py,0,0,0,6
requests,27faf7aa69d81f31d31772c4887bfb730c403b53,2012-11-26T00:30:49-08:00,requests/packages/chardet/sjisprober.py,85,5,0,343
requests,27faf7aa69d81f31d31772c4887bfb730c403b53,2012-11-26T00:30:49-08:00,requests/packages/chardet2/universaldetector.py,155,14,0,155
requests,27faf7aa69d81f31d31772c4887bfb730c403b53,2012-11-26T00:30:49-08:00,requests/packages/oauthlib/common.py,229,0,0,229
requests,27faf7aa69d81f31d31772c4887bfb730c403b53,2012-11-26T00:30:49-08:00,requests/api.py,130,0,0,4
requests,27faf7aa69d81f31d31772c4887bfb730c403b53,2012-11-26T00:30:49-08:00,requests/packages/charade/mbcssm.py,0,0,0,1593
requests,27faf7aa69d81f31d31772c4887bfb730c403b53,2012-11-26T00:30:49-08:00,requests/packages/chardet2/charsetprober.py,61,0,0,61
requests,27faf7aa69d81f31d31772c4887bfb730c403b53,2012-11-26T00:30:49-08:00,requests/packages/chardet/euctwfreq.py,426,0,0,0
requests,27faf7aa69d81f31d31772c4887bfb730c403b53,2012-11-26T00:30:49-08:00,requests/packages/oauthlib/oauth1/rfc5849/utils.py,99,0,0,99
requests,27faf7aa69d81f31d31772c4887bfb730c403b53,2012-11-26T00:30:49-08:00,requests/packages/chardet2/chardistribution.py,200,3,0,200
requests,27faf7aa69d81f31d31772c4887bfb730c403b53,2012-11-26T00:30:49-08:00,requests/packages/charade/langgreekmodel.py,0,0,0,677
requests,27faf7aa69d81f31d31772c4887bfb730c403b53,2012-11-26T00:30:49-08:00,requests/packages/charade/euctwfreq.py,0,0,0,442
requests,27faf7aa69d81f31d31772c4887bfb730c403b53,2012-11-26T00:30:49-08:00,requests/packages/charade/hebrewprober.py,0,0,0,845
requests,27faf7aa69d81f31d31772c4887bfb730c403b53,2012-11-26T00:30:49-08:00,requests/packages/charade/utf8prober.py,0,0,0,228
requests,27faf7aa69d81f31d31772c4887bfb730c403b53,2012-11-26T00:30:49-08:00,requests/packages/charade/mbcharsetprober.py,0,0,0,258
requests,27faf7aa69d81f31d31772c4887bfb730c403b53,2012-11-26T00:30:49-08:00,requests/packages/chardet2/euckrprober.py,41,0,0,41
requests,27faf7aa69d81f31d31772c4887bfb730c403b53,2012-11-26T00:30:49-08:00,requests/packages/oauthlib/oauth1/__init__.py,13,0,0,13
requests,27faf7aa69d81f31d31772c4887bfb730c403b53,2012-11-26T00:30:49-08:00,requests/packages/charade/sjisprober.py,0,0,0,271
requests,27faf7aa69d81f31d31772c4887bfb730c403b53,2012-11-26T00:30:49-08:00,requests/packages/charade/charsetprober.py,0,0,0,66
requests,27faf7aa69d81f31d31772c4887bfb730c403b53,2012-11-26T00:30:49-08:00,requests/packages/chardet2/codingstatemachine.py,57,1,0,57
requests,27faf7aa69d81f31d31772c4887bfb730c403b53,2012-11-26T00:30:49-08:00,requests/packages/chardet2/jisfreq.py,567,0,0,567
requests,27faf7aa69d81f31d31772c4887bfb730c403b53,2012-11-26T00:30:49-08:00,requests/packages/chardet/jpcntx.py,210,5,0,841
requests,27faf7aa69d81f31d31772c4887bfb730c403b53,2012-11-26T00:30:49-08:00,requests/packages/chardet2/langthaimodel.py,200,0,0,200
requests,27faf7aa69d81f31d31772c4887bfb730c403b53,2012-11-26T00:30:49-08:00,requests/packages/chardet/charsetgroupprober.py,96,8,0,387
requests,27faf7aa69d81f31d31772c4887bfb730c403b53,2012-11-26T00:30:49-08:00,requests/packages/chardet2/constants.py,39,0,0,39
requests,27faf7aa69d81f31d31772c4887bfb730c403b53,2012-11-26T00:30:49-08:00,requests/packages/t.py,0,0,0,0
requests,27faf7aa69d81f31d31772c4887bfb730c403b53,2012-11-26T00:30:49-08:00,requests/packages/chardet2/euctwfreq.py,426,0,0,426
requests,27faf7aa69d81f31d31772c4887bfb730c403b53,2012-11-26T00:30:49-08:00,requests/packages/charade/sbcsgroupprober.py,0,0,0,241
requests,27faf7aa69d81f31d31772c4887bfb730c403b53,2012-11-26T00:30:49-08:00,requests/packages/chardet/langcyrillicmodel.py,329,0,0,1316
requests,27faf7aa69d81f31d31772c4887bfb730c403b53,2012-11-26T00:30:49-08:00,requests/packages/chardet/charsetprober.py,60,0,0,13
requests,27faf7aa69d81f31d31772c4887bfb730c403b53,2012-11-26T00:30:49-08:00,requests/packages/chardet/escsm.py,240,0,0,960
requests,27faf7aa69d81f31d31772c4887bfb730c403b53,2012-11-26T00:30:49-08:00,requests/packages/chardet/euckrprober.py,41,0,0,164
requests,27faf7aa69d81f31d31772c4887bfb730c403b53,2012-11-26T00:30:49-08:00,requests/packages/chardet2/sbcsgroupprober.py,65,3,0,65
requests,27faf7aa69d81f31d31772c4887bfb730c403b53,2012-11-26T00:30:49-08:00,requests/packages/chardet2/gb2312freq.py,471,0,0,471
requests,27faf7aa69d81f31d31772c4887bfb730c403b53,2012-11-26T00:30:49-08:00,requests/packages/chardet/mbcsgroupprober.py,50,2,0,100
requests,27faf7aa69d81f31d31772c4887bfb730c403b53,2012-11-26T00:30:49-08:00,requests/packages/chardet2/langhungarianmodel.py,225,0,0,225
requests,27faf7aa69d81f31d31772c4887bfb730c403b53,2012-11-26T00:30:49-08:00,requests/packages/chardet/langbulgarianmodel.py,228,0,0,912
requests,27faf7aa69d81f31d31772c4887bfb730c403b53,2012-11-26T00:30:49-08:00,requests/packages/chardet/universaldetector.py,154,14,0,621
requests,27faf7aa69d81f31d31772c4887bfb730c403b53,2012-11-26T00:30:49-08:00,requests/packages/charade/euckrprober.py,0,0,0,126
requests,27faf7aa69d81f31d31772c4887bfb730c403b53,2012-11-26T00:30:49-08:00,requests/packages/charade/universaldetector.py,0,0,0,517
requests,27faf7aa69d81f31d31772c4887bfb730c403b53,2012-11-26T00:30:49-08:00,requests/packages/charade/jisfreq.py,0,0,0,583
requests,27faf7aa69d81f31d31772c4887bfb730c403b53,2012-11-26T00:30:49-08:00,requests/packages/chardet/codingstatemachine.py,56,1,0,240
requests,27faf7aa69d81f31d31772c4887bfb730c403b53,2012-11-26T00:30:49-08:00,requests/packages/chardet2/euctwprober.py,41,0,0,41
requests,27faf7aa69d81f31d31772c4887bfb730c403b53,2012-11-26T00:30:49-08:00,requests/packages/chardet2/langhebrewmodel.py,201,0,0,201
requests,27faf7aa69d81f31d31772c4887bfb730c403b53,2012-11-26T00:30:49-08:00,requests/packages/charade/euckrfreq.py,0,0,0,596
requests,27faf7aa69d81f31d31772c4887bfb730c403b53,2012-11-26T00:30:49-08:00,requests/packages/oauthlib/oauth1/rfc5849/__init__.py,889,0,0,889
requests,27faf7aa69d81f31d31772c4887bfb730c403b53,2012-11-26T00:30:49-08:00,requests/packages/chardet/escprober.py,79,4,0,160
requests,27faf7aa69d81f31d31772c4887bfb730c403b53,2012-11-26T00:30:49-08:00,tests/dummy_server.py,0,0,0,46
requests,27faf7aa69d81f31d31772c4887bfb730c403b53,2012-11-26T00:30:49-08:00,requests/packages/chardet/test.py,0,0,0,42
requests,27faf7aa69d81f31d31772c4887bfb730c403b53,2012-11-26T00:30:49-08:00,requests/_oauth.py,23,0,0,23
requests,27faf7aa69d81f31d31772c4887bfb730c403b53,2012-11-26T00:30:49-08:00,requests/packages/oauthlib/oauth2/draft25/parameters.py,256,0,0,256
requests,27faf7aa69d81f31d31772c4887bfb730c403b53,2012-11-26T00:30:49-08:00,requests/packages/charade/big5prober.py,0,0,0,126
requests,27faf7aa69d81f31d31772c4887bfb730c403b53,2012-11-26T00:30:49-08:00,requests/packages/chardet/gb2312freq.py,471,0,0,0
requests,27faf7aa69d81f31d31772c4887bfb730c403b53,2012-11-26T00:30:49-08:00,requests/packages/chardet2/big5prober.py,41,0,0,41
requests,27faf7aa69d81f31d31772c4887bfb730c403b53,2012-11-26T00:30:49-08:00,requests/packages/chardet/big5prober.py,41,0,0,164
requests,27faf7aa69d81f31d31772c4887bfb730c403b53,2012-11-26T00:30:49-08:00,requests/packages/chardet/sbcsgroupprober.py,64,3,0,129
requests,27faf7aa69d81f31d31772c4887bfb730c403b53,2012-11-26T00:30:49-08:00,requests/packages/chardet/utf8prober.py,76,4,0,307
requests,27faf7aa69d81f31d31772c4887bfb730c403b53,2012-11-26T00:30:49-08:00,requests/packages/chardet/constants.py,47,0,0,86
requests,27faf7aa69d81f31d31772c4887bfb730c403b53,2012-11-26T00:30:49-08:00,requests/packages/{chardet2 => chardet}/test.py,0,0,0,0
requests,27faf7aa69d81f31d31772c4887bfb730c403b53,2012-11-26T00:30:49-08:00,requests/packages/charade/mbcsgroupprober.py,0,0,0,156
requests,27faf7aa69d81f31d31772c4887bfb730c403b53,2012-11-26T00:30:49-08:00,requests/packages/charade/compat.py,0,0,0,58
requests,27faf7aa69d81f31d31772c4887bfb730c403b53,2012-11-26T00:30:49-08:00,requests/packages/chardet/mbcharsetprober.py,82,5,0,331
requests,27faf7aa69d81f31d31772c4887bfb730c403b53,2012-11-26T00:30:49-08:00,requests/packages/charade/escsm.py,0,0,0,722
requests,27faf7aa69d81f31d31772c4887bfb730c403b53,2012-11-26T00:30:49-08:00,setup.py,74,0,0,28
requests,27faf7aa69d81f31d31772c4887bfb730c403b53,2012-11-26T00:30:49-08:00,requests/packages/chardet2/eucjpprober.py,87,4,0,87
requests,27faf7aa69d81f31d31772c4887bfb730c403b53,2012-11-26T00:30:49-08:00,requests/packages/chardet2/langcyrillicmodel.py,329,0,0,329
requests,27faf7aa69d81f31d31772c4887bfb730c403b53,2012-11-26T00:30:49-08:00,requests/packages/chardet2/big5freq.py,923,0,0,923
requests,27faf7aa69d81f31d31772c4887bfb730c403b53,2012-11-26T00:30:49-08:00,requests/packages/charade/jpcntx.py,0,0,0,1349
requests,27faf7aa69d81f31d31772c4887bfb730c403b53,2012-11-26T00:30:49-08:00,requests/packages/chardet/chardistribution.py,200,3,0,801
requests,27faf7aa69d81f31d31772c4887bfb730c403b53,2012-11-26T00:30:49-08:00,requests/packages/charade/latin1prober.py,0,0,0,423
requests,27faf7aa69d81f31d31772c4887bfb730c403b53,2012-11-26T00:30:49-08:00,requests/packages/charade/langcyrillicmodel.py,0,0,0,989
requests,27faf7aa69d81f31d31772c4887bfb730c403b53,2012-11-26T00:30:49-08:00,requests/packages/charade/__init__.py,0,0,0,80
requests,27faf7aa69d81f31d31772c4887bfb730c403b53,2012-11-26T00:30:49-08:00,requests/packages/chardet2/mbcsgroupprober.py,50,2,0,50
requests,27faf7aa69d81f31d31772c4887bfb730c403b53,2012-11-26T00:30:49-08:00,requests/packages/chardet/sbcharsetprober.py,106,9,0,440
requests,d36ceb9d06f430548a34457cd033c9bc14ea4def,2012-11-26T00:31:45-08:00,requests/packages/chardet/mbcssm.py,514,0,0,2056
requests,d36ceb9d06f430548a34457cd033c9bc14ea4def,2012-11-26T00:31:45-08:00,requests/packages/chardet/hebrewprober.py,269,9,0,1076
requests,d36ceb9d06f430548a34457cd033c9bc14ea4def,2012-11-26T00:31:45-08:00,requests/packages/chardet2/latin1prober.py,135,3,0,135
requests,d36ceb9d06f430548a34457cd033c9bc14ea4def,2012-11-26T00:31:45-08:00,requests/packages/charade/gb2312prober.py,0,0,0,125
requests,d36ceb9d06f430548a34457cd033c9bc14ea4def,2012-11-26T00:31:45-08:00,requests/sessions.py,361,0,0,5
requests,d36ceb9d06f430548a34457cd033c9bc14ea4def,2012-11-26T00:31:45-08:00,requests/packages/chardet/compat.py,0,0,0,12
requests,d36ceb9d06f430548a34457cd033c9bc14ea4def,2012-11-26T00:31:45-08:00,requests/packages/chardet2/escsm.py,240,0,0,240
requests,d36ceb9d06f430548a34457cd033c9bc14ea4def,2012-11-26T00:31:45-08:00,requests/packages/oauthlib/oauth1/rfc5849/parameters.py,134,0,0,134
requests,d36ceb9d06f430548a34457cd033c9bc14ea4def,2012-11-26T00:31:45-08:00,requests/packages/chardet2/mbcharsetprober.py,83,5,0,83
requests,d36ceb9d06f430548a34457cd033c9bc14ea4def,2012-11-26T00:31:45-08:00,requests/async.py,0,0,0,0
requests,d36ceb9d06f430548a34457cd033c9bc14ea4def,2012-11-26T00:31:45-08:00,requests/packages/charade/langbulgarianmodel.py,0,0,0,753
requests,d36ceb9d06f430548a34457cd033c9bc14ea4def,2012-11-26T00:31:45-08:00,requests/packages/chardet/langgreekmodel.py,225,0,0,900
requests,d36ceb9d06f430548a34457cd033c9bc14ea4def,2012-11-26T00:31:45-08:00,requests/packages/chardet2/__init__.py,26,1,0,26
requests,d36ceb9d06f430548a34457cd033c9bc14ea4def,2012-11-26T00:31:45-08:00,requests/packages/charade/langhungarianmodel.py,0,0,0,677
requests,d36ceb9d06f430548a34457cd033c9bc14ea4def,2012-11-26T00:31:45-08:00,requests/packages/chardet/big5freq.py,923,0,0,0
requests,d36ceb9d06f430548a34457cd033c9bc14ea4def,2012-11-26T00:31:45-08:00,requests/models.py,918,0,0,53
requests,d36ceb9d06f430548a34457cd033c9bc14ea4def,2012-11-26T00:31:45-08:00,requests/packages/chardet2/hebrewprober.py,269,9,0,269
requests,d36ceb9d06f430548a34457cd033c9bc14ea4def,2012-11-26T00:31:45-08:00,requests/packages/chardet2/euckrfreq.py,594,0,0,594
requests,d36ceb9d06f430548a34457cd033c9bc14ea4def,2012-11-26T00:31:45-08:00,requests/packages/chardet/eucjpprober.py,85,4,0,346
requests,d36ceb9d06f430548a34457cd033c9bc14ea4def,2012-11-26T00:31:45-08:00,requests/packages/chardet/euckrfreq.py,594,0,0,0
requests,d36ceb9d06f430548a34457cd033c9bc14ea4def,2012-11-26T00:31:45-08:00,requests/packages/charade/escprober.py,0,0,0,254
requests,d36ceb9d06f430548a34457cd033c9bc14ea4def,2012-11-26T00:31:45-08:00,requests/packages/oauthlib/oauth2/draft25/tokens.py,132,0,0,132
requests,d36ceb9d06f430548a34457cd033c9bc14ea4def,2012-11-26T00:31:45-08:00,requests/packages/chardet2/sbcharsetprober.py,107,9,0,107
requests,d36ceb9d06f430548a34457cd033c9bc14ea4def,2012-11-26T00:31:45-08:00,requests/packages/chardet/latin1prober.py,136,3,0,562
requests,d36ceb9d06f430548a34457cd033c9bc14ea4def,2012-11-26T00:31:45-08:00,requests/packages/chardet2/sjisprober.py,86,5,0,86
requests,d36ceb9d06f430548a34457cd033c9bc14ea4def,2012-11-26T00:31:45-08:00,requests/compat.py,119,0,0,13
requests,d36ceb9d06f430548a34457cd033c9bc14ea4def,2012-11-26T00:31:45-08:00,requests/packages/oauthlib/__init__.py,0,0,0,0
requests,d36ceb9d06f430548a34457cd033c9bc14ea4def,2012-11-26T00:31:45-08:00,requests/packages/charade/sbcharsetprober.py,0,0,0,370
requests,d36ceb9d06f430548a34457cd033c9bc14ea4def,2012-11-26T00:31:45-08:00,requests/packages/charade/charsetgroupprober.py,0,0,0,320
requests,d36ceb9d06f430548a34457cd033c9bc14ea4def,2012-11-26T00:31:45-08:00,requests/packages/oauthlib/oauth1/rfc5849/signature.py,551,0,0,551
requests,d36ceb9d06f430548a34457cd033c9bc14ea4def,2012-11-26T00:31:45-08:00,requests/defaults.py,50,0,0,6
requests,d36ceb9d06f430548a34457cd033c9bc14ea4def,2012-11-26T00:31:45-08:00,t.py,0,0,0,4
requests,d36ceb9d06f430548a34457cd033c9bc14ea4def,2012-11-26T00:31:45-08:00,requests/packages/chardet2/mbcssm.py,514,0,0,514
requests,d36ceb9d06f430548a34457cd033c9bc14ea4def,2012-11-26T00:31:45-08:00,requests/packages/charade/big5freq.py,0,0,0,943
requests,d36ceb9d06f430548a34457cd033c9bc14ea4def,2012-11-26T00:31:45-08:00,requests/packages/oauthlib/oauth2/draft25/__init__.py,497,3,0,497
requests,d36ceb9d06f430548a34457cd033c9bc14ea4def,2012-11-26T00:31:45-08:00,requests/packages/charade/constants.py,0,0,0,117
requests,d36ceb9d06f430548a34457cd033c9bc14ea4def,2012-11-26T00:31:45-08:00,requests/packages/chardet2/langgreekmodel.py,225,0,0,225
requests,d36ceb9d06f430548a34457cd033c9bc14ea4def,2012-11-26T00:31:45-08:00,requests/packages/chardet/jisfreq.py,567,0,0,0
requests,d36ceb9d06f430548a34457cd033c9bc14ea4def,2012-11-26T00:31:45-08:00,requests/packages/chardet/gb2312prober.py,41,0,0,164
requests,d36ceb9d06f430548a34457cd033c9bc14ea4def,2012-11-26T00:31:45-08:00,requests/packages/charade/chardistribution.py,0,0,0,686
requests,d36ceb9d06f430548a34457cd033c9bc14ea4def,2012-11-26T00:31:45-08:00,requests/packages/chardet/langhebrewmodel.py,201,0,0,804
requests,d36ceb9d06f430548a34457cd033c9bc14ea4def,2012-11-26T00:31:45-08:00,requests/utils.py,640,2,0,0
requests,d36ceb9d06f430548a34457cd033c9bc14ea4def,2012-11-26T00:31:45-08:00,requests/packages/chardet2/gb2312prober.py,41,0,0,41
requests,d36ceb9d06f430548a34457cd033c9bc14ea4def,2012-11-26T00:31:45-08:00,requests/packages/chardet/__init__.py,26,1,0,104
requests,d36ceb9d06f430548a34457cd033c9bc14ea4def,2012-11-26T00:31:45-08:00,requests/packages/chardet/langthaimodel.py,200,0,0,800
requests,d36ceb9d06f430548a34457cd033c9bc14ea4def,2012-11-26T00:31:45-08:00,requests/packages/charade/langthaimodel.py,0,0,0,600
requests,d36ceb9d06f430548a34457cd033c9bc14ea4def,2012-11-26T00:31:45-08:00,requests/packages/charade/langhebrewmodel.py,0,0,0,605
requests,d36ceb9d06f430548a34457cd033c9bc14ea4def,2012-11-26T00:31:45-08:00,requests/packages/chardet/langhungarianmodel.py,225,0,0,900
requests,d36ceb9d06f430548a34457cd033c9bc14ea4def,2012-11-26T00:31:45-08:00,requests/packages/oauthlib/oauth2/__init__.py,13,0,0,13
requests,d36ceb9d06f430548a34457cd033c9bc14ea4def,2012-11-26T00:31:45-08:00,requests/packages/chardet2/charsetgroupprober.py,97,8,0,97
requests,d36ceb9d06f430548a34457cd033c9bc14ea4def,2012-11-26T00:31:45-08:00,requests/packages/chardet2/utf8prober.py,77,4,0,77
requests,d36ceb9d06f430548a34457cd033c9bc14ea4def,2012-11-26T00:31:45-08:00,tests/test_keep_alive.py,0,0,0,65
requests,d36ceb9d06f430548a34457cd033c9bc14ea4def,2012-11-26T00:31:45-08:00,requests/packages/oauthlib/oauth2/draft25/utils.py,39,0,0,39
requests,d36ceb9d06f430548a34457cd033c9bc14ea4def,2012-11-26T00:31:45-08:00,requests/packages/charade/euctwprober.py,0,0,0,125
requests,d36ceb9d06f430548a34457cd033c9bc14ea4def,2012-11-26T00:31:45-08:00,requests/packages/charade/gb2312freq.py,0,0,0,480
requests,d36ceb9d06f430548a34457cd033c9bc14ea4def,2012-11-26T00:31:45-08:00,requests/packages/chardet2/langbulgarianmodel.py,228,0,0,228
requests,d36ceb9d06f430548a34457cd033c9bc14ea4def,2012-11-26T00:31:45-08:00,requests/packages/chardet2/escprober.py,81,4,0,81
requests,d36ceb9d06f430548a34457cd033c9bc14ea4def,2012-11-26T00:31:45-08:00,requests/packages/chardet/euctwprober.py,41,0,0,164
requests,d36ceb9d06f430548a34457cd033c9bc14ea4def,2012-11-26T00:31:45-08:00,requests/auth.py,382,0,0,4
requests,d36ceb9d06f430548a34457cd033c9bc14ea4def,2012-11-26T00:31:45-08:00,requests/safe_mode.py,40,0,0,40
requests,d36ceb9d06f430548a34457cd033c9bc14ea4def,2012-11-26T00:31:45-08:00,requests/packages/charade/codingstatemachine.py,0,0,0,189
requests,d36ceb9d06f430548a34457cd033c9bc14ea4def,2012-11-26T00:31:45-08:00,requests/packages/chardet2/jpcntx.py,210,5,0,210
requests,d36ceb9d06f430548a34457cd033c9bc14ea4def,2012-11-26T00:31:45-08:00,requests/__init__.py,60,0,0,4
requests,d36ceb9d06f430548a34457cd033c9bc14ea4def,2012-11-26T00:31:45-08:00,requests/packages/charade/eucjpprober.py,0,0,0,268
requests,d36ceb9d06f430548a34457cd033c9bc14ea4def,2012-11-26T00:31:45-08:00,t2.py,0,0,0,6
requests,d36ceb9d06f430548a34457cd033c9bc14ea4def,2012-11-26T00:31:45-08:00,requests/packages/chardet/sjisprober.py,85,5,0,343
requests,d36ceb9d06f430548a34457cd033c9bc14ea4def,2012-11-26T00:31:45-08:00,requests/packages/chardet2/universaldetector.py,155,14,0,155
requests,d36ceb9d06f430548a34457cd033c9bc14ea4def,2012-11-26T00:31:45-08:00,requests/packages/oauthlib/common.py,229,0,0,229
requests,d36ceb9d06f430548a34457cd033c9bc14ea4def,2012-11-26T00:31:45-08:00,requests/api.py,128,0,0,4
requests,d36ceb9d06f430548a34457cd033c9bc14ea4def,2012-11-26T00:31:45-08:00,requests/packages/charade/mbcssm.py,0,0,0,1593
requests,d36ceb9d06f430548a34457cd033c9bc14ea4def,2012-11-26T00:31:45-08:00,requests/packages/chardet2/charsetprober.py,61,0,0,61
requests,d36ceb9d06f430548a34457cd033c9bc14ea4def,2012-11-26T00:31:45-08:00,requests/packages/chardet/euctwfreq.py,426,0,0,0
requests,d36ceb9d06f430548a34457cd033c9bc14ea4def,2012-11-26T00:31:45-08:00,requests/packages/oauthlib/oauth1/rfc5849/utils.py,99,0,0,99
requests,d36ceb9d06f430548a34457cd033c9bc14ea4def,2012-11-26T00:31:45-08:00,requests/packages/chardet2/chardistribution.py,200,3,0,200
requests,d36ceb9d06f430548a34457cd033c9bc14ea4def,2012-11-26T00:31:45-08:00,requests/packages/charade/langgreekmodel.py,0,0,0,677
requests,d36ceb9d06f430548a34457cd033c9bc14ea4def,2012-11-26T00:31:45-08:00,requests/packages/charade/euctwfreq.py,0,0,0,442
requests,d36ceb9d06f430548a34457cd033c9bc14ea4def,2012-11-26T00:31:45-08:00,requests/packages/charade/hebrewprober.py,0,0,0,845
requests,d36ceb9d06f430548a34457cd033c9bc14ea4def,2012-11-26T00:31:45-08:00,requests/packages/charade/utf8prober.py,0,0,0,228
requests,d36ceb9d06f430548a34457cd033c9bc14ea4def,2012-11-26T00:31:45-08:00,requests/packages/charade/mbcharsetprober.py,0,0,0,258
requests,d36ceb9d06f430548a34457cd033c9bc14ea4def,2012-11-26T00:31:45-08:00,requests/packages/chardet2/euckrprober.py,41,0,0,41
requests,d36ceb9d06f430548a34457cd033c9bc14ea4def,2012-11-26T00:31:45-08:00,requests/packages/oauthlib/oauth1/__init__.py,13,0,0,13
requests,d36ceb9d06f430548a34457cd033c9bc14ea4def,2012-11-26T00:31:45-08:00,requests/packages/charade/sjisprober.py,0,0,0,271
requests,d36ceb9d06f430548a34457cd033c9bc14ea4def,2012-11-26T00:31:45-08:00,requests/packages/charade/charsetprober.py,0,0,0,66
requests,d36ceb9d06f430548a34457cd033c9bc14ea4def,2012-11-26T00:31:45-08:00,requests/packages/chardet2/codingstatemachine.py,57,1,0,57
requests,d36ceb9d06f430548a34457cd033c9bc14ea4def,2012-11-26T00:31:45-08:00,requests/packages/chardet2/jisfreq.py,567,0,0,567
requests,d36ceb9d06f430548a34457cd033c9bc14ea4def,2012-11-26T00:31:45-08:00,requests/packages/chardet/jpcntx.py,210,5,0,841
requests,d36ceb9d06f430548a34457cd033c9bc14ea4def,2012-11-26T00:31:45-08:00,requests/packages/chardet2/langthaimodel.py,200,0,0,200
requests,d36ceb9d06f430548a34457cd033c9bc14ea4def,2012-11-26T00:31:45-08:00,requests/packages/chardet/charsetgroupprober.py,96,8,0,387
requests,d36ceb9d06f430548a34457cd033c9bc14ea4def,2012-11-26T00:31:45-08:00,requests/packages/chardet2/constants.py,39,0,0,39
requests,d36ceb9d06f430548a34457cd033c9bc14ea4def,2012-11-26T00:31:45-08:00,requests/packages/t.py,0,0,0,0
requests,d36ceb9d06f430548a34457cd033c9bc14ea4def,2012-11-26T00:31:45-08:00,requests/packages/chardet2/euctwfreq.py,426,0,0,426
requests,d36ceb9d06f430548a34457cd033c9bc14ea4def,2012-11-26T00:31:45-08:00,requests/packages/charade/sbcsgroupprober.py,0,0,0,241
requests,d36ceb9d06f430548a34457cd033c9bc14ea4def,2012-11-26T00:31:45-08:00,requests/packages/chardet/langcyrillicmodel.py,329,0,0,1316
requests,d36ceb9d06f430548a34457cd033c9bc14ea4def,2012-11-26T00:31:45-08:00,requests/packages/chardet/charsetprober.py,60,0,0,13
requests,d36ceb9d06f430548a34457cd033c9bc14ea4def,2012-11-26T00:31:45-08:00,requests/packages/chardet/escsm.py,240,0,0,960
requests,d36ceb9d06f430548a34457cd033c9bc14ea4def,2012-11-26T00:31:45-08:00,requests/packages/chardet/euckrprober.py,41,0,0,164
requests,d36ceb9d06f430548a34457cd033c9bc14ea4def,2012-11-26T00:31:45-08:00,requests/packages/chardet2/sbcsgroupprober.py,65,3,0,65
requests,d36ceb9d06f430548a34457cd033c9bc14ea4def,2012-11-26T00:31:45-08:00,requests/packages/chardet2/gb2312freq.py,471,0,0,471
requests,d36ceb9d06f430548a34457cd033c9bc14ea4def,2012-11-26T00:31:45-08:00,requests/packages/chardet/mbcsgroupprober.py,50,2,0,100
requests,d36ceb9d06f430548a34457cd033c9bc14ea4def,2012-11-26T00:31:45-08:00,requests/packages/chardet2/langhungarianmodel.py,225,0,0,225
requests,d36ceb9d06f430548a34457cd033c9bc14ea4def,2012-11-26T00:31:45-08:00,requests/packages/chardet/langbulgarianmodel.py,228,0,0,912
requests,d36ceb9d06f430548a34457cd033c9bc14ea4def,2012-11-26T00:31:45-08:00,requests/packages/chardet/universaldetector.py,154,14,0,621
requests,d36ceb9d06f430548a34457cd033c9bc14ea4def,2012-11-26T00:31:45-08:00,requests/packages/charade/euckrprober.py,0,0,0,126
requests,d36ceb9d06f430548a34457cd033c9bc14ea4def,2012-11-26T00:31:45-08:00,requests/packages/charade/universaldetector.py,0,0,0,517
requests,d36ceb9d06f430548a34457cd033c9bc14ea4def,2012-11-26T00:31:45-08:00,requests/packages/charade/jisfreq.py,0,0,0,583
requests,d36ceb9d06f430548a34457cd033c9bc14ea4def,2012-11-26T00:31:45-08:00,requests/packages/chardet/codingstatemachine.py,56,1,0,240
requests,d36ceb9d06f430548a34457cd033c9bc14ea4def,2012-11-26T00:31:45-08:00,requests/packages/chardet2/euctwprober.py,41,0,0,41
requests,d36ceb9d06f430548a34457cd033c9bc14ea4def,2012-11-26T00:31:45-08:00,requests/packages/chardet2/langhebrewmodel.py,201,0,0,201
requests,d36ceb9d06f430548a34457cd033c9bc14ea4def,2012-11-26T00:31:45-08:00,requests/packages/charade/euckrfreq.py,0,0,0,596
requests,d36ceb9d06f430548a34457cd033c9bc14ea4def,2012-11-26T00:31:45-08:00,requests/packages/oauthlib/oauth1/rfc5849/__init__.py,889,0,0,889
requests,d36ceb9d06f430548a34457cd033c9bc14ea4def,2012-11-26T00:31:45-08:00,requests/packages/chardet/escprober.py,79,4,0,160
requests,d36ceb9d06f430548a34457cd033c9bc14ea4def,2012-11-26T00:31:45-08:00,tests/dummy_server.py,0,0,0,46
requests,d36ceb9d06f430548a34457cd033c9bc14ea4def,2012-11-26T00:31:45-08:00,requests/packages/chardet/test.py,0,0,0,42
requests,d36ceb9d06f430548a34457cd033c9bc14ea4def,2012-11-26T00:31:45-08:00,requests/_oauth.py,23,0,0,23
requests,d36ceb9d06f430548a34457cd033c9bc14ea4def,2012-11-26T00:31:45-08:00,requests/packages/oauthlib/oauth2/draft25/parameters.py,256,0,0,256
requests,d36ceb9d06f430548a34457cd033c9bc14ea4def,2012-11-26T00:31:45-08:00,requests/packages/charade/big5prober.py,0,0,0,126
requests,d36ceb9d06f430548a34457cd033c9bc14ea4def,2012-11-26T00:31:45-08:00,requests/packages/chardet/gb2312freq.py,471,0,0,0
requests,d36ceb9d06f430548a34457cd033c9bc14ea4def,2012-11-26T00:31:45-08:00,requests/packages/chardet2/big5prober.py,41,0,0,41
requests,d36ceb9d06f430548a34457cd033c9bc14ea4def,2012-11-26T00:31:45-08:00,requests/packages/chardet/big5prober.py,41,0,0,164
requests,d36ceb9d06f430548a34457cd033c9bc14ea4def,2012-11-26T00:31:45-08:00,requests/packages/chardet/sbcsgroupprober.py,64,3,0,129
requests,d36ceb9d06f430548a34457cd033c9bc14ea4def,2012-11-26T00:31:45-08:00,requests/packages/chardet/utf8prober.py,76,4,0,307
requests,d36ceb9d06f430548a34457cd033c9bc14ea4def,2012-11-26T00:31:45-08:00,requests/packages/chardet/constants.py,47,0,0,86
requests,d36ceb9d06f430548a34457cd033c9bc14ea4def,2012-11-26T00:31:45-08:00,requests/packages/{chardet2 => chardet}/test.py,0,0,0,0
requests,d36ceb9d06f430548a34457cd033c9bc14ea4def,2012-11-26T00:31:45-08:00,requests/packages/charade/mbcsgroupprober.py,0,0,0,156
requests,d36ceb9d06f430548a34457cd033c9bc14ea4def,2012-11-26T00:31:45-08:00,requests/packages/charade/compat.py,0,0,0,58
requests,d36ceb9d06f430548a34457cd033c9bc14ea4def,2012-11-26T00:31:45-08:00,requests/packages/chardet/mbcharsetprober.py,82,5,0,331
requests,d36ceb9d06f430548a34457cd033c9bc14ea4def,2012-11-26T00:31:45-08:00,requests/packages/charade/escsm.py,0,0,0,722
requests,d36ceb9d06f430548a34457cd033c9bc14ea4def,2012-11-26T00:31:45-08:00,setup.py,74,0,0,28
requests,d36ceb9d06f430548a34457cd033c9bc14ea4def,2012-11-26T00:31:45-08:00,requests/packages/chardet2/eucjpprober.py,87,4,0,87
requests,d36ceb9d06f430548a34457cd033c9bc14ea4def,2012-11-26T00:31:45-08:00,requests/packages/chardet2/langcyrillicmodel.py,329,0,0,329
requests,d36ceb9d06f430548a34457cd033c9bc14ea4def,2012-11-26T00:31:45-08:00,requests/packages/chardet2/big5freq.py,923,0,0,923
requests,d36ceb9d06f430548a34457cd033c9bc14ea4def,2012-11-26T00:31:45-08:00,requests/packages/charade/jpcntx.py,0,0,0,1349
requests,d36ceb9d06f430548a34457cd033c9bc14ea4def,2012-11-26T00:31:45-08:00,requests/packages/chardet/chardistribution.py,200,3,0,801
requests,d36ceb9d06f430548a34457cd033c9bc14ea4def,2012-11-26T00:31:45-08:00,requests/packages/charade/latin1prober.py,0,0,0,423
requests,d36ceb9d06f430548a34457cd033c9bc14ea4def,2012-11-26T00:31:45-08:00,requests/packages/charade/langcyrillicmodel.py,0,0,0,989
requests,d36ceb9d06f430548a34457cd033c9bc14ea4def,2012-11-26T00:31:45-08:00,requests/packages/charade/__init__.py,0,0,0,80
requests,d36ceb9d06f430548a34457cd033c9bc14ea4def,2012-11-26T00:31:45-08:00,requests/packages/chardet2/mbcsgroupprober.py,50,2,0,50
requests,d36ceb9d06f430548a34457cd033c9bc14ea4def,2012-11-26T00:31:45-08:00,requests/packages/chardet/sbcharsetprober.py,106,9,0,440
requests,0d59a27b5606c87024052507947920099204b184,2012-11-26T00:40:27-08:00,requests/packages/chardet/mbcssm.py,514,0,0,2056
requests,0d59a27b5606c87024052507947920099204b184,2012-11-26T00:40:27-08:00,requests/packages/chardet/hebrewprober.py,269,9,0,1076
requests,0d59a27b5606c87024052507947920099204b184,2012-11-26T00:40:27-08:00,requests/packages/chardet2/latin1prober.py,135,3,0,135
requests,0d59a27b5606c87024052507947920099204b184,2012-11-26T00:40:27-08:00,requests/packages/charade/gb2312prober.py,0,0,0,125
requests,0d59a27b5606c87024052507947920099204b184,2012-11-26T00:40:27-08:00,requests/sessions.py,361,0,0,5
requests,0d59a27b5606c87024052507947920099204b184,2012-11-26T00:40:27-08:00,requests/packages/chardet/compat.py,0,0,0,12
requests,0d59a27b5606c87024052507947920099204b184,2012-11-26T00:40:27-08:00,requests/packages/chardet2/escsm.py,240,0,0,240
requests,0d59a27b5606c87024052507947920099204b184,2012-11-26T00:40:27-08:00,requests/packages/oauthlib/oauth1/rfc5849/parameters.py,134,0,0,134
requests,0d59a27b5606c87024052507947920099204b184,2012-11-26T00:40:27-08:00,requests/packages/chardet2/mbcharsetprober.py,83,5,0,83
requests,0d59a27b5606c87024052507947920099204b184,2012-11-26T00:40:27-08:00,requests/async.py,0,0,0,0
requests,0d59a27b5606c87024052507947920099204b184,2012-11-26T00:40:27-08:00,requests/packages/charade/langbulgarianmodel.py,0,0,0,753
requests,0d59a27b5606c87024052507947920099204b184,2012-11-26T00:40:27-08:00,requests/packages/chardet/langgreekmodel.py,225,0,0,900
requests,0d59a27b5606c87024052507947920099204b184,2012-11-26T00:40:27-08:00,requests/packages/chardet2/__init__.py,26,1,0,26
requests,0d59a27b5606c87024052507947920099204b184,2012-11-26T00:40:27-08:00,requests/packages/charade/langhungarianmodel.py,0,0,0,677
requests,0d59a27b5606c87024052507947920099204b184,2012-11-26T00:40:27-08:00,requests/packages/chardet/big5freq.py,923,0,0,0
requests,0d59a27b5606c87024052507947920099204b184,2012-11-26T00:40:27-08:00,requests/models.py,918,0,0,53
requests,0d59a27b5606c87024052507947920099204b184,2012-11-26T00:40:27-08:00,requests/packages/chardet2/hebrewprober.py,269,9,0,269
requests,0d59a27b5606c87024052507947920099204b184,2012-11-26T00:40:27-08:00,requests/packages/chardet2/euckrfreq.py,594,0,0,594
requests,0d59a27b5606c87024052507947920099204b184,2012-11-26T00:40:27-08:00,requests/packages/chardet/eucjpprober.py,85,4,0,346
requests,0d59a27b5606c87024052507947920099204b184,2012-11-26T00:40:27-08:00,requests/packages/chardet/euckrfreq.py,594,0,0,0
requests,0d59a27b5606c87024052507947920099204b184,2012-11-26T00:40:27-08:00,requests/packages/charade/escprober.py,0,0,0,254
requests,0d59a27b5606c87024052507947920099204b184,2012-11-26T00:40:27-08:00,requests/packages/oauthlib/oauth2/draft25/tokens.py,132,0,0,132
requests,0d59a27b5606c87024052507947920099204b184,2012-11-26T00:40:27-08:00,requests/packages/chardet2/sbcharsetprober.py,107,9,0,107
requests,0d59a27b5606c87024052507947920099204b184,2012-11-26T00:40:27-08:00,requests/packages/chardet/latin1prober.py,136,3,0,562
requests,0d59a27b5606c87024052507947920099204b184,2012-11-26T00:40:27-08:00,requests/packages/chardet2/sjisprober.py,86,5,0,86
requests,0d59a27b5606c87024052507947920099204b184,2012-11-26T00:40:27-08:00,requests/compat.py,119,0,0,13
requests,0d59a27b5606c87024052507947920099204b184,2012-11-26T00:40:27-08:00,requests/packages/oauthlib/__init__.py,0,0,0,0
requests,0d59a27b5606c87024052507947920099204b184,2012-11-26T00:40:27-08:00,requests/packages/charade/sbcharsetprober.py,0,0,0,370
requests,0d59a27b5606c87024052507947920099204b184,2012-11-26T00:40:27-08:00,requests/packages/charade/charsetgroupprober.py,0,0,0,320
requests,0d59a27b5606c87024052507947920099204b184,2012-11-26T00:40:27-08:00,requests/packages/oauthlib/oauth1/rfc5849/signature.py,551,0,0,551
requests,0d59a27b5606c87024052507947920099204b184,2012-11-26T00:40:27-08:00,requests/defaults.py,50,0,0,6
requests,0d59a27b5606c87024052507947920099204b184,2012-11-26T00:40:27-08:00,t.py,0,0,0,4
requests,0d59a27b5606c87024052507947920099204b184,2012-11-26T00:40:27-08:00,requests/packages/chardet2/mbcssm.py,514,0,0,514
requests,0d59a27b5606c87024052507947920099204b184,2012-11-26T00:40:27-08:00,requests/packages/charade/big5freq.py,0,0,0,943
requests,0d59a27b5606c87024052507947920099204b184,2012-11-26T00:40:27-08:00,requests/packages/oauthlib/oauth2/draft25/__init__.py,497,3,0,497
requests,0d59a27b5606c87024052507947920099204b184,2012-11-26T00:40:27-08:00,requests/packages/charade/constants.py,0,0,0,117
requests,0d59a27b5606c87024052507947920099204b184,2012-11-26T00:40:27-08:00,requests/packages/chardet2/langgreekmodel.py,225,0,0,225
requests,0d59a27b5606c87024052507947920099204b184,2012-11-26T00:40:27-08:00,requests/packages/chardet/jisfreq.py,567,0,0,0
requests,0d59a27b5606c87024052507947920099204b184,2012-11-26T00:40:27-08:00,requests/packages/chardet/gb2312prober.py,41,0,0,164
requests,0d59a27b5606c87024052507947920099204b184,2012-11-26T00:40:27-08:00,requests/packages/charade/chardistribution.py,0,0,0,686
requests,0d59a27b5606c87024052507947920099204b184,2012-11-26T00:40:27-08:00,requests/packages/chardet/langhebrewmodel.py,201,0,0,804
requests,0d59a27b5606c87024052507947920099204b184,2012-11-26T00:40:27-08:00,requests/utils.py,640,2,0,0
requests,0d59a27b5606c87024052507947920099204b184,2012-11-26T00:40:27-08:00,requests/packages/chardet2/gb2312prober.py,41,0,0,41
requests,0d59a27b5606c87024052507947920099204b184,2012-11-26T00:40:27-08:00,requests/packages/chardet/__init__.py,26,1,0,104
requests,0d59a27b5606c87024052507947920099204b184,2012-11-26T00:40:27-08:00,requests/packages/chardet/langthaimodel.py,200,0,0,800
requests,0d59a27b5606c87024052507947920099204b184,2012-11-26T00:40:27-08:00,requests/packages/charade/langthaimodel.py,0,0,0,600
requests,0d59a27b5606c87024052507947920099204b184,2012-11-26T00:40:27-08:00,requests/packages/charade/langhebrewmodel.py,0,0,0,605
requests,0d59a27b5606c87024052507947920099204b184,2012-11-26T00:40:27-08:00,requests/packages/chardet/langhungarianmodel.py,225,0,0,900
requests,0d59a27b5606c87024052507947920099204b184,2012-11-26T00:40:27-08:00,requests/packages/oauthlib/oauth2/__init__.py,13,0,0,13
requests,0d59a27b5606c87024052507947920099204b184,2012-11-26T00:40:27-08:00,requests/packages/chardet2/charsetgroupprober.py,97,8,0,97
requests,0d59a27b5606c87024052507947920099204b184,2012-11-26T00:40:27-08:00,requests/packages/chardet2/utf8prober.py,77,4,0,77
requests,0d59a27b5606c87024052507947920099204b184,2012-11-26T00:40:27-08:00,tests/test_keep_alive.py,0,0,0,65
requests,0d59a27b5606c87024052507947920099204b184,2012-11-26T00:40:27-08:00,requests/packages/oauthlib/oauth2/draft25/utils.py,39,0,0,39
requests,0d59a27b5606c87024052507947920099204b184,2012-11-26T00:40:27-08:00,requests/packages/charade/euctwprober.py,0,0,0,125
requests,0d59a27b5606c87024052507947920099204b184,2012-11-26T00:40:27-08:00,requests/packages/charade/gb2312freq.py,0,0,0,480
requests,0d59a27b5606c87024052507947920099204b184,2012-11-26T00:40:27-08:00,requests/packages/chardet2/langbulgarianmodel.py,228,0,0,228
requests,0d59a27b5606c87024052507947920099204b184,2012-11-26T00:40:27-08:00,requests/packages/chardet2/escprober.py,81,4,0,81
requests,0d59a27b5606c87024052507947920099204b184,2012-11-26T00:40:27-08:00,requests/packages/chardet/euctwprober.py,41,0,0,164
requests,0d59a27b5606c87024052507947920099204b184,2012-11-26T00:40:27-08:00,requests/auth.py,396,0,0,4
requests,0d59a27b5606c87024052507947920099204b184,2012-11-26T00:40:27-08:00,requests/safe_mode.py,40,0,0,40
requests,0d59a27b5606c87024052507947920099204b184,2012-11-26T00:40:27-08:00,requests/packages/charade/codingstatemachine.py,0,0,0,189
requests,0d59a27b5606c87024052507947920099204b184,2012-11-26T00:40:27-08:00,requests/packages/chardet2/jpcntx.py,210,5,0,210
requests,0d59a27b5606c87024052507947920099204b184,2012-11-26T00:40:27-08:00,requests/__init__.py,60,0,0,4
requests,0d59a27b5606c87024052507947920099204b184,2012-11-26T00:40:27-08:00,requests/packages/charade/eucjpprober.py,0,0,0,268
requests,0d59a27b5606c87024052507947920099204b184,2012-11-26T00:40:27-08:00,t2.py,0,0,0,6
requests,0d59a27b5606c87024052507947920099204b184,2012-11-26T00:40:27-08:00,requests/packages/chardet/sjisprober.py,85,5,0,343
requests,0d59a27b5606c87024052507947920099204b184,2012-11-26T00:40:27-08:00,requests/packages/chardet2/universaldetector.py,155,14,0,155
requests,0d59a27b5606c87024052507947920099204b184,2012-11-26T00:40:27-08:00,requests/packages/oauthlib/common.py,229,0,0,229
requests,0d59a27b5606c87024052507947920099204b184,2012-11-26T00:40:27-08:00,requests/api.py,128,0,0,4
requests,0d59a27b5606c87024052507947920099204b184,2012-11-26T00:40:27-08:00,requests/packages/charade/mbcssm.py,0,0,0,1593
requests,0d59a27b5606c87024052507947920099204b184,2012-11-26T00:40:27-08:00,requests/packages/chardet2/charsetprober.py,61,0,0,61
requests,0d59a27b5606c87024052507947920099204b184,2012-11-26T00:40:27-08:00,requests/packages/chardet/euctwfreq.py,426,0,0,0
requests,0d59a27b5606c87024052507947920099204b184,2012-11-26T00:40:27-08:00,requests/packages/oauthlib/oauth1/rfc5849/utils.py,99,0,0,99
requests,0d59a27b5606c87024052507947920099204b184,2012-11-26T00:40:27-08:00,requests/packages/chardet2/chardistribution.py,200,3,0,200
requests,0d59a27b5606c87024052507947920099204b184,2012-11-26T00:40:27-08:00,requests/packages/charade/langgreekmodel.py,0,0,0,677
requests,0d59a27b5606c87024052507947920099204b184,2012-11-26T00:40:27-08:00,requests/packages/charade/euctwfreq.py,0,0,0,442
requests,0d59a27b5606c87024052507947920099204b184,2012-11-26T00:40:27-08:00,requests/packages/charade/hebrewprober.py,0,0,0,845
requests,0d59a27b5606c87024052507947920099204b184,2012-11-26T00:40:27-08:00,requests/packages/charade/utf8prober.py,0,0,0,228
requests,0d59a27b5606c87024052507947920099204b184,2012-11-26T00:40:27-08:00,requests/packages/charade/mbcharsetprober.py,0,0,0,258
requests,0d59a27b5606c87024052507947920099204b184,2012-11-26T00:40:27-08:00,requests/packages/chardet2/euckrprober.py,41,0,0,41
requests,0d59a27b5606c87024052507947920099204b184,2012-11-26T00:40:27-08:00,requests/packages/oauthlib/oauth1/__init__.py,13,0,0,13
requests,0d59a27b5606c87024052507947920099204b184,2012-11-26T00:40:27-08:00,requests/packages/charade/sjisprober.py,0,0,0,271
requests,0d59a27b5606c87024052507947920099204b184,2012-11-26T00:40:27-08:00,requests/packages/charade/charsetprober.py,0,0,0,66
requests,0d59a27b5606c87024052507947920099204b184,2012-11-26T00:40:27-08:00,requests/packages/chardet2/codingstatemachine.py,57,1,0,57
requests,0d59a27b5606c87024052507947920099204b184,2012-11-26T00:40:27-08:00,requests/packages/chardet2/jisfreq.py,567,0,0,567
requests,0d59a27b5606c87024052507947920099204b184,2012-11-26T00:40:27-08:00,requests/packages/chardet/jpcntx.py,210,5,0,841
requests,0d59a27b5606c87024052507947920099204b184,2012-11-26T00:40:27-08:00,requests/packages/chardet2/langthaimodel.py,200,0,0,200
requests,0d59a27b5606c87024052507947920099204b184,2012-11-26T00:40:27-08:00,requests/packages/chardet/charsetgroupprober.py,96,8,0,387
requests,0d59a27b5606c87024052507947920099204b184,2012-11-26T00:40:27-08:00,requests/packages/chardet2/constants.py,39,0,0,39
requests,0d59a27b5606c87024052507947920099204b184,2012-11-26T00:40:27-08:00,requests/packages/t.py,0,0,0,0
requests,0d59a27b5606c87024052507947920099204b184,2012-11-26T00:40:27-08:00,requests/packages/chardet2/euctwfreq.py,426,0,0,426
requests,0d59a27b5606c87024052507947920099204b184,2012-11-26T00:40:27-08:00,requests/packages/charade/sbcsgroupprober.py,0,0,0,241
requests,0d59a27b5606c87024052507947920099204b184,2012-11-26T00:40:27-08:00,requests/packages/chardet/langcyrillicmodel.py,329,0,0,1316
requests,0d59a27b5606c87024052507947920099204b184,2012-11-26T00:40:27-08:00,requests/packages/chardet/charsetprober.py,60,0,0,13
requests,0d59a27b5606c87024052507947920099204b184,2012-11-26T00:40:27-08:00,requests/packages/chardet/escsm.py,240,0,0,960
requests,0d59a27b5606c87024052507947920099204b184,2012-11-26T00:40:27-08:00,requests/packages/chardet/euckrprober.py,41,0,0,164
requests,0d59a27b5606c87024052507947920099204b184,2012-11-26T00:40:27-08:00,requests/packages/chardet2/sbcsgroupprober.py,65,3,0,65
requests,0d59a27b5606c87024052507947920099204b184,2012-11-26T00:40:27-08:00,requests/packages/chardet2/gb2312freq.py,471,0,0,471
requests,0d59a27b5606c87024052507947920099204b184,2012-11-26T00:40:27-08:00,requests/packages/chardet/mbcsgroupprober.py,50,2,0,100
requests,0d59a27b5606c87024052507947920099204b184,2012-11-26T00:40:27-08:00,requests/packages/chardet2/langhungarianmodel.py,225,0,0,225
requests,0d59a27b5606c87024052507947920099204b184,2012-11-26T00:40:27-08:00,requests/packages/chardet/langbulgarianmodel.py,228,0,0,912
requests,0d59a27b5606c87024052507947920099204b184,2012-11-26T00:40:27-08:00,requests/packages/chardet/universaldetector.py,154,14,0,621
requests,0d59a27b5606c87024052507947920099204b184,2012-11-26T00:40:27-08:00,requests/packages/charade/euckrprober.py,0,0,0,126
requests,0d59a27b5606c87024052507947920099204b184,2012-11-26T00:40:27-08:00,requests/packages/charade/universaldetector.py,0,0,0,517
requests,0d59a27b5606c87024052507947920099204b184,2012-11-26T00:40:27-08:00,requests/packages/charade/jisfreq.py,0,0,0,583
requests,0d59a27b5606c87024052507947920099204b184,2012-11-26T00:40:27-08:00,requests/packages/chardet/codingstatemachine.py,56,1,0,240
requests,0d59a27b5606c87024052507947920099204b184,2012-11-26T00:40:27-08:00,requests/packages/chardet2/euctwprober.py,41,0,0,41
requests,0d59a27b5606c87024052507947920099204b184,2012-11-26T00:40:27-08:00,requests/packages/chardet2/langhebrewmodel.py,201,0,0,201
requests,0d59a27b5606c87024052507947920099204b184,2012-11-26T00:40:27-08:00,requests/packages/charade/euckrfreq.py,0,0,0,596
requests,0d59a27b5606c87024052507947920099204b184,2012-11-26T00:40:27-08:00,requests/packages/oauthlib/oauth1/rfc5849/__init__.py,889,0,0,889
requests,0d59a27b5606c87024052507947920099204b184,2012-11-26T00:40:27-08:00,requests/packages/chardet/escprober.py,79,4,0,160
requests,0d59a27b5606c87024052507947920099204b184,2012-11-26T00:40:27-08:00,tests/dummy_server.py,0,0,0,46
requests,0d59a27b5606c87024052507947920099204b184,2012-11-26T00:40:27-08:00,requests/packages/chardet/test.py,0,0,0,42
requests,0d59a27b5606c87024052507947920099204b184,2012-11-26T00:40:27-08:00,requests/_oauth.py,23,0,0,23
requests,0d59a27b5606c87024052507947920099204b184,2012-11-26T00:40:27-08:00,requests/packages/oauthlib/oauth2/draft25/parameters.py,256,0,0,256
requests,0d59a27b5606c87024052507947920099204b184,2012-11-26T00:40:27-08:00,requests/packages/charade/big5prober.py,0,0,0,126
requests,0d59a27b5606c87024052507947920099204b184,2012-11-26T00:40:27-08:00,requests/packages/chardet/gb2312freq.py,471,0,0,0
requests,0d59a27b5606c87024052507947920099204b184,2012-11-26T00:40:27-08:00,requests/packages/chardet2/big5prober.py,41,0,0,41
requests,0d59a27b5606c87024052507947920099204b184,2012-11-26T00:40:27-08:00,requests/packages/chardet/big5prober.py,41,0,0,164
requests,0d59a27b5606c87024052507947920099204b184,2012-11-26T00:40:27-08:00,requests/packages/chardet/sbcsgroupprober.py,64,3,0,129
requests,0d59a27b5606c87024052507947920099204b184,2012-11-26T00:40:27-08:00,requests/packages/chardet/utf8prober.py,76,4,0,307
requests,0d59a27b5606c87024052507947920099204b184,2012-11-26T00:40:27-08:00,requests/packages/chardet/constants.py,47,0,0,86
requests,0d59a27b5606c87024052507947920099204b184,2012-11-26T00:40:27-08:00,requests/packages/{chardet2 => chardet}/test.py,0,0,0,0
requests,0d59a27b5606c87024052507947920099204b184,2012-11-26T00:40:27-08:00,requests/packages/charade/mbcsgroupprober.py,0,0,0,156
requests,0d59a27b5606c87024052507947920099204b184,2012-11-26T00:40:27-08:00,requests/packages/charade/compat.py,0,0,0,58
requests,0d59a27b5606c87024052507947920099204b184,2012-11-26T00:40:27-08:00,requests/packages/chardet/mbcharsetprober.py,82,5,0,331
requests,0d59a27b5606c87024052507947920099204b184,2012-11-26T00:40:27-08:00,requests/packages/charade/escsm.py,0,0,0,722
requests,0d59a27b5606c87024052507947920099204b184,2012-11-26T00:40:27-08:00,setup.py,74,0,0,28
requests,0d59a27b5606c87024052507947920099204b184,2012-11-26T00:40:27-08:00,requests/packages/chardet2/eucjpprober.py,87,4,0,87
requests,0d59a27b5606c87024052507947920099204b184,2012-11-26T00:40:27-08:00,requests/packages/chardet2/langcyrillicmodel.py,329,0,0,329
requests,0d59a27b5606c87024052507947920099204b184,2012-11-26T00:40:27-08:00,requests/packages/chardet2/big5freq.py,923,0,0,923
requests,0d59a27b5606c87024052507947920099204b184,2012-11-26T00:40:27-08:00,requests/packages/charade/jpcntx.py,0,0,0,1349
requests,0d59a27b5606c87024052507947920099204b184,2012-11-26T00:40:27-08:00,requests/packages/chardet/chardistribution.py,200,3,0,801
requests,0d59a27b5606c87024052507947920099204b184,2012-11-26T00:40:27-08:00,requests/packages/charade/latin1prober.py,0,0,0,423
requests,0d59a27b5606c87024052507947920099204b184,2012-11-26T00:40:27-08:00,requests/packages/charade/langcyrillicmodel.py,0,0,0,989
requests,0d59a27b5606c87024052507947920099204b184,2012-11-26T00:40:27-08:00,requests/packages/charade/__init__.py,0,0,0,80
requests,0d59a27b5606c87024052507947920099204b184,2012-11-26T00:40:27-08:00,requests/packages/chardet2/mbcsgroupprober.py,50,2,0,50
requests,0d59a27b5606c87024052507947920099204b184,2012-11-26T00:40:27-08:00,requests/packages/chardet/sbcharsetprober.py,106,9,0,440
requests,cc4b0b110f60b495f0f159150a9e99553d43aa4c,2012-12-17T03:08:25-05:00,requests/packages/chardet/mbcssm.py,514,0,0,514
requests,cc4b0b110f60b495f0f159150a9e99553d43aa4c,2012-12-17T03:08:25-05:00,requests/packages/chardet/hebrewprober.py,269,3,0,269
requests,cc4b0b110f60b495f0f159150a9e99553d43aa4c,2012-12-17T03:08:25-05:00,requests/packages/charade/hebrewprober.py,283,3,0,0
requests,cc4b0b110f60b495f0f159150a9e99553d43aa4c,2012-12-17T03:08:25-05:00,requests/packages/charade/utf8prober.py,76,2,0,0
requests,cc4b0b110f60b495f0f159150a9e99553d43aa4c,2012-12-17T03:08:25-05:00,requests/packages/charade/mbcharsetprober.py,86,5,0,0
requests,cc4b0b110f60b495f0f159150a9e99553d43aa4c,2012-12-17T03:08:25-05:00,requests/sessions.py,360,0,0,356
requests,cc4b0b110f60b495f0f159150a9e99553d43aa4c,2012-12-17T03:08:25-05:00,requests/packages/chardet/compat.py,12,0,0,12
requests,cc4b0b110f60b495f0f159150a9e99553d43aa4c,2012-12-17T03:08:25-05:00,tests/informal/test_leaked_connections.py,31,0,0,31
requests,cc4b0b110f60b495f0f159150a9e99553d43aa4c,2012-12-17T03:08:25-05:00,requests/packages/chardet/langgreekmodel.py,225,0,0,225
requests,cc4b0b110f60b495f0f159150a9e99553d43aa4c,2012-12-17T03:08:25-05:00,requests/packages/urllib3/filepost.py,91,0,0,23
requests,cc4b0b110f60b495f0f159150a9e99553d43aa4c,2012-12-17T03:08:25-05:00,requests/packages/charade/sjisprober.py,91,6,0,0
requests,cc4b0b110f60b495f0f159150a9e99553d43aa4c,2012-12-17T03:08:25-05:00,tests/test_requests.py,1151,0,0,1151
requests,cc4b0b110f60b495f0f159150a9e99553d43aa4c,2012-12-17T03:08:25-05:00,tests/test_requests_https.py,32,0,0,32
requests,cc4b0b110f60b495f0f159150a9e99553d43aa4c,2012-12-17T03:08:25-05:00,requests/hooks.py,48,0,0,27
requests,cc4b0b110f60b495f0f159150a9e99553d43aa4c,2012-12-17T03:08:25-05:00,requests/packages/chardet/jpcntx.py,211,4,0,211
requests,cc4b0b110f60b495f0f159150a9e99553d43aa4c,2012-12-17T03:08:25-05:00,requests/packages/chardet/big5freq.py,923,0,0,923
requests,cc4b0b110f60b495f0f159150a9e99553d43aa4c,2012-12-17T03:08:25-05:00,requests/models.py,585,0,0,292
requests,cc4b0b110f60b495f0f159150a9e99553d43aa4c,2012-12-17T03:08:25-05:00,requests/packages/chardet/charsetgroupprober.py,97,4,0,97
requests,cc4b0b110f60b495f0f159150a9e99553d43aa4c,2012-12-17T03:08:25-05:00,requests/packages/chardet/eucjpprober.py,87,6,0,87
requests,cc4b0b110f60b495f0f159150a9e99553d43aa4c,2012-12-17T03:08:25-05:00,requests/packages/chardet/euckrfreq.py,594,0,0,594
requests,cc4b0b110f60b495f0f159150a9e99553d43aa4c,2012-12-17T03:08:25-05:00,requests/packages/charade/escprober.py,86,1,0,0
requests,cc4b0b110f60b495f0f159150a9e99553d43aa4c,2012-12-17T03:08:25-05:00,requests/cookies.py,378,0,0,9
requests,cc4b0b110f60b495f0f159150a9e99553d43aa4c,2012-12-17T03:08:25-05:00,test_requests.py,0,0,0,273
requests,cc4b0b110f60b495f0f159150a9e99553d43aa4c,2012-12-17T03:08:25-05:00,requests/packages/chardet/latin1prober.py,138,2,0,138
requests,cc4b0b110f60b495f0f159150a9e99553d43aa4c,2012-12-17T03:08:25-05:00,requests/packages/charade/sbcsgroupprober.py,69,2,0,0
requests,cc4b0b110f60b495f0f159150a9e99553d43aa4c,2012-12-17T03:08:25-05:00,requests/packages/charade/sbcharsetprober.py,120,3,0,0
requests,cc4b0b110f60b495f0f159150a9e99553d43aa4c,2012-12-17T03:08:25-05:00,requests/packages/charade/charsetgroupprober.py,106,4,0,0
requests,cc4b0b110f60b495f0f159150a9e99553d43aa4c,2012-12-17T03:08:25-05:00,requests/defaults.py,21,0,0,36
requests,cc4b0b110f60b495f0f159150a9e99553d43aa4c,2012-12-17T03:08:25-05:00,tests/test_requests_ext.py,124,0,0,124
requests,cc4b0b110f60b495f0f159150a9e99553d43aa4c,2012-12-17T03:08:25-05:00,requests/packages/urllib3/request.py,128,0,0,26
requests,cc4b0b110f60b495f0f159150a9e99553d43aa4c,2012-12-17T03:08:25-05:00,requests/packages/chardet/langcyrillicmodel.py,329,0,0,329
requests,cc4b0b110f60b495f0f159150a9e99553d43aa4c,2012-12-17T03:08:25-05:00,requests/packages/chardet/charsetprober.py,61,0,0,61
requests,cc4b0b110f60b495f0f159150a9e99553d43aa4c,2012-12-17T03:08:25-05:00,tests/test_cookies.py,244,0,0,244
requests,cc4b0b110f60b495f0f159150a9e99553d43aa4c,2012-12-17T03:08:25-05:00,requests/packages/chardet/jisfreq.py,567,0,0,567
requests,cc4b0b110f60b495f0f159150a9e99553d43aa4c,2012-12-17T03:08:25-05:00,requests/packages/chardet/escsm.py,240,0,0,240
requests,cc4b0b110f60b495f0f159150a9e99553d43aa4c,2012-12-17T03:08:25-05:00,test_iteration.py,29,0,0,29
requests,cc4b0b110f60b495f0f159150a9e99553d43aa4c,2012-12-17T03:08:25-05:00,tests/test_proxies.py,29,0,0,29
requests,cc4b0b110f60b495f0f159150a9e99553d43aa4c,2012-12-17T03:08:25-05:00,requests/packages/chardet/euckrprober.py,41,0,0,41
requests,cc4b0b110f60b495f0f159150a9e99553d43aa4c,2012-12-17T03:08:25-05:00,requests/packages/chardet/gb2312prober.py,41,0,0,41
requests,cc4b0b110f60b495f0f159150a9e99553d43aa4c,2012-12-17T03:08:25-05:00,requests/packages/chardet/mbcsgroupprober.py,50,1,0,50
requests,cc4b0b110f60b495f0f159150a9e99553d43aa4c,2012-12-17T03:08:25-05:00,requests/packages/urllib3/poolmanager.py,158,0,0,31
requests,cc4b0b110f60b495f0f159150a9e99553d43aa4c,2012-12-17T03:08:25-05:00,requests/packages/charade/chardistribution.py,230,3,0,0
requests,cc4b0b110f60b495f0f159150a9e99553d43aa4c,2012-12-17T03:08:25-05:00,requests/packages/chardet/langhebrewmodel.py,201,0,0,201
requests,cc4b0b110f60b495f0f159150a9e99553d43aa4c,2012-12-17T03:08:25-05:00,requests/utils.py,647,2,0,117
requests,cc4b0b110f60b495f0f159150a9e99553d43aa4c,2012-12-17T03:08:25-05:00,requests/packages/urllib3/util.py,252,0,0,54
requests,cc4b0b110f60b495f0f159150a9e99553d43aa4c,2012-12-17T03:08:25-05:00,requests/packages/chardet/universaldetector.py,157,4,0,157
requests,cc4b0b110f60b495f0f159150a9e99553d43aa4c,2012-12-17T03:08:25-05:00,requests/packages/chardet/langbulgarianmodel.py,228,0,0,228
requests,cc4b0b110f60b495f0f159150a9e99553d43aa4c,2012-12-17T03:08:25-05:00,requests/packages/chardet/__init__.py,26,1,0,26
requests,cc4b0b110f60b495f0f159150a9e99553d43aa4c,2012-12-17T03:08:25-05:00,backup.py,604,0,0,604
requests,cc4b0b110f60b495f0f159150a9e99553d43aa4c,2012-12-17T03:08:25-05:00,requests/packages/chardet/langthaimodel.py,200,0,0,200
requests,cc4b0b110f60b495f0f159150a9e99553d43aa4c,2012-12-17T03:08:25-05:00,requests/packages/charade/universaldetector.py,171,4,0,0
requests,cc4b0b110f60b495f0f159150a9e99553d43aa4c,2012-12-17T03:08:25-05:00,requests/packages/chardet/codingstatemachine.py,60,0,0,60
requests,cc4b0b110f60b495f0f159150a9e99553d43aa4c,2012-12-17T03:08:25-05:00,requests/packages/chardet/langhungarianmodel.py,225,0,0,225
requests,cc4b0b110f60b495f0f159150a9e99553d43aa4c,2012-12-17T03:08:25-05:00,requests/packages/chardet/escprober.py,81,1,0,81
requests,cc4b0b110f60b495f0f159150a9e99553d43aa4c,2012-12-17T03:08:25-05:00,requests/packages/chardet/test.py,21,0,0,21
requests,cc4b0b110f60b495f0f159150a9e99553d43aa4c,2012-12-17T03:08:25-05:00,tests/dummy_server.py,46,0,0,46
requests,cc4b0b110f60b495f0f159150a9e99553d43aa4c,2012-12-17T03:08:25-05:00,requests/certs.py,27,0,0,24
requests,cc4b0b110f60b495f0f159150a9e99553d43aa4c,2012-12-17T03:08:25-05:00,tests/test_keep_alive.py,65,0,0,65
requests,cc4b0b110f60b495f0f159150a9e99553d43aa4c,2012-12-17T03:08:25-05:00,requests/packages/urllib3/response.py,202,0,0,4
requests,cc4b0b110f60b495f0f159150a9e99553d43aa4c,2012-12-17T03:08:25-05:00,requests/packages/chardet/euctwprober.py,41,0,0,41
requests,cc4b0b110f60b495f0f159150a9e99553d43aa4c,2012-12-17T03:08:25-05:00,requests/auth.py,395,0,0,235
requests,cc4b0b110f60b495f0f159150a9e99553d43aa4c,2012-12-17T03:08:25-05:00,requests/packages/chardet/gb2312freq.py,471,0,0,471
requests,cc4b0b110f60b495f0f159150a9e99553d43aa4c,2012-12-17T03:08:25-05:00,requests/packages/chardet/big5prober.py,41,0,0,41
requests,cc4b0b110f60b495f0f159150a9e99553d43aa4c,2012-12-17T03:08:25-05:00,tests/test_utils.py,122,0,0,122
requests,cc4b0b110f60b495f0f159150a9e99553d43aa4c,2012-12-17T03:08:25-05:00,requests/packages/chardet/sbcsgroupprober.py,65,2,0,65
requests,cc4b0b110f60b495f0f159150a9e99553d43aa4c,2012-12-17T03:08:25-05:00,requests/packages/chardet/utf8prober.py,77,2,0,77
requests,cc4b0b110f60b495f0f159150a9e99553d43aa4c,2012-12-17T03:08:25-05:00,requests/packages/urllib3/connectionpool.py,562,0,0,55
requests,cc4b0b110f60b495f0f159150a9e99553d43aa4c,2012-12-17T03:08:25-05:00,requests/packages/chardet/constants.py,39,0,0,39
requests,cc4b0b110f60b495f0f159150a9e99553d43aa4c,2012-12-17T03:08:25-05:00,requests/packages/charade/mbcsgroupprober.py,52,1,0,0
requests,cc4b0b110f60b495f0f159150a9e99553d43aa4c,2012-12-17T03:08:25-05:00,requests/packages/chardet/mbcharsetprober.py,83,5,0,83
requests,cc4b0b110f60b495f0f159150a9e99553d43aa4c,2012-12-17T03:08:25-05:00,setup.py,58,0,0,2
requests,cc4b0b110f60b495f0f159150a9e99553d43aa4c,2012-12-17T03:08:25-05:00,requests/__init__.py,71,0,0,18
requests,cc4b0b110f60b495f0f159150a9e99553d43aa4c,2012-12-17T03:08:25-05:00,requests/packages/urllib3/packages/six.py,372,0,0,53
requests,cc4b0b110f60b495f0f159150a9e99553d43aa4c,2012-12-17T03:08:25-05:00,requests/packages/charade/eucjpprober.py,90,6,0,0
requests,cc4b0b110f60b495f0f159150a9e99553d43aa4c,2012-12-17T03:08:25-05:00,requests/packages/charade/jpcntx.py,219,4,0,0
requests,cc4b0b110f60b495f0f159150a9e99553d43aa4c,2012-12-17T03:08:25-05:00,requests/packages/chardet/chardistribution.py,201,3,0,201
requests,cc4b0b110f60b495f0f159150a9e99553d43aa4c,2012-12-17T03:08:25-05:00,requests/packages/chardet/sjisprober.py,86,5,0,86
requests,cc4b0b110f60b495f0f159150a9e99553d43aa4c,2012-12-17T03:08:25-05:00,requests/packages/charade/latin1prober.py,139,2,0,0
requests,cc4b0b110f60b495f0f159150a9e99553d43aa4c,2012-12-17T03:08:25-05:00,requests/api.py,126,0,0,31
requests,cc4b0b110f60b495f0f159150a9e99553d43aa4c,2012-12-17T03:08:25-05:00,requests/packages/urllib3/exceptions.py,77,0,0,16
requests,cc4b0b110f60b495f0f159150a9e99553d43aa4c,2012-12-17T03:08:25-05:00,requests/adapters.py,174,0,0,135
requests,cc4b0b110f60b495f0f159150a9e99553d43aa4c,2012-12-17T03:08:25-05:00,requests/packages/charade/__init__.py,26,1,0,7
requests,cc4b0b110f60b495f0f159150a9e99553d43aa4c,2012-12-17T03:08:25-05:00,requests/packages/chardet/euctwfreq.py,426,0,0,426
requests,cc4b0b110f60b495f0f159150a9e99553d43aa4c,2012-12-17T03:08:25-05:00,requests/packages/chardet/sbcharsetprober.py,110,3,0,110
requests,d11522b29e3d05017c1464f13dd3be70c3ffd1a4,2012-12-17T06:55:33-05:00,requests/packages/chardet/mbcssm.py,514,0,0,514
requests,d11522b29e3d05017c1464f13dd3be70c3ffd1a4,2012-12-17T06:55:33-05:00,requests/packages/chardet/hebrewprober.py,269,3,0,269
requests,d11522b29e3d05017c1464f13dd3be70c3ffd1a4,2012-12-17T06:55:33-05:00,requests/packages/charade/hebrewprober.py,283,3,0,0
requests,d11522b29e3d05017c1464f13dd3be70c3ffd1a4,2012-12-17T06:55:33-05:00,requests/packages/charade/utf8prober.py,76,2,0,0
requests,d11522b29e3d05017c1464f13dd3be70c3ffd1a4,2012-12-17T06:55:33-05:00,requests/packages/charade/mbcharsetprober.py,86,5,0,0
requests,d11522b29e3d05017c1464f13dd3be70c3ffd1a4,2012-12-17T06:55:33-05:00,requests/sessions.py,363,0,0,119
requests,d11522b29e3d05017c1464f13dd3be70c3ffd1a4,2012-12-17T06:55:33-05:00,requests/packages/chardet/compat.py,12,0,0,12
requests,d11522b29e3d05017c1464f13dd3be70c3ffd1a4,2012-12-17T06:55:33-05:00,tests/informal/test_leaked_connections.py,31,0,0,31
requests,d11522b29e3d05017c1464f13dd3be70c3ffd1a4,2012-12-17T06:55:33-05:00,requests/packages/chardet/langgreekmodel.py,225,0,0,225
requests,d11522b29e3d05017c1464f13dd3be70c3ffd1a4,2012-12-17T06:55:33-05:00,requests/packages/charade/sjisprober.py,91,6,0,0
requests,d11522b29e3d05017c1464f13dd3be70c3ffd1a4,2012-12-17T06:55:33-05:00,tests/test_requests.py,1151,0,0,1151
requests,d11522b29e3d05017c1464f13dd3be70c3ffd1a4,2012-12-17T06:55:33-05:00,tests/test_requests_https.py,32,0,0,32
requests,d11522b29e3d05017c1464f13dd3be70c3ffd1a4,2012-12-17T06:55:33-05:00,requests/packages/chardet/jpcntx.py,211,4,0,211
requests,d11522b29e3d05017c1464f13dd3be70c3ffd1a4,2012-12-17T06:55:33-05:00,requests/packages/chardet/big5freq.py,923,0,0,923
requests,d11522b29e3d05017c1464f13dd3be70c3ffd1a4,2012-12-17T06:55:33-05:00,requests/models.py,590,1,0,135
requests,d11522b29e3d05017c1464f13dd3be70c3ffd1a4,2012-12-17T06:55:33-05:00,requests/packages/chardet/charsetgroupprober.py,97,4,0,97
requests,d11522b29e3d05017c1464f13dd3be70c3ffd1a4,2012-12-17T06:55:33-05:00,requests/packages/chardet/eucjpprober.py,87,6,0,87
requests,d11522b29e3d05017c1464f13dd3be70c3ffd1a4,2012-12-17T06:55:33-05:00,requests/packages/chardet/euckrfreq.py,594,0,0,594
requests,d11522b29e3d05017c1464f13dd3be70c3ffd1a4,2012-12-17T06:55:33-05:00,requests/packages/charade/escprober.py,86,1,0,0
requests,d11522b29e3d05017c1464f13dd3be70c3ffd1a4,2012-12-17T06:55:33-05:00,test_requests.py,0,0,0,273
requests,d11522b29e3d05017c1464f13dd3be70c3ffd1a4,2012-12-17T06:55:33-05:00,requests/packages/chardet/latin1prober.py,138,2,0,138
requests,d11522b29e3d05017c1464f13dd3be70c3ffd1a4,2012-12-17T06:55:33-05:00,requests/packages/charade/sbcsgroupprober.py,69,2,0,0
requests,d11522b29e3d05017c1464f13dd3be70c3ffd1a4,2012-12-17T06:55:33-05:00,requests/packages/charade/sbcharsetprober.py,120,3,0,0
requests,d11522b29e3d05017c1464f13dd3be70c3ffd1a4,2012-12-17T06:55:33-05:00,requests/packages/charade/charsetgroupprober.py,106,4,0,0
requests,d11522b29e3d05017c1464f13dd3be70c3ffd1a4,2012-12-17T06:55:33-05:00,tests/test_requests_ext.py,124,0,0,124
requests,d11522b29e3d05017c1464f13dd3be70c3ffd1a4,2012-12-17T06:55:33-05:00,requests/packages/chardet/langcyrillicmodel.py,329,0,0,329
requests,d11522b29e3d05017c1464f13dd3be70c3ffd1a4,2012-12-17T06:55:33-05:00,requests/packages/chardet/charsetprober.py,61,0,0,61
requests,d11522b29e3d05017c1464f13dd3be70c3ffd1a4,2012-12-17T06:55:33-05:00,tests/test_cookies.py,244,0,0,244
requests,d11522b29e3d05017c1464f13dd3be70c3ffd1a4,2012-12-17T06:55:33-05:00,requests/packages/chardet/jisfreq.py,567,0,0,567
requests,d11522b29e3d05017c1464f13dd3be70c3ffd1a4,2012-12-17T06:55:33-05:00,requests/packages/chardet/escsm.py,240,0,0,240
requests,d11522b29e3d05017c1464f13dd3be70c3ffd1a4,2012-12-17T06:55:33-05:00,test_iteration.py,29,0,0,29
requests,d11522b29e3d05017c1464f13dd3be70c3ffd1a4,2012-12-17T06:55:33-05:00,tests/test_proxies.py,29,0,0,29
requests,d11522b29e3d05017c1464f13dd3be70c3ffd1a4,2012-12-17T06:55:33-05:00,requests/packages/chardet/euckrprober.py,41,0,0,41
requests,d11522b29e3d05017c1464f13dd3be70c3ffd1a4,2012-12-17T06:55:33-05:00,requests/packages/chardet/gb2312prober.py,41,0,0,41
requests,d11522b29e3d05017c1464f13dd3be70c3ffd1a4,2012-12-17T06:55:33-05:00,requests/packages/chardet/mbcsgroupprober.py,50,1,0,50
requests,d11522b29e3d05017c1464f13dd3be70c3ffd1a4,2012-12-17T06:55:33-05:00,requests/packages/charade/chardistribution.py,230,3,0,0
requests,d11522b29e3d05017c1464f13dd3be70c3ffd1a4,2012-12-17T06:55:33-05:00,requests/packages/chardet/langhebrewmodel.py,201,0,0,201
requests,d11522b29e3d05017c1464f13dd3be70c3ffd1a4,2012-12-17T06:55:33-05:00,requests/utils.py,647,2,0,108
requests,d11522b29e3d05017c1464f13dd3be70c3ffd1a4,2012-12-17T06:55:33-05:00,requests/packages/chardet/langbulgarianmodel.py,228,0,0,228
requests,d11522b29e3d05017c1464f13dd3be70c3ffd1a4,2012-12-17T06:55:33-05:00,requests/packages/chardet/universaldetector.py,157,4,0,157
requests,d11522b29e3d05017c1464f13dd3be70c3ffd1a4,2012-12-17T06:55:33-05:00,backup.py,603,1,0,603
requests,d11522b29e3d05017c1464f13dd3be70c3ffd1a4,2012-12-17T06:55:33-05:00,requests/packages/chardet/__init__.py,26,1,0,26
requests,d11522b29e3d05017c1464f13dd3be70c3ffd1a4,2012-12-17T06:55:33-05:00,requests/packages/chardet/langthaimodel.py,200,0,0,200
requests,d11522b29e3d05017c1464f13dd3be70c3ffd1a4,2012-12-17T06:55:33-05:00,requests/packages/charade/universaldetector.py,171,4,0,0
requests,d11522b29e3d05017c1464f13dd3be70c3ffd1a4,2012-12-17T06:55:33-05:00,requests/packages/chardet/codingstatemachine.py,60,0,0,60
requests,d11522b29e3d05017c1464f13dd3be70c3ffd1a4,2012-12-17T06:55:33-05:00,requests/packages/chardet/langhungarianmodel.py,225,0,0,225
requests,d11522b29e3d05017c1464f13dd3be70c3ffd1a4,2012-12-17T06:55:33-05:00,requests/packages/chardet/escprober.py,81,1,0,81
requests,d11522b29e3d05017c1464f13dd3be70c3ffd1a4,2012-12-17T06:55:33-05:00,requests/packages/chardet/test.py,21,0,0,21
requests,d11522b29e3d05017c1464f13dd3be70c3ffd1a4,2012-12-17T06:55:33-05:00,tests/dummy_server.py,46,0,0,46
requests,d11522b29e3d05017c1464f13dd3be70c3ffd1a4,2012-12-17T06:55:33-05:00,requests/certs.py,27,0,0,24
requests,d11522b29e3d05017c1464f13dd3be70c3ffd1a4,2012-12-17T06:55:33-05:00,tests/test_keep_alive.py,65,0,0,65
requests,d11522b29e3d05017c1464f13dd3be70c3ffd1a4,2012-12-17T06:55:33-05:00,requests/packages/chardet/euctwprober.py,41,0,0,41
requests,d11522b29e3d05017c1464f13dd3be70c3ffd1a4,2012-12-17T06:55:33-05:00,requests/auth.py,168,0,0,2
requests,d11522b29e3d05017c1464f13dd3be70c3ffd1a4,2012-12-17T06:55:33-05:00,requests/packages/chardet/gb2312freq.py,471,0,0,471
requests,d11522b29e3d05017c1464f13dd3be70c3ffd1a4,2012-12-17T06:55:33-05:00,requests/packages/chardet/big5prober.py,41,0,0,41
requests,d11522b29e3d05017c1464f13dd3be70c3ffd1a4,2012-12-17T06:55:33-05:00,tests/test_utils.py,122,0,0,122
requests,d11522b29e3d05017c1464f13dd3be70c3ffd1a4,2012-12-17T06:55:33-05:00,requests/packages/chardet/sbcsgroupprober.py,65,2,0,65
requests,d11522b29e3d05017c1464f13dd3be70c3ffd1a4,2012-12-17T06:55:33-05:00,requests/packages/chardet/utf8prober.py,77,2,0,77
requests,d11522b29e3d05017c1464f13dd3be70c3ffd1a4,2012-12-17T06:55:33-05:00,requests/packages/chardet/constants.py,39,0,0,39
requests,d11522b29e3d05017c1464f13dd3be70c3ffd1a4,2012-12-17T06:55:33-05:00,requests/packages/charade/mbcsgroupprober.py,52,1,0,0
requests,d11522b29e3d05017c1464f13dd3be70c3ffd1a4,2012-12-17T06:55:33-05:00,requests/packages/chardet/mbcharsetprober.py,83,5,0,83
requests,d11522b29e3d05017c1464f13dd3be70c3ffd1a4,2012-12-17T06:55:33-05:00,setup.py,58,0,0,2
requests,d11522b29e3d05017c1464f13dd3be70c3ffd1a4,2012-12-17T06:55:33-05:00,requests/__init__.py,71,0,0,18
requests,d11522b29e3d05017c1464f13dd3be70c3ffd1a4,2012-12-17T06:55:33-05:00,requests/packages/charade/eucjpprober.py,90,6,0,0
requests,d11522b29e3d05017c1464f13dd3be70c3ffd1a4,2012-12-17T06:55:33-05:00,requests/packages/charade/jpcntx.py,219,4,0,0
requests,d11522b29e3d05017c1464f13dd3be70c3ffd1a4,2012-12-17T06:55:33-05:00,requests/packages/chardet/chardistribution.py,201,3,0,201
requests,d11522b29e3d05017c1464f13dd3be70c3ffd1a4,2012-12-17T06:55:33-05:00,requests/packages/chardet/sjisprober.py,86,5,0,86
requests,d11522b29e3d05017c1464f13dd3be70c3ffd1a4,2012-12-17T06:55:33-05:00,requests/packages/charade/latin1prober.py,139,2,0,0
requests,d11522b29e3d05017c1464f13dd3be70c3ffd1a4,2012-12-17T06:55:33-05:00,requests/api.py,113,0,0,14
requests,d11522b29e3d05017c1464f13dd3be70c3ffd1a4,2012-12-17T06:55:33-05:00,requests/adapters.py,186,0,0,57
requests,d11522b29e3d05017c1464f13dd3be70c3ffd1a4,2012-12-17T06:55:33-05:00,requests/packages/charade/__init__.py,27,1,0,0
requests,d11522b29e3d05017c1464f13dd3be70c3ffd1a4,2012-12-17T06:55:33-05:00,requests/packages/chardet/euctwfreq.py,426,0,0,426
requests,d11522b29e3d05017c1464f13dd3be70c3ffd1a4,2012-12-17T06:55:33-05:00,requests/packages/chardet/sbcharsetprober.py,110,3,0,110
requests,8ebeb3dc3fa82bf9d670af2b54a23d9a0b161e35,2013-04-08T13:03:13-04:00,requests/packages/charade/eucjpprober.py,90,5,0,0
requests,8ebeb3dc3fa82bf9d670af2b54a23d9a0b161e35,2013-04-08T13:03:13-04:00,requests/utils.py,591,2,0,42
requests,8ebeb3dc3fa82bf9d670af2b54a23d9a0b161e35,2013-04-08T13:03:13-04:00,requests/packages/charade/jpcntx.py,219,2,0,0
requests,8ebeb3dc3fa82bf9d670af2b54a23d9a0b161e35,2013-04-08T13:03:13-04:00,requests/packages/charade/sjisprober.py,91,5,0,0
requests,8ebeb3dc3fa82bf9d670af2b54a23d9a0b161e35,2013-04-08T13:03:13-04:00,requests/packages/urllib3/filepost.py,98,0,0,2
requests,8ebeb3dc3fa82bf9d670af2b54a23d9a0b161e35,2013-04-08T13:03:13-04:00,requests/packages/urllib3/response.py,214,0,0,79
requests,8ebeb3dc3fa82bf9d670af2b54a23d9a0b161e35,2013-04-08T13:03:13-04:00,requests/packages/charade/utf8prober.py,76,1,0,0
requests,8ebeb3dc3fa82bf9d670af2b54a23d9a0b161e35,2013-04-08T13:03:13-04:00,requests/packages/charade/mbcharsetprober.py,86,4,0,0
requests,8ebeb3dc3fa82bf9d670af2b54a23d9a0b161e35,2013-04-08T13:03:13-04:00,requests/adapters.py,261,0,0,88
requests,8ebeb3dc3fa82bf9d670af2b54a23d9a0b161e35,2013-04-08T13:03:13-04:00,requests/sessions.py,505,0,0,5
requests,8ebeb3dc3fa82bf9d670af2b54a23d9a0b161e35,2013-04-08T13:03:13-04:00,test_requests.py,417,0,0,5
requests,8ebeb3dc3fa82bf9d670af2b54a23d9a0b161e35,2013-04-08T13:03:13-04:00,setup.py,58,0,0,1
requests,8ebeb3dc3fa82bf9d670af2b54a23d9a0b161e35,2013-04-08T13:03:13-04:00,requests/models.py,676,0,0,6
requests,8ebeb3dc3fa82bf9d670af2b54a23d9a0b161e35,2013-04-08T13:03:13-04:00,requests/status_codes.py,86,0,0,1
requests,1ca423ec804efa39fd397bdaaea58a8661db3afa,2013-04-18T20:59:17-03:00,requests/packages/urllib3/connectionpool.py,595,0,0,8
requests,1ca423ec804efa39fd397bdaaea58a8661db3afa,2013-04-18T20:59:17-03:00,requests/packages/urllib3/contrib/ntlmpool.py,120,0,0,2
requests,1ca423ec804efa39fd397bdaaea58a8661db3afa,2013-04-18T20:59:17-03:00,requests/packages/urllib3/poolmanager.py,191,0,0,3
requests,1ca423ec804efa39fd397bdaaea58a8661db3afa,2013-04-18T20:59:17-03:00,requests/utils.py,549,2,0,5
requests,1ca423ec804efa39fd397bdaaea58a8661db3afa,2013-04-18T20:59:17-03:00,requests/packages/urllib3/util.py,378,0,0,2
requests,1ca423ec804efa39fd397bdaaea58a8661db3afa,2013-04-18T20:59:17-03:00,requests/packages/charade/utf8prober.py,76,1,0,0
requests,1ca423ec804efa39fd397bdaaea58a8661db3afa,2013-04-18T20:59:17-03:00,requests/packages/charade/mbcharsetprober.py,86,4,0,0
requests,1ca423ec804efa39fd397bdaaea58a8661db3afa,2013-04-18T20:59:17-03:00,requests/sessions.py,506,0,0,15
requests,1ca423ec804efa39fd397bdaaea58a8661db3afa,2013-04-18T20:59:17-03:00,test_requests.py,443,0,0,193
requests,1ca423ec804efa39fd397bdaaea58a8661db3afa,2013-04-18T20:59:17-03:00,setup.py,59,0,0,4
requests,1ca423ec804efa39fd397bdaaea58a8661db3afa,2013-04-18T20:59:17-03:00,requests/packages/urllib3/__init__.py,58,0,0,2
requests,1ca423ec804efa39fd397bdaaea58a8661db3afa,2013-04-18T20:59:17-03:00,requests/packages/charade/eucjpprober.py,90,5,0,0
requests,1ca423ec804efa39fd397bdaaea58a8661db3afa,2013-04-18T20:59:17-03:00,requests/packages/charade/jpcntx.py,219,2,0,0
requests,1ca423ec804efa39fd397bdaaea58a8661db3afa,2013-04-18T20:59:17-03:00,requests/packages/charade/sjisprober.py,91,5,0,0
requests,1ca423ec804efa39fd397bdaaea58a8661db3afa,2013-04-18T20:59:17-03:00,requests/packages/urllib3/_collections.py,94,0,0,2
requests,1ca423ec804efa39fd397bdaaea58a8661db3afa,2013-04-18T20:59:17-03:00,requests/packages/urllib3/request.py,142,0,0,2
requests,1ca423ec804efa39fd397bdaaea58a8661db3afa,2013-04-18T20:59:17-03:00,requests/packages/urllib3/exceptions.py,87,0,0,28
requests,1ca423ec804efa39fd397bdaaea58a8661db3afa,2013-04-18T20:59:17-03:00,requests/structures.py,91,0,0,89
requests,e7786ec14fdf20e8c373eddc9ac0f67d211cb1b9,2013-05-09T01:03:49-07:00,requests/packages/charade/eucjpprober.py,90,5,0,0
requests,e7786ec14fdf20e8c373eddc9ac0f67d211cb1b9,2013-05-09T01:03:49-07:00,requests/utils.py,550,2,0,4
requests,e7786ec14fdf20e8c373eddc9ac0f67d211cb1b9,2013-05-09T01:03:49-07:00,requests/packages/charade/jpcntx.py,219,2,0,0
requests,e7786ec14fdf20e8c373eddc9ac0f67d211cb1b9,2013-05-09T01:03:49-07:00,requests/packages/charade/sjisprober.py,91,5,0,0
requests,e7786ec14fdf20e8c373eddc9ac0f67d211cb1b9,2013-05-09T01:03:49-07:00,requests/cookies.py,385,0,0,4
requests,e7786ec14fdf20e8c373eddc9ac0f67d211cb1b9,2013-05-09T01:03:49-07:00,requests/packages/charade/utf8prober.py,76,1,0,0
requests,e7786ec14fdf20e8c373eddc9ac0f67d211cb1b9,2013-05-09T01:03:49-07:00,requests/packages/charade/mbcharsetprober.py,86,4,0,0
requests,e7786ec14fdf20e8c373eddc9ac0f67d211cb1b9,2013-05-09T01:03:49-07:00,requests/adapters.py,333,0,0,25
requests,e7786ec14fdf20e8c373eddc9ac0f67d211cb1b9,2013-05-09T01:03:49-07:00,requests/sessions.py,507,0,0,92
requests,e7786ec14fdf20e8c373eddc9ac0f67d211cb1b9,2013-05-09T01:03:49-07:00,test_requests.py,632,0,0,80
requests,e7786ec14fdf20e8c373eddc9ac0f67d211cb1b9,2013-05-09T01:03:49-07:00,requests/auth.py,177,0,0,2
requests,e7786ec14fdf20e8c373eddc9ac0f67d211cb1b9,2013-05-09T01:03:49-07:00,setup.py,58,0,0,1
requests,e7786ec14fdf20e8c373eddc9ac0f67d211cb1b9,2013-05-09T01:03:49-07:00,requests/models.py,678,0,0,26
requests,e7786ec14fdf20e8c373eddc9ac0f67d211cb1b9,2013-05-09T01:03:49-07:00,requests/__init__.py,77,0,0,8
requests,32293655ff80c0d6d40ca9d6b6de343f7c3ccc9d,2013-07-19T01:19:55-07:00,requests/packages/urllib3/connectionpool.py,598,0,0,14
requests,32293655ff80c0d6d40ca9d6b6de343f7c3ccc9d,2013-07-19T01:19:55-07:00,requests/packages/urllib3/poolmanager.py,202,0,0,6
requests,32293655ff80c0d6d40ca9d6b6de343f7c3ccc9d,2013-07-19T01:19:55-07:00,requests/packages/urllib3/util.py,392,0,0,7
requests,32293655ff80c0d6d40ca9d6b6de343f7c3ccc9d,2013-07-19T01:19:55-07:00,requests/utils.py,548,2,0,57
requests,32293655ff80c0d6d40ca9d6b6de343f7c3ccc9d,2013-07-19T01:19:55-07:00,requests/cookies.py,399,0,0,4
requests,32293655ff80c0d6d40ca9d6b6de343f7c3ccc9d,2013-07-19T01:19:55-07:00,requests/packages/charade/utf8prober.py,76,1,0,0
requests,32293655ff80c0d6d40ca9d6b6de343f7c3ccc9d,2013-07-19T01:19:55-07:00,requests/packages/charade/mbcharsetprober.py,86,4,0,0
requests,32293655ff80c0d6d40ca9d6b6de343f7c3ccc9d,2013-07-19T01:19:55-07:00,requests/sessions.py,504,0,0,161
requests,32293655ff80c0d6d40ca9d6b6de343f7c3ccc9d,2013-07-19T01:19:55-07:00,test_requests.py,781,0,0,187
requests,32293655ff80c0d6d40ca9d6b6de343f7c3ccc9d,2013-07-19T01:19:55-07:00,requests/compat.py,113,0,0,2
requests,32293655ff80c0d6d40ca9d6b6de343f7c3ccc9d,2013-07-19T01:19:55-07:00,requests/packages/charade/eucjpprober.py,90,5,0,0
requests,32293655ff80c0d6d40ca9d6b6de343f7c3ccc9d,2013-07-19T01:19:55-07:00,requests/packages/urllib3/response.py,298,0,0,8
requests,32293655ff80c0d6d40ca9d6b6de343f7c3ccc9d,2013-07-19T01:19:55-07:00,requests/packages/charade/jpcntx.py,219,2,0,0
requests,32293655ff80c0d6d40ca9d6b6de343f7c3ccc9d,2013-07-19T01:19:55-07:00,requests/packages/charade/sjisprober.py,91,5,0,0
requests,32293655ff80c0d6d40ca9d6b6de343f7c3ccc9d,2013-07-19T01:19:55-07:00,requests/exceptions.py,55,0,0,4
requests,32293655ff80c0d6d40ca9d6b6de343f7c3ccc9d,2013-07-19T01:19:55-07:00,requests/adapters.py,342,0,0,6
requests,32293655ff80c0d6d40ca9d6b6de343f7c3ccc9d,2013-07-19T01:19:55-07:00,requests/auth.py,177,0,0,41
requests,32293655ff80c0d6d40ca9d6b6de343f7c3ccc9d,2013-07-19T01:19:55-07:00,requests/models.py,693,0,0,140
requests,32293655ff80c0d6d40ca9d6b6de343f7c3ccc9d,2013-07-19T01:19:55-07:00,requests/structures.py,128,0,0,2
requests,415fb53cb45969f0f4877b95b035f6b864ff7450,2013-07-24T12:15:46+09:00,requests/packages/urllib3/connectionpool.py,598,0,0,90
requests,415fb53cb45969f0f4877b95b035f6b864ff7450,2013-07-24T12:15:46+09:00,requests/packages/urllib3/poolmanager.py,202,0,0,113
requests,415fb53cb45969f0f4877b95b035f6b864ff7450,2013-07-24T12:15:46+09:00,requests/packages/urllib3/util.py,392,0,0,7
requests,415fb53cb45969f0f4877b95b035f6b864ff7450,2013-07-24T12:15:46+09:00,requests/utils.py,548,2,0,65
requests,415fb53cb45969f0f4877b95b035f6b864ff7450,2013-07-24T12:15:46+09:00,requests/cookies.py,399,0,0,4
requests,415fb53cb45969f0f4877b95b035f6b864ff7450,2013-07-24T12:15:46+09:00,requests/packages/charade/utf8prober.py,76,1,0,0
requests,415fb53cb45969f0f4877b95b035f6b864ff7450,2013-07-24T12:15:46+09:00,requests/packages/charade/mbcharsetprober.py,86,4,0,0
requests,415fb53cb45969f0f4877b95b035f6b864ff7450,2013-07-24T12:15:46+09:00,requests/sessions.py,504,0,0,161
requests,415fb53cb45969f0f4877b95b035f6b864ff7450,2013-07-24T12:15:46+09:00,test_requests.py,786,0,0,175
requests,415fb53cb45969f0f4877b95b035f6b864ff7450,2013-07-24T12:15:46+09:00,requests/compat.py,113,0,0,2
requests,415fb53cb45969f0f4877b95b035f6b864ff7450,2013-07-24T12:15:46+09:00,requests/packages/charade/eucjpprober.py,90,5,0,0
requests,415fb53cb45969f0f4877b95b035f6b864ff7450,2013-07-24T12:15:46+09:00,requests/packages/urllib3/response.py,298,0,0,10
requests,415fb53cb45969f0f4877b95b035f6b864ff7450,2013-07-24T12:15:46+09:00,requests/packages/charade/jpcntx.py,219,2,0,0
requests,415fb53cb45969f0f4877b95b035f6b864ff7450,2013-07-24T12:15:46+09:00,requests/packages/charade/sjisprober.py,91,5,0,0
requests,415fb53cb45969f0f4877b95b035f6b864ff7450,2013-07-24T12:15:46+09:00,requests/exceptions.py,55,0,0,4
requests,415fb53cb45969f0f4877b95b035f6b864ff7450,2013-07-24T12:15:46+09:00,requests/adapters.py,342,0,0,14
requests,415fb53cb45969f0f4877b95b035f6b864ff7450,2013-07-24T12:15:46+09:00,requests/auth.py,177,0,0,41
requests,415fb53cb45969f0f4877b95b035f6b864ff7450,2013-07-24T12:15:46+09:00,requests/models.py,692,0,0,136
requests,8d9d9fb06493e322c04d64b9234df0ae218e9500,2013-07-29T13:31:06-07:00,requests/packages/urllib3/connectionpool.py,598,0,0,76
requests,8d9d9fb06493e322c04d64b9234df0ae218e9500,2013-07-29T13:31:06-07:00,requests/packages/urllib3/poolmanager.py,202,0,0,107
requests,8d9d9fb06493e322c04d64b9234df0ae218e9500,2013-07-29T13:31:06-07:00,requests/packages/charade/eucjpprober.py,90,5,0,0
requests,8d9d9fb06493e322c04d64b9234df0ae218e9500,2013-07-29T13:31:06-07:00,requests/utils.py,548,2,0,8
requests,8d9d9fb06493e322c04d64b9234df0ae218e9500,2013-07-29T13:31:06-07:00,requests/packages/charade/jpcntx.py,219,2,0,0
requests,8d9d9fb06493e322c04d64b9234df0ae218e9500,2013-07-29T13:31:06-07:00,requests/packages/charade/sjisprober.py,91,5,0,0
requests,8d9d9fb06493e322c04d64b9234df0ae218e9500,2013-07-29T13:31:06-07:00,requests/packages/urllib3/response.py,298,0,0,2
requests,8d9d9fb06493e322c04d64b9234df0ae218e9500,2013-07-29T13:31:06-07:00,requests/cookies.py,399,0,0,4
requests,8d9d9fb06493e322c04d64b9234df0ae218e9500,2013-07-29T13:31:06-07:00,requests/packages/charade/utf8prober.py,76,1,0,0
requests,8d9d9fb06493e322c04d64b9234df0ae218e9500,2013-07-29T13:31:06-07:00,requests/packages/charade/mbcharsetprober.py,86,4,0,0
requests,8d9d9fb06493e322c04d64b9234df0ae218e9500,2013-07-29T13:31:06-07:00,requests/adapters.py,342,0,0,10
requests,8d9d9fb06493e322c04d64b9234df0ae218e9500,2013-07-29T13:31:06-07:00,requests/sessions.py,507,0,0,143
requests,8d9d9fb06493e322c04d64b9234df0ae218e9500,2013-07-29T13:31:06-07:00,test_requests.py,789,0,0,94
requests,8d9d9fb06493e322c04d64b9234df0ae218e9500,2013-07-29T13:31:06-07:00,requests/models.py,706,0,0,112
requests,09d97c112642674c4310ec41fdc3e9d8b6978824,2013-08-03T13:59:38+02:00,requests/packages/charade/eucjpprober.py,90,5,0,0
requests,09d97c112642674c4310ec41fdc3e9d8b6978824,2013-08-03T13:59:38+02:00,requests/utils.py,567,2,0,0
requests,09d97c112642674c4310ec41fdc3e9d8b6978824,2013-08-03T13:59:38+02:00,requests/packages/charade/jpcntx.py,219,2,0,0
requests,09d97c112642674c4310ec41fdc3e9d8b6978824,2013-08-03T13:59:38+02:00,requests/packages/charade/sjisprober.py,91,5,0,0
requests,09d97c112642674c4310ec41fdc3e9d8b6978824,2013-08-03T13:59:38+02:00,requests/cookies.py,403,0,0,3
requests,09d97c112642674c4310ec41fdc3e9d8b6978824,2013-08-03T13:59:38+02:00,requests/packages/charade/utf8prober.py,76,1,0,0
requests,09d97c112642674c4310ec41fdc3e9d8b6978824,2013-08-03T13:59:38+02:00,requests/exceptions.py,59,0,0,2
requests,09d97c112642674c4310ec41fdc3e9d8b6978824,2013-08-03T13:59:38+02:00,requests/packages/charade/mbcharsetprober.py,86,4,0,0
requests,09d97c112642674c4310ec41fdc3e9d8b6978824,2013-08-03T13:59:38+02:00,requests/adapters.py,346,0,0,37
requests,09d97c112642674c4310ec41fdc3e9d8b6978824,2013-08-03T13:59:38+02:00,test_requests.py,812,0,0,23
requests,09d97c112642674c4310ec41fdc3e9d8b6978824,2013-08-03T13:59:38+02:00,requests/models.py,724,0,0,17
requests,d8f2463b576bbec377f371359de360c227481033,2013-09-12T02:29:16-07:00,requests/packages/urllib3/connectionpool.py,598,0,0,201
requests,d8f2463b576bbec377f371359de360c227481033,2013-09-12T02:29:16-07:00,requests/packages/urllib3/util.py,399,0,0,233
requests,d8f2463b576bbec377f371359de360c227481033,2013-09-12T02:29:16-07:00,requests/utils.py,552,2,0,0
requests,d8f2463b576bbec377f371359de360c227481033,2013-09-12T02:29:16-07:00,requests/packages/charade/utf8prober.py,76,1,0,0
requests,d8f2463b576bbec377f371359de360c227481033,2013-09-12T02:29:16-07:00,requests/packages/charade/mbcharsetprober.py,86,4,0,0
requests,d8f2463b576bbec377f371359de360c227481033,2013-09-12T02:29:16-07:00,requests/packages/urllib3/fields.py,0,0,0,177
requests,d8f2463b576bbec377f371359de360c227481033,2013-09-12T02:29:16-07:00,requests/packages/urllib3/contrib/pyopenssl.py,173,0,0,187
requests,d8f2463b576bbec377f371359de360c227481033,2013-09-12T02:29:16-07:00,requests/packages/urllib3/__init__.py,58,0,0,2
requests,d8f2463b576bbec377f371359de360c227481033,2013-09-12T02:29:16-07:00,requests/__init__.py,77,0,0,4
requests,d8f2463b576bbec377f371359de360c227481033,2013-09-12T02:29:16-07:00,requests/packages/urllib3/packages/ssl_match_hostname/__init__.py,61,0,0,67
requests,d8f2463b576bbec377f371359de360c227481033,2013-09-12T02:29:16-07:00,requests/packages/charade/eucjpprober.py,90,5,0,0
requests,d8f2463b576bbec377f371359de360c227481033,2013-09-12T02:29:16-07:00,requests/packages/urllib3/filepost.py,98,0,0,57
requests,d8f2463b576bbec377f371359de360c227481033,2013-09-12T02:29:16-07:00,requests/packages/charade/jpcntx.py,219,2,0,0
requests,d8f2463b576bbec377f371359de360c227481033,2013-09-12T02:29:16-07:00,requests/packages/charade/sjisprober.py,91,5,0,0
requests,d8f2463b576bbec377f371359de360c227481033,2013-09-12T02:29:16-07:00,requests/packages/urllib3/response.py,300,0,0,3
requests,d8f2463b576bbec377f371359de360c227481033,2013-09-12T02:29:16-07:00,requests/packages/urllib3/exceptions.py,95,0,0,30
requests,d8f2463b576bbec377f371359de360c227481033,2013-09-12T02:29:16-07:00,requests/adapters.py,342,0,0,12
requests,d8f2463b576bbec377f371359de360c227481033,2013-09-12T02:29:16-07:00,requests/auth.py,177,0,0,45
requests,d8f2463b576bbec377f371359de360c227481033,2013-09-12T02:29:16-07:00,requests/models.py,722,0,0,4
requests,097121d21400a1dc958fef764eef27eab3556d79,2013-10-10T15:45:14-07:00,requests/packages/urllib3/connectionpool.py,745,0,0,205
requests,097121d21400a1dc958fef764eef27eab3556d79,2013-10-10T15:45:14-07:00,requests/packages/urllib3/util.py,626,0,0,39
requests,097121d21400a1dc958fef764eef27eab3556d79,2013-10-10T15:45:14-07:00,requests/utils.py,582,2,0,0
requests,097121d21400a1dc958fef764eef27eab3556d79,2013-10-10T15:45:14-07:00,requests/cookies.py,412,0,0,6
requests,097121d21400a1dc958fef764eef27eab3556d79,2013-10-10T15:45:14-07:00,requests/packages/charade/utf8prober.py,76,1,0,0
requests,097121d21400a1dc958fef764eef27eab3556d79,2013-10-10T15:45:14-07:00,requests/packages/charade/mbcharsetprober.py,86,4,0,0
requests,097121d21400a1dc958fef764eef27eab3556d79,2013-10-10T15:45:14-07:00,requests/packages/charade/universaldetector.py,172,0,0,12
requests,097121d21400a1dc958fef764eef27eab3556d79,2013-10-10T15:45:14-07:00,requests/packages/charade/__main__.py,0,0,0,7
requests,097121d21400a1dc958fef764eef27eab3556d79,2013-10-10T15:45:14-07:00,requests/sessions.py,531,0,0,2
requests,097121d21400a1dc958fef764eef27eab3556d79,2013-10-10T15:45:14-07:00,test_requests.py,898,0,0,8
requests,097121d21400a1dc958fef764eef27eab3556d79,2013-10-10T15:45:14-07:00,requests/packages/urllib3/contrib/pyopenssl.py,344,4,0,2
requests,097121d21400a1dc958fef764eef27eab3556d79,2013-10-10T15:45:14-07:00,requests/__init__.py,77,0,0,4
requests,097121d21400a1dc958fef764eef27eab3556d79,2013-10-10T15:45:14-07:00,tasks.py,32,0,0,32
requests,097121d21400a1dc958fef764eef27eab3556d79,2013-10-10T15:45:14-07:00,requests/packages/charade/eucjpprober.py,90,5,0,0
requests,097121d21400a1dc958fef764eef27eab3556d79,2013-10-10T15:45:14-07:00,requests/packages/charade/jpcntx.py,219,2,0,2
requests,097121d21400a1dc958fef764eef27eab3556d79,2013-10-10T15:45:14-07:00,requests/packages/charade/sjisprober.py,91,5,0,0
requests,097121d21400a1dc958fef764eef27eab3556d79,2013-10-10T15:45:14-07:00,requests/packages/charade/latin1prober.py,139,0,0,2
requests,097121d21400a1dc958fef764eef27eab3556d79,2013-10-10T15:45:14-07:00,requests/packages/urllib3/connection.py,0,0,0,107
requests,097121d21400a1dc958fef764eef27eab3556d79,2013-10-10T15:45:14-07:00,requests/adapters.py,374,0,0,55
requests,097121d21400a1dc958fef764eef27eab3556d79,2013-10-10T15:45:14-07:00,requests/packages/charade/__init__.py,32,0,0,34
requests,097121d21400a1dc958fef764eef27eab3556d79,2013-10-10T15:45:14-07:00,requests/models.py,733,0,0,21
requests,f35363e58428e80b9c9f07e96bf421b2080f1a64,2013-10-17T01:47:00-04:00,requests/packages/urllib3/connectionpool.py,745,0,0,205
requests,f35363e58428e80b9c9f07e96bf421b2080f1a64,2013-10-17T01:47:00-04:00,requests/packages/urllib3/util.py,626,0,0,43
requests,f35363e58428e80b9c9f07e96bf421b2080f1a64,2013-10-17T01:47:00-04:00,requests/utils.py,571,2,0,3
requests,f35363e58428e80b9c9f07e96bf421b2080f1a64,2013-10-17T01:47:00-04:00,requests/packages/charade/utf8prober.py,76,1,0,0
requests,f35363e58428e80b9c9f07e96bf421b2080f1a64,2013-10-17T01:47:00-04:00,requests/packages/charade/mbcharsetprober.py,86,4,0,0
requests,f35363e58428e80b9c9f07e96bf421b2080f1a64,2013-10-17T01:47:00-04:00,requests/packages/charade/universaldetector.py,172,0,0,12
requests,f35363e58428e80b9c9f07e96bf421b2080f1a64,2013-10-17T01:47:00-04:00,requests/packages/charade/__main__.py,0,0,0,7
requests,f35363e58428e80b9c9f07e96bf421b2080f1a64,2013-10-17T01:47:00-04:00,test_requests.py,871,0,0,367
requests,f35363e58428e80b9c9f07e96bf421b2080f1a64,2013-10-17T01:47:00-04:00,setup.py,57,0,0,12
requests,f35363e58428e80b9c9f07e96bf421b2080f1a64,2013-10-17T01:47:00-04:00,requests/packages/urllib3/contrib/pyopenssl.py,344,4,0,2
requests,f35363e58428e80b9c9f07e96bf421b2080f1a64,2013-10-17T01:47:00-04:00,requests/sessions.py,527,0,0,2
requests,f35363e58428e80b9c9f07e96bf421b2080f1a64,2013-10-17T01:47:00-04:00,requests/__init__.py,77,0,0,4
requests,f35363e58428e80b9c9f07e96bf421b2080f1a64,2013-10-17T01:47:00-04:00,tasks.py,32,0,0,32
requests,f35363e58428e80b9c9f07e96bf421b2080f1a64,2013-10-17T01:47:00-04:00,requests/packages/charade/eucjpprober.py,90,5,0,0
requests,f35363e58428e80b9c9f07e96bf421b2080f1a64,2013-10-17T01:47:00-04:00,requests/packages/charade/jpcntx.py,219,2,0,2
requests,f35363e58428e80b9c9f07e96bf421b2080f1a64,2013-10-17T01:47:00-04:00,requests/packages/charade/sjisprober.py,91,5,0,0
requests,f35363e58428e80b9c9f07e96bf421b2080f1a64,2013-10-17T01:47:00-04:00,requests/packages/charade/latin1prober.py,139,0,0,2
requests,f35363e58428e80b9c9f07e96bf421b2080f1a64,2013-10-17T01:47:00-04:00,requests/packages/urllib3/connection.py,0,0,0,107
requests,f35363e58428e80b9c9f07e96bf421b2080f1a64,2013-10-17T01:47:00-04:00,requests/auth.py,180,0,0,39
requests,f35363e58428e80b9c9f07e96bf421b2080f1a64,2013-10-17T01:47:00-04:00,requests/models.py,730,0,0,25
requests,f35363e58428e80b9c9f07e96bf421b2080f1a64,2013-10-17T01:47:00-04:00,requests/packages/charade/__init__.py,32,0,0,34
requests,011f6dac820a644a9a09c8751f4aea374f5567c6,2013-10-17T01:47:39-04:00,requests/packages/urllib3/connectionpool.py,745,0,0,205
requests,011f6dac820a644a9a09c8751f4aea374f5567c6,2013-10-17T01:47:39-04:00,requests/packages/urllib3/util.py,626,0,0,43
requests,011f6dac820a644a9a09c8751f4aea374f5567c6,2013-10-17T01:47:39-04:00,requests/utils.py,582,2,0,3
requests,011f6dac820a644a9a09c8751f4aea374f5567c6,2013-10-17T01:47:39-04:00,requests/packages/charade/utf8prober.py,76,1,0,0
requests,011f6dac820a644a9a09c8751f4aea374f5567c6,2013-10-17T01:47:39-04:00,requests/packages/charade/mbcharsetprober.py,86,4,0,0
requests,011f6dac820a644a9a09c8751f4aea374f5567c6,2013-10-17T01:47:39-04:00,requests/packages/charade/universaldetector.py,172,0,0,12
requests,011f6dac820a644a9a09c8751f4aea374f5567c6,2013-10-17T01:47:39-04:00,requests/packages/charade/__main__.py,0,0,0,7
requests,011f6dac820a644a9a09c8751f4aea374f5567c6,2013-10-17T01:47:39-04:00,test_requests.py,898,0,0,367
requests,011f6dac820a644a9a09c8751f4aea374f5567c6,2013-10-17T01:47:39-04:00,setup.py,57,0,0,12
requests,011f6dac820a644a9a09c8751f4aea374f5567c6,2013-10-17T01:47:39-04:00,requests/packages/urllib3/contrib/pyopenssl.py,344,4,0,2
requests,011f6dac820a644a9a09c8751f4aea374f5567c6,2013-10-17T01:47:39-04:00,requests/sessions.py,531,0,0,2
requests,011f6dac820a644a9a09c8751f4aea374f5567c6,2013-10-17T01:47:39-04:00,requests/__init__.py,77,0,0,4
requests,011f6dac820a644a9a09c8751f4aea374f5567c6,2013-10-17T01:47:39-04:00,tasks.py,32,0,0,32
requests,011f6dac820a644a9a09c8751f4aea374f5567c6,2013-10-17T01:47:39-04:00,requests/packages/charade/eucjpprober.py,90,5,0,0
requests,011f6dac820a644a9a09c8751f4aea374f5567c6,2013-10-17T01:47:39-04:00,requests/packages/charade/jpcntx.py,219,2,0,2
requests,011f6dac820a644a9a09c8751f4aea374f5567c6,2013-10-17T01:47:39-04:00,requests/packages/charade/sjisprober.py,91,5,0,0
requests,011f6dac820a644a9a09c8751f4aea374f5567c6,2013-10-17T01:47:39-04:00,requests/packages/charade/latin1prober.py,139,0,0,2
requests,011f6dac820a644a9a09c8751f4aea374f5567c6,2013-10-17T01:47:39-04:00,requests/packages/urllib3/connection.py,0,0,0,107
requests,011f6dac820a644a9a09c8751f4aea374f5567c6,2013-10-17T01:47:39-04:00,requests/auth.py,180,0,0,39
requests,011f6dac820a644a9a09c8751f4aea374f5567c6,2013-10-17T01:47:39-04:00,requests/models.py,733,0,0,25
requests,011f6dac820a644a9a09c8751f4aea374f5567c6,2013-10-17T01:47:39-04:00,requests/packages/charade/__init__.py,32,0,0,34
requests,36b0481f24aa45a0229791630b467971dd58c92f,2014-04-24T14:43:26-04:00,requests/packages/urllib3/connectionpool.py,710,0,0,25
requests,36b0481f24aa45a0229791630b467971dd58c92f,2014-04-24T14:43:26-04:00,requests/packages/chardet/eucjpprober.py,90,5,0,0
requests,36b0481f24aa45a0229791630b467971dd58c92f,2014-04-24T14:43:26-04:00,requests/packages/urllib3/util.py,0,0,0,648
requests,36b0481f24aa45a0229791630b467971dd58c92f,2014-04-24T14:43:26-04:00,requests/utils.py,668,2,0,0
requests,36b0481f24aa45a0229791630b467971dd58c92f,2014-04-24T14:43:26-04:00,requests/packages/chardet/mbcharsetprober.py,86,4,0,0
requests,36b0481f24aa45a0229791630b467971dd58c92f,2014-04-24T14:43:26-04:00,requests/packages/urllib3/util/url.py,162,0,0,162
requests,36b0481f24aa45a0229791630b467971dd58c92f,2014-04-24T14:43:26-04:00,requests/sessions.py,630,0,0,6
requests,36b0481f24aa45a0229791630b467971dd58c92f,2014-04-24T14:43:26-04:00,requests/packages/urllib3/util/response.py,13,0,0,13
requests,36b0481f24aa45a0229791630b467971dd58c92f,2014-04-24T14:43:26-04:00,requests/packages/urllib3/contrib/pyopenssl.py,422,6,0,17
requests,36b0481f24aa45a0229791630b467971dd58c92f,2014-04-24T14:43:26-04:00,setup.py,61,0,0,3
requests,36b0481f24aa45a0229791630b467971dd58c92f,2014-04-24T14:43:26-04:00,requests/packages/urllib3/__init__.py,58,0,0,2
requests,36b0481f24aa45a0229791630b467971dd58c92f,2014-04-24T14:43:26-04:00,requests/__init__.py,77,0,0,4
requests,36b0481f24aa45a0229791630b467971dd58c92f,2014-04-24T14:43:26-04:00,requests/packages/urllib3/util/connection.py,45,0,0,45
requests,36b0481f24aa45a0229791630b467971dd58c92f,2014-04-24T14:43:26-04:00,requests/packages/urllib3/util/request.py,68,0,0,68
requests,36b0481f24aa45a0229791630b467971dd58c92f,2014-04-24T14:43:26-04:00,requests/packages/urllib3/util/timeout.py,234,0,0,234
requests,36b0481f24aa45a0229791630b467971dd58c92f,2014-04-24T14:43:26-04:00,requests/packages/chardet/sjisprober.py,91,5,0,0
requests,36b0481f24aa45a0229791630b467971dd58c92f,2014-04-24T14:43:26-04:00,requests/packages/urllib3/util/__init__.py,27,0,0,27
requests,36b0481f24aa45a0229791630b467971dd58c92f,2014-04-24T14:43:26-04:00,requests/packages/urllib3/connection.py,197,0,0,42
requests,36b0481f24aa45a0229791630b467971dd58c92f,2014-04-24T14:43:26-04:00,requests/packages/chardet/jpcntx.py,219,2,0,0
requests,36b0481f24aa45a0229791630b467971dd58c92f,2014-04-24T14:43:26-04:00,requests/packages/urllib3/util/ssl_.py,133,0,0,133
requests,36b0481f24aa45a0229791630b467971dd58c92f,2014-04-24T14:43:26-04:00,requests/models.py,799,0,0,4
requests,36b0481f24aa45a0229791630b467971dd58c92f,2014-04-24T14:43:26-04:00,requests/packages/chardet/utf8prober.py,76,1,0,0
requests,59c8d813818110aac29fd104c2fa012387c2004c,2014-05-12T22:42:54+02:00,requests/packages/chardet/eucjpprober.py,90,5,0,0
requests,59c8d813818110aac29fd104c2fa012387c2004c,2014-05-12T22:42:54+02:00,requests/utils.py,673,2,0,0
requests,59c8d813818110aac29fd104c2fa012387c2004c,2014-05-12T22:42:54+02:00,requests/packages/chardet/sjisprober.py,91,5,0,0
requests,59c8d813818110aac29fd104c2fa012387c2004c,2014-05-12T22:42:54+02:00,requests/packages/chardet/jpcntx.py,219,2,0,0
requests,59c8d813818110aac29fd104c2fa012387c2004c,2014-05-12T22:42:54+02:00,requests/packages/chardet/mbcharsetprober.py,86,4,0,0
requests,59c8d813818110aac29fd104c2fa012387c2004c,2014-05-12T22:42:54+02:00,requests/adapters.py,388,0,0,64
requests,59c8d813818110aac29fd104c2fa012387c2004c,2014-05-12T22:42:54+02:00,requests/sessions.py,637,0,0,3
requests,59c8d813818110aac29fd104c2fa012387c2004c,2014-05-12T22:42:54+02:00,test_requests.py,1327,0,0,61
requests,59c8d813818110aac29fd104c2fa012387c2004c,2014-05-12T22:42:54+02:00,requests/packages/urllib3/contrib/pyopenssl.py,422,6,0,0
requests,59c8d813818110aac29fd104c2fa012387c2004c,2014-05-12T22:42:54+02:00,requests/compat.py,115,0,0,4
requests,59c8d813818110aac29fd104c2fa012387c2004c,2014-05-12T22:42:54+02:00,requests/models.py,803,0,0,4
requests,59c8d813818110aac29fd104c2fa012387c2004c,2014-05-12T22:42:54+02:00,requests/__init__.py,77,0,0,4
requests,59c8d813818110aac29fd104c2fa012387c2004c,2014-05-12T22:42:54+02:00,requests/structures.py,131,0,0,23
requests,59c8d813818110aac29fd104c2fa012387c2004c,2014-05-12T22:42:54+02:00,requests/packages/chardet/utf8prober.py,76,1,0,0
requests,bbed65d100993b40ed53501138cfcb8eb0d3253b,2014-05-16T10:37:32-04:00,requests/packages/chardet/eucjpprober.py,90,5,0,0
requests,bbed65d100993b40ed53501138cfcb8eb0d3253b,2014-05-16T10:37:32-04:00,requests/utils.py,673,2,0,0
requests,bbed65d100993b40ed53501138cfcb8eb0d3253b,2014-05-16T10:37:32-04:00,requests/packages/chardet/sjisprober.py,91,5,0,0
requests,bbed65d100993b40ed53501138cfcb8eb0d3253b,2014-05-16T10:37:32-04:00,requests/packages/chardet/jpcntx.py,219,2,0,0
requests,bbed65d100993b40ed53501138cfcb8eb0d3253b,2014-05-16T10:37:32-04:00,requests/packages/chardet/mbcharsetprober.py,86,4,0,0
requests,bbed65d100993b40ed53501138cfcb8eb0d3253b,2014-05-16T10:37:32-04:00,requests/adapters.py,388,0,0,57
requests,bbed65d100993b40ed53501138cfcb8eb0d3253b,2014-05-16T10:37:32-04:00,test_requests.py,1366,0,0,20
requests,bbed65d100993b40ed53501138cfcb8eb0d3253b,2014-05-16T10:37:32-04:00,requests/compat.py,115,0,0,4
requests,bbed65d100993b40ed53501138cfcb8eb0d3253b,2014-05-16T10:37:32-04:00,requests/packages/urllib3/contrib/pyopenssl.py,422,6,0,0
requests,bbed65d100993b40ed53501138cfcb8eb0d3253b,2014-05-16T10:37:32-04:00,requests/models.py,803,0,0,8
requests,bbed65d100993b40ed53501138cfcb8eb0d3253b,2014-05-16T10:37:32-04:00,requests/__init__.py,77,0,0,4
requests,bbed65d100993b40ed53501138cfcb8eb0d3253b,2014-05-16T10:37:32-04:00,requests/structures.py,131,0,0,23
requests,bbed65d100993b40ed53501138cfcb8eb0d3253b,2014-05-16T10:37:32-04:00,requests/packages/chardet/utf8prober.py,76,1,0,0
requests,96efb5ec9638f2a057e0206db62ee673a3e610dc,2014-10-19T14:06:02+05:30,requests/packages/urllib3/connectionpool.py,757,2,0,0
requests,96efb5ec9638f2a057e0206db62ee673a3e610dc,2014-10-19T14:06:02+05:30,requests/packages/chardet/eucjpprober.py,90,5,0,0
requests,96efb5ec9638f2a057e0206db62ee673a3e610dc,2014-10-19T14:06:02+05:30,requests/utils.py,686,2,0,11
requests,96efb5ec9638f2a057e0206db62ee673a3e610dc,2014-10-19T14:06:02+05:30,requests/packages/chardet/sjisprober.py,91,5,0,0
requests,96efb5ec9638f2a057e0206db62ee673a3e610dc,2014-10-19T14:06:02+05:30,requests/packages/chardet/jpcntx.py,219,2,0,0
requests,96efb5ec9638f2a057e0206db62ee673a3e610dc,2014-10-19T14:06:02+05:30,requests/packages/chardet/mbcharsetprober.py,86,4,0,0
requests,96efb5ec9638f2a057e0206db62ee673a3e610dc,2014-10-19T14:06:02+05:30,requests/adapters.py,426,0,0,6
requests,96efb5ec9638f2a057e0206db62ee673a3e610dc,2014-10-19T14:06:02+05:30,requests/sessions.py,671,0,0,8
requests,96efb5ec9638f2a057e0206db62ee673a3e610dc,2014-10-19T14:06:02+05:30,test_requests.py,1519,0,0,8
requests,96efb5ec9638f2a057e0206db62ee673a3e610dc,2014-10-19T14:06:02+05:30,requests/auth.py,197,0,0,4
requests,96efb5ec9638f2a057e0206db62ee673a3e610dc,2014-10-19T14:06:02+05:30,requests/models.py,833,0,0,44
requests,96efb5ec9638f2a057e0206db62ee673a3e610dc,2014-10-19T14:06:02+05:30,requests/packages/chardet/utf8prober.py,76,1,0,0
requests,adf475ef82cbd29f63814c0626f64926deb2355b,2014-11-12T13:58:03-06:00,requests/packages/urllib3/connectionpool.py,757,2,0,0
requests,adf475ef82cbd29f63814c0626f64926deb2355b,2014-11-12T13:58:03-06:00,requests/packages/chardet/eucjpprober.py,90,5,0,0
requests,adf475ef82cbd29f63814c0626f64926deb2355b,2014-11-12T13:58:03-06:00,requests/utils.py,697,2,0,0
requests,adf475ef82cbd29f63814c0626f64926deb2355b,2014-11-12T13:58:03-06:00,requests/packages/chardet/sjisprober.py,91,5,0,0
requests,adf475ef82cbd29f63814c0626f64926deb2355b,2014-11-12T13:58:03-06:00,requests/packages/chardet/jpcntx.py,219,2,0,0
requests,adf475ef82cbd29f63814c0626f64926deb2355b,2014-11-12T13:58:03-06:00,requests/packages/chardet/mbcharsetprober.py,86,4,0,0
requests,adf475ef82cbd29f63814c0626f64926deb2355b,2014-11-12T13:58:03-06:00,requests/adapters.py,437,0,0,4
requests,adf475ef82cbd29f63814c0626f64926deb2355b,2014-11-12T13:58:03-06:00,requests/sessions.py,673,0,0,17
requests,adf475ef82cbd29f63814c0626f64926deb2355b,2014-11-12T13:58:03-06:00,test_requests.py,1545,0,0,27
requests,adf475ef82cbd29f63814c0626f64926deb2355b,2014-11-12T13:58:03-06:00,requests/models.py,837,0,0,9
requests,adf475ef82cbd29f63814c0626f64926deb2355b,2014-11-12T13:58:03-06:00,requests/packages/chardet/utf8prober.py,76,1,0,0
requests,d2d576b6b1101e2871c82f63adf2c2b534c2dabc,2015-01-09T20:55:54-06:00,requests/packages/urllib3/connectionpool.py,774,2,0,43
requests,d2d576b6b1101e2871c82f63adf2c2b534c2dabc,2015-01-09T20:55:54-06:00,requests/packages/chardet/eucjpprober.py,90,5,0,0
requests,d2d576b6b1101e2871c82f63adf2c2b534c2dabc,2015-01-09T20:55:54-06:00,requests/packages/urllib3/util/retry.py,285,0,0,2
requests,d2d576b6b1101e2871c82f63adf2c2b534c2dabc,2015-01-09T20:55:54-06:00,requests/utils.py,697,2,0,22
requests,d2d576b6b1101e2871c82f63adf2c2b534c2dabc,2015-01-09T20:55:54-06:00,requests/packages/chardet/sjisprober.py,91,5,0,0
requests,d2d576b6b1101e2871c82f63adf2c2b534c2dabc,2015-01-09T20:55:54-06:00,requests/packages/chardet/jpcntx.py,227,2,0,0
requests,d2d576b6b1101e2871c82f63adf2c2b534c2dabc,2015-01-09T20:55:54-06:00,requests/packages/chardet/mbcharsetprober.py,86,4,0,0
requests,d2d576b6b1101e2871c82f63adf2c2b534c2dabc,2015-01-09T20:55:54-06:00,test_requests.py,1558,0,0,42
requests,d2d576b6b1101e2871c82f63adf2c2b534c2dabc,2015-01-09T20:55:54-06:00,requests/auth.py,209,0,0,4
requests,d2d576b6b1101e2871c82f63adf2c2b534c2dabc,2015-01-09T20:55:54-06:00,requests/compat.py,115,0,0,53
requests,d2d576b6b1101e2871c82f63adf2c2b534c2dabc,2015-01-09T20:55:54-06:00,requests/packages/urllib3/contrib/pyopenssl.py,308,0,0,5
requests,d2d576b6b1101e2871c82f63adf2c2b534c2dabc,2015-01-09T20:55:54-06:00,requests/packages/urllib3/__init__.py,66,0,0,2
requests,d2d576b6b1101e2871c82f63adf2c2b534c2dabc,2015-01-09T20:55:54-06:00,requests/packages/chardet/utf8prober.py,76,1,0,0
requests,5ecf789a6f2c50a69854e2663083aeea1a0ff683,2015-12-02T02:02:09+01:00,requests/packages/urllib3/poolmanager.py,280,0,0,3
requests,5ecf789a6f2c50a69854e2663083aeea1a0ff683,2015-12-02T02:02:09+01:00,requests/packages/urllib3/contrib/appengine.py,222,0,0,23
requests,5ecf789a6f2c50a69854e2663083aeea1a0ff683,2015-12-02T02:02:09+01:00,requests/packages/urllib3/util/retry.py,285,0,0,7
requests,5ecf789a6f2c50a69854e2663083aeea1a0ff683,2015-12-02T02:02:09+01:00,requests/utils.py,717,2,0,0
requests,5ecf789a6f2c50a69854e2663083aeea1a0ff683,2015-12-02T02:02:09+01:00,requests/packages/urllib3/packages/__init__.py,4,0,0,1
requests,5ecf789a6f2c50a69854e2663083aeea1a0ff683,2015-12-02T02:02:09+01:00,requests/sessions.py,680,0,0,12
requests,5ecf789a6f2c50a69854e2663083aeea1a0ff683,2015-12-02T02:02:09+01:00,testserver/server.py,78,0,0,59
requests,5ecf789a6f2c50a69854e2663083aeea1a0ff683,2015-12-02T02:02:09+01:00,requests/packages/urllib3/__init__.py,71,0,0,32
requests,5ecf789a6f2c50a69854e2663083aeea1a0ff683,2015-12-02T02:02:09+01:00,requests/packages/urllib3/util/connection.py,100,0,0,1
requests,5ecf789a6f2c50a69854e2663083aeea1a0ff683,2015-12-02T02:02:09+01:00,requests/packages/urllib3/filepost.py,93,0,0,1
requests,5ecf789a6f2c50a69854e2663083aeea1a0ff683,2015-12-02T02:02:09+01:00,requests/packages/urllib3/response.py,485,0,0,53
requests,5ecf789a6f2c50a69854e2663083aeea1a0ff683,2015-12-02T02:02:09+01:00,requests/packages/urllib3/_collections.py,323,0,0,7
requests,5ecf789a6f2c50a69854e2663083aeea1a0ff683,2015-12-02T02:02:09+01:00,docs/conf.py,248,0,0,11
requests,5ecf789a6f2c50a69854e2663083aeea1a0ff683,2015-12-02T02:02:09+01:00,requests/packages/urllib3/util/__init__.py,24,0,0,20
requests,5ecf789a6f2c50a69854e2663083aeea1a0ff683,2015-12-02T02:02:09+01:00,requests/packages/urllib3/connection.py,277,1,0,28
requests,5ecf789a6f2c50a69854e2663083aeea1a0ff683,2015-12-02T02:02:09+01:00,requests/packages/chardet/jpcntx.py,227,2,0,0
requests,5ecf789a6f2c50a69854e2663083aeea1a0ff683,2015-12-02T02:02:09+01:00,requests/auth.py,223,0,0,2
requests,5ecf789a6f2c50a69854e2663083aeea1a0ff683,2015-12-02T02:02:09+01:00,requests/packages/chardet/utf8prober.py,76,1,0,0
requests,5ecf789a6f2c50a69854e2663083aeea1a0ff683,2015-12-02T02:02:09+01:00,requests/packages/urllib3/connectionpool.py,816,3,0,34
requests,5ecf789a6f2c50a69854e2663083aeea1a0ff683,2015-12-02T02:02:09+01:00,requests/packages/chardet/eucjpprober.py,90,5,0,0
requests,5ecf789a6f2c50a69854e2663083aeea1a0ff683,2015-12-02T02:02:09+01:00,requests/packages/urllib3/contrib/ntlmpool.py,114,0,0,1
requests,5ecf789a6f2c50a69854e2663083aeea1a0ff683,2015-12-02T02:02:09+01:00,requests/packages/urllib3/fields.py,177,0,0,1
requests,5ecf789a6f2c50a69854e2663083aeea1a0ff683,2015-12-02T02:02:09+01:00,requests/packages/chardet/mbcharsetprober.py,86,4,0,0
requests,5ecf789a6f2c50a69854e2663083aeea1a0ff683,2015-12-02T02:02:09+01:00,requests/packages/urllib3/util/url.py,214,0,0,5
requests,5ecf789a6f2c50a69854e2663083aeea1a0ff683,2015-12-02T02:02:09+01:00,requests/packages/urllib3/util/response.py,73,0,0,3
requests,5ecf789a6f2c50a69854e2663083aeea1a0ff683,2015-12-02T02:02:09+01:00,test_requests.py,1807,0,0,78
requests,5ecf789a6f2c50a69854e2663083aeea1a0ff683,2015-12-02T02:02:09+01:00,requests/packages/urllib3/contrib/pyopenssl.py,309,0,0,35
requests,5ecf789a6f2c50a69854e2663083aeea1a0ff683,2015-12-02T02:02:09+01:00,requests/__init__.py,83,0,0,4
requests,5ecf789a6f2c50a69854e2663083aeea1a0ff683,2015-12-02T02:02:09+01:00,requests/packages/urllib3/util/request.py,71,0,0,1
requests,5ecf789a6f2c50a69854e2663083aeea1a0ff683,2015-12-02T02:02:09+01:00,requests/packages/urllib3/util/timeout.py,240,0,0,8
requests,5ecf789a6f2c50a69854e2663083aeea1a0ff683,2015-12-02T02:02:09+01:00,requests/packages/chardet/sjisprober.py,91,5,0,0
requests,5ecf789a6f2c50a69854e2663083aeea1a0ff683,2015-12-02T02:02:09+01:00,requests/packages/urllib3/request.py,149,0,0,4
requests,5ecf789a6f2c50a69854e2663083aeea1a0ff683,2015-12-02T02:02:09+01:00,requests/packages/urllib3/exceptions.py,193,0,0,14
requests,5ecf789a6f2c50a69854e2663083aeea1a0ff683,2015-12-02T02:02:09+01:00,requests/api.py,145,0,0,2
requests,5ecf789a6f2c50a69854e2663083aeea1a0ff683,2015-12-02T02:02:09+01:00,requests/packages/urllib3/util/ssl_.py,286,0,0,39
requests,ecebf337ed51a8078e6b2af482d3976c7fe440cc,2016-04-29T11:05:19-05:00,requests/packages/urllib3/connectionpool.py,818,3,0,72
requests,ecebf337ed51a8078e6b2af482d3976c7fe440cc,2016-04-29T11:05:19-05:00,requests/packages/chardet/eucjpprober.py,90,5,0,0
requests,ecebf337ed51a8078e6b2af482d3976c7fe440cc,2016-04-29T11:05:19-05:00,requests/packages/urllib3/contrib/appengine.py,223,0,0,2
requests,ecebf337ed51a8078e6b2af482d3976c7fe440cc,2016-04-29T11:05:19-05:00,requests/utils.py,728,2,0,0
requests,ecebf337ed51a8078e6b2af482d3976c7fe440cc,2016-04-29T11:05:19-05:00,requests/packages/urllib3/util/retry.py,286,0,0,10
requests,ecebf337ed51a8078e6b2af482d3976c7fe440cc,2016-04-29T11:05:19-05:00,requests/packages/urllib3/fields.py,178,0,0,4
requests,ecebf337ed51a8078e6b2af482d3976c7fe440cc,2016-04-29T11:05:19-05:00,requests/packages/chardet/mbcharsetprober.py,86,4,0,0
requests,ecebf337ed51a8078e6b2af482d3976c7fe440cc,2016-04-29T11:05:19-05:00,requests/sessions.py,689,0,0,6
requests,ecebf337ed51a8078e6b2af482d3976c7fe440cc,2016-04-29T11:05:19-05:00,requests/packages/urllib3/contrib/pyopenssl.py,310,0,0,64
requests,ecebf337ed51a8078e6b2af482d3976c7fe440cc,2016-04-29T11:05:19-05:00,requests/packages/urllib3/__init__.py,93,0,0,10
requests,ecebf337ed51a8078e6b2af482d3976c7fe440cc,2016-04-29T11:05:19-05:00,requests/__init__.py,83,0,0,10
requests,ecebf337ed51a8078e6b2af482d3976c7fe440cc,2016-04-29T11:05:19-05:00,requests/packages/urllib3/packages/backports/makefile.py,0,0,0,53
requests,ecebf337ed51a8078e6b2af482d3976c7fe440cc,2016-04-29T11:05:19-05:00,requests/packages/urllib3/response.py,514,0,0,38
requests,ecebf337ed51a8078e6b2af482d3976c7fe440cc,2016-04-29T11:05:19-05:00,requests/packages/urllib3/_collections.py,324,0,0,2
requests,ecebf337ed51a8078e6b2af482d3976c7fe440cc,2016-04-29T11:05:19-05:00,requests/packages/chardet/sjisprober.py,91,5,0,0
requests,ecebf337ed51a8078e6b2af482d3976c7fe440cc,2016-04-29T11:05:19-05:00,tests/test_requests.py,1596,0,0,61
requests,ecebf337ed51a8078e6b2af482d3976c7fe440cc,2016-04-29T11:05:19-05:00,requests/packages/urllib3/util/__init__.py,44,0,0,2
requests,ecebf337ed51a8078e6b2af482d3976c7fe440cc,2016-04-29T11:05:19-05:00,requests/packages/urllib3/connection.py,288,1,0,64
requests,ecebf337ed51a8078e6b2af482d3976c7fe440cc,2016-04-29T11:05:19-05:00,requests/packages/chardet/jpcntx.py,227,2,0,0
requests,ecebf337ed51a8078e6b2af482d3976c7fe440cc,2016-04-29T11:05:19-05:00,requests/packages/urllib3/util/ssl_.py,317,0,0,12
requests,ecebf337ed51a8078e6b2af482d3976c7fe440cc,2016-04-29T11:05:19-05:00,requests/models.py,855,0,0,20
requests,ecebf337ed51a8078e6b2af482d3976c7fe440cc,2016-04-29T11:05:19-05:00,requests/packages/urllib3/packages/backports/__init__.py,0,0,0,0
requests,ecebf337ed51a8078e6b2af482d3976c7fe440cc,2016-04-29T11:05:19-05:00,requests/packages/chardet/utf8prober.py,76,1,0,0
requests,3669b4216a71356cde6e7f88a8878cac761d999b,2016-05-05T12:18:27-05:00,requests/packages/urllib3/connectionpool.py,849,5,0,0
requests,3669b4216a71356cde6e7f88a8878cac761d999b,2016-05-05T12:18:27-05:00,requests/packages/chardet/eucjpprober.py,90,5,0,0
requests,3669b4216a71356cde6e7f88a8878cac761d999b,2016-05-05T12:18:27-05:00,requests/utils.py,728,2,0,23
requests,3669b4216a71356cde6e7f88a8878cac761d999b,2016-05-05T12:18:27-05:00,tests/utils.py,0,0,0,17
requests,3669b4216a71356cde6e7f88a8878cac761d999b,2016-05-05T12:18:27-05:00,requests/packages/chardet/mbcharsetprober.py,86,4,0,0
requests,3669b4216a71356cde6e7f88a8878cac761d999b,2016-05-05T12:18:27-05:00,requests/sessions.py,689,0,0,6
requests,3669b4216a71356cde6e7f88a8878cac761d999b,2016-05-05T12:18:27-05:00,requests/packages/urllib3/contrib/pyopenssl.py,358,2,0,0
requests,3669b4216a71356cde6e7f88a8878cac761d999b,2016-05-05T12:18:27-05:00,tests/testserver/server.py,102,0,0,39
requests,3669b4216a71356cde6e7f88a8878cac761d999b,2016-05-05T12:18:27-05:00,tests/test_lowlevel.py,19,0,0,41
requests,3669b4216a71356cde6e7f88a8878cac761d999b,2016-05-05T12:18:27-05:00,tests/test_requests.py,1616,0,0,63
requests,3669b4216a71356cde6e7f88a8878cac761d999b,2016-05-05T12:18:27-05:00,requests/packages/chardet/sjisprober.py,91,5,0,0
requests,3669b4216a71356cde6e7f88a8878cac761d999b,2016-05-05T12:18:27-05:00,requests/packages/urllib3/connection.py,330,3,0,0
requests,3669b4216a71356cde6e7f88a8878cac761d999b,2016-05-05T12:18:27-05:00,requests/packages/chardet/jpcntx.py,227,2,0,0
requests,3669b4216a71356cde6e7f88a8878cac761d999b,2016-05-05T12:18:27-05:00,requests/models.py,855,0,0,2
requests,3669b4216a71356cde6e7f88a8878cac761d999b,2016-05-05T12:18:27-05:00,requests/packages/urllib3/contrib/socks.py,172,2,0,0
requests,3669b4216a71356cde6e7f88a8878cac761d999b,2016-05-05T12:18:27-05:00,tests/test_testserver.py,137,0,0,23
requests,3669b4216a71356cde6e7f88a8878cac761d999b,2016-05-05T12:18:27-05:00,tests/test_utils.py,430,0,0,121
requests,3669b4216a71356cde6e7f88a8878cac761d999b,2016-05-05T12:18:27-05:00,requests/packages/chardet/utf8prober.py,76,1,0,0
requests,542fbbc67fd07819551012295ff5468eb2714f62,2016-08-09T13:32:56+03:00,requests/packages/urllib3/connectionpool.py,866,5,0,0
requests,542fbbc67fd07819551012295ff5468eb2714f62,2016-08-09T13:32:56+03:00,requests/packages/chardet/eucjpprober.py,90,5,0,0
requests,542fbbc67fd07819551012295ff5468eb2714f62,2016-08-09T13:32:56+03:00,requests/utils.py,824,2,0,88
requests,542fbbc67fd07819551012295ff5468eb2714f62,2016-08-09T13:32:56+03:00,requests/cookies.py,540,0,0,10
requests,542fbbc67fd07819551012295ff5468eb2714f62,2016-08-09T13:32:56+03:00,requests/packages/chardet/mbcharsetprober.py,86,4,0,0
requests,542fbbc67fd07819551012295ff5468eb2714f62,2016-08-09T13:32:56+03:00,requests/sessions.py,711,0,0,43
requests,542fbbc67fd07819551012295ff5468eb2714f62,2016-08-09T13:32:56+03:00,requests/packages/urllib3/contrib/pyopenssl.py,358,2,0,0
requests,542fbbc67fd07819551012295ff5468eb2714f62,2016-08-09T13:32:56+03:00,requests/__init__.py,86,0,0,4
requests,542fbbc67fd07819551012295ff5468eb2714f62,2016-08-09T13:32:56+03:00,requests/packages/urllib3/util/connection.py,144,0,1,0
requests,542fbbc67fd07819551012295ff5468eb2714f62,2016-08-09T13:32:56+03:00,tests/test_requests.py,1782,0,0,118
requests,542fbbc67fd07819551012295ff5468eb2714f62,2016-08-09T13:32:56+03:00,requests/packages/chardet/sjisprober.py,91,5,0,0
requests,542fbbc67fd07819551012295ff5468eb2714f62,2016-08-09T13:32:56+03:00,requests/packages/urllib3/connection.py,330,3,0,0
requests,542fbbc67fd07819551012295ff5468eb2714f62,2016-08-09T13:32:56+03:00,requests/packages/chardet/jpcntx.py,227,2,0,0
requests,542fbbc67fd07819551012295ff5468eb2714f62,2016-08-09T13:32:56+03:00,requests/adapters.py,503,0,0,6
requests,542fbbc67fd07819551012295ff5468eb2714f62,2016-08-09T13:32:56+03:00,requests/auth.py,252,0,0,9
requests,542fbbc67fd07819551012295ff5468eb2714f62,2016-08-09T13:32:56+03:00,requests/models.py,873,0,0,4
requests,542fbbc67fd07819551012295ff5468eb2714f62,2016-08-09T13:32:56+03:00,requests/packages/urllib3/contrib/socks.py,172,2,0,0
requests,542fbbc67fd07819551012295ff5468eb2714f62,2016-08-09T13:32:56+03:00,tests/test_utils.py,467,0,0,10
requests,542fbbc67fd07819551012295ff5468eb2714f62,2016-08-09T13:32:56+03:00,requests/packages/chardet/utf8prober.py,76,1,0,0
requests,5e4abfa3a2310c538174a8082cb94d00fd90b04b,2016-08-09T14:52:22+01:00,requests/packages/urllib3/connectionpool.py,866,5,0,0
requests,5e4abfa3a2310c538174a8082cb94d00fd90b04b,2016-08-09T14:52:22+01:00,requests/packages/chardet/eucjpprober.py,90,5,0,0
requests,5e4abfa3a2310c538174a8082cb94d00fd90b04b,2016-08-09T14:52:22+01:00,requests/utils.py,817,2,0,6
requests,5e4abfa3a2310c538174a8082cb94d00fd90b04b,2016-08-09T14:52:22+01:00,tests/test_requests.py,1775,0,0,111
requests,5e4abfa3a2310c538174a8082cb94d00fd90b04b,2016-08-09T14:52:22+01:00,requests/packages/chardet/sjisprober.py,91,5,0,0
requests,5e4abfa3a2310c538174a8082cb94d00fd90b04b,2016-08-09T14:52:22+01:00,requests/packages/urllib3/connection.py,330,3,0,0
requests,5e4abfa3a2310c538174a8082cb94d00fd90b04b,2016-08-09T14:52:22+01:00,requests/packages/chardet/jpcntx.py,227,2,0,0
requests,5e4abfa3a2310c538174a8082cb94d00fd90b04b,2016-08-09T14:52:22+01:00,requests/packages/chardet/mbcharsetprober.py,86,4,0,0
requests,5e4abfa3a2310c538174a8082cb94d00fd90b04b,2016-08-09T14:52:22+01:00,requests/sessions.py,711,0,0,9
requests,5e4abfa3a2310c538174a8082cb94d00fd90b04b,2016-08-09T14:52:22+01:00,requests/packages/urllib3/contrib/pyopenssl.py,358,2,0,0
requests,5e4abfa3a2310c538174a8082cb94d00fd90b04b,2016-08-09T14:52:22+01:00,requests/packages/urllib3/contrib/socks.py,172,2,0,0
requests,5e4abfa3a2310c538174a8082cb94d00fd90b04b,2016-08-09T14:52:22+01:00,requests/models.py,873,0,0,4
requests,5e4abfa3a2310c538174a8082cb94d00fd90b04b,2016-08-09T14:52:22+01:00,requests/__init__.py,86,0,0,4
requests,5e4abfa3a2310c538174a8082cb94d00fd90b04b,2016-08-09T14:52:22+01:00,requests/packages/urllib3/util/connection.py,144,0,1,0
requests,5e4abfa3a2310c538174a8082cb94d00fd90b04b,2016-08-09T14:52:22+01:00,tests/test_utils.py,467,0,0,10
requests,5e4abfa3a2310c538174a8082cb94d00fd90b04b,2016-08-09T14:52:22+01:00,requests/packages/chardet/utf8prober.py,76,1,0,0
requests,550dc190992e227c1b568dcd7a85a81ab7b7a3c0,2016-09-25T22:22:33-07:00,requests/packages/urllib3/connectionpool.py,866,5,0,0
requests,550dc190992e227c1b568dcd7a85a81ab7b7a3c0,2016-09-25T22:22:33-07:00,requests/packages/chardet/eucjpprober.py,90,5,0,0
requests,550dc190992e227c1b568dcd7a85a81ab7b7a3c0,2016-09-25T22:22:33-07:00,requests/utils.py,828,2,0,25
requests,550dc190992e227c1b568dcd7a85a81ab7b7a3c0,2016-09-25T22:22:33-07:00,tests/test_requests.py,1889,0,0,4
requests,550dc190992e227c1b568dcd7a85a81ab7b7a3c0,2016-09-25T22:22:33-07:00,requests/packages/chardet/sjisprober.py,91,5,0,0
requests,550dc190992e227c1b568dcd7a85a81ab7b7a3c0,2016-09-25T22:22:33-07:00,requests/cookies.py,546,0,0,14
requests,550dc190992e227c1b568dcd7a85a81ab7b7a3c0,2016-09-25T22:22:33-07:00,requests/_internal_utils.py,0,0,0,27
requests,550dc190992e227c1b568dcd7a85a81ab7b7a3c0,2016-09-25T22:22:33-07:00,requests/packages/urllib3/connection.py,330,3,0,0
requests,550dc190992e227c1b568dcd7a85a81ab7b7a3c0,2016-09-25T22:22:33-07:00,requests/packages/chardet/jpcntx.py,227,2,0,0
requests,550dc190992e227c1b568dcd7a85a81ab7b7a3c0,2016-09-25T22:22:33-07:00,requests/packages/chardet/mbcharsetprober.py,86,4,0,0
requests,550dc190992e227c1b568dcd7a85a81ab7b7a3c0,2016-09-25T22:22:33-07:00,requests/sessions.py,712,0,0,3
requests,550dc190992e227c1b568dcd7a85a81ab7b7a3c0,2016-09-25T22:22:33-07:00,requests/auth.py,252,0,0,3
requests,550dc190992e227c1b568dcd7a85a81ab7b7a3c0,2016-09-25T22:22:33-07:00,requests/packages/urllib3/contrib/pyopenssl.py,358,2,0,0
requests,550dc190992e227c1b568dcd7a85a81ab7b7a3c0,2016-09-25T22:22:33-07:00,requests/packages/urllib3/contrib/socks.py,172,2,0,0
requests,550dc190992e227c1b568dcd7a85a81ab7b7a3c0,2016-09-25T22:22:33-07:00,requests/models.py,885,0,0,20
requests,550dc190992e227c1b568dcd7a85a81ab7b7a3c0,2016-09-25T22:22:33-07:00,requests/packages/urllib3/util/connection.py,144,0,1,0
requests,550dc190992e227c1b568dcd7a85a81ab7b7a3c0,2016-09-25T22:22:33-07:00,requests/packages/chardet/utf8prober.py,76,1,0,0
requests,eaf9a688c5606577c2520b2decf03c56eb35e875,2016-11-15T18:59:05-08:00,requests/packages/urllib3/connectionpool.py,871,4,0,0
requests,eaf9a688c5606577c2520b2decf03c56eb35e875,2016-11-15T18:59:05-08:00,requests/packages/chardet/eucjpprober.py,90,5,0,0
requests,eaf9a688c5606577c2520b2decf03c56eb35e875,2016-11-15T18:59:05-08:00,requests/packages/urllib3/contrib/appengine.py,296,0,0,2
requests,eaf9a688c5606577c2520b2decf03c56eb35e875,2016-11-15T18:59:05-08:00,requests/utils.py,827,2,0,0
requests,eaf9a688c5606577c2520b2decf03c56eb35e875,2016-11-15T18:59:05-08:00,requests/_internal_utils.py,27,0,0,17
requests,eaf9a688c5606577c2520b2decf03c56eb35e875,2016-11-15T18:59:05-08:00,requests/packages/chardet/mbcharsetprober.py,86,4,0,0
requests,eaf9a688c5606577c2520b2decf03c56eb35e875,2016-11-15T18:59:05-08:00,setup.py,100,0,0,3
requests,eaf9a688c5606577c2520b2decf03c56eb35e875,2016-11-15T18:59:05-08:00,requests/packages/urllib3/contrib/pyopenssl.py,431,2,0,0
requests,eaf9a688c5606577c2520b2decf03c56eb35e875,2016-11-15T18:59:05-08:00,requests/packages/urllib3/__init__.py,96,0,0,3
requests,eaf9a688c5606577c2520b2decf03c56eb35e875,2016-11-15T18:59:05-08:00,requests/__init__.py,86,0,0,4
requests,eaf9a688c5606577c2520b2decf03c56eb35e875,2016-11-15T18:59:05-08:00,requests/packages/urllib3/util/connection.py,144,0,1,1
requests,eaf9a688c5606577c2520b2decf03c56eb35e875,2016-11-15T18:59:05-08:00,requests/packages/idna/codec.py,118,2,0,0
requests,eaf9a688c5606577c2520b2decf03c56eb35e875,2016-11-15T18:59:05-08:00,tests/test_requests.py,2135,0,0,157
requests,eaf9a688c5606577c2520b2decf03c56eb35e875,2016-11-15T18:59:05-08:00,requests/packages/chardet/sjisprober.py,91,5,0,0
requests,eaf9a688c5606577c2520b2decf03c56eb35e875,2016-11-15T18:59:05-08:00,requests/api.py,150,0,0,2
requests,eaf9a688c5606577c2520b2decf03c56eb35e875,2016-11-15T18:59:05-08:00,requests/packages/urllib3/connection.py,366,2,0,0
requests,eaf9a688c5606577c2520b2decf03c56eb35e875,2016-11-15T18:59:05-08:00,requests/packages/chardet/jpcntx.py,227,2,0,0
requests,eaf9a688c5606577c2520b2decf03c56eb35e875,2016-11-15T18:59:05-08:00,requests/auth.py,253,0,0,12
requests,eaf9a688c5606577c2520b2decf03c56eb35e875,2016-11-15T18:59:05-08:00,requests/models.py,897,0,0,29
requests,eaf9a688c5606577c2520b2decf03c56eb35e875,2016-11-15T18:59:05-08:00,requests/packages/urllib3/contrib/socks.py,178,2,0,0
requests,eaf9a688c5606577c2520b2decf03c56eb35e875,2016-11-15T18:59:05-08:00,tests/test_utils.py,531,0,0,13
requests,eaf9a688c5606577c2520b2decf03c56eb35e875,2016-11-15T18:59:05-08:00,requests/packages/chardet/utf8prober.py,76,1,0,0
requests,df56f38bb44b256eadcec267c42366fe6726462b,2017-01-22T17:44:28-05:00,requests/packages/urllib3/connectionpool.py,871,4,0,68
requests,df56f38bb44b256eadcec267c42366fe6726462b,2017-01-22T17:44:28-05:00,requests/packages/chardet/eucjpprober.py,90,5,0,0
requests,df56f38bb44b256eadcec267c42366fe6726462b,2017-01-22T17:44:28-05:00,requests/packages/urllib3/poolmanager.py,363,0,0,2
requests,df56f38bb44b256eadcec267c42366fe6726462b,2017-01-22T17:44:28-05:00,requests/utils.py,827,2,0,0
requests,df56f38bb44b256eadcec267c42366fe6726462b,2017-01-22T17:44:28-05:00,requests/packages/urllib3/util/selectors.py,0,0,0,524
requests,df56f38bb44b256eadcec267c42366fe6726462b,2017-01-22T17:44:28-05:00,requests/packages/urllib3/util/retry.py,376,0,0,19
requests,df56f38bb44b256eadcec267c42366fe6726462b,2017-01-22T17:44:28-05:00,requests/packages/chardet/mbcharsetprober.py,86,4,0,0
requests,df56f38bb44b256eadcec267c42366fe6726462b,2017-01-22T17:44:28-05:00,requests/packages/urllib3/contrib/pyopenssl.py,431,2,0,39
requests,df56f38bb44b256eadcec267c42366fe6726462b,2017-01-22T17:44:28-05:00,requests/packages/urllib3/__init__.py,97,0,0,2
requests,df56f38bb44b256eadcec267c42366fe6726462b,2017-01-22T17:44:28-05:00,requests/__init__.py,86,0,0,4
requests,df56f38bb44b256eadcec267c42366fe6726462b,2017-01-22T17:44:28-05:00,requests/packages/urllib3/util/connection.py,145,0,1,31
requests,df56f38bb44b256eadcec267c42366fe6726462b,2017-01-22T17:44:28-05:00,requests/packages/idna/codec.py,118,2,0,0
requests,df56f38bb44b256eadcec267c42366fe6726462b,2017-01-22T17:44:28-05:00,tests/test_lowlevel.py,169,0,0,37
requests,df56f38bb44b256eadcec267c42366fe6726462b,2017-01-22T17:44:28-05:00,requests/packages/urllib3/util/request.py,72,0,0,48
requests,df56f38bb44b256eadcec267c42366fe6726462b,2017-01-22T17:44:28-05:00,requests/packages/urllib3/util/timeout.py,245,0,0,7
requests,df56f38bb44b256eadcec267c42366fe6726462b,2017-01-22T17:44:28-05:00,docs/conf.py,379,0,0,2
requests,df56f38bb44b256eadcec267c42366fe6726462b,2017-01-22T17:44:28-05:00,requests/packages/chardet/sjisprober.py,91,5,0,0
requests,df56f38bb44b256eadcec267c42366fe6726462b,2017-01-22T17:44:28-05:00,requests/packages/idna/uts46data.py,7267,0,0,368
requests,df56f38bb44b256eadcec267c42366fe6726462b,2017-01-22T17:44:28-05:00,requests/packages/urllib3/util/__init__.py,46,0,0,6
requests,df56f38bb44b256eadcec267c42366fe6726462b,2017-01-22T17:44:28-05:00,requests/packages/urllib3/util/wait.py,0,0,0,40
requests,df56f38bb44b256eadcec267c42366fe6726462b,2017-01-22T17:44:28-05:00,requests/packages/urllib3/exceptions.py,241,0,0,5
requests,df56f38bb44b256eadcec267c42366fe6726462b,2017-01-22T17:44:28-05:00,requests/packages/urllib3/connection.py,366,2,0,5
requests,df56f38bb44b256eadcec267c42366fe6726462b,2017-01-22T17:44:28-05:00,requests/packages/chardet/jpcntx.py,227,2,0,0
requests,df56f38bb44b256eadcec267c42366fe6726462b,2017-01-22T17:44:28-05:00,requests/auth.py,288,0,0,6
requests,df56f38bb44b256eadcec267c42366fe6726462b,2017-01-22T17:44:28-05:00,requests/packages/urllib3/contrib/socks.py,178,2,0,10
requests,df56f38bb44b256eadcec267c42366fe6726462b,2017-01-22T17:44:28-05:00,requests/packages/chardet/utf8prober.py,76,1,0,0
requests,fe58c6fdd6c476657a2f390d24a6ca9fb7fa4c9b,2017-03-29T18:01:18+02:00,requests/packages/urllib3/connectionpool.py,899,2,0,0
requests,fe58c6fdd6c476657a2f390d24a6ca9fb7fa4c9b,2017-03-29T18:01:18+02:00,requests/packages/chardet/eucjpprober.py,90,5,0,0
requests,fe58c6fdd6c476657a2f390d24a6ca9fb7fa4c9b,2017-03-29T18:01:18+02:00,requests/packages/urllib3/util/selectors.py,524,5,0,0
requests,fe58c6fdd6c476657a2f390d24a6ca9fb7fa4c9b,2017-03-29T18:01:18+02:00,requests/utils.py,865,2,0,2
requests,fe58c6fdd6c476657a2f390d24a6ca9fb7fa4c9b,2017-03-29T18:01:18+02:00,requests/packages/chardet/mbcharsetprober.py,86,4,0,0
requests,fe58c6fdd6c476657a2f390d24a6ca9fb7fa4c9b,2017-03-29T18:01:18+02:00,requests/sessions.py,735,0,0,17
requests,fe58c6fdd6c476657a2f390d24a6ca9fb7fa4c9b,2017-03-29T18:01:18+02:00,requests/packages/urllib3/contrib/pyopenssl.py,450,2,0,0
requests,fe58c6fdd6c476657a2f390d24a6ca9fb7fa4c9b,2017-03-29T18:01:18+02:00,requests/packages/urllib3/util/connection.py,130,0,1,0
requests,fe58c6fdd6c476657a2f390d24a6ca9fb7fa4c9b,2017-03-29T18:01:18+02:00,requests/packages/idna/codec.py,118,2,0,0
requests,fe58c6fdd6c476657a2f390d24a6ca9fb7fa4c9b,2017-03-29T18:01:18+02:00,tests/test_requests.py,2354,0,0,131
requests,fe58c6fdd6c476657a2f390d24a6ca9fb7fa4c9b,2017-03-29T18:01:18+02:00,requests/packages/chardet/sjisprober.py,91,5,0,0
requests,fe58c6fdd6c476657a2f390d24a6ca9fb7fa4c9b,2017-03-29T18:01:18+02:00,requests/api.py,152,0,0,14
requests,fe58c6fdd6c476657a2f390d24a6ca9fb7fa4c9b,2017-03-29T18:01:18+02:00,requests/packages/urllib3/connection.py,369,2,0,0
requests,fe58c6fdd6c476657a2f390d24a6ca9fb7fa4c9b,2017-03-29T18:01:18+02:00,requests/packages/chardet/jpcntx.py,227,2,0,0
requests,fe58c6fdd6c476657a2f390d24a6ca9fb7fa4c9b,2017-03-29T18:01:18+02:00,requests/adapters.py,522,0,0,14
requests,fe58c6fdd6c476657a2f390d24a6ca9fb7fa4c9b,2017-03-29T18:01:18+02:00,requests/models.py,941,0,0,2
requests,fe58c6fdd6c476657a2f390d24a6ca9fb7fa4c9b,2017-03-29T18:01:18+02:00,requests/packages/urllib3/contrib/socks.py,188,2,0,0
requests,fe58c6fdd6c476657a2f390d24a6ca9fb7fa4c9b,2017-03-29T18:01:18+02:00,requests/packages/chardet/utf8prober.py,76,1,0,0
requests,ead8fba84b12e7496c65272a07de47d553aa0ca0,2017-04-05T15:51:58+01:00,requests/packages/urllib3/connectionpool.py,899,2,0,0
requests,ead8fba84b12e7496c65272a07de47d553aa0ca0,2017-04-05T15:51:58+01:00,requests/packages/chardet/eucjpprober.py,90,5,0,0
requests,ead8fba84b12e7496c65272a07de47d553aa0ca0,2017-04-05T15:51:58+01:00,requests/packages/urllib3/util/selectors.py,524,5,0,0
requests,ead8fba84b12e7496c65272a07de47d553aa0ca0,2017-04-05T15:51:58+01:00,requests/utils.py,865,2,0,2
requests,ead8fba84b12e7496c65272a07de47d553aa0ca0,2017-04-05T15:51:58+01:00,requests/packages/chardet/sjisprober.py,91,5,0,0
requests,ead8fba84b12e7496c65272a07de47d553aa0ca0,2017-04-05T15:51:58+01:00,requests/api.py,152,0,0,14
requests,ead8fba84b12e7496c65272a07de47d553aa0ca0,2017-04-05T15:51:58+01:00,requests/packages/urllib3/connection.py,369,2,0,0
requests,ead8fba84b12e7496c65272a07de47d553aa0ca0,2017-04-05T15:51:58+01:00,requests/packages/chardet/jpcntx.py,227,2,0,0
requests,ead8fba84b12e7496c65272a07de47d553aa0ca0,2017-04-05T15:51:58+01:00,requests/packages/chardet/mbcharsetprober.py,86,4,0,0
requests,ead8fba84b12e7496c65272a07de47d553aa0ca0,2017-04-05T15:51:58+01:00,requests/sessions.py,736,0,0,29
requests,ead8fba84b12e7496c65272a07de47d553aa0ca0,2017-04-05T15:51:58+01:00,tests/test_lowlevel.py,206,0,0,51
requests,ead8fba84b12e7496c65272a07de47d553aa0ca0,2017-04-05T15:51:58+01:00,requests/packages/urllib3/contrib/pyopenssl.py,450,2,0,0
requests,ead8fba84b12e7496c65272a07de47d553aa0ca0,2017-04-05T15:51:58+01:00,requests/packages/urllib3/contrib/socks.py,188,2,0,0
requests,ead8fba84b12e7496c65272a07de47d553aa0ca0,2017-04-05T15:51:58+01:00,requests/models.py,941,0,0,2
requests,ead8fba84b12e7496c65272a07de47d553aa0ca0,2017-04-05T15:51:58+01:00,requests/packages/urllib3/util/connection.py,130,0,1,0
requests,ead8fba84b12e7496c65272a07de47d553aa0ca0,2017-04-05T15:51:58+01:00,requests/packages/chardet/utf8prober.py,76,1,0,0
requests,ead8fba84b12e7496c65272a07de47d553aa0ca0,2017-04-05T15:51:58+01:00,requests/packages/idna/codec.py,118,2,0,0
requests,60041f51693fd6107ad91337222aa3dc125720ac,2017-05-26T20:32:06-04:00,requests/packages/urllib3/util/selectors.py,581,5,0,581
requests,60041f51693fd6107ad91337222aa3dc125720ac,2017-05-26T20:32:06-04:00,requests/packages/urllib3/contrib/appengine.py,296,0,0,298
requests,60041f51693fd6107ad91337222aa3dc125720ac,2017-05-26T20:32:06-04:00,requests/packages/chardet/mbcssm.py,572,0,0,572
requests,60041f51693fd6107ad91337222aa3dc125720ac,2017-05-26T20:32:06-04:00,requests/packages/urllib3/packages/ordered_dict.py,259,0,0,261
requests,60041f51693fd6107ad91337222aa3dc125720ac,2017-05-26T20:32:06-04:00,requests/packages/chardet/hebrewprober.py,292,0,0,292
requests,60041f51693fd6107ad91337222aa3dc125720ac,2017-05-26T20:32:06-04:00,requests/packages/urllib3/contrib/_securetransport/__init__.py,0,0,0,2
requests,60041f51693fd6107ad91337222aa3dc125720ac,2017-05-26T20:32:06-04:00,requests/sessions.py,757,0,0,132
requests,60041f51693fd6107ad91337222aa3dc125720ac,2017-05-26T20:32:06-04:00,requests/packages/chardet/compat.py,34,0,0,34
requests,60041f51693fd6107ad91337222aa3dc125720ac,2017-05-26T20:32:06-04:00,requests/packages/urllib3/util/connection.py,130,0,1,130
requests,60041f51693fd6107ad91337222aa3dc125720ac,2017-05-26T20:32:06-04:00,requests/packages/chardet/langgreekmodel.py,225,0,0,225
requests,60041f51693fd6107ad91337222aa3dc125720ac,2017-05-26T20:32:06-04:00,requests/packages/urllib3/filepost.py,94,0,0,96
requests,60041f51693fd6107ad91337222aa3dc125720ac,2017-05-26T20:32:06-04:00,tests/test_requests.py,2379,0,0,31
requests,60041f51693fd6107ad91337222aa3dc125720ac,2017-05-26T20:32:06-04:00,docs/conf.py,378,0,0,2
requests,60041f51693fd6107ad91337222aa3dc125720ac,2017-05-26T20:32:06-04:00,requests/packages/urllib3/contrib/_securetransport/bindings.py,590,0,0,592
requests,60041f51693fd6107ad91337222aa3dc125720ac,2017-05-26T20:32:06-04:00,requests/packages/urllib3/util/__init__.py,54,0,0,56
requests,60041f51693fd6107ad91337222aa3dc125720ac,2017-05-26T20:32:06-04:00,requests/packages/urllib3/contrib/_securetransport/low_level.py,343,0,0,345
requests,60041f51693fd6107ad91337222aa3dc125720ac,2017-05-26T20:32:06-04:00,requests/packages/idna/compat.py,12,0,0,12
requests,60041f51693fd6107ad91337222aa3dc125720ac,2017-05-26T20:32:06-04:00,requests/packages/urllib3/util/wait.py,40,0,0,40
requests,60041f51693fd6107ad91337222aa3dc125720ac,2017-05-26T20:32:06-04:00,requests/packages/chardet/jpcntx.py,233,2,0,233
requests,60041f51693fd6107ad91337222aa3dc125720ac,2017-05-26T20:32:06-04:00,requests/packages/chardet/big5freq.py,386,0,0,386
requests,60041f51693fd6107ad91337222aa3dc125720ac,2017-05-26T20:32:06-04:00,requests/models.py,941,0,0,61
requests,60041f51693fd6107ad91337222aa3dc125720ac,2017-05-26T20:32:06-04:00,requests/packages/chardet/charsetgroupprober.py,106,0,0,106
requests,60041f51693fd6107ad91337222aa3dc125720ac,2017-05-26T20:32:06-04:00,tests/__init__.py,22,0,0,15
requests,60041f51693fd6107ad91337222aa3dc125720ac,2017-05-26T20:32:06-04:00,requests/packages/chardet/eucjpprober.py,92,3,0,92
requests,60041f51693fd6107ad91337222aa3dc125720ac,2017-05-26T20:32:06-04:00,requests/packages/urllib3/contrib/ntlmpool.py,112,0,0,114
requests,60041f51693fd6107ad91337222aa3dc125720ac,2017-05-26T20:32:06-04:00,requests/packages/chardet/euckrfreq.py,195,0,0,195
requests,60041f51693fd6107ad91337222aa3dc125720ac,2017-05-26T20:32:06-04:00,requests/cookies.py,540,0,0,6
requests,60041f51693fd6107ad91337222aa3dc125720ac,2017-05-26T20:32:06-04:00,requests/packages/chardet/version.py,9,0,0,9
requests,60041f51693fd6107ad91337222aa3dc125720ac,2017-05-26T20:32:06-04:00,requests/packages/idna/core.py,387,0,0,387
requests,60041f51693fd6107ad91337222aa3dc125720ac,2017-05-26T20:32:06-04:00,requests/compat.py,70,0,0,5
requests,60041f51693fd6107ad91337222aa3dc125720ac,2017-05-26T20:32:06-04:00,requests/packages/urllib3/contrib/pyopenssl.py,452,2,0,454
requests,60041f51693fd6107ad91337222aa3dc125720ac,2017-05-26T20:32:06-04:00,requests/packages/chardet/latin1prober.py,145,0,0,145
requests,60041f51693fd6107ad91337222aa3dc125720ac,2017-05-26T20:32:06-04:00,tests/test_lowlevel.py,237,0,0,4
requests,60041f51693fd6107ad91337222aa3dc125720ac,2017-05-26T20:32:06-04:00,requests/packages/urllib3/packages/backports/makefile.py,53,0,0,55
requests,60041f51693fd6107ad91337222aa3dc125720ac,2017-05-26T20:32:06-04:00,requests/packages/__init__.py,36,0,0,38
requests,60041f51693fd6107ad91337222aa3dc125720ac,2017-05-26T20:32:06-04:00,requests/packages/urllib3/request.py,148,0,0,150
requests,60041f51693fd6107ad91337222aa3dc125720ac,2017-05-26T20:32:06-04:00,requests/packages/chardet/langcyrillicmodel.py,333,0,0,333
requests,60041f51693fd6107ad91337222aa3dc125720ac,2017-05-26T20:32:06-04:00,requests/packages/chardet/charsetprober.py,145,0,0,145
requests,60041f51693fd6107ad91337222aa3dc125720ac,2017-05-26T20:32:06-04:00,requests/packages/chardet/cli/chardetect.py,85,0,0,85
requests,60041f51693fd6107ad91337222aa3dc125720ac,2017-05-26T20:32:06-04:00,requests/packages/chardet/jisfreq.py,325,0,0,325
requests,60041f51693fd6107ad91337222aa3dc125720ac,2017-05-26T20:32:06-04:00,requests/packages/chardet/enums.py,76,0,0,76
requests,60041f51693fd6107ad91337222aa3dc125720ac,2017-05-26T20:32:06-04:00,requests/packages/chardet/escsm.py,246,0,0,246
requests,60041f51693fd6107ad91337222aa3dc125720ac,2017-05-26T20:32:06-04:00,requests/packages/urllib3/util/ssl_.py,337,0,0,337
requests,60041f51693fd6107ad91337222aa3dc125720ac,2017-05-26T20:32:06-04:00,requests/packages/chardet/euckrprober.py,47,0,0,47
requests,60041f51693fd6107ad91337222aa3dc125720ac,2017-05-26T20:32:06-04:00,requests/packages/chardet/gb2312prober.py,46,0,0,46
requests,60041f51693fd6107ad91337222aa3dc125720ac,2017-05-26T20:32:06-04:00,requests/packages/chardet/mbcsgroupprober.py,54,0,0,54
requests,60041f51693fd6107ad91337222aa3dc125720ac,2017-05-26T20:32:06-04:00,requests/packages/urllib3/poolmanager.py,440,0,0,442
requests,60041f51693fd6107ad91337222aa3dc125720ac,2017-05-26T20:32:06-04:00,requests/packages/chardet/langhebrewmodel.py,200,0,0,200
requests,60041f51693fd6107ad91337222aa3dc125720ac,2017-05-26T20:32:06-04:00,requests/packages/urllib3/util/retry.py,401,0,0,401
requests,60041f51693fd6107ad91337222aa3dc125720ac,2017-05-26T20:32:06-04:00,requests/utils.py,903,2,0,21
requests,60041f51693fd6107ad91337222aa3dc125720ac,2017-05-26T20:32:06-04:00,requests/packages/chardet/langbulgarianmodel.py,228,0,0,228
requests,60041f51693fd6107ad91337222aa3dc125720ac,2017-05-26T20:32:06-04:00,requests/help.py,0,0,0,15
requests,60041f51693fd6107ad91337222aa3dc125720ac,2017-05-26T20:32:06-04:00,requests/packages/urllib3/packages/__init__.py,5,0,0,7
requests,60041f51693fd6107ad91337222aa3dc125720ac,2017-05-26T20:32:06-04:00,requests/packages/chardet/__init__.py,39,0,0,39
requests,60041f51693fd6107ad91337222aa3dc125720ac,2017-05-26T20:32:06-04:00,requests/packages/urllib3/packages/ssl_match_hostname/_implementation.py,157,0,0,159
requests,60041f51693fd6107ad91337222aa3dc125720ac,2017-05-26T20:32:06-04:00,requests/packages/chardet/langthaimodel.py,199,0,0,199
requests,60041f51693fd6107ad91337222aa3dc125720ac,2017-05-26T20:32:06-04:00,requests/packages/chardet/universaldetector.py,278,0,0,278
requests,60041f51693fd6107ad91337222aa3dc125720ac,2017-05-26T20:32:06-04:00,requests/packages/chardet/codingstatemachine.py,88,0,0,88
requests,60041f51693fd6107ad91337222aa3dc125720ac,2017-05-26T20:32:06-04:00,requests/packages/urllib3/__init__.py,97,0,0,99
requests,60041f51693fd6107ad91337222aa3dc125720ac,2017-05-26T20:32:06-04:00,requests/packages/chardet/langhungarianmodel.py,225,0,0,225
requests,60041f51693fd6107ad91337222aa3dc125720ac,2017-05-26T20:32:06-04:00,requests/packages/chardet/escprober.py,101,0,0,101
requests,60041f51693fd6107ad91337222aa3dc125720ac,2017-05-26T20:32:06-04:00,requests/packages/idna/codec.py,118,2,0,118
requests,60041f51693fd6107ad91337222aa3dc125720ac,2017-05-26T20:32:06-04:00,requests/certs.py,25,0,0,13
requests,60041f51693fd6107ad91337222aa3dc125720ac,2017-05-26T20:32:06-04:00,tests/test_packages.py,0,0,0,13
requests,60041f51693fd6107ad91337222aa3dc125720ac,2017-05-26T20:32:06-04:00,requests/packages/urllib3/packages/ssl_match_hostname/__init__.py,19,0,0,21
requests,60041f51693fd6107ad91337222aa3dc125720ac,2017-05-26T20:32:06-04:00,requests/packages/urllib3/response.py,622,0,0,624
requests,60041f51693fd6107ad91337222aa3dc125720ac,2017-05-26T20:32:06-04:00,requests/packages/idna/intranges.py,53,0,0,53
requests,60041f51693fd6107ad91337222aa3dc125720ac,2017-05-26T20:32:06-04:00,requests/packages/urllib3/_collections.py,314,0,0,316
requests,60041f51693fd6107ad91337222aa3dc125720ac,2017-05-26T20:32:06-04:00,requests/packages/idna/idnadata.py,1584,0,0,1584
requests,60041f51693fd6107ad91337222aa3dc125720ac,2017-05-26T20:32:06-04:00,requests/exceptions.py,116,0,0,8
requests,60041f51693fd6107ad91337222aa3dc125720ac,2017-05-26T20:32:06-04:00,requests/packages/urllib3/connection.py,373,2,0,375
requests,60041f51693fd6107ad91337222aa3dc125720ac,2017-05-26T20:32:06-04:00,requests/packages/chardet/euctwprober.py,46,0,0,46
requests,60041f51693fd6107ad91337222aa3dc125720ac,2017-05-26T20:32:06-04:00,requests/auth.py,293,0,0,4
requests,60041f51693fd6107ad91337222aa3dc125720ac,2017-05-26T20:32:06-04:00,requests/packages/urllib3/contrib/__init__.py,0,0,0,2
requests,60041f51693fd6107ad91337222aa3dc125720ac,2017-05-26T20:32:06-04:00,requests/packages.py,0,0,0,40
requests,60041f51693fd6107ad91337222aa3dc125720ac,2017-05-26T20:32:06-04:00,requests/packages/chardet/gb2312freq.py,283,0,0,283
requests,60041f51693fd6107ad91337222aa3dc125720ac,2017-05-26T20:32:06-04:00,tests/test_testserver.py,164,0,0,2
requests,60041f51693fd6107ad91337222aa3dc125720ac,2017-05-26T20:32:06-04:00,requests/packages/chardet/big5prober.py,47,0,0,47
requests,60041f51693fd6107ad91337222aa3dc125720ac,2017-05-26T20:32:06-04:00,tests/test_utils.py,654,0,0,32
requests,60041f51693fd6107ad91337222aa3dc125720ac,2017-05-26T20:32:06-04:00,requests/packages/chardet/sbcsgroupprober.py,73,0,0,73
requests,60041f51693fd6107ad91337222aa3dc125720ac,2017-05-26T20:32:06-04:00,requests/packages/chardet/utf8prober.py,82,1,0,82
requests,60041f51693fd6107ad91337222aa3dc125720ac,2017-05-26T20:32:06-04:00,requests/packages/chardet/sbcharsetprober.py,132,0,0,132
requests,60041f51693fd6107ad91337222aa3dc125720ac,2017-05-26T20:32:06-04:00,requests/packages/urllib3/connectionpool.py,899,2,0,901
requests,60041f51693fd6107ad91337222aa3dc125720ac,2017-05-26T20:32:06-04:00,requests/packages/idna/__init__.py,1,0,0,1
requests,60041f51693fd6107ad91337222aa3dc125720ac,2017-05-26T20:32:06-04:00,requests/packages/urllib3/fields.py,178,0,0,180
requests,60041f51693fd6107ad91337222aa3dc125720ac,2017-05-26T20:32:06-04:00,requests/packages/chardet/mbcharsetprober.py,91,3,0,91
requests,60041f51693fd6107ad91337222aa3dc125720ac,2017-05-26T20:32:06-04:00,requests/__version__.py,16,0,0,54
requests,60041f51693fd6107ad91337222aa3dc125720ac,2017-05-26T20:32:06-04:00,requests/packages/urllib3/util/response.py,81,0,0,81
requests,60041f51693fd6107ad91337222aa3dc125720ac,2017-05-26T20:32:06-04:00,requests/packages/urllib3/util/url.py,230,0,0,230
requests,60041f51693fd6107ad91337222aa3dc125720ac,2017-05-26T20:32:06-04:00,setup.py,103,0,0,84
requests,60041f51693fd6107ad91337222aa3dc125720ac,2017-05-26T20:32:06-04:00,requests/__init__.py,83,0,0,98
requests,60041f51693fd6107ad91337222aa3dc125720ac,2017-05-26T20:32:06-04:00,requests/packages/chardet/cli/__init__.py,1,0,0,1
requests,60041f51693fd6107ad91337222aa3dc125720ac,2017-05-26T20:32:06-04:00,requests/packages/urllib3/packages/six.py,868,0,0,868
requests,60041f51693fd6107ad91337222aa3dc125720ac,2017-05-26T20:32:06-04:00,requests/packages/urllib3/util/request.py,118,0,0,118
requests,60041f51693fd6107ad91337222aa3dc125720ac,2017-05-26T20:32:06-04:00,requests/packages/urllib3/util/timeout.py,242,0,0,242
requests,60041f51693fd6107ad91337222aa3dc125720ac,2017-05-26T20:32:06-04:00,requests/packages/urllib3/contrib/securetransport.py,807,8,0,809
requests,60041f51693fd6107ad91337222aa3dc125720ac,2017-05-26T20:32:06-04:00,requests/packages/chardet/sjisprober.py,92,4,0,92
requests,60041f51693fd6107ad91337222aa3dc125720ac,2017-05-26T20:32:06-04:00,requests/packages/chardet/chardistribution.py,233,0,0,233
requests,60041f51693fd6107ad91337222aa3dc125720ac,2017-05-26T20:32:06-04:00,requests/packages/idna/uts46data.py,7633,0,0,7633
requests,60041f51693fd6107ad91337222aa3dc125720ac,2017-05-26T20:32:06-04:00,requests/api.py,152,0,0,4
requests,60041f51693fd6107ad91337222aa3dc125720ac,2017-05-26T20:32:06-04:00,requests/packages/urllib3/exceptions.py,246,0,0,248
requests,60041f51693fd6107ad91337222aa3dc125720ac,2017-05-26T20:32:06-04:00,requests/packages/chardet/langturkishmodel.py,193,0,0,193
requests,60041f51693fd6107ad91337222aa3dc125720ac,2017-05-26T20:32:06-04:00,requests/packages/chardet/cp949prober.py,49,0,0,49
requests,60041f51693fd6107ad91337222aa3dc125720ac,2017-05-26T20:32:06-04:00,requests/adapters.py,519,0,0,35
requests,60041f51693fd6107ad91337222aa3dc125720ac,2017-05-26T20:32:06-04:00,requests/packages/urllib3/contrib/socks.py,188,2,0,190
requests,60041f51693fd6107ad91337222aa3dc125720ac,2017-05-26T20:32:06-04:00,requests/packages/chardet/euctwfreq.py,387,0,0,387
requests,60041f51693fd6107ad91337222aa3dc125720ac,2017-05-26T20:32:06-04:00,requests/packages/urllib3/packages/backports/__init__.py,0,0,0,0
requests,8e17600ef60de4faf632acb55d15cb3c178de9bb,2017-05-26T22:44:48-04:00,requests/packages/urllib3/util/selectors.py,0,0,0,581
requests,8e17600ef60de4faf632acb55d15cb3c178de9bb,2017-05-26T22:44:48-04:00,requests/packages/urllib3/contrib/appengine.py,0,0,0,298
requests,8e17600ef60de4faf632acb55d15cb3c178de9bb,2017-05-26T22:44:48-04:00,requests/packages/chardet/mbcssm.py,0,0,0,572
requests,8e17600ef60de4faf632acb55d15cb3c178de9bb,2017-05-26T22:44:48-04:00,requests/packages/urllib3/packages/ordered_dict.py,0,0,0,261
requests,8e17600ef60de4faf632acb55d15cb3c178de9bb,2017-05-26T22:44:48-04:00,requests/packages/chardet/hebrewprober.py,0,0,0,292
requests,8e17600ef60de4faf632acb55d15cb3c178de9bb,2017-05-26T22:44:48-04:00,requests/packages/urllib3/contrib/_securetransport/__init__.py,0,0,0,2
requests,8e17600ef60de4faf632acb55d15cb3c178de9bb,2017-05-26T22:44:48-04:00,requests/sessions.py,767,0,0,76
requests,8e17600ef60de4faf632acb55d15cb3c178de9bb,2017-05-26T22:44:48-04:00,requests/packages/chardet/compat.py,0,0,0,34
requests,8e17600ef60de4faf632acb55d15cb3c178de9bb,2017-05-26T22:44:48-04:00,requests/packages/urllib3/util/connection.py,0,0,0,130
requests,8e17600ef60de4faf632acb55d15cb3c178de9bb,2017-05-26T22:44:48-04:00,requests/packages/chardet/langgreekmodel.py,0,0,0,225
requests,8e17600ef60de4faf632acb55d15cb3c178de9bb,2017-05-26T22:44:48-04:00,requests/packages/urllib3/filepost.py,0,0,0,96
requests,8e17600ef60de4faf632acb55d15cb3c178de9bb,2017-05-26T22:44:48-04:00,tests/test_requests.py,2379,0,0,31
requests,8e17600ef60de4faf632acb55d15cb3c178de9bb,2017-05-26T22:44:48-04:00,docs/conf.py,378,0,0,2
requests,8e17600ef60de4faf632acb55d15cb3c178de9bb,2017-05-26T22:44:48-04:00,requests/packages/urllib3/contrib/_securetransport/bindings.py,0,0,0,592
requests,8e17600ef60de4faf632acb55d15cb3c178de9bb,2017-05-26T22:44:48-04:00,requests/packages/urllib3/util/__init__.py,0,0,0,56
requests,8e17600ef60de4faf632acb55d15cb3c178de9bb,2017-05-26T22:44:48-04:00,requests/packages/urllib3/contrib/_securetransport/low_level.py,0,0,0,345
requests,8e17600ef60de4faf632acb55d15cb3c178de9bb,2017-05-26T22:44:48-04:00,requests/packages/idna/compat.py,0,0,0,12
requests,8e17600ef60de4faf632acb55d15cb3c178de9bb,2017-05-26T22:44:48-04:00,requests/packages/urllib3/util/wait.py,0,0,0,40
requests,8e17600ef60de4faf632acb55d15cb3c178de9bb,2017-05-26T22:44:48-04:00,requests/packages/chardet/jpcntx.py,0,0,0,233
requests,8e17600ef60de4faf632acb55d15cb3c178de9bb,2017-05-26T22:44:48-04:00,requests/packages/chardet/big5freq.py,0,0,0,386
requests,8e17600ef60de4faf632acb55d15cb3c178de9bb,2017-05-26T22:44:48-04:00,requests/models.py,947,0,0,39
requests,8e17600ef60de4faf632acb55d15cb3c178de9bb,2017-05-26T22:44:48-04:00,requests/packages/chardet/charsetgroupprober.py,0,0,0,106
requests,8e17600ef60de4faf632acb55d15cb3c178de9bb,2017-05-26T22:44:48-04:00,tests/__init__.py,22,0,0,15
requests,8e17600ef60de4faf632acb55d15cb3c178de9bb,2017-05-26T22:44:48-04:00,requests/packages/chardet/eucjpprober.py,0,0,0,92
requests,8e17600ef60de4faf632acb55d15cb3c178de9bb,2017-05-26T22:44:48-04:00,requests/packages/urllib3/contrib/ntlmpool.py,0,0,0,114
requests,8e17600ef60de4faf632acb55d15cb3c178de9bb,2017-05-26T22:44:48-04:00,requests/packages/chardet/euckrfreq.py,0,0,0,195
requests,8e17600ef60de4faf632acb55d15cb3c178de9bb,2017-05-26T22:44:48-04:00,requests/cookies.py,540,0,0,6
requests,8e17600ef60de4faf632acb55d15cb3c178de9bb,2017-05-26T22:44:48-04:00,requests/packages/chardet/version.py,0,0,0,9
requests,8e17600ef60de4faf632acb55d15cb3c178de9bb,2017-05-26T22:44:48-04:00,requests/packages/idna/core.py,0,0,0,387
requests,8e17600ef60de4faf632acb55d15cb3c178de9bb,2017-05-26T22:44:48-04:00,requests/compat.py,70,0,0,5
requests,8e17600ef60de4faf632acb55d15cb3c178de9bb,2017-05-26T22:44:48-04:00,requests/packages/urllib3/contrib/pyopenssl.py,0,0,0,454
requests,8e17600ef60de4faf632acb55d15cb3c178de9bb,2017-05-26T22:44:48-04:00,requests/packages/chardet/latin1prober.py,0,0,0,145
requests,8e17600ef60de4faf632acb55d15cb3c178de9bb,2017-05-26T22:44:48-04:00,tests/test_lowlevel.py,237,0,0,4
requests,8e17600ef60de4faf632acb55d15cb3c178de9bb,2017-05-26T22:44:48-04:00,requests/packages/urllib3/packages/backports/makefile.py,0,0,0,55
requests,8e17600ef60de4faf632acb55d15cb3c178de9bb,2017-05-26T22:44:48-04:00,requests/packages/__init__.py,0,0,0,38
requests,8e17600ef60de4faf632acb55d15cb3c178de9bb,2017-05-26T22:44:48-04:00,requests/packages/urllib3/request.py,0,0,0,150
requests,8e17600ef60de4faf632acb55d15cb3c178de9bb,2017-05-26T22:44:48-04:00,requests/packages/chardet/langcyrillicmodel.py,0,0,0,333
requests,8e17600ef60de4faf632acb55d15cb3c178de9bb,2017-05-26T22:44:48-04:00,requests/packages/chardet/charsetprober.py,0,0,0,145
requests,8e17600ef60de4faf632acb55d15cb3c178de9bb,2017-05-26T22:44:48-04:00,requests/packages/chardet/cli/chardetect.py,0,0,0,85
requests,8e17600ef60de4faf632acb55d15cb3c178de9bb,2017-05-26T22:44:48-04:00,requests/packages/chardet/jisfreq.py,0,0,0,325
requests,8e17600ef60de4faf632acb55d15cb3c178de9bb,2017-05-26T22:44:48-04:00,requests/packages/chardet/enums.py,0,0,0,76
requests,8e17600ef60de4faf632acb55d15cb3c178de9bb,2017-05-26T22:44:48-04:00,requests/packages/chardet/escsm.py,0,0,0,246
requests,8e17600ef60de4faf632acb55d15cb3c178de9bb,2017-05-26T22:44:48-04:00,requests/packages/urllib3/util/ssl_.py,0,0,0,337
requests,8e17600ef60de4faf632acb55d15cb3c178de9bb,2017-05-26T22:44:48-04:00,requests/packages/chardet/euckrprober.py,0,0,0,47
requests,8e17600ef60de4faf632acb55d15cb3c178de9bb,2017-05-26T22:44:48-04:00,requests/packages/chardet/gb2312prober.py,0,0,0,46
requests,8e17600ef60de4faf632acb55d15cb3c178de9bb,2017-05-26T22:44:48-04:00,requests/packages/chardet/mbcsgroupprober.py,0,0,0,54
requests,8e17600ef60de4faf632acb55d15cb3c178de9bb,2017-05-26T22:44:48-04:00,requests/packages/urllib3/poolmanager.py,0,0,0,442
requests,8e17600ef60de4faf632acb55d15cb3c178de9bb,2017-05-26T22:44:48-04:00,requests/packages/chardet/langhebrewmodel.py,0,0,0,200
requests,8e17600ef60de4faf632acb55d15cb3c178de9bb,2017-05-26T22:44:48-04:00,requests/packages/urllib3/util/retry.py,0,0,0,401
requests,8e17600ef60de4faf632acb55d15cb3c178de9bb,2017-05-26T22:44:48-04:00,requests/utils.py,903,2,0,21
requests,8e17600ef60de4faf632acb55d15cb3c178de9bb,2017-05-26T22:44:48-04:00,requests/packages/chardet/langbulgarianmodel.py,0,0,0,228
requests,8e17600ef60de4faf632acb55d15cb3c178de9bb,2017-05-26T22:44:48-04:00,requests/help.py,0,0,0,15
requests,8e17600ef60de4faf632acb55d15cb3c178de9bb,2017-05-26T22:44:48-04:00,requests/packages/urllib3/packages/__init__.py,0,0,0,7
requests,8e17600ef60de4faf632acb55d15cb3c178de9bb,2017-05-26T22:44:48-04:00,requests/packages/chardet/__init__.py,0,0,0,39
requests,8e17600ef60de4faf632acb55d15cb3c178de9bb,2017-05-26T22:44:48-04:00,requests/packages/urllib3/packages/ssl_match_hostname/_implementation.py,0,0,0,159
requests,8e17600ef60de4faf632acb55d15cb3c178de9bb,2017-05-26T22:44:48-04:00,requests/packages/chardet/langthaimodel.py,0,0,0,199
requests,8e17600ef60de4faf632acb55d15cb3c178de9bb,2017-05-26T22:44:48-04:00,requests/packages/chardet/universaldetector.py,0,0,0,278
requests,8e17600ef60de4faf632acb55d15cb3c178de9bb,2017-05-26T22:44:48-04:00,requests/packages/chardet/codingstatemachine.py,0,0,0,88
requests,8e17600ef60de4faf632acb55d15cb3c178de9bb,2017-05-26T22:44:48-04:00,requests/packages/urllib3/__init__.py,0,0,0,99
requests,8e17600ef60de4faf632acb55d15cb3c178de9bb,2017-05-26T22:44:48-04:00,requests/packages/chardet/langhungarianmodel.py,0,0,0,225
requests,8e17600ef60de4faf632acb55d15cb3c178de9bb,2017-05-26T22:44:48-04:00,requests/packages/chardet/escprober.py,0,0,0,101
requests,8e17600ef60de4faf632acb55d15cb3c178de9bb,2017-05-26T22:44:48-04:00,requests/certs.py,25,0,0,13
requests,8e17600ef60de4faf632acb55d15cb3c178de9bb,2017-05-26T22:44:48-04:00,requests/packages/idna/codec.py,0,0,0,118
requests,8e17600ef60de4faf632acb55d15cb3c178de9bb,2017-05-26T22:44:48-04:00,tests/test_packages.py,0,0,0,13
requests,8e17600ef60de4faf632acb55d15cb3c178de9bb,2017-05-26T22:44:48-04:00,requests/packages/urllib3/packages/ssl_match_hostname/__init__.py,0,0,0,21
requests,8e17600ef60de4faf632acb55d15cb3c178de9bb,2017-05-26T22:44:48-04:00,requests/packages/urllib3/response.py,0,0,0,624
requests,8e17600ef60de4faf632acb55d15cb3c178de9bb,2017-05-26T22:44:48-04:00,requests/packages/idna/intranges.py,0,0,0,53
requests,8e17600ef60de4faf632acb55d15cb3c178de9bb,2017-05-26T22:44:48-04:00,requests/packages/urllib3/_collections.py,0,0,0,316
requests,8e17600ef60de4faf632acb55d15cb3c178de9bb,2017-05-26T22:44:48-04:00,requests/packages/idna/idnadata.py,0,0,0,1584
requests,8e17600ef60de4faf632acb55d15cb3c178de9bb,2017-05-26T22:44:48-04:00,requests/exceptions.py,116,0,0,8
requests,8e17600ef60de4faf632acb55d15cb3c178de9bb,2017-05-26T22:44:48-04:00,requests/packages/urllib3/connection.py,0,0,0,375
requests,8e17600ef60de4faf632acb55d15cb3c178de9bb,2017-05-26T22:44:48-04:00,requests/packages/chardet/euctwprober.py,0,0,0,46
requests,8e17600ef60de4faf632acb55d15cb3c178de9bb,2017-05-26T22:44:48-04:00,requests/auth.py,293,0,0,4
requests,8e17600ef60de4faf632acb55d15cb3c178de9bb,2017-05-26T22:44:48-04:00,requests/packages/urllib3/contrib/__init__.py,0,0,0,2
requests,8e17600ef60de4faf632acb55d15cb3c178de9bb,2017-05-26T22:44:48-04:00,requests/packages.py,0,0,0,40
requests,8e17600ef60de4faf632acb55d15cb3c178de9bb,2017-05-26T22:44:48-04:00,requests/packages/chardet/gb2312freq.py,0,0,0,283
requests,8e17600ef60de4faf632acb55d15cb3c178de9bb,2017-05-26T22:44:48-04:00,tests/test_testserver.py,164,0,0,2
requests,8e17600ef60de4faf632acb55d15cb3c178de9bb,2017-05-26T22:44:48-04:00,requests/packages/chardet/big5prober.py,0,0,0,47
requests,8e17600ef60de4faf632acb55d15cb3c178de9bb,2017-05-26T22:44:48-04:00,tests/test_utils.py,654,0,0,32
requests,8e17600ef60de4faf632acb55d15cb3c178de9bb,2017-05-26T22:44:48-04:00,requests/packages/chardet/sbcsgroupprober.py,0,0,0,73
requests,8e17600ef60de4faf632acb55d15cb3c178de9bb,2017-05-26T22:44:48-04:00,requests/packages/chardet/utf8prober.py,0,0,0,82
requests,8e17600ef60de4faf632acb55d15cb3c178de9bb,2017-05-26T22:44:48-04:00,requests/packages/chardet/sbcharsetprober.py,0,0,0,132
requests,8e17600ef60de4faf632acb55d15cb3c178de9bb,2017-05-26T22:44:48-04:00,requests/packages/urllib3/connectionpool.py,0,0,0,901
requests,8e17600ef60de4faf632acb55d15cb3c178de9bb,2017-05-26T22:44:48-04:00,requests/packages/idna/__init__.py,0,0,0,1
requests,8e17600ef60de4faf632acb55d15cb3c178de9bb,2017-05-26T22:44:48-04:00,requests/packages/urllib3/fields.py,0,0,0,180
requests,8e17600ef60de4faf632acb55d15cb3c178de9bb,2017-05-26T22:44:48-04:00,requests/__version__.py,16,0,0,44
requests,8e17600ef60de4faf632acb55d15cb3c178de9bb,2017-05-26T22:44:48-04:00,requests/packages/chardet/mbcharsetprober.py,0,0,0,91
requests,8e17600ef60de4faf632acb55d15cb3c178de9bb,2017-05-26T22:44:48-04:00,requests/packages/urllib3/util/response.py,0,0,0,81
requests,8e17600ef60de4faf632acb55d15cb3c178de9bb,2017-05-26T22:44:48-04:00,requests/packages/urllib3/util/url.py,0,0,0,230
requests,8e17600ef60de4faf632acb55d15cb3c178de9bb,2017-05-26T22:44:48-04:00,setup.py,104,0,0,81
requests,8e17600ef60de4faf632acb55d15cb3c178de9bb,2017-05-26T22:44:48-04:00,requests/__init__.py,83,0,0,98
requests,8e17600ef60de4faf632acb55d15cb3c178de9bb,2017-05-26T22:44:48-04:00,requests/packages/chardet/cli/__init__.py,0,0,0,1
requests,8e17600ef60de4faf632acb55d15cb3c178de9bb,2017-05-26T22:44:48-04:00,requests/packages/urllib3/packages/six.py,0,0,0,868
requests,8e17600ef60de4faf632acb55d15cb3c178de9bb,2017-05-26T22:44:48-04:00,requests/packages/urllib3/util/request.py,0,0,0,118
requests,8e17600ef60de4faf632acb55d15cb3c178de9bb,2017-05-26T22:44:48-04:00,requests/packages/urllib3/util/timeout.py,0,0,0,242
requests,8e17600ef60de4faf632acb55d15cb3c178de9bb,2017-05-26T22:44:48-04:00,requests/packages/urllib3/contrib/securetransport.py,0,0,0,809
requests,8e17600ef60de4faf632acb55d15cb3c178de9bb,2017-05-26T22:44:48-04:00,requests/packages/chardet/sjisprober.py,0,0,0,92
requests,8e17600ef60de4faf632acb55d15cb3c178de9bb,2017-05-26T22:44:48-04:00,requests/packages/chardet/chardistribution.py,0,0,0,233
requests,8e17600ef60de4faf632acb55d15cb3c178de9bb,2017-05-26T22:44:48-04:00,requests/packages/idna/uts46data.py,0,0,0,7633
requests,8e17600ef60de4faf632acb55d15cb3c178de9bb,2017-05-26T22:44:48-04:00,requests/api.py,152,0,0,4
requests,8e17600ef60de4faf632acb55d15cb3c178de9bb,2017-05-26T22:44:48-04:00,requests/packages/urllib3/exceptions.py,0,0,0,248
requests,8e17600ef60de4faf632acb55d15cb3c178de9bb,2017-05-26T22:44:48-04:00,requests/packages/chardet/langturkishmodel.py,0,0,0,193
requests,8e17600ef60de4faf632acb55d15cb3c178de9bb,2017-05-26T22:44:48-04:00,requests/packages/chardet/cp949prober.py,0,0,0,49
requests,8e17600ef60de4faf632acb55d15cb3c178de9bb,2017-05-26T22:44:48-04:00,requests/adapters.py,519,0,0,35
requests,8e17600ef60de4faf632acb55d15cb3c178de9bb,2017-05-26T22:44:48-04:00,requests/packages/urllib3/contrib/socks.py,0,0,0,190
requests,8e17600ef60de4faf632acb55d15cb3c178de9bb,2017-05-26T22:44:48-04:00,requests/packages/chardet/euctwfreq.py,0,0,0,387
requests,8e17600ef60de4faf632acb55d15cb3c178de9bb,2017-05-26T22:44:48-04:00,requests/packages/urllib3/packages/backports/__init__.py,0,0,0,0
requests,0ae8524e3b2765a0d1f6a32eef47dfc58f156845,2017-05-27T16:57:50-04:00,requests/utils.py,903,2,0,21
requests,0ae8524e3b2765a0d1f6a32eef47dfc58f156845,2017-05-27T16:57:50-04:00,requests/help.py,110,0,0,11
requests,0ae8524e3b2765a0d1f6a32eef47dfc58f156845,2017-05-27T16:57:50-04:00,requests/cookies.py,540,0,0,6
requests,0ae8524e3b2765a0d1f6a32eef47dfc58f156845,2017-05-27T16:57:50-04:00,requests/__version__.py,16,0,0,26
requests,0ae8524e3b2765a0d1f6a32eef47dfc58f156845,2017-05-27T16:57:50-04:00,requests/sessions.py,768,0,0,71
requests,0ae8524e3b2765a0d1f6a32eef47dfc58f156845,2017-05-27T16:57:50-04:00,setup.py,97,0,0,18
requests,0ae8524e3b2765a0d1f6a32eef47dfc58f156845,2017-05-27T16:57:50-04:00,requests/__init__.py,113,0,0,60
requests,0ae8524e3b2765a0d1f6a32eef47dfc58f156845,2017-05-27T16:57:50-04:00,tests/test_lowlevel.py,237,0,0,4
requests,0ae8524e3b2765a0d1f6a32eef47dfc58f156845,2017-05-27T16:57:50-04:00,tests/test_packages.py,0,0,0,13
requests,0ae8524e3b2765a0d1f6a32eef47dfc58f156845,2017-05-27T16:57:50-04:00,tests/test_requests.py,2372,0,0,16
requests,0ae8524e3b2765a0d1f6a32eef47dfc58f156845,2017-05-27T16:57:50-04:00,docs/conf.py,378,0,0,2
requests,0ae8524e3b2765a0d1f6a32eef47dfc58f156845,2017-05-27T16:57:50-04:00,requests/exceptions.py,116,0,0,6
requests,0ae8524e3b2765a0d1f6a32eef47dfc58f156845,2017-05-27T16:57:50-04:00,requests/api.py,152,0,0,4
requests,0ae8524e3b2765a0d1f6a32eef47dfc58f156845,2017-05-27T16:57:50-04:00,requests/auth.py,293,0,0,4
requests,0ae8524e3b2765a0d1f6a32eef47dfc58f156845,2017-05-27T16:57:50-04:00,requests/models.py,942,0,0,20
requests,0ae8524e3b2765a0d1f6a32eef47dfc58f156845,2017-05-27T16:57:50-04:00,requests/packages.py,15,0,0,21
requests,0ae8524e3b2765a0d1f6a32eef47dfc58f156845,2017-05-27T16:57:50-04:00,tests/test_testserver.py,164,0,0,2
requests,0ae8524e3b2765a0d1f6a32eef47dfc58f156845,2017-05-27T16:57:50-04:00,tests/test_utils.py,654,0,0,32
requests,86f8cb8a35ecde88af1eec344498799164b10cb0,2017-05-29T09:53:24-07:00,requests/utils.py,903,2,0,19
requests,86f8cb8a35ecde88af1eec344498799164b10cb0,2017-05-29T09:53:24-07:00,requests/help.py,110,0,0,7
requests,86f8cb8a35ecde88af1eec344498799164b10cb0,2017-05-29T09:53:24-07:00,requests/cookies.py,540,0,0,6
requests,86f8cb8a35ecde88af1eec344498799164b10cb0,2017-05-29T09:53:24-07:00,requests/__version__.py,16,0,0,18
requests,86f8cb8a35ecde88af1eec344498799164b10cb0,2017-05-29T09:53:24-07:00,requests/sessions.py,742,0,0,67
requests,86f8cb8a35ecde88af1eec344498799164b10cb0,2017-05-29T09:53:24-07:00,setup.py,98,0,0,7
requests,86f8cb8a35ecde88af1eec344498799164b10cb0,2017-05-29T09:53:24-07:00,requests/__init__.py,113,0,0,60
requests,86f8cb8a35ecde88af1eec344498799164b10cb0,2017-05-29T09:53:24-07:00,tests/test_lowlevel.py,237,0,0,0
requests,86f8cb8a35ecde88af1eec344498799164b10cb0,2017-05-29T09:53:24-07:00,tests/test_packages.py,0,0,0,13
requests,86f8cb8a35ecde88af1eec344498799164b10cb0,2017-05-29T09:53:24-07:00,tests/test_requests.py,2372,0,0,9
requests,86f8cb8a35ecde88af1eec344498799164b10cb0,2017-05-29T09:53:24-07:00,docs/conf.py,378,0,0,2
requests,86f8cb8a35ecde88af1eec344498799164b10cb0,2017-05-29T09:53:24-07:00,requests/exceptions.py,116,0,0,6
requests,86f8cb8a35ecde88af1eec344498799164b10cb0,2017-05-29T09:53:24-07:00,requests/api.py,152,0,0,4
requests,86f8cb8a35ecde88af1eec344498799164b10cb0,2017-05-29T09:53:24-07:00,requests/auth.py,293,0,0,2
requests,86f8cb8a35ecde88af1eec344498799164b10cb0,2017-05-29T09:53:24-07:00,requests/models.py,942,0,0,16
requests,86f8cb8a35ecde88af1eec344498799164b10cb0,2017-05-29T09:53:24-07:00,requests/packages.py,15,0,0,21
requests,86f8cb8a35ecde88af1eec344498799164b10cb0,2017-05-29T09:53:24-07:00,tests/test_utils.py,654,0,0,30
requests,649efc8c9b9dbc83d707d1d161f2c18f86d3b257,2017-07-06T17:57:37-04:00,requests/sessions.py,731,0,0,2
requests,649efc8c9b9dbc83d707d1d161f2c18f86d3b257,2017-07-06T17:57:37-04:00,requests/utils.py,904,2,0,0
requests,649efc8c9b9dbc83d707d1d161f2c18f86d3b257,2017-07-06T17:57:37-04:00,setup.py,101,0,0,2
requests,965ada6f660a423ec259fe3ad12d24022a55d37b,2017-08-16T22:10:20-04:00,requests/utils.py,908,2,0,6
requests,965ada6f660a423ec259fe3ad12d24022a55d37b,2017-08-16T22:10:20-04:00,setup.py,100,0,0,1
requests,965ada6f660a423ec259fe3ad12d24022a55d37b,2017-08-16T22:10:20-04:00,docs/conf.py,378,0,0,15
requests,965ada6f660a423ec259fe3ad12d24022a55d37b,2017-08-16T22:10:20-04:00,tests/test_utils.py,680,0,0,4
requests,8ad09b68ea69a00a9f28c7b82a8867526f5575b1,2017-08-25T22:02:03-04:00,requests/utils.py,908,2,0,0
requests,8ad09b68ea69a00a9f28c7b82a8867526f5575b1,2017-08-25T22:02:03-04:00,setup.py,100,0,0,1
requests,8ad09b68ea69a00a9f28c7b82a8867526f5575b1,2017-08-25T22:02:03-04:00,docs/conf.py,378,0,0,15
requests,175452a6b62016b6c2fbb86cd97edba47f5ded6d,2017-09-04T16:04:07-04:00,requests/utils.py,908,2,0,0
requests,175452a6b62016b6c2fbb86cd97edba47f5ded6d,2017-09-04T16:04:07-04:00,tests/test_requests.py,2389,0,0,6
requests,714c9dc96759942226a0dc16fa1e3d6d51f56291,2017-11-25T17:21:59+03:00,requests/utils.py,948,2,0,12
requests,714c9dc96759942226a0dc16fa1e3d6d51f56291,2017-11-25T17:21:59+03:00,tests/test_requests.py,2440,0,0,93
requests,3dc84cde5b785a85cb20eb2f0d4530fd568a6af7,2018-01-04T16:32:39-06:00,requests/utils.py,972,2,0,19
requests,3dc84cde5b785a85cb20eb2f0d4530fd568a6af7,2018-01-04T16:32:39-06:00,setup.py,101,0,0,1
requests,3dc84cde5b785a85cb20eb2f0d4530fd568a6af7,2018-01-04T16:32:39-06:00,docs/conf.py,379,0,0,2
requests,3dc84cde5b785a85cb20eb2f0d4530fd568a6af7,2018-01-04T16:32:39-06:00,tests/test_utils.py,756,0,0,25
requests,8246b82a161f8734f774546cfb8309f1dca5916c,2018-03-13T11:28:31-04:00,requests/utils.py,975,2,0,0
requests,72d96a67ef5db73dcc419a7a24d0ed0be26931fe,2018-08-01T17:21:03+09:00,requests/utils.py,976,2,0,4
requests,72d96a67ef5db73dcc419a7a24d0ed0be26931fe,2018-08-01T17:21:03+09:00,setup.py,109,0,0,5
requests,72d96a67ef5db73dcc419a7a24d0ed0be26931fe,2018-08-01T17:21:03+09:00,requests/cookies.py,548,0,0,2
requests,72d96a67ef5db73dcc419a7a24d0ed0be26931fe,2018-08-01T17:21:03+09:00,docs/conf.py,379,0,0,5
requests,72d96a67ef5db73dcc419a7a24d0ed0be26931fe,2018-08-01T17:21:03+09:00,tests/test_utils.py,781,0,0,1
requests,207e83f6b63250c2251f9654f31507ea5cc7edc6,2018-09-21T09:27:12-07:00,requests/utils.py,980,2,0,2
requests,207e83f6b63250c2251f9654f31507ea5cc7edc6,2018-09-21T09:27:12-07:00,tests/test_requests.py,2497,0,0,10
requests,207e83f6b63250c2251f9654f31507ea5cc7edc6,2018-09-21T09:27:12-07:00,requests/api.py,158,0,0,2
requests,207e83f6b63250c2251f9654f31507ea5cc7edc6,2018-09-21T09:27:12-07:00,requests/adapters.py,530,0,0,9
requests,207e83f6b63250c2251f9654f31507ea5cc7edc6,2018-09-21T09:27:12-07:00,requests/sessions.py,761,0,0,6
requests,207e83f6b63250c2251f9654f31507ea5cc7edc6,2018-09-21T09:27:12-07:00,requests/models.py,956,0,0,4
requests,207e83f6b63250c2251f9654f31507ea5cc7edc6,2018-09-21T09:27:12-07:00,requests/__init__.py,136,0,0,2
requests,f1e48f4d0d67e2351a9b5879ba707d0d400bc40d,2019-01-16T18:47:10+00:00,requests/utils.py,977,2,0,0
requests,d41fba63477c97559e5454d5f57e53fa17c9fdaa,2019-08-20T00:46:47-04:00,requests/utils.py,982,2,0,0
requests,d41fba63477c97559e5454d5f57e53fa17c9fdaa,2019-08-20T00:46:47-04:00,setup.py,112,0,0,1
requests,5090ba79ac6393421a0cf01120e334d9b3c3f56b,2019-09-18T02:39:15-04:00,requests/sessions.py,774,0,0,9
requests,5090ba79ac6393421a0cf01120e334d9b3c3f56b,2019-09-18T02:39:15-04:00,requests/utils.py,982,2,0,0
requests,5090ba79ac6393421a0cf01120e334d9b3c3f56b,2019-09-18T02:39:15-04:00,setup.py,113,0,0,2
requests,c13ccd11f6bb24d043016a2fe521f0db251b80ab,2019-09-18T02:48:45-04:00,requests/sessions.py,774,0,0,9
requests,c13ccd11f6bb24d043016a2fe521f0db251b80ab,2019-09-18T02:48:45-04:00,requests/utils.py,982,2,0,0
requests,c13ccd11f6bb24d043016a2fe521f0db251b80ab,2019-09-18T02:48:45-04:00,setup.py,113,0,0,2
requests,11982c1f9f74ae0ea5776e57d9158174eec2a007,2019-09-18T03:14:26-04:00,requests/sessions.py,774,0,0,9
requests,11982c1f9f74ae0ea5776e57d9158174eec2a007,2019-09-18T03:14:26-04:00,requests/utils.py,982,2,0,0
requests,11982c1f9f74ae0ea5776e57d9158174eec2a007,2019-09-18T03:14:26-04:00,setup.py,113,0,0,2
requests,9f35ebd7956644c214405cc6253e1f5b7506df24,2019-09-18T04:52:22-04:00,requests/sessions.py,774,0,0,9
requests,9f35ebd7956644c214405cc6253e1f5b7506df24,2019-09-18T04:52:22-04:00,requests/utils.py,982,2,0,0
requests,9f35ebd7956644c214405cc6253e1f5b7506df24,2019-09-18T04:52:22-04:00,setup.py,113,0,0,2
requests,0b013558704edc6b9aeeef566460b28e019052c4,2020-08-18T15:13:59-07:00,requests/utils.py,982,2,0,0
requests,1f7c88880b2fa56947d844202127782a50e871e7,2020-08-27T11:09:01-07:00,requests/utils.py,982,2,0,0
requests,33cf965f7271ab4978ed551754db37865c4085db,2021-07-07T08:25:20-05:00,requests/__version__.py,14,0,0,4
requests,33cf965f7271ab4978ed551754db37865c4085db,2021-07-07T08:25:20-05:00,requests/utils.py,1013,2,0,0
requests,33cf965f7271ab4978ed551754db37865c4085db,2021-07-07T08:25:20-05:00,setup.py,114,0,0,8
requests,33cf965f7271ab4978ed551754db37865c4085db,2021-07-07T08:25:20-05:00,tests/test_requests.py,2573,0,0,6
requests,33cf965f7271ab4978ed551754db37865c4085db,2021-07-07T08:25:20-05:00,tests/conftest.py,24,0,0,34
requests,8e764f355da30bbbb5906fc5927d77d1a636fe37,2021-11-29T22:20:47-05:00,requests/utils.py,1048,2,0,0
requests,2b06a952a9e6e23e9eda2c8759adb62739730a75,2021-12-28T19:39:08-06:00,requests/__version__.py,14,0,0,10
requests,2b06a952a9e6e23e9eda2c8759adb62739730a75,2021-12-28T19:39:08-06:00,requests/utils.py,1048,2,0,28
requests,2b06a952a9e6e23e9eda2c8759adb62739730a75,2021-12-28T19:39:08-06:00,setup.py,114,0,0,8
requests,2b06a952a9e6e23e9eda2c8759adb62739730a75,2021-12-28T19:39:08-06:00,tests/test_utils.py,800,0,0,9
requests,ba67dc8dccd114faf8347e66c56baaa9d72f6429,2023-12-11T16:07:15+00:00,src/requests/auth.py,314,2,0,0
requests,ba67dc8dccd114faf8347e66c56baaa9d72f6429,2023-12-11T16:07:15+00:00,src/requests/adapters.py,537,2,0,0
requests,ba67dc8dccd114faf8347e66c56baaa9d72f6429,2023-12-11T16:07:15+00:00,src/requests/utils.py,1091,4,0,0
requests,d3b3399ece1f76387d323983638e0838c06e88ea,2024-02-23T10:25:50+00:00,tests/test_requests.py,2839,0,0,7
requests,d3b3399ece1f76387d323983638e0838c06e88ea,2024-02-23T10:25:50+00:00,src/requests/auth.py,314,2,0,0
requests,d3b3399ece1f76387d323983638e0838c06e88ea,2024-02-23T10:25:50+00:00,src/requests/adapters.py,540,2,0,58
requests,d3b3399ece1f76387d323983638e0838c06e88ea,2024-02-23T10:25:50+00:00,src/requests/utils.py,1094,4,0,0
requests,1b7c37ef4e3db003cc52f09da9ab6b947054e245,2025-02-13T08:49:49-08:00,src/requests/auth.py,314,2,0,0
requests,1b7c37ef4e3db003cc52f09da9ab6b947054e245,2025-02-13T08:49:49-08:00,src/requests/adapters.py,719,4,0,0
requests,1b7c37ef4e3db003cc52f09da9ab6b947054e245,2025-02-13T08:49:49-08:00,src/requests/utils.py,1099,4,0,0
